Home,Road,line,linesag,linematt,linepfz2,linepfz,linelaz,linemore,linesage,linemars,lineray,lineargh,linecpa,linehow,linesagp,linecpa2,linekam,linebass,lineavg,lineelo,linetsr,lineborn,lineswt,linesuper,linedunk,linebill,linebihl,linem2,lineimes,lineclaa,linemed,linewolf,lineharm,linesea,linecoll,linemaas,linefox,lineopen,linepig,lineray2,linecons,linecong,linecraw,linetsr2,linel2,linehank,linebenson,lineash,linegupta,lineca,lineburd,linesprs,linekeep,linebmore,linel2hf,linetsr3,linelog,linestd,vscore,hscore,week,actual,total
Ohio,Miami (Ohio),-10,-5.11,-3.72,-8.01,-9.82,-11.18,-13.32,0.7,-10,-5.33,-4,2.44,-7.5,-10.8,-0.01,-10.19,-6.87,-7.24,-2.68,-12.04,-10.75,-4.18,-8.55,-10.7,-4.63,-7.66,-0.43,-3.24,-5.78,-7.58,0.24,,-1.77,-2.5,-2.21,-11,-7,-14,1.1,-7.07,-10,-8.15,5.09,-11.72,,-14,-8,,-10,-5.6,-12.59,-22.15,,-1.14,4.6,3.98,4.94,,,,,
UAB,Central Florida,7.5,-3.48,-3.53,9.49,1.39,2.4,7.95,-8,1,8.84,-1,-0.96,-4,0.87,-2.32,8.81,8.15,0.46,-0.77,0.7,5.75,4.48,-11.03,7.8,4.55,1.49,-8.96,-1.33,-6.97,1,-7.45,-6,-10.01,-10.38,-9.35,10,8,5,-5.2,-6.34,8,5.68,-5.82,3.98,6,1,10,-4,6.5,5,2.8,12.2,-8.73,9.81,-11.2,2.03,6.47,,,,,
UAB,SMU,21,18.26,13.35,22.92,25.92,22.66,17.65,25.82,23,21.5,21,19.14,18.5,18.19,25,24.83,17.28,19.57,19.17,17.23,21.05,17.25,27.95,22.7,8.5,,,18.65,20.87,20,,2,22.27,,24.65,25,21,19,-17.7,20.98,8,13.7,-0.63,,20,14,23,13,21,11.1,14.8,27.86,30.99,,,,5.86,,,,,
Alabama,Middle Tenn.,22,23.74,19.95,15.74,15.74,20.38,26.31,23.74,16,9,14,17.72,16,23.74,18.42,20.57,28.86,20.09,15.71,,31.25,11.86,33.43,25.1,20.1,,,14.8,15.03,20.1,,13,,,,26,21,24,,22.54,13,13.58,,,16,29,24,,22,21.1,28,21,,,,,5.95,7,26,1,19,33
Arizona St.,Temple,32,24.38,28.89,27.41,27.41,24.11,21.11,24.38,35,20,30,24.12,25,24.38,23.92,23.49,25.41,26.33,21.75,,25.75,29.26,39.58,30.6,34.43,,,29.9,35.17,24.38,,21,,,,22,27.5,29,,32.03,21,16.42,,,22,24,28,,31,23.1,24,34,,,,,5.06,16,63,1,47,79
Auburn,Georgia Tech,7,12.47,16.18,18.4,18.4,12.58,14.98,12.47,24,20,15,6.72,13.5,12.47,5.82,14.46,15.34,12.9,14.19,,16.65,9.9,14,7.4,13.1,,,16.7,22.01,13.5,,3,,,,12,6,8,,10.24,2,11.23,,,14,5,16,,8,7.8,9,14,,,,,4.99,23,14,1,-9,37
BYU,Boston College,-2.5,-3.41,-4.72,-5.74,-5.74,0.48,-3.7,-3.41,-4,0.01,1,-2.98,-3,-3.41,-4.38,-0.7,2.9,-4.24,-1.53,,0.55,0.96,-15.15,-6.4,-12.57,,,-3.1,-2.3,-3.41,,-10,,,,-6,-3.5,-8,,-8.2,-9,-1.85,,,-1,-15,-3,,-2.5,-5.5,-1,-6,,,,,4.26,20,3,1,-17,23
Central Mich.,Indiana,-8,-9.09,-5.02,2.34,2.34,-9.16,-7.63,-9.09,-4,-12,3,-8.38,0.5,-9.09,-8.18,-3.94,-10.13,-5.76,-11.92,,-13.65,-2.7,-12.67,-11.5,-2.23,,,2.4,-4.52,-5.25,,,,,,-4,-11.5,-12,,-5.48,-2,-2.22,,,-1,-9,-8,,-8,-12.2,-5,-2,,,,,4.87,20,13,1,-7,33
Cincinnati,Eastern Mich.,10,24.19,20.34,16.28,16.28,20.7,24.48,24.19,23,24,17,15.32,23.5,24.19,15.92,22.54,23.76,19.75,25.27,,29.75,11,33.06,13.5,16.77,,,18.3,23.33,20.34,,8,,,,19,14,10,,17.83,12,17.9,,,12,13,25,,11.5,25.4,23,15,,,,,5.76,26,28,1,2,54
Clemson,Texas A&M,-1.5,5.88,2.75,3.91,3.91,2.59,4.08,5.88,1,-2,2,1.52,5,5.88,2.12,5.23,0.27,1.99,1.67,,4.85,-3.92,8.23,-3.5,2.43,,,-3.7,-5.26,2.12,,2,,,,4,0,-2,,0.63,-1,3.46,,,2,1,6,,-0.5,6.4,-3,-4,,,,,3.48,24,25,1,1,49
Colorado,Colorado St.,7,9.11,9.83,8.28,8.28,4.81,8.68,9.11,16,11,14,11.32,10,9.11,12.12,8.3,7.77,11.26,12.67,,11.95,7.32,12.26,6.3,23.43,,,17.9,15.61,10,,3,,,,11,9,13,,13.74,9,6.54,,,9,13,9,,8,14.8,10,23,,,,,4.34,28,31,1,3,59
Connecticut,Buffalo,18,27.71,28.89,24.65,24.65,26.15,27.47,27.71,33,29,24,28.62,26,27.71,30.12,25.58,29.71,25.84,25.89,,30.95,18.31,31.5,19.5,29.43,,,22.3,29.91,26.15,,33,,,,24,18,24,,23.79,10,18.89,,,18,17,29,,19,25.4,25,27,,,,,4.90,0,38,1,38,38
East Carolina,Duke,-2.5,-1.04,-6.26,-3.34,-3.34,-7.07,-8.1,-1.04,-5,-1,-5,-1.18,2,-1.04,-0.88,-3.73,-11.99,-3.6,-4.85,,-13.95,-3.68,-6.07,-5.5,-0.23,,,-1.5,-2.24,-3.34,,4,,,,-8,-2,-3,,-3.48,1,-1.85,,,1,-7,-5,,-2.5,-6,-6,-1,,,,,3.69,21,24,1,3,45
Florida,Wyoming,23,21.58,10.5,14.04,14.04,13.35,15.41,21.58,14,6,13,13.92,19.5,21.58,15.82,19.45,15.86,15.38,10.32,,17.75,6.93,36.55,21.7,17.77,,,6.5,8.55,15.82,,14,,,,18,22,16,,16.11,4,12.35,,,17,19,22,,22,9.9,16,20,,,,,6.00,14,32,1,18,46
Florida St.,Miami (Fla.),-3,0.59,0.84,4.34,4.34,0.7,-7.51,0.59,1,1,4,2.02,1,0.59,2.32,1.8,3.43,0.08,-1.84,,-4.65,-6.14,0.89,-0.3,2.1,,,2.2,-0.27,0.84,,-1,,,,0.01,-2.5,-2,,-0.17,-4,0.62,,,3,-4,1,,-2,-10,2,4,,,,,3.29,7,10,1,3,17
Georgia,Boise St.,7,6.4,5.21,2.7,2.7,3.68,6.48,6.4,1,5,8,8.22,8.5,6.4,7.72,8.42,5.94,5.26,0.34,,4.15,1.31,5.84,6.4,5.1,,,6.2,1.18,5.94,,-6,,,,7,6,7,,4.3,2,1.73,,,6,11,8,,7,0.2,11,15,,,,,3.76,13,48,1,35,61
Hawaii,USC,-36,-26.59,-23.67,-30.41,-30.41,-26.09,65.71,-26.59,-28,-39,-30,-20.08,-25,-26.59,-19.38,-26.17,-30.13,-24.05,-23.36,,-36.75,-29.15,-29.91,-34.4,-8.9,,,-23.8,-25.94,-26.59,,-13,,,,-33,-32,-32,,-21.36,-21,-17.41,,,-17,-29,-33,,-35,-34.7,-28,-42,,,,,16.91,63,17,1,-46,80
Houston,Oregon,-8.5,-14.5,-6.99,-6.97,-6.97,-11.88,-10.1,-14.5,-11,-3,-1,-3.88,-8,-14.5,-4.28,-4.74,-6.61,-9.12,-8.5,,-17.85,-5.55,-27.89,-14.1,-7.57,,,-3.2,-8.23,-8.5,,-9,,,,-9,-10,-11,,-11.7,-2,-3.83,,,-3,-11,-11,,-8.5,-10.1,-19,-11,,,,,5.43,38,24,1,-14,62
Illinois,Rutgers,-1,9.36,-0.11,-3.5,-3.5,2.38,5.96,9.36,1,0.01,-1,3.12,7,9.36,3.22,3.55,8.75,3,2.41,,5.65,-5.61,9.05,1.3,3.1,,,2.3,1.26,3,,-6,,,,4,-1,4,,1.38,-2,5.19,,,3,0.01,3,,-0.5,8.2,12,-1,,,,,4.39,30,33,1,3,63
Iowa,Ball St.,38,37.47,36.45,33.93,33.93,33.73,37.04,37.47,43,42,30,38.42,29,37.47,39.42,32.08,41.43,35.53,32.69,,41.55,23.75,55.7,42.5,36.77,,,39.9,42.31,36.77,,20,,,,33,38.5,43,,37.72,18,22.35,,,29,29,38,,38,32.9,30,55,,,,,8.04,0,56,1,56,56
Kansas,Florida Atlantic,23.5,19.41,10.08,5.19,5.19,19.64,16.51,19.41,13,7,20,21.22,8.5,19.41,21.92,16.46,21.65,17.82,18.63,,31.05,15.89,21.51,22.2,24.43,,,19.8,19.34,19.41,,3,,,,16,20,33,,21.71,20,9.51,,,11,27,11,,22.5,31.3,5,40,,,,,8.43,19,30,1,11,49
Kansas St.,Florida Intl.,33,46.54,32.73,24.66,24.66,34.94,24.76,46.54,23,21,27,17.62,29,46.54,16.82,30.03,32.47,28.94,25.03,,37.45,14.59,52.68,32.3,27.43,,,23.1,32.43,27.43,,30,,,,27,33,35,,26.48,10,23.33,,,20,32,33,,33,23,30,32,,,,,9.15,21,35,1,14,56
Kentucky,Louisville,-22,-13.09,-11.88,-27.27,-27.27,-14.66,-25.69,-13.09,-36,-20,-14,-15.98,-17,-13.09,-16.58,-18.49,-14.94,-20.73,-25.18,,-31.05,-19.73,-33.12,-24.1,-23.9,,,-18.7,-29.62,-19.73,,-21,,,,-25,-23,-18,,-25.33,-17,-13.21,,,-16,-14,-21,,-22,-23.8,-28,-23,,,,,6.35,31,24,1,-7,55
Maryland,Navy,11,13.18,0.62,-4.66,-4.66,3.99,2.06,13.18,-7,-1,11,3,6,13.18,3,2.95,-0.39,4.62,0.43,,-0.8,0.12,24.2,5.3,-2,,,5.2,-6.48,3,,-3,,,,4,7,11,,6.05,13,6.54,,,-4,15,9,,10.5,1.1,18,10,,,,,7.31,20,23,1,3,43
Memphis,Mississippi,2.5,-4.08,0.06,8.44,8.44,-0.88,-0.34,-4.08,12,6,4,3.42,4.5,-4.08,3.92,5.89,-6.35,2.16,1.8,,-4.85,4.48,-5.8,2.7,12.77,,,7.3,9.32,2.96,,-1,,,,3,2.5,0.01,,3.32,8,2.96,,,9,-11,2,,2.5,-2.7,1,-1,,,,,5.46,10,6,1,-4,16
Michigan,Northern Ill.,18,20.43,15.64,12.87,12.87,17.71,17.7,20.43,12,13,24,16.42,17.5,20.43,17.42,15.2,19.18,17.58,14.2,,20.95,16.36,30.78,24.6,9.43,,,17.8,13.91,17.5,,13,,,,18,17.5,25,,19.82,17,10.62,,,15,24,18,,18,20.5,12,26,,,,,4.75,17,33,1,16,50
Michigan St.,Kent,18.5,22.48,15.69,9.34,9.34,15.4,7.13,22.48,8,19,20,20.72,16.5,22.48,22.42,13.24,15.53,14.22,12.35,,9.35,16.54,28.48,20.1,15.43,,,9.3,12.58,15.32,,5,,,,9,17.5,18,,15.32,6,10.12,,,12,6,18,,18,5.4,6,23,,,,,6.18,14,49,1,35,63
Missouri,Arkansas St.,25,26.74,18.71,22.21,22.21,25.58,26.39,26.74,18,11,14,18.32,18,26.74,18.62,24.55,26.75,21.87,16.95,,30.85,12.54,32.51,27.2,26.77,,,15.2,18.71,22.21,,22,,,,25,25.5,32,,21.97,12,14.81,,,12,30,28,,25,22.7,26,21,,,,,6.02,17,44,1,27,61
NC St.,Virginia Tech,-4,-2.92,-0.29,-7,-7,-2.84,-11.83,-2.92,-13,-7,0.25,-7.48,-4,-2.92,-7.38,-1.88,-4.06,-7.24,-10.91,,-13.15,-3.36,-8.18,-6.7,-13.9,,,-13.2,-11.71,-7,,-17,,,,-8,-6,-6,,-7.29,-5,-1.85,,,-3,-10,-5,,-4,-12.6,-11,-10,,,,,4.34,20,16,1,-4,36
New Mexico,UNLV,14,12.72,12.53,21.49,21.49,14,22.61,12.72,24,13,19,14.82,14,12.72,14.72,14.76,15.22,16.89,15.43,,19.25,19.35,20.05,21.9,15.77,,,22.5,21.27,15.77,,7,,,,14,15,16,,20.86,19,10.86,,,14,8,16,,14,24.9,20,27,,,,,4.71,22,24,1,2,46
New Mexico St.,UTEP,-10,2.85,-4.29,-5.21,-5.21,-3.85,-14.08,2.85,-8,-4,-4,-3.58,3.5,2.85,-1.58,-2.11,-8.94,-4,-6.36,,-10.55,-5.61,-0.39,-16.2,-6.57,,,-5.4,-10.07,-4,,1,,,,-7,-11,-12,,-7.6,-3,1.11,,,-4,-4,-4,,-9,-0.6,6,-8,,,,,4.99,34,17,1,-17,51
Northwestern,Ohio,14.5,19.74,17.98,13.71,13.71,18.87,17.72,19.74,19,20,22,24.42,16.5,19.74,24.52,14.81,14.31,17.94,19.08,,18.85,20.43,26.19,19.1,19.77,,,17.4,20.49,18.85,,21,,,,14,15.5,21,,18.08,12,10.37,,,12,13,17,,15,13.6,10,27,,,,,4.20,14,38,1,24,52
Ohio St.,Miami (Ohio),14.5,16.44,16.45,8.66,8.66,12.03,16.19,16.44,16,16,18,16.32,13.5,16.44,17.12,12.69,13.42,15.15,15.63,,21.25,12.74,22.53,19.8,16.1,,,20.9,16.05,16,,5,,,,14,17,20,,16.56,13,8.15,,,11,12,13,,14.5,21.9,12,24,,,,,4.25,14,34,1,20,48
Oklahoma,TCU,26,28.34,24.06,27.23,27.23,28.74,31.15,28.34,39,37,28,25.02,28.5,28.34,26.02,27.84,30.92,27.26,26.98,,35.25,19.66,37.56,28.3,24.77,,,23.2,32.15,27.23,,9,,,,30,26.5,22,,26.61,21,19.63,,,24,19,32,,26,26.5,25,34,,,,,5.81,17,10,1,-7,27
Penn St.,South Florida,23,16.97,8.53,10.37,10.37,15.9,21.25,16.97,17,5,10,11.02,7,16.97,11.12,14.59,16.12,14.03,14.15,,23.35,6.73,18.76,22.5,15.43,,,12.3,9.69,15,,4,,,,15,24,20,,16.73,9,9.75,,,15,19,15,,21.5,26.1,11,21,,,,,5.32,13,23,1,10,36
Pittsburgh,Notre Dame,3,0.22,0.78,6.72,6.72,-0.42,3.43,0.22,5,3,5,3.92,4.5,0.22,2.72,3.32,-1.17,3.57,3.02,,2.05,2.4,0.62,6.4,10.43,,,8.4,2.31,3.32,,-3,,,,7,4,6,,4.79,6,2.72,,,7,4,3,,3,8.2,2,4,,,,,2.95,42,21,1,-21,63
SMU,Baylor,-1.5,-2.06,-4.56,1.1,1.1,-3.62,-0.74,-2.06,1,-1,8,4.12,0.01,-2.06,4.72,0.27,-1.17,-0.98,-2.05,,-8.75,9.57,-2.5,-5.4,0.43,,,4.6,-1.78,-1,,-10,,,,-6,-4,-7,,0.39,11,0.74,,,1,-8,-4,,-1.5,3.1,-16,-2,,,,,5.35,28,23,1,-5,51
San Diego St.,UCLA,-8.5,-7.29,-2.75,1.76,1.76,-6.37,-13.03,-7.29,-10,-3,-3,-3.48,-5,-7.29,-3.08,-3.3,-5.36,-6.94,-6.94,,-13.25,-5.97,-18.45,-11,1.43,,,-4.7,-8.48,-6.37,,-15,,,,-6,-7.5,-12,,-11.06,-5,-3.46,,,-2,-9,-8,,-8.5,-14.2,-13,-11,,,,,4.84,44,21,1,-23,65
South Carolina,Central Florida,20.5,24.66,29.92,25.35,25.35,25.34,16.9,24.66,30,42,21,26.72,20,24.66,27.12,23.88,28.31,24.01,23.47,,25.55,14.56,34.99,22.9,24.43,,,25.8,33.62,24.66,,6,,,,22,17,24,,22.26,8,14.94,,,19,23,27,,21,9.9,32,34,,,,,7.35,15,24,1,9,39
Syracuse,West Va.,1.5,-0.52,-5.99,-6.83,-6.83,-3.6,0.3,-0.52,-2,0.01,8,4.52,0.5,-0.52,5.02,-0.42,-7.46,-0.43,1.36,,-2.95,7.85,-2.96,-1.2,-3.57,,,5,-2.23,-0.52,,-7,,,,1,1,1,,-1.72,5,-1.23,,,3,-7,-4,,1.5,6.6,-6,9,,,,,4.61,15,7,1,-8,22
Tennessee,UAB,23.5,24.14,19.09,15.95,15.95,18.43,27.98,24.14,19,16,21,20.92,20,24.14,21.02,15.71,17.85,21.54,18.61,,30.85,12.25,37.65,23.8,25.1,,,24.9,17.78,21,,21,,,,25,23.5,26,,23.73,10,12.59,,,16,26,20,,23.5,29.2,26,30,,,,,5.77,10,17,1,7,27
Texas,Louisiana-Lafaye,39.5,40.19,34.13,32.2,32.2,35.26,44.86,40.19,42,35,34,36.42,34,40.19,35.72,33.43,41.51,38.05,31.85,,46.55,32.9,59.65,44,40.43,,,40.6,41.96,38,,26,,,,40,38.5,43,,39.25,31,23.95,,,29,36,45,,39.5,40.2,38,55,,,,,7.10,3,60,1,57,63
Tulsa,Minnesota,-16,-15.6,-14.36,-9.13,-9.13,-13.56,-17.23,-15.6,-12,-4,-11,-4.18,-10,-15.6,-3.58,-10.31,-10.49,-12.58,-8.91,,-14.95,-12.54,-29.63,-14.5,-7.23,,,-7.9,-11.45,-11.45,,-3,,,,-16,-13,-16,,-17.67,-11,-7.41,,,-6,-21,-19,,-16,-11,-23,-21,,,,,5.84,41,10,1,-31,51
Utah,Arizona,7,21.02,23.04,34.62,34.62,22.53,27.6,21.02,41,25,18,12.02,24,21.02,11.32,24.29,27.71,22.65,26.13,,29.75,11.5,36.09,8.9,27.43,,,16.7,32.36,23.04,,28,,,,23,10,13,,23.22,12,18.4,,,17,10,27,,8.5,25.2,13,14,,,,,8.10,24,27,1,3,51
Virginia,Western Mich.,33,31.91,35.23,32.94,32.94,34.07,33.13,31.91,48,43,32,31.62,26.5,31.91,32.92,33.46,35.08,33.85,34.56,,43.35,26.34,50.21,38,24.77,,,34.9,41.7,33,,24,,,,33,31.5,35,,35.74,26,21.98,,,27,27,39,,33,32.6,36,45,,,,,6.54,19,31,1,12,50
Wake Forest,Vanderbilt,8.5,14,11.2,11.88,11.88,8.78,7.42,14,12,14,16,10.22,14,14,9.42,12.28,7.66,11.23,8.82,,5.55,13.72,19.41,7.8,15.1,,,12.1,10.07,11.2,,6,,,,10,12,9,,12.56,9,9.51,,,10,8,13,,9,11.4,11,10,,,,,2.93,24,20,1,-4,44
Washington,Air Force,2.5,4.18,-5.18,-12.2,-12.2,-1.44,1.78,4.18,-4,-5,4,-0.08,0.01,4.18,-0.38,0.75,-4.28,-1.76,-2.86,,-3.15,3.14,-0.85,1.9,1.43,,,-14.1,-9.28,-0.38,,-5,,,,2,1,8,,-1.29,2,0.49,,,-6,1,2,,2,0.4,-6,-8,,,,,5.12,20,17,1,-3,37
Washington St.,Idaho,28,30.85,24.92,20.9,20.9,27.08,29.45,30.85,26,15,25,21.82,26,30.85,21.02,26,32.66,25.35,18.59,,34.85,22.04,45.89,33.2,25.43,,,20.9,22.75,25,,29,,,,26,30.5,28,,26.42,20,17.53,,,19,17,31,,27.5,23.5,25,25,,,,,5.99,26,38,1,12,64
Wisconsin,Bowling Green,2.5,8.57,8.48,2.72,2.72,7.57,-1.16,8.57,4,12,9,5.82,6.5,8.57,5.82,5.01,7.11,4.65,5.19,,0.75,3.14,11.43,1.1,4.77,,,8,8.52,5.01,,-6,,,,-2,4,5,,4.3,-2,2.35,,,7,2,5,,3,-6,-3,13,,,,,4.66,42,56,1,14,98
Air Force,San Diego St.,8,16.34,11.21,14.34,14.34,7.04,5.83,20.49,10,9,8,6.03,12,13.18,8.65,7.89,13.74,9.12,4.61,,7.55,7.32,18.08,5.4,3.84,,,11.3,7.81,8.25,,4,,,,6,5.5,8,8.9,10.42,1,4.07,,,9,4,9,17.5,8,8.5,8,7,10.76,,,,4.36,29,41,2,12,70
Alabama,Southern Miss.,12.5,7.28,9.2,10.75,10.75,10.95,11.69,5.89,5,5,7,6.4,5.5,8.81,6.88,11.62,11.1,9.85,7.16,,12.15,9.72,12.21,7.1,1.9,,,11.7,3.06,10.08,,2,,,,15,11,14,4,10.73,9,5.93,,,13,14,10,0.5,12,10.2,30,19,10.15,,,,5.18,21,30,2,9,51
Arizona St.,LSU,-1,-3.27,3.13,3.44,3.44,-3.25,-6.44,-7.47,4,10.5,0.25,2.67,-3.5,2.62,0.61,3.79,10.39,0.93,3.93,,3.15,-2.36,-4.1,-1.3,1.15,,,3.7,5.07,0.88,,-3,,,,-1,-1,-4,3.4,0.12,2,-1.23,,,6,-11,-2,-6.5,-1,-2.3,8,-1,11.62,,,,5.04,35,31,2,-4,66
Arkansas,Vanderbilt,10,5.44,13.96,9.6,9.6,17.92,13.58,-4.71,11,12.5,18,11.04,16,15.79,8,15.55,11.55,12.59,9.42,,13.95,12.54,23.76,9.7,17.07,,,12.9,19.75,12.72,,4,,,,15,11,11,5.3,15.36,9,10.12,,,10,13,19,18,10,10.8,22,16,3.65,,,,5.38,28,24,2,-4,52
Auburn,Mississippi St.,15.5,22.74,19.68,7.09,7.09,27.74,27.52,23.74,25,27.5,21,13.06,17.5,22.08,11.89,25.96,17.31,21.32,23.62,,25.65,14.84,41.27,15.1,27.37,,,5.6,39.01,22.41,,24,,,,21,16.5,17,20.7,25.22,17,16.17,,,13,25,29,23.5,16,21.2,23,38,3.63,,,,8.52,0,28,2,28,28
Ball St.,Bowling Green,-26,-13.36,-16.04,-10.01,-10.01,-18.37,-23.53,-4.52,-23,-26,-11,-19.96,-17,-21.98,-17.92,-18.6,-25.88,-19.28,-18.85,,-29.55,-10.45,-33.02,-28.5,-21.97,,,-16.9,-23.84,-18.73,,-24,,,,-25,,-28,-22.5,-20.12,-15,-14.69,,,-6,-17,-23,-28,,-17,-31,-24,-17.42,,,,6.85,40,31,2,-9,71
Boston College,Army,27.5,38.08,34.78,25.4,25.4,25.18,34.07,39.58,39,19.5,24,22.34,27.5,36.7,22.71,26.64,33.82,30.61,24.96,,33.65,28.91,52.08,31.9,35.89,,,36.2,26.93,30.5,,22,,,,31,28,33,19.9,36.03,26,18.77,,,20,33,30,35,27.5,39.1,32,39,28.77,,,,7.02,7,44,2,37,51
Colorado,New Mexico St.,24,30.34,23.63,18.13,18.13,17.41,29.33,34.87,14,14.5,26,16.72,19.5,26.21,20.54,18.77,20.65,22.01,16.12,,21.55,21,39.43,22.5,30.02,,,21.3,18.67,20.83,,14,,,,24,23,26,15.3,26.64,22,10.25,,,16,20,26,23,24,20.2,13,26,31.47,,,,6.26,0,39,2,39,39
Duke,Virginia Tech,-20,-27.07,-22.13,-19,-19,-16.83,-26.85,-33.72,-28,-14,-14,-21.71,-19.5,-20.99,-26.72,-16.44,-30.61,-22.69,-19.57,,-28.75,-16.82,-45.31,-25.8,-28.22,,,-4.6,-25.31,-22.57,,-22,,,,-22,-21,-25,-21.2,-29.44,-15,-15.31,,,-11,-24,-23,-24.5,-20,-24.7,-31,-25,-24.24,,,,7.14,45,0,2,-45,45
Eastern Mich.,Louisiana-Lafaye,6,-0.5,2.92,9.63,9.63,-2.35,5.86,-10.13,11,2.5,1,3.64,4,8.51,0.18,9.36,10.57,3.82,-1.24,,5.15,3,1.72,3.1,6.88,,,1.6,0.51,2.96,,19,,,,7,5,6,-8.7,1.73,2,-1.36,,,7,-3,4,5.5,6,1.5,7,2,1.31,,,,4.98,10,31,2,21,41
Florida,Louisiana Tech,29,21.5,16.59,17.72,17.72,18.53,24.4,20.41,18,9.5,18,17.05,18,22.69,18.27,21.73,28.25,20.88,15.06,,27.25,21.72,33.71,30.6,20.21,,,19.6,10.64,20.31,,27,,,,31,28,27,9.1,23.84,13,11.36,,,18,27,24,16,28,25,28,26,13.91,,,,5.91,3,41,2,38,44
Florida Atlantic,Oklahoma St.,-14.5,-13.97,-13.54,-6.06,-6.06,-20.8,-4.91,-12.76,-14,-9.5,16,-15.54,-9.5,-15.19,-19.24,-15.46,-6.72,-13.41,-13.73,,-15.55,-13.99,-29.63,-17,-23.09,,,-1.2,-22.56,-13.98,,-21,,,,-14,-20,-24,-10.5,-19.41,-7,-10.49,,,-5,-28,-11,-15.5,-14.5,-8.2,-3,-23,-21.67,,,,8.50,23,3,2,-20,26
Georgia,South Carolina,18,29.08,31.53,17.88,17.88,14.34,30.76,29.07,45,31.5,21,18.56,18,29.15,14.4,22.32,33.93,24.08,16.84,,32.25,25.6,34.44,25.3,24.12,,,24,17.62,24,,5,,,,21,17,22,19.7,25.1,26,13.21,,,18,15,24,23.5,18.5,33.2,21,36,28.26,,,,7.81,15,17,2,2,32
Georgia Tech,North Carolina,12,21.47,19.38,16.75,16.75,8.67,15.51,27.42,23,9.5,14,10.05,14.5,17.39,11.85,13.27,15.83,14.72,7.49,,17.25,13.81,23.99,16.7,10.87,,,19.4,4.09,14.25,,10,,,,14,13,16,16.5,15.54,11,7.04,,,13,10,14,19.5,12,17.3,24,16,9.97,,,,5.13,21,27,2,6,48
Illinois,San Jose St.,14.5,9.15,3.43,2.23,2.23,13.09,18.74,8.89,14,10.5,13,9.22,9,9.44,10.83,15.23,9.89,10.5,12.62,,9.05,10.09,15.19,14.7,10.16,,,3.7,12.8,10.65,,9,,,,11,16,18,9,10.8,15,4.94,,,10,12,17,3.5,14,12.9,13,17,-5.29,,,,4.98,19,40,2,21,59
Iowa St.,Iowa,-9,-11.04,-16,-7.25,-7.25,-12.17,-9.44,-6.48,-8,-9,-6,-8.06,-8.5,-19.62,-4.68,-11.03,-22.82,-10.79,-6.65,,-19.05,-7,-25.83,-10.5,-9.81,,,-6.7,-11.61,-9.62,,-6,,,,-8,-7.5,-12,-5.2,-13.96,-12,-11.36,,,-3,-13,-14,-15.5,-9,-10.1,-8,-17,-6.18,,,,5.03,3,23,2,20,26
Marshall,Kansas St.,-9.5,5.08,0.41,4.51,4.51,-8.47,-10.79,8.68,7,-4,-5,-6.13,0.5,0.77,-6.63,1.04,6.81,-2.42,-3.44,,-5.45,-2.27,-5.71,-3.4,-3.89,,,2.3,0.49,-2.64,,-2,,,,1,-8,-8,4.3,-3.66,-12,-4.81,,,-1,-13,-3,1.5,-8.5,-9.7,-1,-11,0.78,,,,5.45,21,19,2,-2,40
Maryland,Clemson,1,3.82,2.27,3.95,3.95,2,-5.11,2.61,4,-0.5,2,-1.61,3,4.73,-2.23,5.33,0.84,0.63,-0.75,,-3.05,-1.74,-1.4,-1.7,9.13,,,3.9,-1.06,0.91,,-1,,,,1,0,-1,-1.8,-2.55,-2,0.99,,,4,-2,3,3,1,-2.9,3,-6,-5.86,,,,3.36,28,24,2,-4,52
Miami (Ohio),Central Mich.,22.5,30.59,21.24,7.62,7.62,23.81,27.66,33.84,26,14.5,21,23.51,22,27.53,25.59,22.97,18.35,22.14,22.43,,24.55,21.48,35.13,21.5,22.89,,,17.1,18.72,22.66,,16,,,,25,24,27,17.9,22.39,19,14.81,,,14,24,27,27.5,22.5,32.5,20,25,14.22,,,,6.25,38,37,2,-1,75
Michigan,Notre Dame,7,2.98,4.3,5.49,5.49,10.08,8.91,0.86,2,3.5,13,3.02,11.5,4.98,4.15,7.03,6.73,6.59,5.45,,6.55,3,7.03,10.6,10.4,,,10.3,11.02,6.64,,5,,,,8,8.5,11,2.2,6.74,14,4.81,,,8,17,9,9.5,7,5.5,4,7,-10.46,,,,4.56,17,10,2,-7,27
Michigan St.,Hawaii,32,8.42,9.08,19.85,19.85,8.63,10.69,-2.56,11,7.5,17,14.57,10,18.62,11.39,25.94,15.66,12.83,5.73,,19.55,15.49,18.35,14.6,-4.35,,,12.1,0.17,13.43,,-2,,,,18,24.5,20,1.2,12.28,12,5.06,,,21,9,17,14,30.5,15.2,18,18,25.74,,,,7.25,14,42,2,28,56
Middle Tenn.,North Texas,4,2.52,-7.21,-4.3,-4.3,0.45,1.25,5.43,1,-5,9,0.44,-3.5,-0.28,0.56,6.5,4.99,0.2,-0.69,,0.35,3.14,-5.25,-2.2,-0.43,,,1.8,-3.24,0.51,,-4,,,,2,5,1,-3.5,-0.83,7,-3.21,,,3,-3,1,-8,3.5,6.5,7,2,-14.58,,,,4.77,14,7,2,-7,21
Minnesota,Colorado St.,12.5,11.08,12.07,19.39,19.39,10.93,11.19,9.82,15,11,12,10.1,12.5,12.61,11.92,18.17,11.65,12.92,9.45,,15.35,9.38,21.38,10.6,13.48,,,16.5,11.75,12.55,,6,,,,15,12,13,8.7,15.42,8,6.67,,,13,13,15,17.5,12.5,12.6,20,14,7.3,,,,3.69,24,56,2,32,80
Missouri,New Mexico,9,3.05,3.93,4.46,4.46,1,3.78,-2,10,5.5,4,2.42,2,8.5,-1.37,9.38,8.22,4.12,1.73,,6.75,-2.85,3.64,4.4,6.9,,,3.1,-3.13,3.85,,3,,,,7,8.5,9,-0.1,1.56,1,1.98,,,11,6,6,-0.5,8,2,5,11,0.47,,,,3.69,45,35,2,-10,80
Navy,Stanford,-2.5,0.11,6.11,4.09,4.09,1.04,0.99,-0.39,5,5,-3,1.92,2.5,0.61,-0.38,3.32,-0.07,1.01,0.43,,2.25,-3.36,-2.36,2.4,17.5,,,0.6,9.91,0.61,,3,,,,5,-2.5,-2,1.2,-1.04,-9,-1.36,,,3,-9,2,18.5,-2,-1.2,-1,-3,-5.09,,,,5.44,41,38,2,-3,79
Nebraska,Wake Forest,7,17.56,13.2,13.26,13.26,5.96,7.04,20.41,16,7.5,6,9.74,12,14.45,13.01,7.37,15.46,10.3,5.25,,10.05,5.23,21.1,9.1,9.62,,,13.4,7.66,9.87,,6,,,,12,7.5,12,14.6,13.02,-3,3.09,,,8,6,9,9.5,7,4.7,10,6,19.48,,,,5.04,3,31,2,28,34
Nevada,Washington St.,-10,-8.34,-8.3,-4.99,-4.99,-13.51,-12.35,-6.55,-1,-6,-9,-7.92,-10,-10.29,-9.64,-8.88,-3.38,-8.99,-9.91,,-11.95,-11.42,-24.04,-8.9,-13.64,,,-6.2,-9.48,-9.24,,4,,,,-10,-9,-9,-5.5,-12.53,-3,-8.77,,,-2,-14,-15,-9.5,-10,-10.8,1,-16,-15.89,,,,5.14,55,21,2,-34,76
Northwestern,Northern Ill.,3,0.01,4.88,12.8,12.8,5.33,2.43,-4.63,-1,9,10,3.93,4,4.69,5.22,6.42,8.03,5.07,4.94,,6.85,6,4.47,3.5,-4.38,,,11,1.68,4.84,,-3,,,,3,3.5,4,6.3,4.81,5,0.37,,,7,3,3,-2.5,3,1.4,15,6,18.63,,,,5.03,37,38,2,1,75
Ohio,Pittsburgh,-14,-9.59,-16.19,-1.54,-1.54,-14.75,-16.76,-7.38,-5,-13.5,-12,-17.85,-10.5,-11.81,-18.69,-5.1,-10.63,-12.8,-15.29,,-15.35,-13.8,-24.91,-14.2,-20.15,,,-4.2,-18.01,-13.65,,-20,,,,-14,-14,-19,-12.3,-16.3,-7,-9.75,,,-5,-23,-13,-16,-14,-17.8,5,-24,-12.4,,,,6.62,10,16,2,6,26
Ohio St.,Texas,1,8.05,-0.81,-0.11,-0.11,-4.39,0.48,13.53,-5,-17.5,2,-6.65,0.01,-2.39,-5.83,-3.3,-7.45,-2.04,-1.34,,-5.95,1.68,-1.04,-3.7,1.43,,,-5.3,-9.78,-2.19,,3,,,,-4,-1,-2,-13.4,0.59,-3,-2.59,,,3,-4,-4,0.5,0.5,5.9,-7,-9,-0.62,,,,5.28,25,22,2,-3,47
Oklahoma,Tulsa,31,25.25,28.02,19.26,19.26,31.93,33.6,17.71,28,37,26,25.02,28,34.51,19.05,31.96,17.11,28.19,28.6,,32.85,21.72,52.78,31.8,25.46,,,17.1,39,28,,28,,,,38,31,30,20.5,31.75,26,20.62,,,20,31,39,23,31,25.8,33,38,14.43,,,,7.90,15,31,2,16,46
Oregon St.,Boise St.,3.5,0.61,5.8,18.76,18.76,-0.04,10.45,-5.99,9,6,0.25,1.7,4,7.53,-0.63,8.86,13.77,4.82,6.26,,11.35,5.36,2.5,-1,0.3,,,11.4,-5.98,4.68,,-9,,,,8,5,2,2,3.49,-7,0.01,,,7,-1,4,-1.5,3.5,11.8,10,-2,16.25,,,,6.84,27,30,2,3,57
Penn St.,Cincinnati,18.5,15.12,13.48,7.09,7.09,7.8,14,15.45,7,6.5,13,12.32,3.5,14.78,11.43,12.41,15.16,11.62,4.05,,15.85,13.24,18.99,21.7,9.72,,,10.1,-2.51,12.71,,6,,,,13,21,22,4.4,13.37,14,3.95,,,10,20,10,0.5,17.5,20.5,11,14,14.78,,,,5.63,24,42,2,18,66
Purdue,Akron,36,27.47,23.46,17.08,17.08,27.23,25.93,27.3,23,17,27,18.42,19,27.65,19.32,26.61,30.78,24.39,19.59,,29.15,26.56,42.97,35.1,23.1,,,21.1,20.11,25.47,,17,,,,23,34,30,17.2,28.66,25,13.95,,,21,26,29,20,34.5,26.8,30,30,20.65,,,,5.79,24,49,2,25,73
SMU,TCU,-15,-31.68,-23.74,-15.78,-15.78,-9.5,-11.45,-43.11,-31,-11,-3,-9.24,-18.5,-23.79,-16.39,-16.51,-33.13,-17.74,-7.56,,-18.45,-16.37,-41.28,-19.1,-20.73,,,-1.6,-6.22,-16.45,,-16,,,,-19,-16,-20,-25.9,-21.26,-1,-12.96,,,-7,-18,-21,-25,-15,-12.1,-28,-10,-26.47,,,,9.89,10,21,2,11,31
Syracuse,Buffalo,24,26.08,24.57,16.95,16.95,24.99,23.57,19.56,23,31,21,27.78,22,33.29,25.21,25.19,22.7,22.74,24.28,,27.75,21.89,32.65,27.4,22.27,,,16.6,28.03,22.85,,20,,,,25,23,26,25.5,20.96,10,16.17,,,15,15,28,24.5,24,19.3,21,30,14.91,,,,5.31,0,31,2,31,31
Texas Tech,Florida Intl.,34.5,34.49,35.14,18.38,18.38,39.06,29.36,29.55,35,30,32,22.76,32.5,39.59,24.42,32.41,32.3,34.16,38.21,,51.65,23.54,55.29,38.7,37.04,,,53.3,47.75,34.25,,34,,,,35,34,41,30.4,37.65,22,22.59,,,23,33,36,46,34.5,44,36,46,27.52,,,,9.30,3,56,2,53,59
Toledo,Western Mich.,22,13.26,21.57,22.35,22.35,17.84,21.06,5.67,17,25,23,22.72,20.5,21.85,23.82,15.9,17.78,21.05,21.65,,22.45,15.4,27.7,25.4,27.36,,,23.4,31.81,22.1,,31,,,,25,22.5,24,31.8,22.82,17,11.85,,,24,14,20,31.5,22,17.9,13,26,29.84,,,,5.74,23,56,2,33,79
Troy St.,UAB,-10,-1.79,2.26,11.55,11.55,3.84,2.14,-3.5,1,-1.5,2,-2.93,4.5,-0.13,0.38,5.92,2.24,0.87,4.42,,9.65,-6.27,-4.38,-7.8,3.11,,,7,1.59,1.3,,-10,,,,8,-6.5,-10,1.5,-0.08,-16,2.22,,,1,-9,2,2.5,-9,-2.4,-1,-7,20.96,,,,6.92,27,7,2,-20,34
UCLA,Rice,24,25.59,21.72,17.48,17.48,19.82,32.77,25.68,28,16,24,18.65,20,25.5,18.2,25.33,21.63,23.67,24.99,,36.55,23.57,39.39,28.1,14.38,,,29.3,19.4,24,,11,,,,28,23.5,27,13.7,27.79,22,13.33,,,16,13,27,15.5,24,38.4,33,24,26.07,,,,6.96,21,63,2,42,84
UNLV,Idaho,11.5,10.7,9.43,6.2,6.2,15.86,10.68,7.03,13,9,8,8.28,11.5,14.35,7.02,14.7,15.95,9.54,9.34,,18.65,5.23,14.5,13.8,10.88,,,3.5,9.2,9.1,,10,,,,13,11.5,12,6.6,8.36,3,6.42,,,8,5,15,9.5,11.5,8.6,5,2,7.95,,,,3.95,31,34,2,3,65
Utah,Utah St.,24,28.93,27.66,27.05,27.05,34.86,45.27,29.77,34,28.5,29,25.2,27.5,28.13,27.75,29.71,29.13,31.71,38.4,,45.25,27.38,52.86,28.1,40.99,,,39.6,42.91,29.07,,19,,,,33,24,34,32.2,36.07,24,20.49,,,24,26,36,35,25,38.7,24,39,20.26,,,,7.63,7,31,2,24,38
Washington,California,-8.5,-3.72,-15.39,-17.57,-17.57,-18.44,-19.81,-0.84,-32,-17,-10,-12.41,-13,-8.2,-14.63,-17.92,-12.85,-15.6,-20.17,,-18.75,-6,-34.04,-14.1,-20.85,,,-6.1,-32.31,-15.35,,-12,,,,-21,-10.5,-15,-19.1,-22.12,-4,-15.31,,,-11,-16,-22,-24,-9.5,-12.3,-10,-10,-21.46,,,,7.54,56,17,2,-39,73
Wisconsin,Temple,34,25.94,31.94,27.38,27.38,22.67,25.09,20.74,34,26,27,22.07,27,30.79,20.77,26.93,30.5,26.24,19.23,,31.45,24.04,47.18,35.2,36.92,,,30.3,29.4,26.97,,13,,,,26,32.5,28,17.5,31.31,17,16.17,,,24,16,28,32,32.5,18.3,21,32,29.28,,,,6.64,0,65,2,65,65
Wyoming,Louisiana-Monroe,20,28.27,15.22,6.22,6.22,20.39,24.7,34.23,17,7.5,18,18,13,22.77,20.26,17.57,28.21,18.25,18.27,,27.45,13.46,25.5,22.7,20.23,,,5.1,16.46,18.63,,21,,,,19,17.5,23,15.4,19.65,22,9.88,,,12,11,21,15,20,27.4,22,18,7.18,,,,6.93,0,38,2,38,38
Air Force,Wyoming,2.5,5.06,8.5,4.85,4.85,2.86,-3.24,21.36,-3,0.01,4,-5.03,10,-7.73,5.84,2.53,5.15,2.23,-0.01,,-1.35,2.44,4.33,-4.3,0.37,,,-0.85,9.27,2.39,,8,,,,-4,2,-3,6.5,2.35,-4,1.98,,,8,-8,5,5,2.5,-3.3,-5,-0.99,13.21,,,,6.06,29,28,3,-1,57
Arizona,Purdue,-7.5,-4.48,-6.5,-9.6,-9.6,-7.1,-10.72,-4.73,2,-2,-8,-4.68,-8,-4.38,-6.23,-8.51,-7.95,-7.69,1.91,,-9.05,-6,-16.71,-8.9,-8.13,,,-0.45,-10.45,-8,,-18,,,,-4,-9.5,-9,-2.9,-12.51,-17,-9.38,,,-5,2,-13,-7,-7.5,-8.2,-9,-3.55,-20.75,,,,5.15,31,24,3,-7,55
Arizona St.,Northwestern,14.5,2.33,8.01,9.72,9.72,11.62,15.07,4.22,4,18,11,12.74,8.5,0.85,2.27,13.04,8.91,9.51,11.08,,19.15,11,14,14.3,7.11,,,10.14,-1.27,10.57,,10,,,,15,14,16,-1.2,8.75,13,7.28,,,13,1,14,-0.5,14,18.7,17,14.37,-16.86,,,,6.96,21,52,3,31,73
Army,Baylor,-5.5,-8.19,-17.83,-12.44,-12.44,-7.63,-6.59,0.25,-14,-7,-6,-11.96,-10,-16.81,-8.78,-1.09,-5.71,-9.07,-6.57,,-10.65,-4.18,-16.29,-5.2,-7.08,,,-8.99,-17.86,-7.81,,-7,,,,-4,-4,-8,-26.8,-10.55,-4,-5.19,,,-6,-5,-2,-17.5,-5.5,-14,3,-11.1,-34.98,,,,6.63,20,10,3,-10,30
Auburn,Ball St.,37,31.2,35.78,28.27,28.27,34.02,41.12,23.87,24,47,28,31.01,27,39.19,30,36.57,41.63,34.38,30.13,,46.35,26.52,55.98,37.4,31.04,,,38.26,39.01,35,,24,,,,37,37.5,39,39.5,36.52,24,22.1,,,35,23,40,45,37,35.8,35,44.48,47.73,,,,8.08,3,63,3,60,66
Boston College,Florida St.,-1,-1.74,0.49,2.26,2.26,-1.89,-2.27,-9.52,-1,5,-1,5.41,-2,5.53,-2.42,-1,2.47,0.26,3.66,,-3.65,-0.5,-2.23,1.1,0.16,,,-0.91,1.48,-0.71,,2,,,,-4,-1,-3,-3.6,1,6,-3.21,,,6,-7,-6,13,-1,3.3,9,-4.23,10.93,,,,4.75,28,17,3,-11,45
Buffalo,Rutgers,-21.5,-14.66,-20.27,-13.22,-13.22,-20.72,-10.5,-9.95,-8,-21.5,-10,-23.06,-11.5,-19.72,-13.79,-13.75,-31.3,-15.85,-11.95,,-21.95,-10.09,-19.27,-21.9,-4.65,,,-9.55,-17.58,-13.77,,-20,,,,-13,-21,-23,-13.7,-11.69,-3,-10.62,,,-15,-19,-13,-25,-20.5,-14.9,-8,-16.94,-52.21,,,,8.47,17,3,3,-14,20
California,Illinois,21.5,14.12,6.7,20.25,20.25,21.78,25.37,12.85,34,24,23,17.53,23.5,15.5,9.47,29.26,13.16,20.29,25.42,,26.05,21.95,35.59,20.4,24.69,,,17.96,7.23,21.46,,18,,,,29,19.5,20,12.2,21.61,16,18.4,,,24,14,32,19.5,21.5,21.3,24,23.04,-0.39,,,,7.43,20,35,3,15,55
Clemson,Miami (Fla.),-7,0.3,9.11,2.19,2.19,-4.39,-10.01,9.88,-4,1,5,-0.16,-2,-6.46,10.24,-8,-2.12,-0.18,-3.73,,-9.15,0.72,-5.11,-4.8,2.25,,,8.03,12.51,-1.43,,3,,,,-8,-6,-6,11.7,1.32,-4,-7.28,,,2,-8,-8,3.5,-6.5,-8.8,-1,-1.85,31.93,,,,8.00,36,30,3,-6,66
Florida,Tennessee,5.5,-2.37,7.31,8,8,8.87,7.01,-0.53,8,2.5,4,6.6,3.5,-5.71,-1.14,8.46,12.72,4.56,8.19,,14.15,1.12,4.28,5.2,1,,,3.13,3.52,4.31,,4,,,,6,3.5,0.01,-4.5,4.34,1,3.95,,,9,-8,7,1.5,5.5,8.7,12,6.52,-1,,,,4.77,7,16,3,9,23
Georgia,Louisiana-Monroe,38,52.75,49.33,31.05,31.05,42.03,42.96,55.75,35,33,30,38.42,30.5,49.99,39.04,39.89,53.27,41.59,28.95,,48.95,34.88,63.59,38.3,44.93,,,36.2,54.52,39.46,,37,,,,35,37.5,40,39.2,41.81,35,26.3,,,36,34,45,45,38,34.7,46,45.77,74.45,,,,10.12,7,44,3,37,51
Georgia Tech,Connecticut,15.5,27.53,14.97,8.37,8.37,12.31,14.47,39.75,21,15,18,11.67,11.5,14.42,19.04,8.89,5.73,15.41,14.71,,9.85,17.75,27.7,16.9,13.47,,,17.33,18.71,14.44,,10,,,,11,17,18,19.6,17.23,12,4.69,,,10,11,13,16.5,15.5,12.8,15,17.39,31.98,,,,6.98,13,28,3,15,41
Indiana,Kentucky,2.5,9.3,1.28,5.3,5.3,-3.33,-2.06,8.91,9,0.01,8,-0.01,6.5,9.68,5.44,3.39,5.63,2.87,2.02,,-8.25,-0.5,3.96,1.4,5.61,,,11.42,8.66,3.54,,-10,,,,0.01,5,0.01,7.5,5.11,1,-0.99,,,9,-3,2,17.5,2.5,-5.7,9,3.69,-2.04,,,,5.66,14,38,3,24,52
Kansas,Louisiana Tech,14,9.42,18.07,22.86,22.86,13.49,16.58,1.88,12,11,12,14.16,9.5,16.33,10.94,14.43,20.17,13.62,8.63,,17.65,10.89,16.7,11,9.67,,,16.81,14.51,13.5,,-1,,,,21,13.5,15,7.5,13.14,8,4.57,,,19,9,13,6.5,14,13.5,18,10.13,26.5,,,,5.73,14,34,3,20,48
Kent,Miami (Ohio),-6,2.74,3.63,4.43,4.43,-5.58,-4.97,13.68,2,-8.5,-1,0.33,-3,-8.26,9.4,-1.95,4.03,-0.85,3.4,,-1.65,-12.35,-3.46,-5.6,-6.65,,,9.77,6.41,-1.27,,-25,,,,2,-6.5,-5,8.3,-1.54,-7,-6.54,,,2,-5,-6,5.5,-5.5,-0.9,9,-18.86,25.36,,,,8.79,27,10,3,-17,37
Louisville,Oregon St.,13.5,9.18,2.06,9.82,9.82,1.7,5.43,0.38,21,7,8,6.02,6,13.7,1.81,9.61,8.61,7.33,6.29,,8.05,1.12,7.95,12.9,6.45,,,2.47,7.95,7.13,,10,,,,12,13,7,1,7.27,14,3.58,,,14,5,8,11.5,12.5,4,6,14.34,-1.58,,,,4.61,27,63,3,36,90
Maryland,West Va.,3,-2.52,-1.18,-9.14,-9.14,2.94,1.75,-1.33,-2,1,7,-0.66,-0.5,-3.76,-3.73,-1.19,-3.58,-1.47,-4.08,,1.95,-0.5,-7.27,2.6,3.78,,,-3.11,-2.23,-1.21,,1,,,,-4,5.5,2,-1.7,-3.29,8,-1.23,,,3,-31,1,-16,2.5,-1.3,-3,-0.18,13.68,,,,6.98,31,19,3,-12,50
Michigan,Eastern Mich.,29,33.84,20.13,17.49,17.49,25.87,31.97,26.02,21,24,24,16.24,25.5,42.44,14.72,24.85,22.89,26.5,16.87,,31.45,25.22,46.91,32.8,32.59,,,22.21,20.49,24.92,,21,,,,31,29.5,32,21.2,29.32,25,17.9,,,24,39,34,25,28.5,25.6,23,43.49,24.61,,,,7.72,0,55,3,55,55
Middle Tenn.,Akron,6.5,-3.77,4.3,3.75,3.75,1.64,-3.38,-8.72,1,4.5,5,4.77,0.01,0.93,1.9,0.22,-2.8,0.81,-0.01,,-3.15,3,-2.63,4.7,-2.15,,,-2.38,-0.01,0.7,,4,,,,0.01,7,5,3.7,0.47,5,-0.37,,,8,-4,2,2.5,5,-1.9,2,4.85,-1.59,,,,3.47,17,7,3,-10,24
Minnesota,Florida Atlantic,31,29.57,32.87,18.11,18.11,29.28,20.27,31.02,30,23,28,35.23,22,28.16,28.47,28.54,34.02,27.98,24.52,,33.65,25.48,49.2,34,26.07,,,32.5,31.32,28.32,,14,,,,26,31.5,38,14.5,33.11,28,16.67,,,28,12,24,24,31,34.3,24,34.08,35.56,,,,7.18,7,46,3,39,53
Missouri,Troy St.,20.5,3.67,9.59,5.59,5.59,10.14,11.04,6.03,1,8.5,11,9.97,7.5,0.74,8.26,12.23,10.55,10.4,8.16,,10.25,8.83,12.12,11.4,14.76,,,11.56,10.01,10.2,,13,,,,7,20,17,15.1,11.85,16,5.56,,,17,17,12,18,19,10.1,11,27.72,12.12,,,,4.97,21,52,3,31,73
Nebraska,Pittsburgh,10,21.43,25.14,14.96,14.96,14.36,12.13,21.24,17,15,9,20.46,11.5,22.18,21.11,12.03,17.07,14.12,16.36,,17.95,11.21,27.93,11.9,-0.22,,,14.45,17.16,14.96,,-6,,,,10,8,10,14.9,15.03,-1,4.81,,,16,26,10,8,10.5,9.8,13,-2.97,29.12,,,,8.00,6,7,3,1,13
Nevada,UNLV,-1.5,-9.39,-10.37,-4.12,-4.12,6.92,-0.31,-5.09,-20,-4,4,-6.48,0.5,-14.1,-0.95,-5.83,-3.95,-3.39,-6.73,,9.35,-4,-10.2,-4.6,0.9,,,1.88,-10.09,-3.98,,7,,,,-4,-3,0.01,-1.3,-2.84,8,-2.47,,,2,-3,-5,2.5,-1.5,-5.1,5,7.65,-33,,,,8.03,14,22,3,8,36
New Mexico,New Mexico St.,22.5,36.49,29.52,23.65,23.65,23.15,25.64,32.77,24,15,23,26.14,21,41.72,23.95,23.08,32.98,25.3,16.76,,24.35,18.6,40.67,24.1,23.91,,,31.52,33.44,23.93,,7,,,,21,21,24,26.7,27.79,16,11.23,,,24,15,25,29.5,22.5,16.7,23,18.9,66.34,,,,10.02,21,38,3,17,59
North Carolina,Wisconsin,-3.5,2.6,-7.68,-13.56,-13.56,-7.63,-2.44,-0.47,7,2.5,-2,-2.51,-8,5.5,-4.06,-5.69,-6.13,-4.36,1.23,,-9.95,-1.62,-10.29,-3.7,-2.18,,,-4.97,-11.68,-5.33,,-7,,,,-3,-3,-6,2.6,-7.3,-1,-5.93,,,-4,-1,-7,-10,-3.5,4.3,-6,-11.1,-6.23,,,,5.02,14,5,3,-9,19
North Texas,Tulsa,4,14.4,17.77,19.95,19.95,2.19,3.65,15.39,19,11,9,14.28,14,13.77,17.95,6.63,5.25,10.55,9.37,,2.75,4.33,19.04,4.7,2.33,,,12.22,18.9,10.19,,9,,,,8,6.5,8,22.3,12.85,2,6.05,,,13,-7,9,16.5,4.5,4.6,12,-0.62,29.92,,,,7.25,54,2,3,-52,56
Notre Dame,Michigan St.,6.5,16.4,6.02,7.32,7.32,4.6,5.29,22.28,11,9,11,8.87,11,12.16,15.45,7.59,1.46,9.4,8.73,,3.95,10.45,15.97,9.5,14.6,,,16.18,7.75,9,,10,,,,11,6.5,10,12.6,10.28,2,3.46,,,9,9,8,7,6.5,4.6,13,7.21,6.58,,,,4.33,44,41,3,-3,85
Ohio St.,San Diego St.,27.5,22.39,23.56,19.57,19.57,19.98,32.75,13.88,19,24,22,24.46,21,31,21.88,20.77,17.27,23.47,21.64,,30.65,21.82,41.36,28.5,25.99,,,27.45,22.03,22.21,,13,,,,25,26,30,16.7,27.85,21,14.57,,,25,21,24,19,27,33.6,25,29.83,10.94,,,,6.09,6,27,3,21,33
Oklahoma St.,Arkansas St.,24.5,38.83,27.22,20.73,20.73,25.89,35.27,34.89,45,25,20,17.76,22.5,44.18,21.13,31.87,26.34,27.43,26.98,,24.95,28.79,44.89,25.1,26.98,,,18.34,27.03,26.98,,18,,,,29,24.5,30,11.4,27.06,19,14.69,,,22,32,35,25.5,24.5,26,38,28.79,12.53,,,,7.97,10,20,3,10,30
Oregon,Fresno St.,2.5,14.34,9.19,1.96,1.96,4.44,-7.03,18.27,-8,1,4,7.15,4.5,9.33,5.83,0.66,9.54,2.87,-1.04,,1.85,4.72,6.53,2.1,0.76,,,-0.01,5.38,1.96,,2,,,,-2,3,2,3.6,1.89,-7,-1.73,,,6,,0.01,8,2.5,-3,1,9.89,-3.77,,,,5.60,34,37,3,3,71
Penn St.,Central Mich.,22,15.19,25.85,13.13,13.13,21.58,26.1,20.25,7,22,19,19.51,17,11.14,20.04,22.06,19.22,20.55,20.15,,27.35,17.21,32.47,21.3,22.97,,,23.77,26.08,20.63,,10,,,,22,24,27,21,25.06,20,14.94,,,21,22,25,26.5,22,28.1,13,18.44,31.13,,,,5.78,3,40,3,37,43
South Carolina,Alabama,-2,7.22,0.11,0.56,0.56,1.44,-5.99,1.45,15,-1,0.25,3.28,0.01,14.14,-4.71,1.41,8.49,0.02,2,,-0.55,-2.28,-3.23,-3.4,4.62,,,-0.28,-5.76,0.05,,3,,,,-1,1,-5,0.4,-3.3,-8,-2.72,,,1,-4,1,9,-2,-7.4,1,-4.42,-6.09,,,,5.30,37,14,3,-23,51
South Florida,Central Florida,8.5,-7.27,8,9.91,9.91,8.42,11.32,-4,-9,26.5,18,13.8,15.5,-10.95,16.97,9.58,5.26,11.4,13.47,,12.95,12.79,14.27,11.9,17.27,,,27.43,19.44,12.87,,-1,,,,17,9.5,15,36.4,11.44,11,8.02,,,14,11,14,27.5,9,16.6,19,23.78,11.14,,,,8.97,14,31,3,17,45
Syracuse,Virginia,-7.5,-1.53,-1.27,-1.41,-1.41,-4.82,-5.96,-5.71,5,2,-4,1.77,-4,3.61,-3.58,-3.85,6.86,-3.5,-4.3,,-3.75,-3.74,-9.74,-8.3,2.03,,,2.65,-8.3,-3.75,,-11,,,,-4,-9.5,-9,-6.4,-6.99,-3,-7.04,,,-3,-8,-7,-1,-7,-2.1,-3,0.79,-19.12,,,,4.90,27,24,3,-3,51
TCU,Utah,-4,-3.63,-10.31,-10.26,-10.26,-11.81,-18.75,-3.32,-3,-7,-5,-1.35,-6.5,-3.95,-4.01,-8.73,-10.48,-7.97,-16.35,,-18.15,-4.41,-18.26,-3.2,-6.57,,,-2.44,-15.05,-7.86,,2,,,,-10,-3.5,-4,-15.9,-12.64,-1,-10,,,-1,-4,-10,-17.5,-4,-14.4,2,-10.81,-13.59,,,,5.78,20,23,3,3,43
Temple,Toledo,-29,-17.97,-27.47,-22.32,-22.32,-19.9,-15.25,1.9,-32,-21.5,-11,-23.38,-19.5,-41.27,-8.86,-13.9,-38.91,-20.54,-7.52,,-27.65,-17,-32.11,-28.5,-18.75,,,-14.29,-24.78,-19.79,,-16,,,,-21,-28,-20,-3.9,-19.69,-13,-11.85,,,-24,-22,-13,-23,-28,-16.3,-14,-21.81,-51.04,,,,9.70,42,17,3,-25,59
Texas,Rice,41,35.04,37.53,36.05,36.05,32.65,47.03,28.49,32,35.5,35,39.58,35,42.65,38.18,36.35,43.85,39.6,33.84,,50.75,33.06,56.17,43.2,38.97,,,70.65,39.28,37.86,,35,,,,44,40,42,32,38.91,36,22.35,,,41,22,41,37,41,48,46,60.03,35.65,,,,9.17,10,51,3,41,61
Texas A&M,SMU,28.5,17.83,8.09,11.46,11.46,19.7,21.96,20.74,15,17.5,21,13.33,18.5,14.64,7.19,27.78,19.97,17.92,15.73,,22.85,16.91,31.28,28.2,16.37,,,4.37,10.25,17.21,,16,,,,28,28.5,26,-4.7,18.48,12,14.32,,,20,11,29,13.5,27.5,15.7,39,33.18,-1.39,,,,8.22,8,66,3,58,74
Tulane,Mississippi St.,-2.5,3.77,7.77,4.06,4.06,-2.41,-1.36,1.07,4,8.5,4,9.71,2,6.42,9.3,5.21,0.41,3.34,4.19,,-3.45,-0.16,5.16,1.1,9.05,,,10.97,2.04,4,,-2,,,,-2,-1.5,4,5.9,6.11,7,2.1,,,1,,2,15,-1.5,5.9,-1,-3,2.37,,,,4.27,21,14,3,-7,35
UCLA,Oklahoma,6,7.96,18.59,3.2,3.2,3.72,-0.3,17.55,26,1,5,16.44,-2,-1.23,12.82,2.28,14.11,5.91,9.35,,7.55,2.09,3.91,8.1,-10.07,,,9.01,12.62,3.82,,-4,,,,-5,5.5,3,14.8,5.7,-1,-3.09,,,11,-4,-3,2.5,6,10.5,11,2.91,25.83,,,,8.24,24,41,3,17,65
USC,Arkansas,31,32.65,32.48,26.29,26.29,25.44,-63.66,32.2,46,,29,34.96,27.5,34.95,36.55,27.09,12.57,26.58,32.62,,36.15,25.98,35.45,37.4,19.69,,,31.97,35.64,30,,21,,,,30,30.5,32,54.1,25.31,25,19.38,,,30,5,28,31.5,31,37.5,31,37.51,30.87,,,,17.04,17,70,3,53,87
UTEP,Houston,11.5,2.59,11.08,16.29,16.29,4.39,9.58,14.65,18,16.5,11,10.29,9.5,-8.42,11.11,10.51,-0.42,9.21,16.55,,9.75,7.32,12.99,15.5,11.85,,,13.17,18.79,10.4,,1,,,,7,10,7,12.9,13.9,7,5.06,,,16,-11,8,8,11.5,11.7,27,6.26,-10.83,,,,7.85,41,44,3,3,85
Vanderbilt,Mississippi,3,0.48,4.25,-0.2,-0.2,-0.39,1.19,6.2,1,0.5,3,3.99,-2.5,-3.05,6.89,0.86,3.13,1.67,2.46,,2.45,-1.58,-1.95,1.8,5.11,,,2.24,4.38,1.71,,6,,,,4,5.5,3,0.5,1.15,3,-2.84,,,6,-10,-1,-5.5,3,-0.6,12,-3.69,4.92,,,,3.94,23,31,3,8,54
Virginia Tech,Ohio,34,35.15,25.66,25.72,25.72,29.53,36.39,28.55,32,32,25,34.85,25,41.43,26.99,33.07,26.61,31.15,28.51,,40.55,27.5,52.41,35.7,30.32,,,32.11,23.82,30.16,,21,,,,38,34,35,17.5,33.51,26,20.62,,,30,27,35,27,34,39.3,33,42.97,21.29,,,,6.74,0,45,3,45,45
Wake Forest,East Carolina,13.5,8.82,0.29,0.86,0.86,11.67,12.38,-1.27,11,2.5,12,4,8.5,18.42,0.49,14.76,13.98,7.95,6.16,,11.65,7.85,8.5,13.5,12.41,,,3.25,-1.83,8.07,,5,,,,17,14.5,8,-5.3,4.39,7,8.15,,,8,21,17,13.5,13,6.3,16,17.56,-16.3,,,,7.19,34,44,3,10,78
Washington,Idaho,13,-1.14,2.41,-1.14,-1.14,13.35,16.52,8.78,-6,5,10,-1.98,10.5,-11.68,11.75,10.66,14.6,7.13,5.29,,14.55,3.96,7.26,15.7,10.26,,,8.75,5.28,8.89,,14,,,,13,11.5,15,8.3,6.62,11,5.8,,,10,3,14,6.5,12.5,11.4,9,10.34,-2.27,,,,6.56,6,34,3,28,40
Akron,Northern Ill.,-6.5,-1.5,-7.65,-3.57,-3.57,-4.32,-4.95,4.9,1,-5,1,3.22,-1.5,-7.87,9.39,-6.37,-3.31,-3.54,-2.67,-25.63,-6.35,-2.7,-1.99,-11,-13.34,,,0.45,8.9,-3.31,,-16,,,,-7,-7.5,-6,7.1,0.01,-1,-5.19,-4.59,,1,-7,-5,-5,-6,-1.9,-2.3,-5.03,-2.2,,,,6.16,42,48,4,6,90
Alabama,Arkansas,15,12.2,11.96,16.58,16.58,10.05,11.26,17.14,21,12,17,21.35,14,7,26.85,5.06,17.49,14.78,17.03,-0.2,15.75,7.92,23.03,15.8,2.56,,,16.25,22.94,15.75,,10,,,,13,16,16,13.7,18.85,14,5.31,30.13,,20,13,8,8.5,15,13.8,20.9,24.65,26.54,,,,6.39,13,24,4,11,37
Arkansas St.,Florida Intl.,10,-9.67,2.03,10.51,10.51,11.08,-8.34,-15.56,3,13,17,13.33,13.5,-3.9,8.15,6.9,5.06,7.74,5.65,11.25,14.35,4.18,10.56,12.8,8.69,,,20.65,18.98,8.69,,-3,,,,10,10.5,10,25.1,6.96,-1,6.17,41.46,,13,2,5,21,10,1.7,16.5,19.37,28.68,,,,8.94,24,66,4,42,90
Army,Iowa St.,-17.5,-17.58,-26.57,-17.79,-17.79,-17.91,-27.56,-10.27,-31,-23,-13,-19.46,-16.5,-24.92,-21.39,-15.11,-24.22,-23.22,-23.48,-52.53,-23.65,-18.65,-41.87,-24,-27.76,,,-15.17,-24.87,-20.7,,-13,,,,-20,-18,-24,-22.6,-25.97,-13,-13.83,-9.39,,-15,,-19,-25,-17.5,-27.4,-18.2,-26.08,-68.54,,,,10.95,28,21,4,-7,49
BYU,TCU,3.5,-0.71,2.96,1.67,1.67,1.28,4.65,-5.19,-6,-5.5,3,0.73,-1.5,4.47,0.67,2.01,2.04,0.07,-2.84,16.83,4.45,-1.08,-11.62,3.3,-13.63,,,1.03,-7.53,1,,8,,,,9,4,1,-6.7,-5.07,-8,-0.74,12.58,,6,-2,2,-10.5,3,1.9,-0.3,4.22,-5.25,,,,5.88,51,50,4,-1,101
Boise St.,Bowling Green,7.5,6.7,9.24,0.6,0.6,8.34,8.79,9.54,-13,7,11,8.14,8.5,4.69,4.95,6.15,0.01,4.04,7.47,-18.4,13.25,7,5.7,6,4.86,,,2.8,-2.97,6.15,,-4,,,,5,9,9,8.8,2.57,8,4.32,-10.99,,5,1,9,11,7.5,11,17.5,9.07,-28.8,,,,8.47,20,48,4,28,68
Central Florida,Marshall,-3.5,3.22,-10.78,-8.51,-8.51,-10.43,-7.11,-0.89,9,-13,-2,-2.37,-11.5,7.75,-5.11,-7.87,-4.2,-7.6,-5.14,-21.12,-12.95,-5.23,-16.48,-10.9,-11.16,,,-3.79,-13.79,-8,,-14,,,,-9,-2.5,-8,-29.4,-8.04,6,-9.51,-22.59,,-6,-12,-12,-25,-4,-1.4,-3.1,-6.67,-35.39,,,,8.25,13,23,4,10,36
Central Mich.,Eastern Mich.,4.5,11.06,-1.6,6.46,6.46,2.27,3.34,7.27,10,-0.5,8,5.92,6,15.13,9.59,1.16,14.29,6.22,1.35,10.37,6.15,2.15,5.61,4.4,4.3,,,9.77,11.09,6,,3,,,,7,3.5,1,4.5,5.15,4,0.49,24.21,,6,12,5,5.5,4.5,1.3,13.4,5.21,10.91,,,,4.19,23,20,4,-3,43
Clemson,Boston College,3,3.91,2.5,-1.14,-1.14,3.96,2.77,15.23,10,-1,7,6.4,3,-5.23,6.86,-0.89,8.2,2.77,-0.29,-2.86,3.25,2.95,8.04,0,3.56,,,-1.99,4.49,2.95,,-3,,,,1,3.5,1,32.7,2.79,2,-0.86,-33.87,,4,5,5,-1,3,3.3,1,3.61,0.25,,,,3.98,16,13,4,-3,29
Colorado St.,Nevada,17.5,14.55,12.86,-0.47,-0.47,2.33,15.7,15.19,36,12,16,10.18,11.5,13.97,7.38,19.18,11.25,10.97,13.91,9.18,1.65,11.21,14.04,17.3,5.73,,,9.65,0.37,12,,2,,,,19,16.5,13,0.5,6.14,12,7.53,6.05,,11,15,17,11,16.5,19.3,18,13.59,-10.67,,,,7.71,21,42,4,21,63
Florida Atlantic,Louisiana-Monroe,7,20.13,18.02,11.27,11.27,11.21,16.65,18.94,15,19.5,8,13.31,9.5,21.4,12.99,7.62,13.04,12.03,8.3,33.05,9.65,3.96,12.39,3.4,2.71,,,7.03,18.7,11.21,,1,,,,9,6.5,0.01,36.3,6.77,6,6.3,6.16,,9,13,16,12,7.5,6,11.1,-0.99,38.45,,,,8.00,28,21,4,-7,49
Houston,Southern Miss.,1,-1.39,-1.62,-4.18,-3.97,-1.38,-1.99,-1.34,1,-5.33,1,-11.52,-0.5,-1.47,-8.7,-3.29,-1.86,-1.78,2.79,-2.59,1.85,1.47,-7.2,-0.5,-1.99,,-2.56,-0.31,-2.49,-1.47,-0.01,,-0.93,-1.22,3.73,-1,1,0.01,-1.1,-3.04,1,-1.73,-8.36,-2.62,,,-3,,0.5,-0.5,-3.5,1.24,,-38.33,-5.4,3.39,2.80,24,27,4,3,51
Idaho,Hawaii,1,2.15,0.01,6.41,6.41,-8.98,-16.04,-8.32,-3,-6,-4,2.19,-9,12.94,-5.15,1.65,-17.71,-5.56,-2.67,0.37,-14.85,2.53,-16.38,-5.7,-16.72,,,-8.02,-12.77,-6,,-14,,,,-5,3,-8,-18.7,-9.64,-5,-7.78,-2.07,,4,-1,-8,-18,0.5,-12.5,-1.7,-6.08,-16.2,,,,7.55,24,0,4,-24,24
Illinois,Michigan St.,-10.5,-0.82,-1.84,-7.56,-7.56,-7.4,-12.9,-0.5,-4,-10.5,-11,-6.84,-7.5,-1.15,-8.11,-7.82,-13.06,-8.41,-15.73,-2.99,-12.05,-7.92,-19.91,-11.5,-13.01,,,-3.98,-9.3,-7.82,,-7,,,,-7,-10.5,-12,-16.1,-11.31,-7,-7.65,5.87,,-5,-2,-9,-10,-10.5,-12.3,-12.1,-8.75,-16.66,,,,4.45,61,14,4,-47,75
Kansas St.,North Texas,24.5,14.25,8.62,14.27,14.27,17.86,20.4,14.65,15,4,18,19.41,15.5,14.24,19.88,13.49,25.66,19.3,14.88,53.02,28.75,12.9,35.63,19,19.88,,,21.44,19.43,18,,7,,,,18,23,19,33,19.06,13,11.48,0.86,,22,23,23,22.5,23.5,17,10.1,23.06,53.01,,,,9.84,7,54,4,47,61
Kentucky,Florida,-23,-14.36,-17.81,-16.51,-16.51,-20,-24.42,-11.09,-21,-23.5,-21,-25.47,-18.5,-17.97,-23.21,-13.66,-21.31,-22.03,-19.46,-14.14,-29.45,-21.25,-40.63,-30.9,-20.78,,,-16.4,-31.36,-20.78,,-17,,,,-15,-24,-24,-38.5,-26.91,-18,-15.31,-18.31,,-17,-23,-18,-25,-23,-26,-23.8,-41.45,-49.88,,,,8.01,49,28,4,-21,77
LSU,Tennessee,6.5,0.17,6.97,7.27,7.27,11.78,11.73,16.33,11,4.5,9,6.43,9.5,-12.27,9.68,8.11,17.93,8.99,8.92,20.89,11.35,7.32,10.98,3.2,8.56,,,12.55,11.3,9.27,,1,,,,7,6.5,5,-6.8,9.27,6,5.43,2.9,,11,4,11,10.5,6.5,10.3,13.9,10.61,20.9,,,,5.71,30,27,4,-3,57
Miami (Fla.),Colorado,14,20.28,0.52,10.31,10.31,13.13,17.47,13.04,20,8,9,10.59,14,26.58,11.74,15.66,13.85,12.03,16,8.52,15.95,7,21.84,10.4,8.68,,,12.99,5.92,10.59,,4,,,,19,14,13,42.5,10.3,5,10,-1.82,,10,10,20,16.5,14,11,7.9,7.85,5.53,,,,5.43,3,23,4,20,26
Minnesota,Purdue,3.5,7.93,8.32,5.49,5.49,8.33,3.91,9.64,13,12,9,13.85,6.5,5.79,6.8,6.48,7.53,7.06,5.01,24.82,6.65,1.55,5.93,6.4,-2.19,,,7.04,9.56,6.48,,4,,,,5,2,2,2.2,3.49,2,1.11,25.44,,9,6,5,0,4,2.4,10.9,2.59,19.22,,,,5.02,35,42,4,7,77
Mississippi,Wyoming,2.5,16.3,8.49,1.3,1.3,-0.01,0.61,22.74,1,-3.5,-1,1.62,5.5,10.18,-0.01,4.71,1.89,1.77,0.53,6.04,-0.85,1.05,1.49,-0.5,11.44,,,-1.8,-3.57,1,,-12,,,,2,2,0.01,-6,-2.39,-5,1.85,17.7,,4,1,6,1.5,2.5,-1.3,-8.2,0.01,-6.03,,,,6.18,24,14,4,-10,38
Mississippi St.,Georgia,-15,-25.8,-25.75,-16.97,-16.97,-17.51,-18.61,-25.19,-2,-16,-9,-13.44,-16.5,-26.55,-16.55,-20.6,-12.79,-16.32,-9.28,-0.29,-17.45,-12.87,-33.58,-17,-21.36,,,-9.54,-14.9,-16.55,,-14,,,,-10,-15.5,-17,-13.1,-19.26,-17,-15.19,-8.6,,-10,-14,-20,-18,-15,-8.6,-21,-28.15,-10,,,,6.76,23,10,4,-13,33
NC St.,North Carolina,10,3.01,2.2,20.98,20.98,8.36,6.69,-0.98,6,-2.5,10,10.39,11,8.76,10.57,8.99,21.64,8.18,4.59,17.13,8.25,6.93,9.88,6.9,-6.81,,,1.28,1.47,8.36,,4,,,,12,10.5,9,5.6,7.23,2,6.17,40.6,,15,13,11,12.5,10,6.4,11.8,7.96,8.42,,,,6.08,31,24,4,-7,55
New Mexico St.,California,-29.5,-31.64,-26.27,-22.76,-22.76,-27.9,-33.94,-23.56,-30,-24.5,-21,-25.07,-24,-40.93,-18.24,-35.3,-24.17,-27.48,-28.35,-38.7,-31.85,-19.06,-49.01,-27.1,-24.92,,,-15.25,-28.76,-25.07,,-17,,,,-31,-29,-28,-16,-30.61,-16,-21.6,-57.82,,-24,-26,-32,-31,-29.5,-24,-21.1,-19.63,-57.97,,,,8.53,41,13,4,-28,54
Northwestern,Penn St.,-7.5,9.69,-1.18,-2.47,-2.47,-3.75,-5.75,5.9,-3,0.5,1,-0.97,0.01,12.69,-1.29,1.86,-5.7,-3.96,-4.96,-16.28,-10.35,-2.73,-6.67,-7.5,5.91,,,-8.05,-20.38,-3,,5,,,,-4,-6,-8,-6.1,-7.24,-5,-5.31,-13.11,,-2,-11,-2,-13.5,-7,-14.4,2.9,-7.89,-29.09,,,,7.86,34,29,4,-5,63
Ohio,Kent,4,11.63,8.58,0.11,0.11,4.2,-0.87,14.35,12,13.5,5,19.2,3.5,9.35,20.62,3.37,6.33,6.75,12.69,11.92,3.65,7.32,11.94,4.7,9.04,,,8.26,10.17,7.01,,-11,,,,-1,3,2,22.4,7.01,2,-0.12,29.53,,5,0.01,4,5.5,4,-2.1,11.1,10.92,15.85,,,,6.36,32,35,4,3,67
Ohio St.,Iowa,7.5,2.7,13.33,1.04,1.04,5.25,10.09,6.7,-4,3.5,9,15.13,6.5,-3.97,14.06,5.83,4.47,6.31,12.09,-18.27,9.55,9.79,10.34,8.3,6.69,,,11.41,14.74,6.7,,3,,,,1,9,10,1.6,7.35,16,3.83,24.78,,7,10,4,10.5,7.5,17.9,14.3,4.33,-12.09,,,,7.27,6,31,4,25,37
Oregon,USC,-22.5,-9.67,-14.59,-15.7,-15.7,-16.77,70.07,-6.85,-9,-37,-14,-11.94,-15.5,-14.63,-6.47,-19.55,-22.95,-12.93,-15.77,0.25,-25.45,-11,-13.04,-21.5,-13.73,,,-9.32,-9.68,-14.63,,-13,,,,-22,-17,-19,-34.1,-7.19,-21,-19.01,-14.06,,-9,-16,-22,-11,-21.5,-21,-24.4,-24.38,-2.36,,,,15.39,45,13,4,-32,58
Oregon St.,Arizona St.,-6.5,6.86,1.86,-4.6,-4.6,-5.94,1.65,15.57,-23,-13.5,-1,-4.57,5.5,2.63,3.51,3.9,-13.62,-4.62,-4.26,-34.42,-9.95,-0.29,-3.09,-9.8,4.57,,,-5.65,-5.48,-4.6,,-6,,,,0.01,-4.5,-5,2.9,-5.25,-9,-1.48,2.75,,-1,-10,1,0,-6.5,-4.7,-10.1,-13.67,-17.73,,,,8.75,42,24,4,-18,66
SMU,Tulane,-4,9.11,12.29,1.21,1.21,1.36,-2.37,5.98,9,4.5,5,25.75,0.5,12.54,35.73,-0.4,-2.28,3.8,10.61,-0.32,-5.85,-2.91,9.55,-6.8,1.4,,,10.54,16.51,1.21,,-8,,,,-10,-4,-4,30.7,5.83,-1,-3.46,28.46,,1,6,-5,10.5,-3.5,-3.8,-8.7,-7.45,20.5,,,,9.76,31,10,4,-21,41
San Diego St.,San Jose St.,14.5,2.13,3.63,3.49,3.49,11.8,16.87,7,3,9.5,15,9.32,9,-2.57,7.32,15.6,14.81,8.91,13.69,-12.41,13.35,16.52,9.69,12.9,10.55,,,8.01,2.12,9.5,,9,,,,11,14.5,15,-2.1,6.09,19,6.67,2.2,,9,13,18,4,14,15,11.5,24.89,-19.49,,,,8.11,21,52,4,31,73
South Carolina,Troy St.,19.5,17.41,16.97,7.12,7.12,10.73,15.13,18.61,16,11.5,11,14.01,9,16.67,14.55,15.19,11.71,12.58,17.16,-4.03,15.75,14.35,15.06,14.6,12.34,,,9.67,8.03,14.01,,13,,,,12,18.5,19,-10.2,11.89,14,6.3,20.12,,14,19,15,8,18.5,14.8,17.2,19.53,-11.14,,,,5.95,20,45,4,25,65
South Florida,Louisville,-21,-22.72,-15.39,-17.08,-17.08,-16.27,-26.21,-27.8,-10,-18,-6,-13.37,-11.5,-18.48,-17.08,-17.54,-16.21,-17.67,-15.15,-6.05,-31.45,-13.56,-34.22,-23.8,-21.73,,,-6.97,-18.02,-17.08,,-19,,,,-19,-22,-18,-25.5,-20.53,-16,-13.95,1.02,,-11,-8,-21,-13.5,-20.5,-22.1,-23.3,-15.87,-28.26,,,,6.52,14,45,4,31,59
Temple,Western Mich.,-4,-2.14,-1.21,-4.67,-4.67,-1.17,6.02,11.37,-6,4,5,-7.66,-1.5,-17.56,2.57,-0.38,1.14,-1.44,3.56,-14.89,-6.85,-2.62,-1.31,-5.1,3.49,,,0.25,-3.76,-1,,2,,,,-4,-4.5,-2,6.6,-0.3,7,0.37,-3.41,,-1,-9,3,-10,-3.5,4.2,-0.3,6.23,-20.32,,,,6.54,19,16,4,-3,35
Tulsa,Memphis,0,-2.82,-9.17,-5.24,-5.24,1.54,-0.75,2.28,13,-4,5,7.73,0.5,-7.97,10.45,-5.66,7.88,0.33,4.37,-12.64,4.55,2.3,1.26,-1.6,-8.83,,,-1.72,-0.57,1,,2,,,,-5,-1,0.01,-2.5,1.51,3,-3.46,-34.04,,1,1,-1,2,0,3.6,11.6,11.61,-9.92,,,,6.11,31,37,4,6,68
UTEP,New Mexico,2.5,-13.64,-3.77,-0.35,-0.35,-3.83,-0.68,-6.95,7,3.5,1,3.6,-5,-19.6,3.22,-1.56,0.69,-1.85,2.74,4.53,1.35,-1.55,-11.44,3.4,-5.67,,,-0.35,-4.71,-0.68,,-1,,,,1,3,1,-25.8,-2.73,-1,-3.58,-19.54,,7,-4,-4,-9.5,2,0.5,1.1,1.29,-12.27,,,,5.61,13,21,4,8,34
Utah,Air Force,7,16.53,9.7,15.1,15.1,8.84,17.08,2.6,8,18,11,0.77,14.5,26.74,4.23,16.02,7.28,11.23,9.31,-1.23,11.95,10.45,14.28,7.1,23.59,,,10.72,1.39,11,,9,,,,20,9,9,0,11.33,10,10,-6.35,,12,4,18,17.5,8,13.8,13.7,14.58,-1.86,,,,6.36,35,38,4,3,73
Utah St.,UNLV,-4,-4.08,-6.41,-5.79,-5.79,-3.99,0.16,4.72,4,1.5,-0.25,5.53,-1.5,-12.89,0.84,-3.56,3.54,-2.42,1.94,-20.54,-1.25,-3.1,-2.18,-0.6,-3.02,,,-0.78,-8.19,-1.5,,-7,,,,1,-4,-4,0,0.01,-1,-2.35,-7.47,,-2,-9,-1,2,-4,6.7,8.2,1.37,-19.53,,,,6.03,24,31,4,7,55
Virginia,Duke,24.5,19.79,22,18.21,18.21,21.85,21.9,16.51,25,8,24,26.01,22.5,23.12,28.35,22.85,10.37,23.53,17.28,15.77,25.15,19.83,45.26,27.4,23.84,,,20.46,34.07,22.5,,24,,,,18,24,25,33.3,28.46,20,14.32,4.54,,27,18,26,25.5,24.5,19.6,30.6,40.16,49.32,,,,8.13,7,38,4,31,45
Virginia Tech,Georgia Tech,11,6.98,0.54,11.87,11.87,6.4,8.51,1.47,9,3.5,6,14.91,9,11.46,7.81,11.81,13.87,7.28,4.05,6.42,11.05,1.98,6.03,11,1.26,,,8.13,-4.33,6.98,,4,,,,14,11,10,-1.5,4.35,9,6.3,-3.9,,13,4,13,1.5,10.5,6.7,17.9,6.12,-8.72,,,,5.34,7,51,4,44,58
Wake Forest,Maryland,2.5,-6.26,-13.21,3.55,3.55,-6.34,-2.95,-9.01,-11,-6.5,2,0.74,-1,-3.38,4.43,-3.03,-7.77,-2.99,-1.91,-7.86,-6.65,1.01,-7.45,-2.5,-12.17,,,1.82,2.6,-3.03,,-6,,,,-1,2.5,-4,2.7,-3.12,1,-3.58,4.92,,5,2,-3,8.5,1.5,-2.7,-4.3,-3.38,-0.94,,,,4.90,22,12,4,-10,34
Washington,Notre Dame,-13.5,-27.68,-25.27,-9.95,-9.95,-10.49,-14.8,-29.36,-17,-19.5,-11,-13.91,-11,-27.59,-14.11,-15.63,-9.1,-15.75,-13.8,-17.83,-16.45,-11.21,-32.48,-17.4,-16.84,,,-11.06,-14.87,-14.11,,-13,,,,-15,-12.5,-14,-21.2,-19.59,-5,-9.51,-15.86,,-8,-14,-12,-24.5,-13.5,-15,-11,-17.44,-28.31,,,,6.52,36,17,4,-19,53
West Va.,East Carolina,21,25.68,20.68,22.94,22.94,25.45,24.02,17.15,36,18,24,28.25,26,33.64,28.93,25.09,34.17,26.17,25.08,21.51,28.65,15.77,47.18,24.8,32.03,,,31.56,28.25,25.45,,7,,,,30,20,22,23.3,28.78,7,17.04,20.18,,24,20,29,33,21.5,23.5,34,31.25,51.73,,,,8.57,15,20,4,5,35
Wisconsin,Michigan,-3,4.64,9.8,1.83,1.83,2.56,-0.46,9.53,12,8.5,9,10.09,6,-0.54,14.03,9.26,9.82,5.53,10,0.75,3.75,-2.14,11.07,-2.5,7.63,,,14.12,15.7,4.64,,3,,,,2,-2.5,0.01,10.9,6.4,-3,0.25,1.8,,6,-9,3,3,-1.5,2.1,3.5,-0.6,22.12,,,,6.10,20,23,4,3,43
Akron,Central Mich.,11,14.27,6.48,10.12,11.54,4.67,14.69,17.17,14,16,16,12.62,16.5,11.48,14.06,13.65,14.74,12.04,8.5,5.74,18.45,8.18,19.56,10.6,10.79,,,16.86,7.62,12.7,,-3,,,5.79,14,11,17,11.6,11.62,9,10.74,42.71,,13,4,14,,11,12.7,17.9,20.26,10.67,,,,4.78,31,17,5,-14,48
Alabama,Florida,-4,-1.38,-3.29,-2.49,-6.01,-4.91,-1.72,-0.57,-2,-3,-2,-4.72,-0.5,-2.02,-4.78,-2.03,-0.89,-2.64,-3.55,-3.8,-2.35,-3.14,-3.71,-8.1,-3.49,,,-4.06,-2.92,-2.49,,2,,,-10.44,0.01,-4,-4,-7,-1.97,1,0.37,-7.76,,2,-8,-1,,-4,-2.3,3.3,-6.68,-4.75,,,,2.55,3,31,5,28,34
Arizona St.,USC,-16.5,-11.95,-10.42,-11.7,-10.15,-9.56,79.8,-7.02,-15,-24,-9,-19.21,-18.5,-21.85,-14.21,-14.07,-7.16,-10.63,-13.49,-23.32,-17.75,-10.17,-7.34,-18.3,-4.29,,,-14.23,-14.06,-13,,-3,,,-5.53,-17,-14.5,-13,5,-3.22,-8,-12.96,-28.66,,-8,-25,-15,,-16,-15.7,-7.7,-19.31,-20.34,,,,16.15,38,28,5,-10,66
Army,Connecticut,-10.5,-8.75,-6.65,-14.52,-17.65,-9.72,-18.27,-5.54,-8,-13,-12,-11.94,-15,-12.39,-9.64,-14.41,-16.63,-13.2,-9.97,-9.9,-18.95,-5.42,-21.92,-10.3,-23.92,,,-9.04,-6.72,-13,,-23,,,-2.14,-18,-9,-16,-7.1,-13.75,-15,-11.98,-18.16,,-12,-4,-15,,-10.5,-21.6,-19.9,-12.19,-15.74,,,,5.09,47,13,5,-34,60
Auburn,South Carolina,13.5,11.03,9.13,15.16,12.56,11.5,26.27,8.5,12,23,15,14.16,13.5,14.05,13.31,17.05,11.83,14.42,12.51,8.56,21.15,12.33,15.98,18.7,15.49,,,15.48,6.34,14,,4,,,3.31,24,13,14,14.1,13.62,14,12.96,-30.99,,16,14,18,,13.5,20.9,25.8,19.7,12.48,,,,4.97,7,48,5,41,55
Boston College,Ball St.,38.5,44.48,44.02,32.6,42.91,37.56,31.47,36.6,47,44,30,42.05,28,54.5,37.58,35.11,49.2,39.9,31.68,65.06,40.65,30.25,57.23,38.5,30.24,,,37.99,51.44,37.58,,28,,,47.22,34,36.5,41,115.2,37.35,24,21.85,61.27,,29,41,33,,38.5,27.2,35.5,42.9,82.5,,,,11.72,0,38,5,38,38
Bowling Green,Temple,28,18.82,6.8,20.97,20.6,16.37,18.17,27.81,14,22.5,32,23.82,29,11,18.62,26.62,13.25,19.69,16.58,3.98,21.15,18.54,24.73,26.9,31.33,,,16.9,9.39,18.82,,38,,,6.47,27,28.5,23,10.1,15.41,24,17.78,50.2,,23,18,26,,27,18,23.2,27.14,10.59,,,,7.20,7,70,5,63,77
California,Arizona,15.5,18.12,20.91,25.16,22.59,14.88,15.02,24.47,15,13.5,22,22.65,25.5,11.3,21.94,21.42,11.54,19.53,14.65,16.56,15.25,11.94,33.69,16.5,22.56,,,17.44,23.98,18.89,,9,,,22.74,18,16.5,16,52.4,23.51,17,18.89,29.59,,19,18,25,,16,13.4,19,20.32,42.61,,,,6.29,0,28,5,28,28
Colorado St.,Air Force,4,2.2,3.53,-0.49,-0.98,0.86,1.59,3.84,1,1,7,5.86,3.5,0.52,5.52,2.76,-1.26,1.67,1.47,-0.01,-0.65,3.36,2.39,4.6,2.32,,,-0.35,-0.56,1.47,,-3,,,0.4,4,5.5,1,19.2,0.47,8,2.22,-1.93,,4,5,4,,3.5,-2.1,2.8,-3.29,0.77,,,,2.63,23,41,5,18,64
Duke,Navy,-6.5,2.53,3.9,-5.06,-0.01,-7.85,-8.16,6.52,-4,-11,5,1.52,-1,-1.65,4.82,-9.4,2.25,-2.18,-8.62,-7.07,-15.75,-4.18,0.25,-11,-16.87,,,1.14,3.39,-1.65,,-4,,,36.18,0.01,-4.5,-6,10.2,-1.05,1,-0.86,-11.73,,1,-19,-5,,-6,-6.9,-12.1,-3.55,13.92,,,,6.89,28,21,5,-7,49
East Carolina,Southern Miss.,-7,-11.35,-11.84,-6.48,-1.99,-8.91,-10.08,-7.78,-5,-2.5,-5,-10.45,-8,-14.88,-7.03,-8.21,-11.68,-8.69,-6.81,-13.68,-2.95,-3.14,-24.56,-12.7,-10.8,,,-3.92,-6.39,-8,,-10,,,-4.39,-11,-7,-8,-38.4,-9.94,-2,-5.56,-10.58,,-3,-30,-10,,-7,-6.1,-1,3.79,-26.04,,,,6.69,33,7,5,-26,40
Eastern Mich.,Kent,3.5,14.53,13.26,2.6,9.69,7.38,-2.11,21.58,8,6.5,10,18.94,6.5,7.69,22.23,-1.47,3.28,7.53,14.54,2.39,-3.45,10.04,13.89,5.5,5.3,,,8.95,19.82,7,,-2,,,18.43,-7,1.5,2,33.1,10.34,-1,1.23,-9.68,,7,-6,-1,,3.5,1,-0.7,14.71,31.56,,,,8.55,20,27,5,7,47
Florida St.,Syracuse,21.5,34.9,27.85,18.76,18.48,18.41,20.22,46.63,33,14,21,27.97,20.5,27.22,35.43,23.46,27.35,26.11,24.87,26.57,20.95,23.32,40.9,20.7,21.81,,,31.86,34.05,23.32,,13,,,41.04,23,20,23,98,26.84,9,15.68,10.69,,22,37,23,,21.5,17,19.6,15.53,62.05,,,,10.01,14,38,5,24,52
Fresno St.,Toledo,7,2.96,0.25,5.31,-1.32,7.59,8.95,-0.98,7,9.5,8,4.45,3,8.15,4.45,10.75,5.71,5.2,7.2,7.78,12.35,3.36,2.45,10.2,-1.07,,,5.34,-7.29,5.71,,5,,,7.4,11,10.5,9,-0.3,0.88,9,4.94,16.53,,11.5,-2,11,,7,9.1,12.1,11.1,-13.69,,,,5.60,14,44,5,30,58
Hawaii,Boise St.,-11,2.36,1.26,-3.59,3.87,-6.07,-15.47,-1.07,18,-4,-7,4.26,-6.5,5.48,-1.28,-8.95,12.55,-3.38,-1.72,16.73,-17.55,-6.27,-8.28,-12.4,-5.14,,,-3.62,5.94,-3.62,,-14,,,7.64,-16,-10.5,-17,7.9,-1.64,-15,-7.28,-25.82,,-3,0.01,-13,,-10,-13.8,-13.3,-9.24,9.66,,,,9.15,44,41,5,-3,85
Idaho,Utah St.,-2.5,-6.15,-8.49,-0.79,-5.04,-3.49,-3.04,-14.18,1,2,-2,-5.05,-2.5,1.47,-8.76,-4.39,-9.37,-5.13,-2.76,-1.1,-10.35,-0.5,-5.97,-5.3,-2.28,,,-3.15,-15.72,-3.49,,6,,,-21.39,-3,-3.5,-3,-17,-5.93,1,-1.23,-8.44,,-4,-11,-2,,-2.5,-7.3,-8.1,9.24,-30.65,,,,6.55,13,27,5,14,40
Iowa,Illinois,18,10.65,6.08,21.24,16.3,9.71,19.15,4.12,8,13,17,2.08,15.5,17.35,1.81,20.32,13.42,12.15,6.16,9.78,21.65,12.56,10.92,17.6,19.74,,,10.57,-1.71,12.56,,11,,,-4.92,25,18,17,-11.4,9.03,13,13.7,-19.9,,14,7,22,,17.5,11.6,12.7,27.6,2.55,,,,6.72,7,35,5,28,42
Louisiana Tech,New Mexico St.,10.5,11.82,7.12,1.93,-3.1,11,15.12,10.85,9,4,17,10.1,11.5,12.92,9.33,11.32,3.86,8.87,9.67,-2.12,7.35,7.92,12.41,9.2,13.39,,,7.93,9.79,9.63,,10,,,10.63,9,10.5,10,8.6,9.63,8,7.28,26.29,,8,5,13,,10.5,8.4,8.4,15.59,12.2,,,,4.19,14,34,5,20,48
Louisiana-Lafaye,Central Florida,-3.5,-4.82,-0.48,4.32,-2.37,-2.65,-6.97,-2.01,-11,4.5,6,-1.19,3.5,-7.65,5,-6.15,-9.41,-2.44,-10.54,-22.38,-4.45,-1.55,-6.24,-5.3,7.36,,,8.83,-4.76,-2,,-2,,,4.91,0.01,-3.5,1,-3.8,-2.03,-1,1.11,13.49,,1,-23,-3,,-3.5,2.5,0.6,12,-11.23,,,,7.27,24,21,5,-3,45
Louisiana-Monroe,Arkansas St.,-3,-5.54,-6.42,-2.49,-12.03,-14.02,1.27,0.59,1,-8.5,-1,-10.22,-1.5,-11.94,-4.99,-1.09,-16.03,-5.6,1.55,-29.52,-8.75,7.85,-11.58,-2.1,0.18,,,-5.26,-7.99,-3,,-4,,,1.19,-2,0,0.01,-31.8,-3.53,-1,-2.35,9.13,,-3,-20,1,,-3,-1.9,0.8,4.14,-31.31,,,,8.29,27,31,5,4,58
Louisville,Florida Atlantic,38,33.86,26,24.03,29.85,18.56,30.93,44.2,23,22,29,36.22,27,24.58,39.89,30.81,25.4,30.99,24,18.44,35.55,22.42,48.32,36.5,36.89,,,40.67,26.02,30,,24,,,31.08,36,38,35,61.7,32.01,30,22.22,8.98,,30,28,27,,37,31.8,31.5,42.28,57.26,,,,8.31,10,61,5,51,71
Marshall,SMU,11.5,11.02,0.01,14.72,10.66,18.93,7.43,4.97,10,0.01,7,1.32,14.5,17.16,1.17,21.76,16.82,8.51,0.41,10.93,14.65,1.05,5.2,11.7,2.31,,,0.51,0.01,9.47,,11,,,-3.77,24,12,7,-28.1,2.35,-6,12.96,71.75,,11,16,21,,11.5,1.8,21.1,9.47,1.39,,,,7.58,13,16,5,3,29
Maryland,Virginia,-3.5,-1.93,-5.63,-5.48,-6.41,-5.23,-5.74,-5.04,-1,3.5,-4,-1.86,-3.5,0.6,-8.31,-3.36,-3.16,-4.82,-0.91,-4.89,-4.65,-4.15,-9.82,-5.6,8.24,,,-4.7,-12.34,-4.65,,-11,,,-18.18,-4,-3.5,-6,-3.3,-8.43,-4,-2.47,-8.94,,-3,-7,-2,,-3.5,-7.3,-3.3,4.6,-20.61,,,,4.77,33,45,5,12,78
Memphis,UTEP,-3.5,-5.7,-14.02,-0.23,-4.14,1.08,0.28,-19.47,-3,-0.5,-3,-1.16,1,6.19,-11.03,2.96,-3.56,-5.63,-4.16,-12.93,-0.25,-6.27,-18.4,-3.4,0.27,,,-9.87,-29.82,-2,,6,,,-32.37,8,-2,1,-76.2,-14.74,1,3.33,-15.34,,-2,-8,5,,-3.5,0.9,-2.7,6.69,-47.58,,,,10.72,20,27,5,7,47
Miami (Fla.),South Florida,21,22.4,14.78,18.75,12.56,11.05,27.27,22.25,10,20.5,14,13.32,17.5,22.69,12.03,20.1,15.02,16.54,12.53,12.48,15.85,11.88,21.21,21,20.24,,,15.37,9.51,15.56,,26,,,12.78,20,23,20,61.5,13.56,16,15.56,2.52,,14,5,24,,21,12.5,21.5,25.89,5.78,,,,5.47,7,27,5,20,34
Miami (Ohio),Cincinnati,10,-0.82,-7.92,3.06,-0.01,7.2,9.4,-10.7,6,1,9,-0.35,6,10.25,-8.6,7.35,6.34,2.56,3.98,6.32,7.75,6,-7.78,9.9,2.75,,,-1.51,-13.73,6,,10,,,-14.27,8,13.5,14,-74.3,-2.54,16,7.78,-20.19,,6,1,7,,9,15.1,19.2,6.76,-31.18,,,,9.32,16,44,5,28,60
Michigan St.,Michigan,5.5,18.37,12.03,4.4,14.16,8.99,3.59,25.64,19,9,12,13.62,6.5,7.64,18.43,3.71,6,10.02,12.12,10.7,9.65,5.23,14.06,3.3,3.06,,,12.58,20.92,9.65,,3,,,21.64,0.01,3.5,4,30.3,10.64,-1,2.22,17.37,,12,0.01,1,,5.5,9.7,13.4,0.43,34.34,,,,7.64,34,31,5,-3,65
Mississippi St.,LSU,-14.5,-26.8,-23.47,-11.57,-4.06,-16.79,-17.72,-30.36,-19,-18,-6,-16.23,-14,-25.28,-13.53,-16.79,-13.86,-16.55,-16.45,-34.63,-13.05,-10.45,-28.13,-17.4,-13.26,,,-4.92,-8.89,-16.45,,-10,,,-16.3,-11,-14,-18,-16.4,-16.89,-15,-10.37,15.79,,-4,-2,-17,,-14.5,-16.6,-18.9,-23.38,-35.72,,,,7.99,37,7,5,-30,44
Missouri,Texas,-14.5,-19.77,-12.57,-12.26,-15.36,-10.32,-17.92,-25.4,-13,-18,-16,-17.33,-17.5,-13.46,-21.36,-13.89,-7.86,-15.78,-19.4,-12.35,-15.25,-15.73,-25.11,-16.7,-12.28,,,-16.77,-13.93,-15.73,,-12,,,-16.31,-16,-14.5,-19,6.9,-14.68,-20,-9.38,-19.21,,-7,-8,-14,,-14.5,-22.6,-16,-21.77,-20.33,,,,4.49,51,20,5,-31,71
Nebraska,Iowa St.,3,0.01,-2.78,3.55,0.49,4.31,3.25,1.28,1,-3,5,-3.87,7,-1.04,-5.36,6.73,3.79,1.52,-7.77,-5.75,5.45,2.16,4.6,1.4,-4.26,,,4.07,-1.56,2.2,,7,,,2.84,6,5.5,2,7.4,-0.39,1,5.56,-12.5,,7,3,7,,3,2.2,7.2,3.02,-9.4,,,,4.40,20,27,5,7,47
North Carolina,Utah,3.5,3.23,-0.22,-9.83,-3.65,3.96,0.39,2.47,9,1.5,3,14.3,-6.5,4.04,7.76,-1.92,6.83,1.77,10.09,12.03,5.95,-0.5,2.78,10.3,1.69,,,-1.04,-4.42,1.69,,-11,,,-5.53,3,3,7,15.1,-0.23,2,-2.84,-3.03,,1,-2,-3,,3.5,3.9,5.7,10.17,-0.77,,,,5.69,17,31,5,14,48
Oklahoma,Kansas St.,6.5,6.69,1.71,8,-6.55,11.61,8.8,-0.96,3,13.5,7,3.01,6.5,15.24,3.44,9.45,5.25,6.25,4.6,9.9,5.35,7,0.63,6.4,5.46,,,6.7,-3.95,6.54,,5,,,2.66,13,6.5,9,-1.6,3.21,14,6.54,-34.9,,1,18,13,,6.5,9.2,13.3,8.07,-9.1,,,,5.78,21,43,5,22,64
Oklahoma St.,Colorado,1,0.01,0.44,7.08,3.12,7.33,0.72,-6.24,1,5,3,-3.05,8,6.48,0.62,4.89,-0.56,1.57,3.92,-4.69,0.15,1.87,0.75,-2.8,1.68,,,-0.36,5.04,1.68,,6,,,-0.49,6,0,-5,5.7,0.72,-7,3.58,4.2,,5,4,7,,1,-7.6,1.8,-12.66,13.6,,,,5.12,34,0,5,-34,34
Oregon St.,Washington St.,2.5,-0.69,-4.49,-1.66,-12.09,10.06,9.68,6.72,-12,1,1,-12.15,0.5,-8.25,-5.98,1.92,-1.81,-1.1,-4.04,-23.68,18.25,-3.26,-8.39,0.7,9.18,,,-4.91,-7.42,0.5,,6,,,4.5,6,2,3,-2.7,-3.03,1,2.1,-9.36,,1,-9,5,,2.5,6.4,2,6.6,-18.68,,,,8.32,33,44,5,11,77
Penn St.,Minnesota,-2.5,-1.23,1.7,0.26,3.31,-6.99,-4.51,2.43,1,-14,2,-2.85,-0.5,-4.27,1.21,-2.43,-1.98,-1.48,-7.67,-9.88,-6.05,-2.68,-2.61,-3.9,5.13,,,-2.13,5.71,-2,,3,,,14,-3,-1,-2,51.7,0.38,-2,-0.99,-7.32,,3,-8,-4,,-2.5,-1.6,-11.3,-4.68,11.41,,,,4.88,14,44,5,30,58
Purdue,Notre Dame,3,0.56,0.3,5.21,-0.26,-2.65,4.7,0.61,1,-2.5,6,2.11,3,0.4,1.77,4.46,3.52,1.4,2.18,-7.62,3.55,-0.9,-3.33,0.5,1.21,,,-3.41,1.7,1.7,,1,,,4.47,5,3.5,3,-15.8,0.91,10,3.83,-39.39,,5,-7,6,,3,4.2,13.7,-5.19,-8.73,,,,4.49,49,28,5,-21,77
Rutgers,Pittsburgh,-1,1.79,4.32,1.9,10.69,-2.17,-5.03,8.21,4,0.5,6,9.45,-0.5,-5.25,12.67,-0.41,0.7,0.64,4.03,-5.75,-7.85,2.54,1.9,-1.8,-7.41,,,-0.69,8.67,0.7,,-3,,,6.63,-7,0,-3,3,3.2,2,-1.98,42.39,,7,-8,-4,,-1,-0.8,0.7,-16.85,12.33,,,,6.29,29,37,5,8,66
San Diego St.,BYU,-1.5,5.78,0.81,3.38,2.75,1.23,-2.91,7.85,10,-6,4,1.52,2,3.41,3.56,0.4,6.73,0.85,-1.7,-1.44,0.95,-1.97,-0.52,-2.3,0.75,,,-2.76,0.7,1,,-14,,,3.45,-4,-2,0.01,-17,1.14,10,1.23,-1.27,,1,-6,1,,-1,2.9,6,-1.67,-4.03,,,,4.56,10,31,5,21,41
San Jose St.,Nevada,-4,-1.38,-4.96,0.65,2.52,-7.52,-4.3,-1.45,1,-0.5,2,3.1,0.01,-1.42,2.8,0.81,-0.59,-2.52,-6.39,-10.86,-7.15,-5.23,-3.6,-2.5,0.12,,,-1.06,-5.81,-1.38,,-9,,,3.96,6,-4,2,-23.2,-1.74,-8,-0.37,35.18,,1,-15,-2,,-4,2,-0.9,-14.2,-5.79,,,,4.75,30,23,5,-7,53
Stanford,Oregon,-7,-12.97,-17.59,-2.26,-5.05,-6.39,-1.83,-16.9,-1,-0.5,-1,-15.76,-5.5,-8.83,-25.76,3.88,-9.99,-9.57,-0.12,-25.91,-11.25,-2.01,-27.47,-12.7,-0.76,,,-8.55,-17.33,-6.39,,-18,,,-38.86,-3,-6.5,-13,-26.6,-13.1,-3,-1.73,-13.84,,1,0.01,2,,-7,-2.1,8.7,-11.08,-42.06,,,,10.24,44,20,5,-24,64
TCU,New Mexico,2.5,9.95,1.48,0.45,1.96,9.54,4.13,8.61,6,5,7,3.55,6.5,11.13,-2.72,4.04,2.23,3.84,3.28,-3.23,5.05,5.23,3,2.3,14.36,,,6.89,2.3,4,,2,,,6.32,4,3,5,-35.9,3.17,3,2.35,-15.53,,5,-10,4,,2.5,5.3,8.9,-1.25,-4.44,,,,4.46,28,49,5,21,77
Tennessee,Mississippi,21,15.46,13.33,12.58,9.93,13.46,18.89,16.16,14,19,16,21.09,12.5,14.79,22.98,14.11,13.91,17.97,14.91,9.95,18.65,18.86,34.35,23.7,16.06,,,22.97,9.96,17,,17,,,33.11,18,21,25,49.7,22.01,18,10.86,41.75,,17,17,17,,20.5,15.8,23.1,29.49,23.79,,,,5.34,10,27,5,17,37
Texas A&M,Baylor,23.5,13.4,3.29,17.82,11.94,21.69,25.4,1.98,12,15,16,12.02,13,25.67,5.14,25.83,26.73,16.85,12.59,29.7,26.45,16.07,19.83,26,16.1,,,9.6,0.58,16.07,,21,,,-4.08,23,24,22,42.3,11.28,19,13.7,1.83,,14,37,25,,23,14.1,32.2,25.43,7.85,,,,8.49,13,16,5,3,29
Texas Tech,Kansas,17.5,6.42,1.49,7.72,4.83,7.79,14.6,-5.13,23,15.5,9,18.18,15.5,24.4,8.18,17.12,21.09,12.92,17.4,25,22.05,5,15.21,17.1,15.05,,,8.92,-11.53,15.05,,26,,,-4.33,24,16,15,-52.2,7.69,12,12.84,21.13,,18,25,16,,17.5,21.5,13.3,20.86,-7.57,,,,9.04,17,30,5,13,47
Tulsa,Houston,3,9.43,1.72,9.73,13.83,12.35,7.96,13.3,4,3,12,6.11,11.5,5.79,4.81,6.52,9.5,6.82,2.8,-4.51,11.05,0.66,9.33,6.6,17.85,,,10.91,7.44,6.52,,3,,,6.04,4,1.5,2,-7.7,7.46,6,5.06,-26.62,,7,3,8,,3.5,4.5,12.7,9.34,-0.88,,,,4.55,30,23,5,-7,53
UAB,Rice,17.5,8.66,9.82,28.28,45.97,9.23,21.57,3.9,21,18,18,21.87,15.5,12.54,19.7,18.39,16.72,17.31,23.52,9.17,18.95,19.05,27.53,22.4,11.88,,,14.71,9.14,18,,10,,,7.89,25,18,18,43.4,16.12,12,10.25,17.67,,21,9,18,,17.5,17.6,26.2,20.3,24.13,,,,7.63,26,45,5,19,71
UCLA,Washington,21.5,28.87,25.21,26.39,34.07,22,24.23,32.78,25,22.5,30,29.24,24,24.51,26.99,23.98,21.27,25.73,21.47,25.32,28.75,21.36,42.55,23.3,21.84,,,21.67,34.04,24.23,,8,,,37.26,22,23.5,23,32.7,29.14,21,17.16,12.51,,24,17,23,,22,24.8,30.9,13.85,52.82,,,,7.50,17,21,5,4,38
Vanderbilt,Middle Tenn.,15.5,29.28,26.64,13.07,23.97,18.03,19.14,43.26,27,13.5,19,26.02,17,18.29,34.68,18,33.87,23.74,26.08,24.55,23.25,16.21,40.9,22.4,31.07,,,22.18,34.65,22,,10,,,36.98,21,16.5,21,45.5,28.16,2,10.74,49.8,,22,6,16,,16.5,19.6,17.4,18.46,68.45,,,,11.52,17,15,5,-2,32
Wake Forest,Clemson,-6.5,-13.9,-11.08,-4.41,-9.33,-13.29,-13.18,-13.04,-15,-10,-8,-12.05,-7,-14.74,-11.53,-7.94,-14.68,-12.62,-12.47,-24.25,-15.25,-6.96,-29.84,-12.4,-12.29,,,-6.72,-14.31,-12.29,,-10,,,-14.08,-8,-6,-13,-78.3,-16.64,-6,-3.83,-0.8,,-2,-24,-8,,-7.5,-15.1,-11.6,-11.11,-30.14,,,,6.23,27,31,5,4,58
West Va.,Virginia Tech,-10,-10.79,-11,-4.62,-7.73,-17.87,-20.97,-0.27,-17,-16,-6,-12.8,-4.5,-19.61,-7.78,-14.28,-20.81,-13.68,-10.45,-35.71,-29.65,-6.1,-9.49,-17.5,-4.2,,,-11.3,-8.49,-11.3,,-14,,,-8.72,-15,-11,-15,-37.6,-6.64,-21,-6.05,-34.04,,-3,-28,-10,,-10,-21.5,-24.7,-9.88,-21.3,,,,8.02,34,17,5,-17,51
Western Mich.,Buffalo,10.5,22.33,17.23,10.82,18.77,14.63,10.01,23.98,19,4,17,21.8,21,21.09,19.67,13.37,20.82,15.98,12.48,15.91,10.65,11.43,16.92,11.2,6.87,,,26.14,24.08,14.7,,17,,,28.05,14,10,14,15.5,11.82,-3,10.62,43.35,,17,13,12,,11,7.2,14.7,12.44,39.35,,,,7.11,21,31,5,10,52
Wisconsin,Indiana,17.5,21.52,11.3,16.66,15.08,22.65,20.11,22.82,13,32,24,19.75,21,20.48,17.86,22,19.61,20.18,13.57,24.77,28.95,14,28.8,19.9,33.37,,,24.53,9.03,20,,19,,,7.02,20,18.5,23,10.1,17.38,20,16.17,35.24,,15,27,22,,18,19.8,19.4,30.4,17.47,,,,5.54,24,41,5,17,65
Wyoming,UNLV,16.5,28.2,25.41,17.02,20.72,23.78,25.41,32.84,28,18,24,25.83,17,24.39,34.19,19.22,23.86,25.08,23.2,19.11,24.15,17.9,40.4,25,19.43,,,33.29,32.86,24.39,,4,,,40.57,21,17,27,35.2,28.82,21,11.85,44.45,,18,32,16,,17.5,28,27.2,26.7,51.52,,,,8.13,17,42,5,25,59
Arizona St.,Oregon,8.5,8.07,3.93,8.13,6.58,6.89,11.29,2.21,2,17.5,12,4.3,6.5,12.19,-1.16,10.81,9.47,6.87,3.77,8.24,12.75,3,4.61,9.4,10.83,,,0.25,3.7,7,,7,1.84,,6.3,8,8.5,7,15,3.2,15,9.38,-27.78,,7,8,10,-3.5,8.5,8.6,4.7,5.98,-1.94,,,,4.52,31,17,6,-14,48
Arkansas,Louisiana-Monroe,25.5,19.54,14.56,11.46,5.69,17.5,22.11,-2.57,15,17.5,17,16.63,17,26.42,10.53,25.05,15.67,16.84,11.87,20.9,21.55,13.86,22.01,16.5,23.78,,,16.35,8.86,17,,19,7.2,,11.75,21,24,20,-51,11.87,17,18.02,62.48,,15,28,25,18,24.5,19.4,19.4,27.01,8.65,,,,6.23,15,44,6,29,59
Army,Central Mich.,-2,-8.09,-13.71,-6.59,-14.91,-11.85,-3.38,-21.96,-12,9,-8,-11.41,-9,-9.35,-5.52,-2.06,2.2,-7.66,-5.36,-13.46,3.35,-6.27,-15.38,-2.6,-7.73,,,-7.43,-17.51,-7.73,,4,-13.96,,-22.99,-2,0,-3,-166.2,-10.66,-5,1.23,-24.89,,-2,-8,-1,-16.5,-2.5,-8.1,-5.7,4.65,-29.78,,,,7.59,14,10,6,-4,24
Boston College,Virginia,7,10.5,12.07,5.55,11.79,12.68,9.29,18.2,12,15,12,20.91,8,10.06,12.23,5.89,13.82,10.54,16.13,14.99,9.25,5.23,16.51,9.4,10.84,,,13.35,9.28,10.06,,4,8.23,,8.81,6,5.5,10,151.9,10.77,5,1.48,7.62,,9,2,3,7,7.5,8.3,7.1,20.09,21.75,,,,4.95,17,28,6,11,45
Bowling Green,Ohio,23,14.29,6.84,15.32,12.58,4.34,18.22,1.45,9,15,20,9.25,21,18.04,3.6,23.38,18.77,13.25,8.36,5.89,19.25,12.92,16.16,24.5,23.26,,,5.01,2.85,15,,20,1.84,,1.18,24,23,20,-138.1,8.16,20,14.32,18.56,,17,16,21,7,22,16.7,10.2,24.5,-3.03,,,,7.41,14,38,6,24,52
Buffalo,Akron,-10.5,-10.26,-14.69,-7.21,-9.75,-13.13,-10.9,-19.25,-12,-17,-12,-7.19,-16.5,-12.57,-5.43,-9.88,-11.28,-12.08,-10.21,-17.3,-10.35,-9.41,-18.21,-10,-6.45,,,-15.72,-19.12,-10.9,,-19,-16.17,,-23.89,-6,-12.5,-11,-174.2,-10.28,-2,-10.62,-23.77,,-9,-17,-10,-19,-10.5,-5,0.3,-5.28,-30.53,,,,5.71,13,7,6,-6,20
Central Florida,Memphis,-3,-0.32,-1.73,-8.02,-2.63,-2.6,-10.32,9.47,6,-22,2,-7.88,-3,-5.55,-9.45,-4.42,-0.33,-3.52,1.12,-5.27,-12.35,-1.72,1.78,-11.5,-15.69,,,0.21,4.17,-4.42,,-5,9.41,,10.38,-8,-4,-9,18.8,1.1,-6,-4.57,7.46,,1,-13,-7,0.5,-3,-9.5,-6.3,-6.63,4.24,,,,6.59,17,38,6,21,55
Colorado,Texas A&M,3.5,10.99,15.2,4.21,9.62,8.65,6.24,20.38,7,-5,13,12.52,8.5,6.18,11.39,4.42,4.82,7.87,6.06,4.18,5.05,3.14,13.57,3.5,10.51,,,13.68,12.37,8.22,,-4,11.03,,15.66,3,3,2,-35.8,8.22,9,2.1,-24.1,,6,-7,5,1,4,15,6.1,13.35,14.64,,,,5.76,20,41,6,21,61
Colorado St.,Utah,4,2.2,6.45,-8.64,0.95,11.11,-2.24,8.76,5,-9.5,8,5.89,-0.5,1.2,6.41,-2.47,3.23,1.78,9.5,5.71,-1.05,1.05,1.55,4.6,-13.36,,,7.14,5.11,2.2,,-5,5.37,,7.72,-6,4,2,3,2.69,3,-5.06,16.29,,6,5,-5,4.5,4,0.01,-2.7,1.32,8.73,,,,5.56,17,21,6,4,38
Connecticut,Syracuse,6,3.87,7.46,10.93,13.14,7.11,8.84,13.16,20,9.5,13,14.13,9.5,6.95,15.65,11.06,10.88,10.87,15.86,8.8,12.45,3.25,14.12,5.8,13.06,,,12.88,10.42,11,,7,13.89,,12.63,11,5.5,8,6.9,13.54,7,5.06,-3.89,,12,3,7,13,6.5,12.1,10,13.25,22.57,,,,4.18,7,26,6,19,33
East Carolina,Rice,5,1.53,5.78,12.91,31.81,1.82,9.08,-10.58,4,7,5,5.81,3.5,3.16,2.23,2.87,6.58,5.42,8.58,8.9,8.65,7.58,2.57,5.1,2.6,,,0.23,5.47,5.47,,4,6.98,,-0.68,8,5.5,6,1.8,3.28,5,3.83,18.86,,10,-12,4,-5.5,5,11,10.4,8.28,6.25,,,,6.58,28,41,6,13,69
Florida,Mississippi St.,28,22.3,24.68,25.85,28.23,24.12,17.65,26.73,23,22,18,21.76,21,25.28,24.02,25.48,17.76,23.12,19.21,23.31,18.15,17.36,34.9,23,19.19,,,21.31,27.31,23,,14,25.21,,27.02,19,26,21,35.6,25.47,17,18.02,39.98,,23,30,23,28,27,16.4,27.2,28.66,37.91,,,,4.97,9,35,6,26,44
Florida St.,Wake Forest,20,27.47,27.56,23.37,28.33,25.89,23.59,37.83,30,25.5,27,27.06,25.5,27.45,28.51,25.66,26.59,27.51,31.67,30.95,28.65,21.84,42.4,21.2,26.29,,,29.18,31.07,27,,14,26.38,,28.77,28,19.5,25,41.6,28.41,13,18.77,66.9,,22,35,26,40,21.5,25.4,22.4,26.52,53.75,,,,7.06,24,41,6,17,65
Georgia Tech,NC St.,4.5,12.72,13.11,6,9.53,5.71,9.07,25,13,14,15,14.11,12.5,0.65,19.92,4.36,-4.02,11.95,12.18,-6.73,3.25,9.9,20.48,4.3,22.46,,,22.9,21.36,9.9,,9,26.68,,30.52,4,4,9,179.8,17.07,9,5.19,14.96,,9,14,7,28,5.5,9.6,4.3,8.74,26.45,,,,8.19,17,14,6,-3,31
Indiana,Illinois,6,8.88,14.99,12.55,20.56,9.37,7.63,22.11,23,7.5,14,6.46,9.5,11.57,7.32,11.21,7.86,11.51,18.17,12.13,12.05,11.76,17.18,9.9,3.19,,,14.48,18.44,11,,-4,17.64,,23.18,9,4.5,3,24.8,15.77,3,3.58,23.08,,11,7,8,17.5,7,7.9,9.5,8.39,24.2,,,,6.03,13,36,6,23,49
Iowa St.,Baylor,9.5,15.65,11.51,12.65,8.38,14.05,14.96,11.43,5,10,9,5.37,10,15.12,9.55,13.63,12.76,11.21,2.8,13.18,13.05,9,20.33,11.8,19.41,,,9.71,11.74,11.43,,9,8.53,,10.53,14,10,12,31.6,12.01,7,9.63,6.55,,9,15,15,9,9.5,10.3,6.9,-1.09,20.99,,,,4.36,23,13,6,-10,36
Kansas St.,Kansas,6.5,3.47,-2.01,3.46,1.95,-8.13,-2.88,-7.43,1,-3.5,7,-1.57,12,-1.48,-0.73,5.18,-5.16,0.47,-4.56,-15.5,-0.65,2.25,0.68,-0.2,6.71,,,-0.49,0.01,1,,8,7.2,,6.83,3,7,1,28,0.22,3,8.4,-25.02,,9,-13,8,4,6,-7.9,2.2,9.55,-17.02,,,,6.63,3,12,6,9,15
Louisiana Tech,Hawaii,4.5,-2.97,1.44,2.3,1.57,-5.19,-1.78,10.27,-7,-4.5,7,5.98,2,-3.96,7.93,2.17,-1.25,-1.09,-5.83,-13.79,-1.75,-0.56,-3.64,0.3,-5.39,,,-3.62,1.77,-0.56,,-15,5.07,,5.08,-1,4,0.01,4.2,0.11,1,-0.86,-20.57,,6,-11,0.01,1.5,3.5,-2.8,0.7,-13.85,2.93,,,,5.67,14,46,6,32,60
Louisiana-Lafaye,Florida Atlantic,5.5,9.64,9.33,3.16,11.45,8.21,-8.52,15.27,12,-7,13,14.41,6,9.52,15.49,0.35,7.73,7.82,6.35,6.64,6.45,3.36,7.25,6,8.02,,,18.68,9.96,7.73,,2,11.61,,12.29,3,6,12,82.4,6.48,3,3.46,-12.07,,6,5,-4,15.5,5.5,6.8,19.1,9.3,22.15,,,,6.45,28,10,6,-18,38
Louisiana-Lafaye,Florida Atlantic,,9.64,9.33,3.16,11.45,8.21,-8.52,15.27,12,-7,13,14.41,6,9.52,15.49,0.35,7.73,7.82,6.35,6.64,6.45,3.36,7.25,6,8.02,,,18.68,9.96,7.73,,2,11.61,,12.29,3,,12,82.4,6.48,3,3.46,-12.07,,6,5,-4,15.5,,6.8,19.1,9.3,22.15,,,,6.45,28,10,6,-18,38
Louisville,North Carolina,12,3.35,3.81,17.84,12.54,1.42,10.76,2.97,5,0.01,9,5.45,13.5,4.23,7.03,13.74,5.24,6.12,-3.85,-4.54,4.65,3.14,1.78,7.6,4.82,,,-1.16,2.05,4.64,,20,2.79,,1.95,15,12.5,4,3,4.64,12,9.51,16.54,,14,1,14,4.5,11.5,0.2,-0.3,14.39,2.56,,,,5.93,14,69,6,55,83
Miami (Fla.),Duke,35,38.05,42.67,34.34,40.83,38.16,36.76,55.04,40,31,28,40.71,29,36.76,44.22,34.42,35.77,38.46,37.57,44.26,41.45,28.39,58.86,36,35.49,,,39.58,45.8,38.05,,24,38.36,,48,30,35,36,219.7,39.52,31,23.33,66.29,,29,41,35,53,35,35.6,40.6,38.08,73.36,,,,9.33,7,52,6,45,59
Michigan,Minnesota,7.5,8.36,3.53,7.22,6.63,6.48,5.93,2.68,13,3,8,15,8.5,14.58,9.47,8.9,15.98,8.23,9.96,9.86,11.75,7.32,6.69,11.2,9.02,,,13.19,0.56,8,,3,-1.03,,1.11,11,8,11,3,4,6,2.22,17.6,,6,13,7,8,7.5,11.2,11.3,25.12,4.41,,,,4.83,23,20,6,-3,43
Navy,Air Force,1.5,-4.7,-7.13,6.1,3.06,-3.18,6.17,-15.52,-1,4.5,1,-2.95,1.5,-4.91,-0.21,3.27,4.86,-0.88,0.96,-7.94,4.35,2.96,-10.16,2.7,17.96,,,1.49,-7.4,0.12,,-2,-5.58,,-8.67,8,1,1,-67,-2.43,-3,0.12,-27.91,,4,-16,5,0,1.5,3.6,4,-0.44,-14.95,,,,6.67,24,27,6,3,51
Nebraska,Texas Tech,-4,2.42,3.32,2.14,5.58,-4.57,-9.69,-1.17,3,-13.5,6,-1.95,2.5,-6.52,4.94,-3.48,-4.09,-2.62,-8.89,-15.06,-14.35,1.62,-1.05,-5.7,0.81,,,7.14,7.27,-1.95,,-16,11.25,,11.24,-11,-3,-6,53,1.12,-10,-4.44,-53.58,,1,-9,-5,3,-4,-16.6,2.9,-10.38,-3.72,,,,7.16,34,31,6,-3,65
Nevada,Idaho,10,9.41,11.05,8.99,7.61,17.77,6.23,15.93,6,-5,14,8.88,14.5,6.8,11.96,9.22,5.9,9.93,3.44,0.82,14.65,5.23,10.34,10.1,5.56,,,13.74,14.81,9.22,,16,17.71,,20.47,8,10,9,50.6,10.06,10,7.41,-18.99,,12,7,8,17,10,4.5,5.7,11.02,22.64,,,,5.16,14,62,6,48,76
New Mexico,BYU,7.5,5.68,11.12,11.8,11.38,1.6,2.57,17.8,13,5,13,10.11,14,0.11,17.02,5.99,0.01,8.43,6.29,-2.8,1.15,3.36,12.23,8.2,12.84,,,11.42,14.65,8.7,,2,17.49,,16.13,2,7,5,127,12.31,12,5.93,10.41,,10,4,7,16.5,7.5,3.4,8.7,5.21,18.37,,,,5.63,27,24,6,-3,51
New Mexico St.,Fresno St.,-26,-19.82,-25.47,-20.99,-33.02,-23.82,-33.68,-11.68,-34,-16.5,-20,-28.44,-17.5,-25.03,-18.27,-23.54,-28.95,-25,-33.5,-41.55,-30.65,-22.81,-38.95,-28.8,-18.16,,,-12.87,-24.87,-23.54,,-23,-19.55,,-20.01,-31,-26,-28,-11.4,-25.33,-21,-11.73,19.44,,-19,-35,-23,-37,-26,-33.5,-18.4,-12.97,-49.59,,,,8.57,37,7,6,-30,44
North Texas,Troy St.,1.5,-0.99,-2.95,3.19,4.75,-2,0.48,2.81,-2,0.01,5,-3.56,6.5,-6.27,-3.19,-6.07,-8.3,-0.19,6.34,-21.88,-10.25,4.48,4.34,-0.5,-0.51,,,6.79,4.62,0,,7,8.01,,10.05,-2,3.5,0.01,35,3.84,5,3.09,-28.58,,3,-13,-1,,1.5,2.9,-0.01,-6.41,-9.22,,,,6.27,13,10,6,-3,23
Northern Ill.,Miami (Ohio),3,-2.49,-7.91,0.95,-2.77,-5.71,-4.55,-6.73,1,9.5,1,3.79,1,-1.62,1.63,1.46,-2.43,-1.89,0.13,-5.53,-0.85,-2.84,-11.81,2.8,7.98,,,-4.9,-11.19,-1,,4,-10.14,,-11.1,3,3,0.01,-159.4,-7.45,-4,1.85,-9.44,,3,-1,1,,2,-4.1,-0.2,9.37,-15.13,,,,5.51,27,38,6,11,65
Northwestern,Wisconsin,-7,-12.72,-11.54,-9.35,-17.48,-8.39,-8.79,-16.75,-12,-19,-12,-10.25,-14,-12.15,-9.39,-8.89,-12.9,-12.19,-13.3,-14.8,-16.05,-8,-21.28,-14.2,-9.55,,,-16.2,-16.47,-12,,7,-14.55,,-14.46,-12,-6,-10,-28.8,-13.08,-5,-6.17,-12.01,,-5,-20,-9,-18.5,-8,-11.1,-13.3,-8.41,-29.16,,,,5.68,48,51,6,3,99
Oklahoma St.,Missouri,-5.5,4.07,4.11,8.06,7.46,-4.77,0.98,9.38,-1,4,6,5.85,10,2.55,8.15,0.96,-8.96,3.3,6.01,-9.54,-2.65,6.93,8.81,-3,7.68,,,8.68,4.19,4.81,,1,7.06,,7.5,7,-4.5,-1,-17,4.91,1,4.81,-10.98,,2,-5,6,1,-4.5,-3.3,8.8,-6.51,7.51,,,,5.25,38,31,6,-7,69
Penn St.,Ohio St.,-3,0.56,10.21,-0.86,3.97,-0.42,-4.91,20.21,11,-5.5,8,14.79,1.5,-5.11,16.15,0.39,1.44,3.54,8.01,-2.26,-4.35,-0.49,2.21,-3.9,3.08,,,9.9,13.52,1.5,,4,13.52,,21.5,-3,-3,-4,13,5.02,-2,-2.84,19.28,,6,-16,-2,18,-2.5,-1.3,2.9,-2.54,17.75,,,,7.95,10,17,6,7,27
Pittsburgh,Cincinnati,13,6.76,2.75,8.86,8.42,11.14,7.65,-7.73,3,8,6,14.98,4.5,13.41,3.15,8.65,28.05,6.99,6.85,14.93,19.05,3.96,-5.33,14.7,6.21,,,0.32,-6.07,6.85,,2,-6.61,,-14.1,15,13,17,-28.8,-1.16,11,6.42,8.81,,8,5,8,-3,12.5,15.6,20.3,19.35,-0.6,,,,8.02,20,38,6,18,58
Purdue,Iowa,4.5,2.78,2.84,1.53,1.95,1.98,2.53,7.36,8,6,6,4.84,4,1.99,6.06,5.72,-0.97,4.09,13.03,0.51,4.35,6.27,4.02,0.5,1.36,,,1.68,5.08,4.02,,2,3.09,,9.11,-2,6,-1,4.8,4.79,10,6.3,9.67,,5,5,3,8,4.5,5.3,0.3,9.97,-0.16,,,,3.25,34,17,6,-17,51
Rutgers,West Va.,-3.5,-8.95,-6.93,-5.39,0.98,0.92,-6.62,-7.78,1,-9.5,-2,-4.54,-8,-6.3,-10.14,-6.56,-1.44,-6.13,-6.04,-4.35,-3.45,-4.48,-20.73,-3,-8.17,,,-4.61,-8.99,-6.56,,-8,-9.41,,-13.63,-6,-3,-1,-12.2,-10.17,3,-7.28,-12.75,,2,-16,-8,-15,-3.5,-0.8,0.6,-12.7,-9.69,,,,5.07,27,14,6,-13,41
South Carolina,Kentucky,12.5,9.49,9.38,15.16,14.25,8.27,10.33,11.48,7,10.5,16,12.47,15,6.61,11.02,11.12,11,12.19,12.14,7.69,10.85,12.58,18.68,10.1,16.08,,,12.23,14.53,11.85,,3,15.36,,14.64,9,12.5,10,139.7,14.09,8,11.85,-8.23,,11,16,14,13.5,12.5,7,21.3,21.88,14.48,,,,3.87,16,44,6,28,60
Southern Miss.,Tulsa,12,15.28,17.94,13.49,17.88,6.03,11.79,20.61,24,5.5,14,17.8,13.5,19.38,14.58,12.08,19.73,14.5,19.17,18.12,-1.25,12.32,26.65,11.8,7.61,,,15.25,15.52,14,,3,11.76,,12.82,17,12,13,3.7,17.16,5,7.16,50.28,,14,32,14,23.5,12,15.1,9.7,6.57,30.3,,,,6.97,34,17,6,-17,51
Temple,Maryland,-27.5,-18.13,-22.54,-18.23,-27.4,-20.96,-19.99,-16.15,-19,-29,-21,-21.29,-19.5,-18.04,-18.28,-23.42,-30.61,-23.31,-19.59,-36.13,-31.95,-18.86,-33.84,-28.2,-23.67,,,-16.97,-26.08,-21.7,,-15,-23.66,,-16.87,-22,-25.5,-26,-167.6,-21.7,-18,-11.36,-39.73,,-20,-37,-23,-24.5,-27,-22.1,-28.2,-30.4,-43.25,,,,6.59,38,7,6,-31,45
Tennessee,Georgia,3,3.32,1.92,-2.21,-5.64,1.74,0.2,8.17,5,6,1,10.16,-1,3.92,7.12,-1.66,-0.97,0.99,7.73,-2.94,2.85,1.05,1.7,6.5,-1.74,,,-1.42,-1.13,1,,-6,-0.01,,3.6,3,3,7,11.8,1.43,-1,-1.73,31.54,,1,-2,-1,3.5,3,3.8,-11.6,-0.93,-0.01,,,,4.25,27,14,6,-13,41
Texas,Oklahoma,13.5,12.66,12.89,7.4,19.55,16.95,10.19,16.98,24,17,17,14.26,11.5,13.61,19.34,9.26,13.56,15.37,19.25,27.04,14.5,12.54,19.21,16.4,14.74,,,15.13,17.59,14.9,,10,16.09,,14.9,8,13.5,13,36.6,13.02,9,5.43,21.6,,18,19,6,17.5,13.5,17.3,15.4,23.88,34.1,,,,5.63,12,45,6,33,57
Toledo,Eastern Mich.,20.5,12.79,6.57,15.8,14.47,7.04,17.86,-7.8,9,20,15,17.08,17.5,15.72,11.19,17.66,14.54,13.17,11.72,10.82,22.65,6.93,10.98,19,22.71,,,8.53,3.27,14.54,,6,5.07,,-0.32,25,20.5,19,-161.8,8.39,15,16.79,37.05,,8,25,18,8.5,19.5,17,18.8,24.08,5.69,,,,6.85,3,30,6,27,33
Tulane,Houston,-1.5,-1.21,-6.21,5.21,5,-11.05,4.89,-4.84,4,1.5,5,-10.46,-1,-2.15,-5.72,1.91,-5.34,-1.55,4.29,-11.83,-5.35,1.61,-1.4,-1.8,1.86,,,5.45,-2.14,-1,,-15,5.44,,2.18,7,0,-4,12.4,0.01,-1,4.07,-8.98,,5,-17,2,1.5,-1.5,-3.3,-12.5,-0.21,-5.24,,,,6.14,35,14,6,-21,49
UCLA,California,2.5,6.92,4.33,-3.03,6.98,7.64,-2.19,9.23,3,-1,5,-0.87,-0.5,3.77,1.84,-4.81,4.32,2.21,-3.57,3.31,-0.01,2.24,4.38,-1.5,-1.74,,,8.34,10.52,2.87,,4,10.73,,14.12,-7,2,0.01,-1.8,2.87,4,-1.6,-36.06,,5,-3,-3,7,2.5,-4.4,2.2,-5.8,3.83,,,,4.59,40,47,6,7,87
UNLV,San Diego St.,-8,-7.87,-11.08,-5.58,-8.69,-15.46,-15.39,-7.8,-4,-5,-5,-10.11,-1.5,-8.47,-10.72,-5.67,-15.27,-10.17,-8.89,-22.73,-15.75,-6.93,-15.42,-15.1,-2.82,,,-3.49,-12.82,-9.48,,-10,-9.48,,-15.4,-6,-7.5,-12,-44.6,-9.14,-10,-0.99,-8.14,,-4,-18,-4,-9.5,-8,-17.4,-11.6,-20.05,-22,,,,5.55,10,13,6,3,23
USC,Arizona,37.5,36.91,41.34,43.55,49.06,40.08,-60.23,42.77,42,44,37,38.09,39,43.66,34.62,39.58,42.6,37.61,36.12,51.98,42.75,31.35,45.43,39.9,34.56,,,46.92,47.43,39,,20,40.42,,45.89,37,36.5,36,173.7,34.48,35,30.49,72.79,,33,39,39,53.5,37.5,38.2,27.4,51.62,68.73,,,,17.82,21,42,6,21,63
Utah St.,San Jose St.,5.5,4.97,0.92,5.12,6.32,-1.58,5.83,0.6,13,16.5,8,0.01,8,6.63,1.79,7.47,3.87,5.1,11.3,0.2,5.45,7.32,4.34,3.2,6.85,,,8.22,5.73,5.73,,-8,2.65,,1.45,5,6,0.01,-34.6,4.25,6,7.04,23.17,,7,10,10,4.5,5.5,6.6,7.4,5.43,-2.63,,,,4.39,17,24,6,7,41
Vanderbilt,LSU,-14.5,-15.83,-12.4,-13.89,-8.62,-14.19,-18.91,-15,-12,-18,-6,-18.82,-9,-20.84,-12.43,-17.4,-9.22,-13.77,-15.42,-23.66,-16.25,-11.59,-23.44,-18.4,-6.47,,,-5.53,-8.99,-13.89,,-11,-4.19,,-9.62,-12,-15,-19,-22.2,-11.28,-18,-7.16,-2.22,,-3,-28,-16,-13,-14.5,-20.5,-6,-20.34,-17.1,,,,5.83,34,6,6,-28,40
Virginia Tech,Marshall,35,34.66,34.39,27.59,37.12,36.03,40.99,38.4,43,45,30,38.26,26,35.82,40.75,35.85,38.86,37.68,38.51,50.79,48.35,32.09,49.2,37.1,36.33,,,40.87,38.77,37,,28,34.25,,38.79,37,33,39,53,34.35,37,20.62,81.78,,29,41,31,48,35,45.6,35.1,36.63,64.67,,,,7.75,14,41,6,27,55
Washington St.,Stanford,13,13.16,13.41,14.07,19.51,-5.54,6.24,18.64,8,4,19,19.93,19.5,14.25,18.17,6.38,10.08,13.5,1.34,13.73,-1.25,7,20.56,14,10.27,,,13.52,19.69,13.52,,17,18.08,,18.56,11,10,13,63,14.24,12,9.63,28.11,,17,11,8,19.5,13,4.5,22.7,37.62,28.59,,,,7.87,24,21,6,-3,45
Western Mich.,Ball St.,10.5,5.59,14.2,12.91,24.28,7.96,5.96,4.39,15,7,15,18.04,17,8,18.27,9.64,13.23,11.22,9.61,9.96,13.05,3.14,7.55,9.5,2.29,,,19.07,17.08,9.96,,12,18.37,,14.17,14,9.5,14,14.8,9.63,1,5.06,17.59,,11,9,7,18.5,10.5,3.6,8,6.61,26.08,,,,5.89,60,57,6,-3,117
Wyoming,TCU,6,5.58,2.37,4.8,6.58,4.87,3.84,12.47,12,4,10,2.48,2.5,7.04,7.86,7.64,4.92,6.19,11.35,7.68,4.95,3.96,6.15,3.2,-5.18,,,9.33,3.72,5,,3,1.99,,4.95,7,6,4,11.8,5.48,5,3.83,-10.38,,8,16,3,4.5,6,4.6,11.4,11.56,10.62,,,,3.83,28,14,6,-14,42
Air Force,UNLV,13.5,11.87,11.85,10.15,7.78,14.45,13.35,8.61,14,6.33,15,6.95,12,15.63,1.01,13.42,17.15,12.15,17.59,16.79,14.35,11.88,15.93,13.5,1.75,17,,9.59,9.73,12.35,,13,19.26,,10.48,12,13,13,4.54,10.17,12,10.99,13.97,,12,16,13,,13.5,12.7,14,9.15,14.2,,,,3.87,7,42,7,35,49
Arizona,Stanford,4.5,-2.72,-1.74,-3.4,-5.14,5.48,7.18,-9.5,2,7.5,2,-6.84,1,4.44,-10.25,1.45,1.1,0.28,-0.47,1.73,11.65,-2.93,-9.27,7.7,-5.08,0.56,,-1.73,-6.22,1.05,,4,5,,-4.88,9,6,6,1.31,-5.96,4,2.96,14.91,,4,2,0.01,,4,7.8,-1.8,6.96,-8.51,,,,5.62,20,16,7,-4,36
Arkansas,Auburn,-8,-7.98,-10.7,-12.19,-15.78,-11.71,-16.82,-8.27,-11,-20.83,-9,-0.62,-9,-7.72,-1.15,-12.85,-12.3,-11.59,-8.83,-20.61,-18.45,-8.97,-21.2,-16.4,-4.8,-13.72,,-12.02,-13.57,-11.39,,-13,-13.3,,-11.06,-17,-7,-10,-9.49,-13.58,-7,-6.05,-16.03,,-7,-15,-11,,-8,-9.2,-13.5,-7.14,-19.68,,,,4.93,34,17,7,-17,51
Arkansas St.,Louisiana-Lafaye,10.5,9.52,6.74,8.87,18.31,12.56,11.5,6.65,14,27.34,17,13.31,13,12.44,12.92,12.82,18.56,12.39,14.41,17.18,16.35,3,7.54,11.1,6.17,15.37,,14.5,9.26,12.5,,5,4.78,,10.62,14,10.5,10,1.8,8.12,9,8.64,65.34,,13,10,10,,10.5,12,24.2,18.62,18.16,,,,5.10,36,39,7,3,75
BYU,Colorado St.,-1,-4.92,-9.78,1.18,-4.1,-9.58,-4.45,-8.6,-7,-8.83,-2,-6.26,-2.5,-1.1,-5.01,-1.87,0.54,-5.02,-9.85,-11.11,-1.95,-3.94,-19.93,-2.5,7.71,-9.41,,-1.41,-9.83,-4.71,,-9,-13.08,,-8.75,6,-1,1,-2.37,-11.23,-9,-0.49,-6.05,,2,-5,-1,,-1.5,-4.5,-3.1,4.06,-14.74,,,,5.69,14,24,7,10,38
Ball St.,Toledo,-20,-11.33,-15.15,-15.2,-21.61,-18.58,-17.71,-3.47,-18,-19.17,-11,-8.25,-17.5,-19.37,0.01,-13.06,-16.33,-16.28,-16.97,-29.75,-21.45,-7.85,-27.62,-20.9,-16.15,-18.24,,-10.89,-15.84,-17.21,,-18,-18.59,,-12.14,-19,-19.5,-21,2.51,-17.42,-14,-10.62,-16.75,,-17,-21,-14,,-19.5,-16.4,-21.5,-17.48,-22.73,,,,5.67,34,14,7,-20,48
Baylor,Nebraska,-2.5,1.32,-1.15,-3.49,6.56,-4.9,-8.74,3.36,11,3.67,4,3.69,-2,-0.38,-2.43,-3.64,-1.74,-1.42,7.7,-7,-9.45,-4.33,-2.5,-4.5,-7.68,5.47,,-0.71,-2.03,-1.87,,-10,-11.17,,1.84,-5,-2,-2,0.46,-1.67,1,-2.35,-6.25,,3,-8,-8,,-2.5,-0.8,3.1,1.56,-3.03,,,,5.11,23,14,7,-9,37
Boise St.,San Jose St.,31,24.95,25.55,20.69,12.9,16.71,40.21,30.79,28,34.33,30,27.88,37,19.72,31.08,34.13,26.94,29.25,29.97,22.65,33.05,28.46,39.5,30.4,33.04,30.35,,33.97,30.27,30,,30,23.08,,31.26,35,31,32,19.51,27.8,28,24.07,39.87,,25,30,35,,31,32.3,21.6,34.47,38.19,,,,6.01,21,38,7,17,59
Boston College,Wake Forest,14,17.45,16.42,16.87,23.47,16.39,17.49,18.03,21,12.84,20,18.49,21,17.15,16.71,16.87,19.27,18.82,18.69,17.58,20.05,12,30.87,15.6,21.12,17.41,,23.12,20.52,17.53,,17,14.92,,21.16,17,15,17,8.09,22.58,15,13.83,18.45,,19,14,15,,15,16.9,21.9,28.97,27.82,,,,4.07,30,35,7,5,65
Buffalo,Bowling Green,-24,-21.77,-22.23,-18.08,-20.16,-17.77,-23.85,-25.82,-18,-28.67,-24,-16.38,-30.5,-18.15,-19.24,-24.49,-28.87,-22.69,-14.83,-23.52,-23.65,-18,-31.61,-28,-25.89,-17.09,,-19.05,-26.47,-22,,-41,-18.89,,-27.86,-25,-24,-25,-16.09,-20.11,-18,-17.9,-27.26,,-17,-20,-25,,-24,-19.5,-10,-23.96,-40.43,,,,6.21,27,7,7,-20,34
California,Oregon St.,16,7.64,8.4,16.52,19.8,15.44,8.9,1.08,24,14,19,14.5,16.5,14.8,9.41,16.16,9.66,13.57,18.27,14.38,14.95,6.93,12.45,13.2,5.32,19.7,,14.64,8.85,14.19,,5,14.7,,7.34,15,16,11,-2.37,11.83,12,12.84,-17.92,,19,17,14,,16,13.1,21.9,23.9,12.91,,,,5.03,23,20,7,-3,43
Central Mich.,Ohio,6,5.43,7.61,5.63,10.84,8.62,4.51,2.99,11,11.5,9,5.58,8,7.67,2.96,2.44,7.72,7.16,14.2,7.07,2.75,5.08,6.06,6.3,5.21,11.2,,10.68,8.43,7.29,,6,1.47,,6.41,3,6,5,0.66,7.5,2,4.2,-22.72,,10,8,2,,6,8.7,15,17.25,7.87,,,,3.68,10,37,7,27,47
Cincinnati,Connecticut,-7.5,-8.23,-9.71,-6.86,-14.37,-17.59,-16.31,-1.76,-12,-39.16,-8,-18.65,-3.5,-16.06,-10.84,-6.83,-14.46,-12.49,-17.27,-24.75,-21.15,-5,-27.04,-17.1,-9.51,-12.07,,-8,-9.88,-11.42,,3,-1.32,,-8.94,-8,-8,-18,7.43,-14,-13,-5.93,-61.02,,-6,-20,-5,,-7.5,-21.5,-19.7,-8.37,-13.86,,,,7.94,17,28,7,11,45
Duke,Georgia Tech,-21,-22.21,-22.27,-16.37,-24.31,-20.66,-21.4,-25.24,-20,-21,-13,-17.59,-15.5,-19.26,-21.38,-19.22,-15.02,-21.18,-20.08,-28.61,-22.45,-16.81,-44.23,-20.7,-21.42,-21.06,,-9.83,-25.3,-20.83,,-15,-30.28,,-21.35,-12,-18,-21,-23.49,-26.36,-18,-10.37,-38.42,,-15,-24,-15,,-21,-17.9,-19.2,-38.93,-38.49,,,,7.23,35,10,7,-25,45
Florida Atlantic,Middle Tenn.,-5,1.03,-2.62,3.24,-4.44,2.82,3.06,-0.18,1,-9.83,1,2.14,2,2.2,-5.24,-3.63,3.99,-0.82,3.19,-1.05,-3.35,-3.81,-0.75,-5.1,0.91,2.35,,1.76,-4.34,-0.9,,-4,-6.83,,-1.18,2,-5.5,-6,-4.63,-2.02,-6,1.36,-30.7,,-2,-7,5,,-4.5,-1.7,-3.1,9.57,-2.29,,,,3.97,35,14,7,-21,49
Florida Intl.,North Texas,1,2.28,-2.17,-2.2,2.08,5.96,7.79,-1.54,5,2.16,7,-1.62,-4,6.8,-4.16,-2.92,2.57,1.08,-1.42,3.81,-1.45,-2.82,-6.42,-6.8,-3.57,1.41,,6.49,1.46,0.41,,-10,-0.59,,0.24,0.01,0.5,-5,-8.54,0.58,1,-3.58,35.04,,6,8,-3,,1,2.3,9.6,18.61,-1.67,,,,5.38,13,10,7,-3,23
Fresno St.,Utah St.,33,29.06,29.15,25.58,28.5,34.48,39.4,26.03,37,35.34,26,30.43,25,33.24,28.76,33.95,38.37,33.04,43.4,44.03,36.55,28.78,47.44,35.5,23.61,43.3,,26.73,27.6,31.7,,32,26.24,,29.25,38,33,35,15.06,31.4,30,23.83,67.54,,27,33,29,,33,41.4,38.9,37.46,47.54,,,,6.57,21,53,7,32,74
Hawaii,New Mexico St.,20,10.61,8.99,12.43,17.49,8.46,16.27,9.34,14,12.84,18,10.93,19.5,11.9,8.43,14.96,6.32,13.13,18.09,7.19,10.75,9.98,15.95,12.2,20.35,8.4,,16,9.52,12.22,,19,15.21,,11.05,12,18.5,14,6.09,9.52,10,11.48,13.58,,17,16,14,,19,11.8,8.1,22.92,16.42,,,,4.04,28,49,7,21,77
Houston,Memphis,10,8.52,12.11,-0.1,4.5,10.34,7.56,11.28,20,13.16,14,8.52,8,6.04,6.65,6.3,9.49,10.55,19.04,10.44,8.45,10.45,17.54,10.3,3.98,18.84,,14.83,12.39,10.39,,3,7.57,,14.14,5,8.5,13,5.63,15.09,5,4.57,14.78,,12,15,4,,10,13.7,5.8,24.72,16.98,,,,5.38,35,20,7,-15,55
Iowa,Indiana,15,1.96,2.21,16.26,5.82,9.57,17.12,-2.88,7,5.67,11,5.16,13,7.12,4.31,17.95,16.19,9.67,3.33,9,16.65,8.97,5.99,14.6,21.21,4.02,,9.95,-1.66,9.29,,16,-2.72,,-4.31,21,15,20,1.77,4.23,15,14.2,32.95,,12,9,18,,15,16.7,16.1,14.18,2.41,,,,6.69,21,38,7,17,59
Kansas,Oklahoma,-6,2.62,0.01,-2.15,11.62,0.53,-2.17,0.62,2,-2,3,-5,-5.5,4.34,-5.15,-5.23,0.01,-1.8,-2.26,-1.88,-0.55,-4.43,-8.28,-2.8,-0.96,-1.28,,0.65,-0.56,-1.85,,-15,2.13,,2.3,-3,-4,-6,-0.43,-1.82,-12,-4.81,29.05,,4,-5,-8,,-5.5,-0.5,4.6,-4.74,-2.37,,,,4.68,19,3,7,-16,22
LSU,Florida,6,6.12,3.07,6.62,3.47,4.83,9.85,0.51,9,13.5,6,0.18,4.5,10.94,-0.94,8.96,9.55,5.96,7.01,4.35,8.85,2.98,2.86,6.5,7.36,8.34,,10.24,0.91,6.4,,1,0.81,,-1.03,11,5,9,-2.71,3.01,9,6.17,23.42,,8,6,8,,6,14.1,6.9,8.09,-0.68,,,,3.81,17,21,7,4,38
Louisiana-Monroe,Troy St.,-1.5,0.68,-1.49,-2.61,2.96,2.3,1.86,-1.43,10,14.16,4,-4.9,-1,2.47,-2.91,-3.37,-8.25,0.8,9,-2.94,1.75,3.25,-5.83,-0.5,-4.24,10,,7.38,0.01,0.37,,-14,9.85,,1.12,-2,-2,-4,-3.54,1.05,3,-2.35,10.37,,3,0.01,-3,,-1.5,5.1,0.01,7.3,-4.09,,,,5.53,3,27,7,24,30
Marshall,UAB,-3,4.39,6.53,-0.64,-5.03,5.33,-2.21,4.57,1,-9.33,1,3.23,3,4.21,2.19,-0.01,11.35,1.5,-5.08,6.66,1.75,-3.12,4.48,-3.6,2.51,-0.01,,8.21,3.74,2.1,,3,-8.6,,2.96,2,-5.5,-3,5.46,0.84,-8,2.47,-28.3,,-1,-3,2,,-2,0.5,3.6,10.82,6.63,,,,4.77,19,20,7,1,39
Miami (Ohio),Akron,13,6.3,1.88,9.94,8.15,11.74,15.88,-1.38,12,16.5,11,2.88,10.5,14.82,3.3,15.55,14.58,9.69,11.64,12.24,12.65,10.45,4.75,13.1,9.49,11.16,,2.37,0.74,11.08,,13,7.86,,-2.16,18,14,14,0.86,4.25,13,11.98,52.76,,10,12,15,,13,16.7,13.8,7.71,3.26,,,,4.92,23,51,7,28,74
Michigan,Penn St.,3.5,-8.53,-10.55,4.17,-7.64,-2.71,-0.62,-18.86,-1,0.01,-5,-5.45,-3,0.29,-7.35,7.13,2.75,-3.46,-1.35,-3.5,3.75,-1.27,-9.96,2.7,-1.77,-1.77,,-6.23,-16.9,-1.77,,-7,-8.82,,-19.46,7,3.5,1,-14.37,-6.15,4,3.33,-1.57,,1,-1,7,,3,-5.6,2.2,2.27,-22.71,,,,6.76,25,27,7,2,52
Minnesota,Wisconsin,,5.19,6.22,5.29,5.7,6.86,5.46,6.33,7,1.5,11,16.03,7,4.26,11.29,7.35,8.84,6.49,7.23,5.54,1.75,3.66,8.23,2.8,0.15,7.82,,12.99,5.07,6,,3,-3.6,,6.63,2,,8,-5.8,4.58,6,4.2,26.48,,6,2,6,,,5.4,8,25.35,8.43,,,,4.64,38,34,7,-4,72
Mississippi,Alabama,-13,-16.15,-21.74,-11.85,-21.65,-20.06,-16.14,-21.48,-15,-18.33,-11,-21.02,-11.5,-13.98,-24.87,-12.94,-12.68,-17.73,-21.12,-27.53,-18.05,-9.9,-32.61,-17.5,-5.85,-14.8,,-10.8,-28.52,-16.15,,-13,-25.43,,-27.35,-8,-13.5,-14,-30.83,-23.16,-16,-8.15,-33.33,,-11,-25,-9,,-13,-16.8,-16.9,-16.08,-39.87,,,,7.15,13,10,7,-3,23
Missouri,Iowa St.,6,4.96,5.74,5.2,1.3,6.19,4.3,6.35,1,0.67,8,4.93,7,3.53,2.85,5.99,9.58,4.53,-3.06,3.49,7.95,-0.8,1.66,5.9,7.19,0.01,,8.7,6.41,4.62,,3,-5,,3.95,2,5.5,4,-3.46,2.74,6,6.42,-10.54,,9,5,8,,6,2.3,3.5,17.63,3.51,,,,3.83,24,27,7,3,51
NC St.,Clemson,4.5,9.51,8.34,8.95,12.93,9.59,5.84,5.31,10,7.5,7,5.7,4.5,15.02,7.06,5.37,11.96,6.89,12.03,9.83,7.45,4,8.81,5.7,3.32,6.2,,11.14,5.63,7.03,,4,-4.63,,6.96,8,4,10,12.51,5.73,1,5.19,14.37,,9,0.01,5,,4.5,8,5.7,-1.71,10.21,,,,3.88,31,10,7,-21,41
Navy,Kent,13,14.32,17.74,13.09,14.37,16.2,14.37,17.24,12,21.33,17,13.99,16.5,11.82,14.78,12.67,18.13,15.7,15.35,17.88,21.05,17.74,23.28,17.6,24.85,13.95,,16,21.24,15.67,,5,8.38,,17.07,9,13,13,9.34,16.36,3,10.37,13.64,,15,16,15,,13,13.3,21,21.35,27.44,,,,4.89,31,34,7,3,65
Nevada,Louisiana Tech,1,-5,-3.1,0.69,-0.35,8.33,-8,-6.6,2,-12,2,-2.44,4,-3.44,-0.15,0.83,3.88,-1.24,-3.32,-4.57,0.01,-1.01,-7.69,-0.7,-6.73,-4.89,,1.07,-0.01,-1,,8,3.82,,-0.99,-1,0,0.01,-0.49,-2.35,1,-1.23,6.44,,6,0.01,-2,,1,-10.2,3.4,-4.98,-2.48,,,,4.50,27,37,7,10,64
Northern Ill.,Eastern Mich.,21,8.13,7.65,14.8,10.19,12.56,19.94,0.59,13,28,14,7.33,15,16.56,3.02,21.1,19.59,12.98,11.24,15.78,22.85,10.33,13.35,19.2,18.73,15.46,,8.91,3.11,14.22,,-3,-11.68,,0.93,23,18,18,3.17,8.01,13,14.44,33.15,,16,18,21,,20,19.1,17.4,26.02,7.82,,,,7.87,8,24,7,16,32
Notre Dame,USC,-12,-12.79,-7.61,-15.46,-10.73,-7.53,-15.2,-14.61,-4,-7,-8,-16.32,-16.5,-9.93,-16.48,-14.02,-3.02,-10.68,-8.79,-13.95,-18.05,-8,-7.48,-10.5,-10.4,-9.61,,-7.25,-9.15,-9.97,,-6,-5.51,,-8.94,-15,-13.5,-12,-20.09,-2.31,-13,-11.36,-6.48,,-4,-10,-14,,-12,-8,-0.7,-23.01,-21.6,,,,5.06,34,31,7,-3,65
Ohio St.,Michigan St.,6.5,3.53,5.05,7.99,4.44,5.95,8.68,4.08,1,-3.17,9,-0.77,10.5,2.62,-2.31,7.21,10.22,5.12,1.36,3.11,0.45,6,7.5,4.3,6.26,2.71,,12.4,3.95,5.02,,3,2.57,,1.65,8,6.5,5,4.63,4,9,7.78,-20.24,,6,4,8,,6.5,6.3,9.3,7.81,4.5,,,,3.47,24,35,7,11,59
Oregon,Washington,15,27.86,27.69,24.52,29.49,19.82,20.34,37.82,29,17.83,26,29.29,27.5,17.97,29.11,16.68,22.8,25.86,25.84,24.05,23.95,22.94,47.62,22.6,25.49,30.2,,33.57,32.17,24.66,,14,26.16,,38.09,24,16,24,35.34,31.34,10,15.06,8.68,,20,18,20,,16.5,23.5,24.8,24.48,51.54,,,,7.92,21,45,7,24,66
Pittsburgh,South Florida,2,-14.77,-10.45,2.23,-11.77,-10.42,3.09,-20.57,-11,-19,-5,-19.74,-1.5,-8.96,-20.07,0.71,-0.8,-8.75,-15.49,-16.91,-0.75,-5.74,-31.86,1.3,3.66,-18.69,,-5.28,-18.29,-7.63,,-4,-17.49,,-18.11,8,2.5,1,-17.57,-16.3,-1,1.6,0.89,,1,-16,3,,1.5,-4.2,-6.3,3.23,-27.02,,,,9.72,17,31,7,14,48
Purdue,Northwestern,7.5,-4.52,-7.53,8.24,1.94,0.94,5.56,-11.81,4,-2.17,4,-8.42,7,3.1,-9.6,9.73,5.84,1.03,-1.6,-1.66,7.05,3,-9.1,6.9,-0.2,2.51,,-0.78,-9.27,2.23,,5,1.69,,-10.42,11,9,6,-14.8,-3.92,9,7.53,3.99,,7,0.01,11,,7,6.8,4.1,0.69,-10.55,,,,6.39,34,29,7,-5,63
Rice,Tulsa,-7,-12.57,-14.4,-14.09,-31.21,-14.19,-17.43,-14.2,-10,-23.5,-10,-16.61,-8.5,-11.15,-17.61,-9.4,-12.7,-14.68,-14.51,-23.65,-21.45,-7.32,-24.91,-15.5,-10.29,-14.6,,-10.65,-17.46,-14.14,,-13,-5.22,,-16.29,-10,-7,-13,-11.11,-15.28,-9,-5.19,-40.62,,-7,-12,-5,,-8,-20.5,-17,-23.21,-33.01,,,,6.56,41,21,7,-20,62
SMU,East Carolina,1.5,7.46,5.78,1.33,0.01,0.68,3.37,8.77,9,-5.33,6,10.39,5.5,6.26,8.37,1.95,4.25,4.17,8.28,-1.43,-1.45,2.02,13.69,2.7,12.41,4.56,,10.43,4.31,4.28,,1,1.18,,7.48,2,0,3,14.63,5.76,6,2.72,20.98,,3,3,0.01,,1.5,4.6,0.8,-9.6,9.37,,,,4.59,24,17,7,-7,41
Southern Miss.,Central Florida,8.5,4.5,2.52,12.2,4.25,6.02,10.7,0.01,6,10.66,8,-7.44,11,9.19,-2.29,12.53,3.24,6.26,6.23,6.87,5.95,4.95,-2.33,9.2,17.27,6.29,,7.21,2.47,6.35,,4,8.75,,-1.15,14,10,10,-2.54,3.52,10,9.38,6.97,,9,10,14,,8.5,6.4,8,-4.77,2.99,,,,5.14,31,52,7,21,83
Syracuse,Rutgers,2.5,0.12,-1.79,4.05,-1.28,3.17,7.11,-3.88,2,3.34,3,-1.11,4,4.38,0.69,7.73,4.15,2.07,4.21,3.3,4.75,2.56,-0.01,2,3.49,4.32,,1.02,-1.38,3.24,,-7,-1.62,,-4.87,8,3.5,2,-7.51,-1.6,5,6.3,16.61,,1,4,9,,2.5,4.2,5,6.49,-11.14,,,,4.00,31,9,7,-22,40
TCU,Army,23,25.27,28.29,26.45,35.92,22.67,26.46,33.38,30,25.33,30,31.84,35,18.17,32.62,26.37,25.21,28.53,18.71,19.72,26.75,22.47,44.69,26.9,38.38,22.55,,37.57,35.71,26.46,,20,37.04,,37.4,26,23.5,31,16.23,32.09,26,21.36,45,,25,25,26,,23.5,30.9,24.4,12.59,47.09,,,,7.09,17,38,7,21,55
Temple,Miami (Fla.),-41,-40.09,-39.13,-34.49,-48.21,-41.17,-38.8,-37.63,-44,-63,-31,-37.23,-34,-43.3,-38.56,-40.9,-45.7,-41.58,-43.59,-63.17,-50.65,-31.7,-58.04,-42.9,-29.29,-47.51,,-28.92,-44.73,-40.25,,-42,-34.69,,-36.57,-39,-41,-41,-29,-37.17,-35,-26.67,-35.58,,-32,-41,-37,,-41,-40.4,-46.6,-46.11,-73.35,,,,9.60,34,3,7,-31,37
Texas,Colorado,17,10.76,10.11,15.83,11.27,10.69,15.6,7.64,15,16.33,15,17.31,20.5,13.8,17.61,16.28,11.62,14.42,13.57,12.12,18.65,13.1,11.46,16.3,14.77,11.43,,17.79,10.8,14.67,,10,13.01,,10.69,20,19.5,17,5.17,7.78,15,14.57,4.25,,19,16,18,,17,17.6,11.7,23.06,14.23,,,,3.51,17,42,7,25,59
Texas A&M,Oklahoma St.,18,11.93,5.98,8.34,15.79,11.29,9.76,8.35,21,22.5,13,13.17,8,15.18,12.06,11.39,14.88,13.15,19,16.52,11.55,10.93,21.56,15.4,2.87,20.67,,14.95,8.81,12.13,,11,7.72,,9.53,11,19.5,17,11.6,13.7,11,6.05,45.22,,15,16,8,,17,12.2,22,20,16.31,,,,4.81,23,62,7,39,85
Texas Tech,Kansas St.,14.5,10.83,8.24,10,9.71,14.92,17.06,7.76,14,18.17,17,15.76,12.5,13.23,18.77,12.44,16.45,14.51,18.5,20.34,19.45,9.72,15.58,14.9,13.53,17.11,,19.3,7.99,14.96,,4,8.01,,12.12,23,12.5,15,9.89,11.85,10,9.14,33.5,,18,19,12,,14.5,20.6,22.2,16.65,20.57,,,,4.62,20,59,7,39,79
Tulane,UTEP,-7,-5.88,-7.59,-2.36,-2.45,-6.29,-3.76,-5.53,-1,-8.33,-2,-0.01,-1,-6.41,-2.93,-2.68,-3.67,-4.64,3.9,-9.49,-10.35,-2.88,-8.69,-7.3,-3.23,-3.27,,0.01,-11.47,-3.72,,-3,-2.06,,-4.29,1,-7,-4,3.94,-7.69,-4,-2.35,-12.62,,-2,-10,-3,,-7,-8.1,-12.4,-7.96,-8.47,,,,3.67,45,21,7,-24,66
Utah,San Diego St.,9.5,8.08,11.44,15.17,6.92,4.58,12.71,11.9,10,10.83,11,8.88,15.5,3.88,12.64,13.99,9.51,10.64,11.96,2.69,9.25,9.41,18.61,9.1,16.19,7.71,,10.31,10.95,11,,4,11.47,,15.08,14,9.5,11,6.97,13.89,7,11.36,5.78,,12,4,17,,9.5,9.3,6.7,11.39,13.16,,,,3.71,28,19,7,-9,47
Vanderbilt,Georgia,-16,-10.92,-14.92,-18.54,-20.98,-12.97,-19.01,-18.19,-15,-18,-13,-24.07,-18.5,-8.34,-30.34,-18.39,-19.51,-17.47,-17.4,-19.57,-16.05,-12.54,-27.77,-19,-16.76,-17.13,,-9.27,-18.69,-17.89,,-9,-9.85,,-17.78,-13,-15,-23,-26.69,-16.42,-21,-12.59,-21.38,,-9,-20,-18,,-16,-19.4,-16.6,-29.29,-27.96,,,,5.48,34,17,7,-17,51
Virginia,Florida St.,-7,-15.27,-19.75,-5.77,-12.34,-12.86,-10.3,-24.58,-8,-19.66,-11,-19.87,-12,-9.3,-22.86,-4.19,-7.68,-13.06,-18.66,-21.38,-12.15,-8.36,-23.02,-10,-8.83,-15.06,,-12.7,-19.34,-11.88,,-7,-11.76,,-19.95,-7,-4.5,-10,-20.94,-14.16,1,-4.2,-16.65,,-5,-19,-6,,-7.5,-8,-9.8,-10.68,-36.1,,,,7.09,21,26,7,5,47
Washington St.,UCLA,-5.5,-14.99,-15.43,-0.58,-7.88,-22.02,-11.31,-17.93,-14,-16.5,-9,-24.65,-8,-11.9,-30.17,-7.04,-8.23,-12.21,-12.46,-14.47,-21.95,-4.18,-28.8,-11.5,-4.81,-13.1,,-8.69,-19.29,-12.23,,-12,-16.24,,-19.09,-2,-7,-11,-10.97,-17.11,-9,-2.96,-33.81,,-1,-13,-3,,-6.5,-12.8,-2.3,4.09,-23.52,,,,7.80,44,41,7,-3,85
West Va.,Louisville,-7,-3.91,-2.96,-3.95,-5.8,-11.44,-14.96,1.73,-3,-5,5,-1.36,6,-10.02,3.28,-6.81,-12.62,-3.65,-1.01,-17.31,-13.25,-3.36,-2.64,-11.4,4.03,-7.08,,10.2,-0.17,-3.9,,-8,6.98,,4.89,-10,-7,-5,-7.31,0.6,-16,-1.73,18.55,,1,-6,-5,,-7,-5.8,5.7,-7.19,-3.88,,,,6.55,44,46,7,2,90
Wyoming,New Mexico,7,11.55,11.5,4.79,11.73,9.36,10.22,11.66,14,12,14,5.24,9.5,11.47,12.96,6.93,8.3,10.6,12.96,8.99,10.75,6.64,16.27,7.2,8.77,12.68,,16.52,11.67,11.24,,4,14.26,,12.79,9,7.5,9,8.49,13.91,8,4.69,9.94,,11,11,5,,8,11.7,14.1,9.45,15.76,,,,3.27,27,24,7,-3,51
Air Force,TCU,0,-8.9,-9.93,-3.32,-10.63,-1.73,-3.53,-16.56,-3,-4.66,-7,-7.02,-11.5,-1.52,-8.18,1.99,3.23,-6.78,-3.12,-0.49,-0.75,-3.87,-22.78,-3,-16.49,-1.67,-19.2,-9.89,-15.62,-3.94,-15.52,-4,-22.52,-18.48,-15.32,0.01,0,-5,-2.23,-16.52,-2,0.49,-4.68,1.59,-2,1,0.01,-16.5,-1,-2,-1.5,8.84,-19.2,4.53,-19.1,1.92,7.66,48,10,8,-38,58
Akron,Army,8.5,9.83,9.04,14.02,15.46,5.77,7.68,17.97,15,-7.83,19,3.87,20.5,2.01,11.87,9.89,1.4,11.19,6.68,5.67,4.65,11,17.6,2.8,16,11.36,14.2,16.96,14.32,11.62,22.88,18,11.96,16.43,21.06,10,10,7,11.4,13.19,12,10.99,27.47,10.36,12,8,12,16,8.5,4.3,7.2,-3.81,24.72,27.89,24.9,22.85,6.57,20,0,8,-20,20
Alabama,Tennessee,3.5,9,10.68,7.54,17.07,10.07,4.91,9.68,14,5,12,7.26,10.5,8.98,7.59,5.15,6.94,9.09,10.34,11.14,6.05,2.79,13.08,3.6,4.99,8.26,12.12,11.86,15,9.28,15.64,-4,10.8,15.73,16.1,7,3,3,5.86,10.62,2,6.67,6.16,9.57,11,7,5,18.5,4.5,8.5,13.8,0.57,19.13,6.36,14.9,13.23,4.78,3,6,8,3,9
Arizona,Oregon,-9.5,-26.36,-24.76,-15.81,-26.55,-16.99,-10.03,-37.75,-19,-18.5,-16,-25.29,-20.5,-15.99,-33.29,-9.95,-14.63,-21.36,-24.9,-20.5,-9.45,-13.58,-47.94,-14.7,-12.33,-18.15,-38.21,-18.36,-29.93,-18.43,-35.4,-16,-33.17,-34.33,-29.25,-7,-8,-16,-16.71,-30.36,-8,-8.64,-17.57,-16.96,-12,-15,-9,-33.5,-10.5,-15,-19,-23.14,-46.97,-33.54,-45.5,-32.62,10.32,28,21,8,-7,49
Arkansas St.,Florida Atlantic,8.5,7.99,9.17,3.4,16.93,9.83,1.25,6.37,11,12.5,18,5.25,14,9.62,7.26,2.32,12.8,9.29,7.42,15,13.25,3.36,7.03,7.5,6.18,7.91,7.21,17.23,12.77,9,12.54,3,8.79,10.93,13.22,9,7.5,9,3,9.24,6,7.16,3.93,9.55,13,9,1,17,8.5,6,11,7.13,18.11,9.48,21.7,6.09,4.41,0,3,8,3,3
Bowling Green,Western Mich.,25.5,17.96,15.93,20.73,16.27,16.77,23.02,16.51,23,29.16,26,25.92,24,19.46,27.13,27.1,22.1,21.56,20.72,23.49,24.05,17.39,30.78,27.4,31.41,20.98,14.71,18.65,17.38,20.86,18.2,19,12.57,15.28,15.72,25,24,26,7.23,22.64,29,18.89,29.46,27.46,20,22,26,18.5,25,20.7,17.4,19.5,22.74,30,23.4,23.75,4.61,45,14,8,-31,59
California,Washington St.,12.5,7.71,13.4,14.56,11.52,17.46,14.77,7.09,15,14.17,16,14.7,14.5,8.83,15.27,14.34,8.58,12.04,9.71,11.71,22.15,3.14,15.79,11.5,11.04,13.19,7.45,12.85,8.79,12.43,8.28,13,7.48,8.27,11.21,17,11.5,13,9.49,15.24,11,11.98,10.75,15.9,12,10,15,1.5,12.5,13.4,8.6,3.62,10.92,-0.42,1.9,4.6,4.03,38,42,8,4,80
Central Florida,Tulane,6,11.68,13.77,2.32,11.79,12.49,2.95,10.36,16,3.67,12,15.02,9,13.08,10.19,7.57,7.63,9.45,9.89,15.49,6.15,4.18,16.51,5.7,-4.58,13.54,13.5,10.92,14.29,10.43,10.84,5,7.4,11.22,11.49,5,6,4,4.69,11.86,1,6.05,9.72,14.68,6,7,6,11,6.5,10.5,17.7,4.46,16.38,-8.56,14.5,6.39,4.84,24,34,8,10,58
Cincinnati,Louisville,-22,-12.4,-10.68,-13.6,-16.49,-15.98,-21.36,-8.12,-10,-31.33,-9,-7.78,-9,-17.34,-3.4,-12.62,-17.12,-14.2,-9.07,-22.56,-23.45,-9.9,-23.3,-22.7,0.19,-11.91,-9.64,-3.81,-10.42,-13.28,-4.37,-30,-12.96,-7.29,-5.6,-20,-22,-18,-1.66,-14.74,-23,-10.25,12.07,-15.88,-14,-23,-15,-10,-21,-16.9,-12.4,-21.24,-19.97,26.41,5.3,2.3,6.90,46,22,8,-24,68
Clemson,Temple,36.5,31.49,28.9,30.07,42.53,32.24,30.12,28.51,37,28.67,34,44.12,31,34.63,39.46,34.5,44.11,34.33,36.62,46.54,39.65,26.13,48.54,38,27.11,36.07,25.81,24.08,32.04,33.5,30.92,20,27.46,24.61,28.2,37,36.5,35,14.91,34.32,31,24.32,49.15,46.06,31,37,33,34.5,36.5,36.5,41.9,44.89,53.59,40.19,45.9,34.91,7.27,7,37,8,30,44
Colorado,Kansas,14.5,13.71,13.54,8.44,14.35,13.4,13.04,13.21,21,25,13,19.87,14.5,14.19,18.62,12.31,14.57,15.98,20.9,18.34,12.75,11.88,27.61,16.2,15.31,20.37,12.55,15.18,16.14,14.79,16.69,13,13.19,15.02,16.86,11,13.5,14,8.09,20.77,16,10.37,9.88,24.78,12,17,12,17,14.5,16.1,18.1,23.01,19.34,12.12,9.8,9.64,4.14,13,44,8,31,57
Colorado St.,Wyoming,3,1.96,2.91,0.01,-0.01,5.77,3.19,1.53,4,1.67,5,14.48,3.5,2.43,10.56,5.47,6.58,3.52,6.71,5.65,2.75,4.18,3.14,3.5,-2.38,3.41,0.64,1.06,1.82,3.07,3.37,8,-0.15,0.63,2.37,3,3.5,6,2.31,2.38,2,4.69,8.57,5.13,3,-4,6,2,3,4.7,1.1,8.18,2.47,1.31,4.1,4.97,3.18,31,39,8,8,70
Connecticut,Rutgers,-3.5,0.32,-1.65,9.55,4.29,3.12,7.59,-3.66,6,6,7,-14.65,6.5,5.27,-3.41,9.03,1.16,3.14,2.38,5.76,7.35,-0.5,-2.4,-2.3,9.64,3.48,-4.75,1.07,0.64,3.3,1.07,4,-3.39,0.12,2.57,9,0,1,-3.69,1.62,6,8.02,19.62,7.7,3,4,9,-2,-2.5,2.1,7.8,15.68,-6.05,-0.63,0.4,-3.68,5.38,26,24,8,-2,50
Duke,Florida St.,-30,-26.98,-24.16,-24.71,-30.05,-22.45,-25.08,-29.72,-24,-30,-22,-21.53,-25,-24.7,-26.74,-25.7,-19.47,-26.79,-22.18,-31,-28.85,-19.46,-49.62,-28.7,-25.73,-24.45,-29.38,-13.81,-29.36,-26.22,-29.02,-29,-29.23,-29.26,-26.7,-24,-29.5,-28,-10.43,-32.67,-19,-17.53,-27.17,-28.18,-24,-32,-23,-34,-30,-22.9,-30.7,-33.43,-44.09,-29.62,-29.1,-9.35,6.18,55,24,8,-31,79
Eastern Mich.,Miami (Ohio),-11,-3.9,-4.63,-10.36,-8.91,-10.92,-16.81,1.73,-6,-15.67,-3,0.56,-6,-10.62,3.09,-12.68,-16.29,-8.2,-3.31,-14.67,-17.95,-5,-9.99,-11.2,-6.28,-10.42,-2.76,-2.7,-5.08,-8.74,2.96,-6,-4.63,-2.05,1.31,-16,-11,-13,2.2,-7.52,-13,-9.26,8.09,-13.82,-6,-15,-14,-4,-11,-14.6,-9.2,-14,-8.57,-1.17,4.8,5.92,5.57,24,23,8,-1,47
Georgia,Arkansas,19,23.29,24.38,22.82,33.51,16.12,17.31,33.93,26,8.33,30,25.88,28,15.96,35.16,18.44,17.87,23.99,23.54,19.39,16.35,19.2,40.44,20.6,26.94,21.22,29.02,22.27,30.7,23,36.48,10,27.77,31.02,34.22,18,18,23,19.74,30.11,20,14.81,21.96,22.06,23,18,18,35,19,17.6,28.6,20.06,36.63,22.31,35.2,43.54,7.32,20,23,8,3,43
Idaho,Fresno St.,-28,-26.85,-30.15,-20.59,-26.46,-29.8,-37.36,-25.2,-28,-34.83,-24,-17.89,-24.5,-28.7,-14.9,-29.74,-30.12,-29.22,-39.1,-39.73,-41.15,-21.97,-44.92,-37,-16.26,-32.28,-28.92,-15.3,-31.24,-28.62,-23.19,-27,-28.54,-27.49,-27.94,-36,-28.5,-32,-9.66,-31.21,-27,-20.49,-44.15,-38.54,-23,-34,-26,-38,-28,-41.6,-30.9,-19.18,-51.7,-41.21,-31.4,-15.49,8.05,40,10,8,-30,50
Illinois,Penn St.,-17,-21.14,-24.84,-18.97,-34.05,-24.57,-25.72,-20.42,-22,-31.33,-21,-17.99,-22.5,-21.89,-11.89,-16.64,-19.23,-23.33,-23.43,-32.71,-29.45,-19.06,-39.01,-21.7,-17.55,-25.42,-28.7,-15.81,-30.52,-22.41,-19.51,-11,-28.15,-27.12,-24.25,-16,-16.5,-22,-3.37,-28.72,-20,-13.09,-28.66,-30.44,-15,-25,-15,-30,-18,-27.9,-26.3,-22.31,-38.97,-28.89,-21,-5.62,6.63,63,10,8,-53,73
Indiana,Ohio St.,-15.5,-8.22,-12.1,-12.92,-11.4,-17.4,-19.06,-5.2,-6,-17,-7,-7.62,-10.5,-12.3,-3.87,-9.02,-17.31,-12.56,-12.53,-22.84,-21.75,-11.35,-16.46,-15.5,-14.82,-11.84,-10.51,-7.4,-11.67,-12.16,-1.42,-16,-8.72,-6.04,-2.79,-13,-16,-16,-0.11,-10.82,-20,-12.22,-27.07,-14.7,-7,-19,-12,-8,-15.5,-18.7,-17.4,-22.63,-16.24,-20.47,-4.8,-3.47,5.14,41,10,8,-31,51
Iowa,Michigan,2.5,-2.56,-2.71,2.74,-1.43,-3.96,1.99,-3.46,2,-8,2,4.23,1,-1.39,-3.22,3.24,2.46,-1.14,-3.19,-8.19,-2.75,-1.55,-5.25,1.1,3.36,-4.08,-5.7,-2.18,-3.76,-1.41,0.84,3,-2.47,-0.92,0.26,7,1.5,3,0.77,-0.87,-4,2.35,-2.05,-5.83,5,-4,2,-4,2,3.2,-0.6,-13.03,-4.6,-1.12,7,-3.09,3.99,23,20,8,-3,43
Iowa St.,Oklahoma St.,14.5,10.29,8.22,4.7,17.51,12.39,9.02,7.27,19,18,10,8.78,5.5,13.39,5.28,5.54,14.05,10.63,16.73,16.08,10.25,3.36,15.83,15.1,1.85,17.49,3.51,7.35,8.54,10,8.49,9,3.39,5.51,7.17,10,14.5,11,5.91,12.78,5,4.69,23.6,22.46,12,18,3,13.5,14,16.8,17.7,17.96,12.78,25.63,9.6,14.56,5.34,10,37,8,27,47
Kansas St.,Texas A&M,-4,-4.05,-2.81,-1.83,-5.78,-11.03,-5.54,5.52,-6,-19.16,1,9.07,4.5,-12.6,14.52,-1.68,-7.84,-3.03,-5.29,-16.74,-6.25,-3.57,-0.37,-8.2,3.83,-13.48,2.99,0.01,0.46,-2.91,7.51,-3,1.39,5.08,5.45,-4,-2.5,-8,1.94,-0.83,-5,2.35,8.09,-20.47,1,-13,1,0,-4,-2.2,-5.9,-7.18,-5.21,3.81,15,4.3,7.15,30,28,8,-2,58
Kent,Northern Ill.,-10,-12.09,-13.72,-6.2,-10.01,-10.55,-10.35,-15.19,-8,-14.67,-9,-16.22,-14,-9.4,-21,-6.25,-6.8,-12.47,-8.21,-13.79,-9.85,-9,-23.26,-13.2,-13,-10.3,-19.28,-6.98,-16.2,-11.59,-14.03,-17,-16.2,-16.65,-12.63,-4,-10,-9,-8.8,-13.62,-4,-6.05,-23.64,-11.09,-8,-14,-8,-17,-10,-8.2,-13.7,-32.73,-26.27,-18.6,-21.5,-5.48,5.76,34,3,8,-31,37
LSU,Auburn,6.5,9.99,6.75,5.28,7.74,4.68,-0.8,13.22,4,-8.66,9,10.79,4.5,6.2,13.05,-1.37,-1.77,5.62,6.67,3.15,-0.65,2.98,10.84,4.1,7,5.49,9.47,9.05,8.48,6.1,12.59,-3,5.17,7.66,10.75,-1,6,8,12.54,7.06,6,1.48,-14.56,3.71,4,1,2,10,6.5,4.6,7.6,16.8,7.99,-21.41,5.9,30.43,4.86,17,20,8,3,37
Louisiana Tech,North Texas,20,10.56,10.45,6.36,13,24.86,15.54,3.35,19,38.34,13,13.91,7,18.43,13.78,17.76,13.83,14.2,16.05,28.15,27.15,11.33,7.57,15.7,14.28,20.75,1.08,12.37,7.86,13,4.96,10,1.77,3.52,2.76,10,14,13,0.4,8.73,14,8.52,42.79,30.33,14,21,12,4,19.5,21.6,19.1,33.31,10.6,49.69,-0.6,5.86,8.28,14,40,8,26,54
Maryland,Virginia Tech,-10.5,-16.02,-10.85,-11.97,-17.83,-11.97,-15.69,-14.93,-15,-24.17,-12,-8.14,-15,-17.02,-14.33,-13.79,-16.27,-14.02,-15.09,-20.64,-23.05,-10.45,-15.8,-15.4,-8.36,-15.1,-13.42,-10.89,-14.44,-14.16,-15.22,-18,-13.19,-10.64,-12.39,-17,-10.5,-13,-2.71,-9.74,-14,-8.27,-13.55,-20.87,-9,-21,-11,-25,-11,-12.3,-8.2,4.93,-25.88,-15.25,-17.2,-14.03,5.35,28,9,8,-19,37
Memphis,East Carolina,7.5,9.04,5.7,15.58,8.93,9.46,11.6,5.99,9,14,11,6.57,10.5,11.94,10.54,12.6,9.86,9.53,11.56,11.09,14.95,5.97,10.63,11,10.88,11.45,2.45,10.86,5.4,10.25,6.72,9,-3.32,1.17,5.34,17,8,10,2.8,8.45,8,10.86,3.58,13.26,8,10,13,13,8,11.8,14.1,7.46,10.88,-1,7.5,6.19,3.75,24,27,8,3,51
Michigan St.,Northwestern,11.5,5.69,3.66,8.8,12.82,14.44,10.94,-0.64,15,19.5,13,2.53,9,12.04,-0.42,14.08,9.52,9.03,12.74,17.54,19.65,5.42,3.92,12.5,3.02,14.66,-5.65,4.64,1.87,9.81,1.8,5,-4.17,-2.48,-0.46,15,13,10,0.2,5.71,10,9.63,14.84,20.17,12,13,12,5.5,11.5,15,18.8,22.04,6.28,25.65,-1,4.26,6.76,49,14,8,-35,63
Middle Tenn.,Louisiana-Lafaye,14,13.18,14.62,11.61,17.9,10.49,19.76,17.22,18,22.33,14,31.77,13,9.32,22.83,12.42,9,15.17,16.75,9.9,14.35,13.34,15.72,17,8.43,15.42,18.55,11.89,17.78,15,22.58,9,13.42,21.1,18.25,15,14,16,8.06,14.59,16,10,-22.67,14.8,13,15,15,20,14,18.9,15.3,2.06,17.89,-28.26,8.8,31.13,4.87,13,10,8,-3,23
Mississippi,Kentucky,10.5,8.4,13.17,14.29,15.41,9.81,16.73,10.1,13,22,13,19.2,13,6.76,16.18,9.93,10.73,12.4,12.06,9.87,15.25,11.88,14.14,14.9,17.5,11.74,9.91,9.85,12.82,12.22,12.81,3,6.71,9.87,11.48,14,11,15,5.37,12.1,9,10.74,30.13,12.34,11,7,11,14.5,10.5,20.7,16.2,13.4,12.7,31.58,15.7,14.41,3.66,7,13,8,6,20
Mississippi St.,Houston,1.5,-0.44,1.06,-0.78,-1.31,-1.81,5.17,2.59,-6,-7.67,3,0.96,-0.5,-3.12,3.21,0.51,6.88,-0.17,-1.67,-4.93,2.15,1.97,-1.47,2.4,2.94,-3.31,2.02,-1.24,-1.15,-0.29,1.39,2,1.47,-0.14,3.28,6,1.5,0.01,3.91,-1.42,-1,0.12,-9.8,-4.84,-1,-6,4,-5.5,1.5,0.3,-4.2,-1.42,-3.18,-0.87,-3.9,5.41,3.24,28,16,8,-12,44
Missouri,Nebraska,3,-3.84,-2.23,0.12,-4.61,-4.33,-3.18,-6.74,-6,-8.34,-1,-5.37,-3,-1.74,-4.91,0.32,1.8,-3.71,-9.06,-2.95,-1.25,-4.72,-10.99,-3.1,1.04,-7.85,-6.16,-4.95,-2.54,-3.78,-3.72,-7,-7.64,-5.21,-3.37,-3,3,-3,-1.91,-5.29,4,0.62,-10.25,-10.91,2,-1,0.01,-12,1.5,-7,-6,6.06,-10.49,-10.38,-9.9,-6.42,3.98,24,41,8,17,65
North Carolina,Virginia,0,2.43,-3.29,-9.39,-7.96,4.78,0.61,-2.19,4,3.5,-1,2.64,-6.5,6.56,8.13,-0.12,-6.05,-1.02,5.19,1.07,-0.15,-0.52,-2.33,0.4,3.66,2.05,-5.4,-1.11,-3.74,-1.06,-1.87,-9,-6.71,-5.84,-4.16,-1,0,-1,0.74,-3.66,-1,-1.23,23.95,3.17,-2,-4,-3,-6,0,-0.8,-5.7,14.48,-6.21,29.02,1.5,3.76,4.78,5,7,8,2,12
Notre Dame,BYU,19.5,17.75,16.22,14.45,20.59,22.42,23.23,13.49,28,26.33,21,21.11,18.5,24.19,16.97,19.45,16.5,19.75,27.72,27.87,21.75,16.54,28.61,20.7,15.36,27.69,12.55,13.51,15.79,19.23,13.76,11,10.64,12.39,13.96,19,20,20,8.57,22.18,19,14.81,44.88,35.22,16,24,19,15,19.5,25.2,21.4,20.24,23.73,48.17,17.8,14.36,5.42,23,49,8,26,72
Ohio,Ball St.,7.5,8.57,8.24,11.15,13.15,7.39,2.47,6.88,13,7,11,13.42,9,10.44,10.04,13.94,8.69,8.23,8.03,14.34,6.75,3.36,8.26,4.7,8.91,13.04,5.42,8.04,9.31,8.25,8.65,3,5.55,7,9.33,8,7.5,7,3.54,7.99,6,5.31,12.16,17.28,10,3,10,7.5,7.5,-1.6,5.3,0.37,10.26,36.76,10.4,13.6,3.74,21,38,8,17,59
Oklahoma,Baylor,14,9.08,8.59,22.78,3.79,10.56,18.29,9.43,2,2.66,9,13.28,13.5,8.85,14.83,21.04,22.62,11.86,6.18,11.48,17.45,13.81,14.86,10.1,13.01,5.03,11.47,10.92,10.55,10.86,9.02,10,5.01,7.96,7.57,19,13.5,15,3.57,10.96,22,16.91,1.29,4.68,8,9,26,4.5,14,13.9,7.1,14,10.79,-5.89,11.8,4.8,5.68,30,37,8,7,67
Pittsburgh,Syracuse,13,14.41,14.57,12.32,14.96,15.95,11.34,17.62,19,5.5,12,20.59,11.5,11.22,20.88,12.54,20.34,13.91,19.16,16.25,14.75,7.16,21.8,13.2,5.02,16.71,15.31,14.38,13.67,14.19,16.59,4,10.41,10.48,17.18,14,12,12,12.8,16.82,6,9.14,32.79,18.61,12,11,9,23,13,15.8,8.3,10.01,31.73,36.49,31.8,22.83,5.32,17,34,8,17,51
Rice,Navy,-7,-6.98,-9.72,-15.97,-25.48,-9.32,-16.79,-7.52,-7,0.01,-8,-6.47,-8,-6.46,-11.14,-10.86,-9.72,-10.86,-11.74,-11.53,-15.75,-9.95,-17.14,-10.6,-17.17,-8.52,-11.61,-5.57,-13.91,-10.1,-10.1,-17,-19.9,-14.6,-13.64,-12,-6.5,-8,-1.03,-12.09,-1,-6.79,-0.43,-10.11,-10,-8,-10,-13.5,-7.5,-14.1,-6.6,-10.77,,-6.32,-26.3,-6.03,4.69,41,9,8,-32,50
San Diego St.,New Mexico,2.5,2.28,-1,0.18,4.69,7.39,5.88,-5.21,6,6,3,11.61,-0.5,9.78,1.29,2.79,6,2.15,6.33,8.53,7.05,2.28,-3.7,2.3,3.53,6.07,-7,1,-2.52,3,-3.14,-10,-7.1,-5.61,-5.71,5,0,3,0.14,-2.4,3,3.09,3.22,9.18,2,2,3,-5,2.5,8.9,5.6,3.63,-1.42,3.82,-7,3.72,4.96,47,24,8,-23,71
San Jose St.,Hawaii,-7,-5.22,-7,-3.81,-2.54,-6.89,-13.52,-4.17,-5,-14.66,-4,-4.9,-10,-6.3,1.01,-2.51,-3.13,-7.45,-8.88,-7.05,-8.75,-6.93,-6.86,-4.5,-11.69,-7.78,-9.37,-7.88,-9.04,-6.91,-6.6,-16,-9.95,-12.38,-5.72,-3,-7,-6,2.89,-4.36,-9,-6.67,8.35,-8.62,-4,-13,-7,-1.5,-7,-10,-1.9,-20.54,-6.25,-8.13,8.8,-4.73,4.14,45,38,8,-7,83
South Carolina,Vanderbilt,8,4.15,6.2,11.54,9.23,4.83,7.45,4.53,7,8.83,8,18.66,7,3.85,20.58,8.3,7.04,7.08,9.57,6.96,7.45,5.23,8.88,6.9,0.99,5.92,3.56,6.69,5.23,6.83,5.74,3,0.23,3.4,4.23,6,8,7,3.66,7.33,6,8.15,-18.12,7.09,6,8,11,4,8,6.4,12.6,5.96,5.58,-20.39,3,5.21,3.66,28,35,8,7,63
Stanford,Arizona St.,-10,-12.31,-12.41,-6.19,-6.59,-16.98,-10.69,-12.1,-1,-12.83,-5,-5.74,-6,-12.55,-6.17,-4.88,-9.17,-9.46,-7.79,-20.69,-18.15,-3.66,-19.38,-11.1,-0.01,-6.82,-15.61,-3.47,-10.41,-8.64,-2.93,-19,-9.56,5,-6.88,-6,-9.5,-7,-11,-8.98,-14,-6.42,-35.48,-11.01,-4,-16,-5,-1,-10,-8.3,-10.9,-19.91,-18.65,-16.87,-13.5,0.6,5.91,35,45,8,10,80
Texas,Texas Tech,15.5,12.71,13.47,16.68,20.95,15.49,9.96,7.17,17,17.83,24,20.2,19.5,16.95,19.4,13.7,9.66,13.53,18.55,17.25,9.05,14.21,6.92,13.9,13.27,16.75,8.42,13.42,15.4,13.66,14.06,6,4.55,4.76,9.65,5,17,14,3.51,7.35,18,10.86,37.85,20.14,12,12,12,4,15.5,13,14.7,15.69,13.62,29.48,7.5,3.62,4.88,17,52,8,35,69
Toledo,Buffalo,31,28.89,34.21,25.05,32.01,27.52,28.03,32.1,34,25.83,29,36.05,32.5,25.89,40.07,30.69,25.36,31.51,35.02,32.09,25.45,24,45,28.6,31.58,27.83,33.45,33.94,36.02,31.29,37.94,35,33.47,36.26,38.53,29,31,29,18.89,34.23,19,24.81,56.31,30.77,31,25,26,38.5,31,29.5,32.8,26.55,55.82,68.82,56.6,39.93,6.18,15,38,8,23,53
Troy St.,Florida Intl.,9,11.44,11.63,14.75,11.63,6.76,-2.32,14.79,10,9.67,10,12.62,14,8.07,21.77,17.14,10.12,10.04,9.98,13.06,13.55,7.58,12.38,8.5,14.73,11.26,12.53,7.71,10.32,10.47,12.76,13,2.93,6.9,10.61,11,10,10,11.4,7.25,2,9.38,21.8,12.44,7,1,14,9,9,3.4,2.6,3.67,16.56,4.84,18.4,29.18,4.64,13,18,8,5,31
Tulsa,SMU,14.5,14.79,12.35,18.73,21.47,17.32,15.96,13.24,20,24.84,20,20.54,17.5,16.31,11.86,16.94,15.62,17.22,17.4,20.98,24.25,11.5,27.2,17.6,12.9,20.69,13.42,16.47,16.9,17.13,15.62,3,13.42,15.74,15.07,18,14.5,18,4.97,20.77,10,13.21,15.54,22.76,15,15,18,9.5,14.5,18.7,22.5,19.73,24.09,17.12,11.1,7.33,4.56,13,20,8,7,33
UAB,Southern Miss.,1,-10.13,-11.71,0.01,-2.68,-9.73,-3.05,-10.25,-5,-9.5,-2,-12.88,-1,-10.09,-12.75,-0.98,-8.4,-6.13,-2.34,-12.76,-1.75,2.74,-19.69,-2.7,-2.86,-7.29,-14.53,-4.35,-11.3,-6.56,-6.15,-3,-9.95,-9.83,-6.96,0.01,2,-5,-0.83,-10.66,1,-0.37,-26.89,-6.99,3,-10,0.01,-8.5,0,-7.6,-4.1,8.89,-17.88,-6.18,-21.1,3.47,5.81,37,28,8,-9,65
UCLA,Oregon St.,9.5,12.14,14,5.82,15.74,12.71,4.92,12.32,17,5.67,23,7.45,17,12.12,12.5,8.36,9.2,11.67,9.23,14.95,8.85,6.7,17.13,8.4,6.32,14.03,10.88,12.57,15.79,12.23,16.08,10,13.73,14.78,17.16,4,10,5,4.14,13.95,11,7.41,6.54,16.57,14,12,7,15.5,9.5,4.1,19,2.64,18.78,6.86,21.3,14.22,4.71,28,51,8,23,79
UNLV,Utah,-12.5,-6.3,-8.82,-13.34,-3.96,-9.55,-17.41,-1.78,-5,-20.34,-4,1.87,-6,-11.17,0.28,-14.21,-12.67,-8.66,-5.98,-12.86,-15.85,-7,-11.47,-12.3,-5.07,-7.98,-6.35,-0.65,-7.5,-8.4,0.01,-6,-9.87,-5.46,-3.89,-14,-13,-9,1.34,-7.25,-13,-9.14,-6.63,-10.2,-7,-13,-14,-3.5,-12,-13.2,-7.5,-14.61,-11.07,-15.72,-7.7,4.78,4.92,42,32,8,-10,74
UTEP,Marshall,13.5,9.37,10.09,9.72,14.85,9.93,12.86,10.01,17,18,16,8.19,6.5,9.01,2.49,7.2,4.18,11.73,14.51,9.96,13.35,10.89,17.75,13.1,14.07,14.33,6.8,10.34,12.47,12.67,13.83,15,9.64,13.48,13.86,8,13,15,4.49,17.22,16,7.65,-6.61,15.27,14,10,5,13,13.5,16.9,17.7,4.07,13.48,-6.19,9.5,7.13,4.05,3,31,8,28,34
Utah St.,Boise St.,-19,-12.7,-17.33,-13.25,-5.11,-11.75,-26.22,-16.96,-9,-18.84,-12,-6.8,-20.5,-9.12,-9.92,-18.62,-14.47,-16.9,-18.27,-16.57,-20.45,-15.65,-30.45,-19,-21.21,-13.86,-22.76,-11.03,-17.02,-17,-12.53,-24,-19.05,-14.13,-16.98,-23,-18.5,-24,-5.66,-19.94,-18,-14.81,-16.5,-16.48,-12,-21,-20,-21,-19,-18.7,-8.9,-23.25,-26.96,-7.39,-17.5,0.4,5.57,45,21,8,-24,66
Wake Forest,NC St.,-1,-3.24,1.24,-2.41,-3.49,-3.25,-1.36,2.72,1,-5.83,4,11.22,0.5,-9.98,6.49,-4.52,-3.96,-0.7,1.4,-6.32,-4.25,-2.37,-5.73,0.2,-3.1,1.12,2.35,-0.01,0.47,-0.92,4.14,-11,-1.62,3.41,3.4,-3,1,-1,3.03,-1.51,1,-1.11,-8.49,-0.85,1,1,-2,0.5,-1,1.8,3.4,0.36,-1.05,-11.78,-0.3,4.8,3.94,19,27,8,8,46
Washington,USC,-30,-35.85,-29.08,-36.27,-36.33,-26.54,-32.93,-43.42,-29,-25.67,-32,-30.22,-37,-28.08,-41.1,-30.58,-24.1,-32.96,-31.08,-34.67,-31.55,-27.49,-47.33,-32.6,-36.18,-30.81,-39.45,-22.39,-35.4,-31.78,-40.9,-25,-37.64,-32.28,-37.26,-35,-31,-31,-17.86,-32.32,-25,-24.2,-53.78,-36.43,-26,-31,-31,-48,-30,-28,-25,-41.07,-56.76,-45.08,-56.7,-34.38,7.06,51,24,8,-27,75
Wisconsin,Purdue,8,20.13,20.44,10.41,23.07,14.23,9.31,24.61,22,19.16,29,24.49,25.5,15.42,24,11.71,18.76,18.74,19.28,16.48,13.25,7.85,32.46,12.4,16.16,15.63,25.57,28.34,25.71,18.96,28.04,10,23.22,27.02,28.42,14,7,13,8.37,25.39,5,9.38,7.08,16.9,15,14,10,31.5,9,11.5,21.4,9.37,30.04,5.85,28.1,16.89,7.21,20,31,8,11,51
Alabama,Utah St.,34,32.08,40.62,26.79,34.31,32.47,38.54,41.34,34,40.5,28,36.71,29.5,27.45,40.64,33.09,30.76,36.72,35.42,39.99,35.85,27.27,56.98,38.1,33.23,34.02,46.36,31.08,44,36.28,42.66,21,39.8,41.1,45.82,35,34.5,37,46.2,43.09,30,24.44,44.77,38.68,33,37,30,48.5,34,36.9,41.22,47.55,60.41,46.67,51.1,44.4,7.76,3,35,9,32,38
Arizona St.,Washington,16.5,19.96,18.66,24.38,23.17,15.33,15.37,25.02,17,10,25,11.36,19.5,14.16,17.7,20.2,11.56,19.04,18.15,21.21,16.35,16.22,35.02,15.6,23.24,19.29,19.87,16.43,20.02,18.97,24.24,14,16.74,18.3,22.78,20,17,13,25.3,24.67,17,14.2,5.47,21.98,19,15,20,23.5,16.5,13.2,20.97,18.93,29.76,15.95,21.4,26.25,4.86,20,44,9,24,64
Auburn,Mississippi,20,16.98,18.73,21.18,21.41,20.7,25.71,11.09,24,31,14,17.54,13,24.14,16.68,25.3,23.72,20.54,18.39,26.82,24.85,15.69,27.87,22.3,14.33,21.23,13.52,15.44,17.66,20.85,13.52,18,12.65,16.2,16.06,26,20,19,13.9,24.02,21,17.65,7.25,26.36,20,26,23,16,20,23.7,23.97,29.35,26.43,26.38,15.9,6.49,5.01,3,27,9,24,30
BYU,Air Force,6.5,10.75,8.88,2.78,4.35,6.6,6.23,12.02,5,9.33,12,16.16,8.5,9.38,16.58,3.36,4.86,8.24,7.31,7.58,6.15,6.27,16.44,7.8,11.01,6.09,11.07,11.02,9.86,7.86,12.13,7,7.71,8.48,11.31,9,6,6,10.4,11.23,1,3.21,17.91,5.17,8,-2,5,13.5,6.5,7.4,5.77,11.38,15.2,13.88,21.1,7,3.99,41,62,9,21,103
Baylor,Texas Tech,-11,-9.18,-5.58,-12.28,-5,-7.1,-17.34,-11.96,-2,-10.17,-4,-11.94,-9,-6.9,-14.36,-11.51,-9.44,-10.69,-3.61,-13.1,-19.35,-6.73,-19.12,-11.6,-13.73,-3.08,-13.67,-5.05,-7.36,-10.22,-9.15,-17,-9.41,-11.23,-9.03,-16,-9.5,-11,-14.3,-11.25,-12,-10.25,-11.26,-4.14,-9,-15,-14,-9.5,-11,-10.2,-4.81,-28.89,-15.25,-34.09,-4,-5.55,5.12,28,0,9,-28,28
Boise St.,Nevada,21,10.25,9.9,13.11,4.16,-0.32,18.79,12.36,12,1,16,5.53,19.5,8.51,12.18,20.13,10.8,12.08,12.41,7.49,12.75,15.07,18.03,15.4,19.42,11.02,10.53,9.91,9.16,12.09,13.02,6,6.32,8.55,10.83,26,20.5,18,9.9,13.98,12,14.57,2.84,10.38,15,11,23,15.5,19.5,12.9,12.78,3.53,14.02,18.26,17.9,7.29,5.38,14,49,9,35,63
Bowling Green,Akron,14.5,10.91,10.82,14.3,13.68,10.49,18.86,10.47,12,17.84,18,11.6,14.5,11.36,11.04,16.34,21.74,13.34,8.06,10.95,15.75,13.23,13.48,13.4,20.56,8.32,9.77,11.51,11.53,12.3,12.15,13,8.48,10.84,9.34,24,16.5,17,8.7,13.15,17,12.1,16.33,9.93,14,12,18,9.5,14.5,13.4,12.45,8.59,14.47,18.65,14.6,7.09,3.64,24,14,9,-10,38
Buffalo,Ohio,-4,-12.92,-15.63,-6.36,-9.04,-6.56,-3.87,-20.67,-7,-4.83,-13,-6.69,-15,-5.72,-14.97,-4.98,-6.54,-9.78,-8.35,-8.29,-1.65,-5.23,-14.78,-3.8,-6.78,-8,-24.22,-10.62,-18.08,-7.5,-21.52,-18,-23.14,-20.52,-20.88,-2,-3.5,-3,-33.3,-8.84,-1,-5.8,-3.28,-8.84,-5,-4,-5,-17,-4.5,-0.7,3.27,4.05,-29.46,-3.9,-22.5,-13.41,7.51,34,20,9,-14,54
Central Mich.,Toledo,-7.5,-0.81,-0.48,-4.3,-0.52,-0.4,-7.04,-1.63,1,-0.67,-1,0.42,-5.5,-0.01,1.74,-5.55,2.18,-3.93,-4.98,-2.11,-7.75,-4.97,-11.73,-8.7,-12.27,0.86,0.01,0.65,-1.26,-3.76,-1.61,-13,-3.24,-2.07,-1.72,-9,-10,-10,-3.5,-5.36,-7,-7.65,-16.11,0.59,-7,-8,-7,-4.5,-7,-6.3,-5.4,-8.74,-4.29,-3.37,0.1,-4.34,4.04,17,21,9,4,38
Duke,Wake Forest,-14,-13.92,-11.21,-10.92,-15.73,-9.3,-12.35,-14.64,-12,-19.33,-9,-22.4,-10,-13.24,-22.48,-10.32,-5.29,-12.73,-8.5,-14.47,-14.05,-7,-22.32,-16.5,-14.04,-10.13,-15.47,-4.59,-11.98,-12.25,-12.14,-10,-13.96,-11.71,-10.4,-7,-14,-16,-19.5,-12.38,-11,-6.05,-6.7,-13.4,-10,-16,-7,-11,-14,-14.2,-13.35,-18.53,-22.26,-7.63,-13.1,-5.81,4.46,44,6,9,-38,50
East Carolina,Central Florida,2.5,-0.62,-2.54,2.29,1.64,-0.98,2.33,-3.77,1,8.16,2,6.7,0.01,2.17,1.54,1.5,-0.66,0.1,2.55,-1.8,1.65,2.94,-4.55,0.4,3.36,-0.87,-5.62,-0.9,-4.11,1,-2.54,4,-6.02,-4.3,-3.1,2,2.5,4,-2.8,-2.73,4,1.6,1.46,-1.78,1,-4,3,-8,2.5,4.6,1.93,-3.33,-7.2,6.64,-9.8,3.89,3.60,30,20,9,-10,50
Florida,Georgia,4,-2.94,-5.07,-3.51,-3.21,0.13,-3.35,-9.69,3,-4,8,-7.16,-11,1.04,-14.01,-4.15,-1.06,-4.27,-1.48,-0.01,-0.2,-1.7,-8.56,3.4,-16.44,-1.45,-9.45,-6,-8.62,-3.75,-11.95,-4,-9.02,-11.21,-10.41,-1,5.5,-5,-2.86,-5.38,-5,-2.96,7.21,0.23,2,2,-4,-10,2.5,0.5,-2.22,1.84,-11.28,-14.62,,-9.56,5.14,10,14,9,4,24
Florida St.,Maryland,17,10.46,11.78,13.71,12.23,10.83,12.94,11.48,14,18,16,-2.83,15,9.72,3.82,13.43,12.99,12.47,13.59,13.81,13.75,12.83,17.27,14.2,7.49,13.42,7.77,11.44,11.59,13,13.74,12,6.94,10.76,12.89,18,16.5,13,8.4,14.09,10,11.23,-1.95,14.05,19,14,14,19,16,12.3,13.92,15.98,16.17,-4.8,11.6,6.66,3.86,27,35,9,8,62
Georgia Tech,Clemson,3,3.12,4.1,3.12,2.94,2.24,4.28,2.87,5,9.33,5,-15.43,2.5,3.33,-9.75,1.83,4.08,3.1,3.95,0.62,3.25,4.18,3.86,1,9.07,2.09,2.1,7.42,4.61,3.29,6.03,5,2.47,5.48,5.96,5,3,4,3.7,5.72,3,2.84,-3.43,1.58,6,0.01,4,6.5,3,3,1.88,1.73,3.07,-3.86,0.9,4.9,3.98,9,10,9,1,19
Hawaii,Fresno St.,-12.5,-14.44,-14.93,-11.64,-15.65,-14.8,-16.85,-12.68,-16,-15.33,-14,-21.84,-11,-16.47,-16.21,-15.13,-8.96,-15.69,-28.72,-23.79,-17.95,-14,-32.6,-11.7,-4.56,-19.02,-12.83,-10.57,-15.81,-15.03,-12.2,4,-14.58,-13.6,-14.2,-21,-13.5,-17,-22.3,-20.83,-14,-11.23,-25.24,-24.14,-11,-22,-13,-27.5,-13,-23.1,-22.31,5.92,-30.47,-22.32,-17.6,-15.72,7.39,27,13,9,-14,40
Illinois,Wisconsin,-20,-20.2,-21.78,-21.74,-30.23,-20.96,-22.83,-20.82,-23,-32.5,-25,-30.84,-27,-20.13,-21.78,-21.88,-10.12,-23.05,-18.87,-28.39,-30.95,-18.27,-38.92,-22.9,-21.82,-21.55,-25.36,-19.16,-27.62,-21.8,-21.64,-14,-27,-25.58,-23.64,-22,-19.5,-21,-14.8,-27.76,-20,-14.94,-7.87,-28.28,-17,-25,-19,-27,-20,-20.3,-21.04,-7.83,-36.63,-33.15,-24.2,-6.06,6.00,41,24,9,-17,65
Kansas,Missouri,-6,-4.74,-8.3,-0.87,-2.72,-4.58,-3.76,-6.09,-4,-8.66,-4,-10.85,-8.5,-3.69,-10.29,0.01,-4.6,-6.55,-6.63,-5.42,-4.55,-2.54,-18.32,-6.5,-5.13,-5.75,-11.21,-6.51,-12.11,-5.58,-7.68,-10,-16.51,-14.93,-11.21,2,-4,-3,-7.8,-12.5,1,-1.85,13.55,-6.81,-4,-10,0.01,-12.5,-6,-4.7,-0.11,-12.05,-12.03,12.16,-5.1,2.63,4.70,3,13,9,10,16
Kansas St.,Colorado,-7.5,-11.35,-9.62,-3.96,-11.7,-14.61,-11.91,-8.18,-12,-17.33,-8,-7.36,-6,-14.11,-5.54,-7.07,-13.65,-9.97,-10.48,-19.01,-10.15,-5.61,-17.2,-9.4,-2.96,-15.62,-10.91,-9.07,-11.22,-10.32,-6.2,3,-10.88,-8.15,-7.26,-6,-7,-9,-6.2,-11.87,-11,-3.46,-19.07,-20.21,-3,-17,-2,-8,-7.5,-14.5,-11.76,-7.77,-17.1,-14.37,-4,2.54,4.89,23,20,9,-3,43
Kentucky,Mississippi St.,-1,-0.46,-0.28,-0.61,-3.96,-0.23,-1.67,-2.49,3,7.66,1,3.76,0.01,1.58,0.94,4.41,5.26,-0.7,3.77,0.18,-1.95,-3.14,-4.52,-0.3,-2.92,0.01,-4.59,0.3,-3.5,-0.37,-3.16,-2,-8.18,-6.62,-4.52,2,0,1,-4.5,-1.08,-2,1.48,-5.41,0.25,1,-1,3,-2,-1,1.4,-1.02,-8.9,-4.19,-6.95,3.8,-4.2,3.31,7,13,9,6,20
LSU,North Texas,44,38.5,39.22,25.54,33.96,45.09,44.16,32.77,42,57.5,29,32.73,24.5,44.8,32.14,39.88,38.47,40.12,39,55.42,52.45,32.86,55.73,45.2,35.65,,36.69,31.34,40.66,38.75,31.1,,34.09,33.46,34.08,39,45,42,38.3,42,33,24.07,38.48,57,37,43,35,35,43.5,43.8,48.18,71.01,57.02,42.22,29.1,35.29,9.92,3,56,9,53,59
Louisiana Tech,San Jose St.,19.5,12.96,17.77,12.96,14.93,13.16,20.74,15.42,18,23.5,22,26.25,20,10.54,18.09,17.24,15.03,17.47,16.96,16.46,17.75,15.25,19.68,18.9,17.85,16.44,19.09,18.79,20.94,17.76,23.1,3,16.35,24.79,20.04,14,19.5,14,10.8,17.23,18,13.7,34.96,17.05,18,14,17,,19.5,19.7,19.32,18.04,23.47,28.75,25.3,15.99,4.03,14,31,9,17,45
Louisiana-Lafaye,Troy St.,3,3.52,0.15,-2.96,1.93,10.52,1.57,-3.54,10,15.33,5,6.6,-1.5,10.7,1.65,-1.53,5.24,3.03,9.39,9.26,6.25,2.35,-0.94,5.7,-0.64,8.29,-5.29,2.46,0.43,1.97,-2.01,1,-5.24,-3.41,-1.31,1,3,5,-1.2,1.32,5,0.86,23.88,12.16,2,4,-3,0.5,3,12,2.99,5.63,1.14,16.21,-3.2,3.75,4.95,28,31,9,3,59
Miami (Fla.),North Carolina,20,14,14.29,23.78,26.14,16.79,17.53,13.62,20,20.16,18,15.96,17.5,14.37,19.89,22.67,25.66,18.55,19.62,23.85,18.75,11.5,21.4,14.1,9.76,21.16,13.2,17.66,16.68,18.37,15.95,17,10.88,13.82,15.81,20,19.5,16,11.9,18.91,18,16.42,32.54,24.21,22,24,21,20,20,19.2,25.12,18.73,25.15,31.94,23.7,6.76,4.12,16,34,9,18,50
Michigan St.,Indiana,18,10.45,9.4,13.22,13.54,16.07,13.01,7.32,15,10.67,16,9.08,12,14.07,9.23,13.08,10.66,12.78,9.89,18.15,18.85,11.21,15.5,13.5,18.8,12.47,6.26,9.56,9.76,12.99,7.56,17,3.39,5.82,6.72,15,20,14,6.5,12.96,16,11.11,6.92,15.14,15,14,14,7,17,10.6,17.84,30.34,12.45,2.91,0.4,13.31,4.47,15,46,9,31,61
Minnesota,Ohio St.,-4,-0.64,-1.05,-1.17,-3.94,-3.82,-6.74,2.66,-2,-10.33,1,-3.15,-2,-4.21,3.93,-1,-2.61,-2.3,-4.63,-4.84,-7.45,-1.25,-2.23,-5.5,1.19,-3.29,0.27,-2.71,-0.51,-2.26,4.26,3,-1.39,1.12,3.63,-4,-3,-5,2.2,0.46,-3,-3.09,-14.86,-4.99,1,-9,0.01,1.5,-4,-13.2,-2.29,-4.84,-3.27,-5.61,-1.9,5.08,3.57,45,31,9,-14,76
NC St.,Southern Miss.,6.5,0.32,-2.43,2.47,-2.2,1.13,4.4,-2.25,-7,2.33,0.25,-0.52,-2,3.07,4.35,3.04,1.96,0.1,-1,2.94,9.35,5.97,-8.61,3.9,5.35,-3.66,-6.56,-2.38,-7.35,0.5,-5.49,3,-5.78,-10.75,-6.13,7,4,2,1.3,-6.05,2,3.21,-26.51,-3.65,3,-7,6,-8.5,5.5,1.2,0.68,27.69,-7.38,-14.74,-7.7,5.25,6.40,17,21,9,4,38
Nebraska,Oklahoma,1,1.86,0.66,-6.06,2.87,1.43,-4.13,1.02,5,-1,4,2.91,1,2.51,-1.07,-2.69,-2.62,0.36,1.84,-0.18,-1.85,-0.81,0.89,0.9,6.07,3.35,-1.11,1.02,0.52,0.95,3.1,4,-0.54,2.32,3.54,-2,-1,-5,3.6,2.64,-11,-3.83,-14.05,3.45,6,0.01,-4,5.5,1,-2.6,3.14,-0.62,1.92,-4.45,2.7,5.3,3.41,31,24,9,-7,55
New Mexico,Colorado St.,6,0.87,2.11,9.22,5.04,-0.75,2.99,4.56,6,3.5,7,4.23,6,-2.5,6.6,2.56,4.91,3.71,5.11,-0.74,2.95,1.05,2.02,5.7,6.4,2.19,1.48,2.03,3.12,3.75,7.01,1,-0.69,3.16,5.61,8,4,6,3,4.82,1,2.84,-19.99,0.47,8,4,4,7,6,7.2,5.46,4.58,2.85,-18.11,-0.6,5.47,2.68,35,25,9,-10,60
New Mexico St.,Idaho,5,3.8,5.33,1.37,-6.19,5.96,5.97,4.2,3,5.34,6,-1.59,6,3.41,1.76,8.59,7.11,4.55,0.76,7.21,10.55,2.44,2.11,9.1,0.29,6.91,4.67,5.13,5.68,4.68,3.79,3,0.77,4.69,4.47,9,4,4,-0.8,4.11,7,5.31,16.81,7.27,3,3,8,4.5,5,8.8,9.58,6.91,1.69,16.92,1.9,-2.79,3.19,38,37,9,-1,75
Northern Ill.,Ball St.,29,16.5,17.89,22.7,26.47,26.18,28.14,7.54,31,35,28,27.25,25.5,26.25,18.2,28.76,29.25,24.29,26.78,32.48,29.35,17.87,29.19,27.1,20.91,28.9,9.45,21.4,19.78,25.84,13.38,21,12.42,14.87,16.04,29,27,28,6.7,22.54,20,19.01,14.17,36.31,27,24,24,22,28.5,29.6,29.22,46.26,25.38,35.93,15.1,4.74,7.18,31,17,9,-14,48
Northwestern,Michigan,-3,1.41,3.62,-4.41,-1.27,-3.85,-1.67,3.81,1,-3.66,3,5.16,0.01,-1.04,3.45,-4.31,-1.91,-0.11,2.55,-3.89,-1.45,-3.06,2.11,-2,3.93,-1.04,2.67,-0.68,3.68,-0.34,5.77,-3,1.85,4.52,5.45,-5,-4,0.01,4.7,2.91,-3,-2.59,1.99,-3.81,3,-6,-4,2.5,-3,3.7,-6.71,-4.62,2.33,-1.72,5.2,6.35,3.41,33,17,9,-16,50
Oklahoma St.,Texas,-37,-34.08,-30.07,-22.55,-39.5,-34.54,-40.46,-31.59,-38,-57.83,-32,-38.23,-33,-36.5,-27.8,-29.81,-38.8,-34.72,-38.22,-45.81,-43.55,-22.53,-42.16,-43.5,-21.69,-38.11,-35.51,-20.25,-35.21,-34.31,-33.15,-24,-30.16,-30.71,-28.78,-31,-36.5,-35,-30.6,-29.74,-33,-22.84,-44.12,-44.67,-29,-40,-22,-39.5,-37,-48.7,-36.14,-49.01,-51.8,-47.33,-28.1,-16.86,8.46,47,28,9,-19,75
Oregon St.,Arizona,8,16.18,12.5,15.74,13.56,6.61,7.18,26.26,9,1.67,19,14.77,18.5,5.97,29.15,10.52,12.41,14.44,8.54,8.4,4.95,8,32.67,7.4,20.96,5.6,25.24,16.32,20.59,13,29.34,12,20.44,23.44,23.69,8,7.5,13,28.1,23.05,10,10,7.33,2.48,13,7,14,25,8.5,3.6,13.29,11.79,27.17,6.74,32.8,18.52,7.93,29,27,9,-2,56
Penn St.,Purdue,15,23.2,25.53,11.28,30.58,20.94,15.97,27.02,29,24.16,30,14.44,27,18.61,15.92,13.92,13.83,22.48,22.92,25.5,18.95,11.21,35.54,16.8,14.07,22.99,27.86,29.01,30.38,23.1,31.3,10,25.84,30.76,30.94,16,14,18,22.4,28.71,12,11.11,25.15,25.54,22,20,11,39.5,15.5,19.9,31.3,24.64,40.22,17.7,28.1,17.52,7.85,15,33,9,18,48
Rice,UTEP,-19,-21.51,-22.74,-21.13,-36.81,-20.24,-24.6,-24.71,-23,-26,-23,-22.61,-17.5,-18.54,-16.01,-17.21,-19.17,-22.66,-21.68,-23.59,-25.55,-13.13,-36.63,-23.5,-15.5,-20.64,-28.7,-14.81,-27.52,-21.6,-26.22,-21,-31.01,-26.06,-26.77,-19,-18,-21,-24.4,-27.34,-15,-13.58,-17.28,-23.3,-21,-20,-11,-28,-19.5,-27.9,-20.84,-18.75,-44.63,-25.96,-36.8,-7.59,6.42,38,31,9,-7,69
Rutgers,Navy,6,6.22,3.46,-0.8,6.93,4.79,3.46,5.49,8,6.34,9,12.02,7,7.02,5.08,2.42,10.78,5.89,7.51,5.63,6.25,3,9.78,5.1,2.96,5.46,2.78,9.96,3.82,5.81,7.88,3,1.16,2.67,4.63,6,6.5,10,4.5,7.37,8,2.35,0.69,5.49,7,3,2,7,6,8.4,12.96,4.13,8.88,-0.91,10.8,4.91,2.98,21,31,9,10,52
San Diego St.,TCU,-7,-11.83,-13.4,-6.66,-13.86,-9.75,-12.95,-15.33,-12,-20.83,-12,-17.63,-16.5,-8.4,-12.38,-7.03,-3.61,-12.11,-10.4,-8.94,-11.95,-4.95,-28.35,-10,-8.53,-9.17,-17.66,-10.23,-17.92,-11.89,-16.17,3,-22.44,-20.18,-17.5,-8,-6,-12,-9.9,-20.26,-6,-5.19,-23.21,-10.28,-8,-10,-5,-18,-7.5,-16.2,-10.7,-1.79,-23.96,-21.35,-18.9,1.94,6.16,23,20,9,-3,43
Stanford,UCLA,-7,-8.89,-9.23,-2,-4.58,-9.53,-8.74,-11.49,-2,-9.5,-11,-4.02,-17,-7,-8.11,-4.23,-4.65,-8.43,0.67,-11.73,-9.75,-2.25,-14.05,-8.6,-5.16,-1.71,-15.91,-4.25,-13.55,-8.55,-9.82,-17,-16.35,-4.84,-14.57,-3,-7,-5,-12.1,-9.32,-13,-7.28,-9.23,-4.71,-7,-10,-4,-9.5,-7,-4.5,-8.37,-14.88,-17.62,6.71,-13.5,19.37,4.67,30,27,9,-3,57
Syracuse,Cincinnati,5.5,-2.68,-3.31,1.27,0.67,1.9,0.19,-8.65,-1,4.17,0.25,-9.68,-4.5,3.52,-1.96,2.96,4.68,-1.38,-1.02,3.05,4.15,3.14,-10.07,4.3,-4.31,-1.13,-11.29,-3.52,-5.86,-1.01,-7.96,-9,-10.03,-7.89,-9.38,3,5,6,-10.4,-4.58,7,2.22,-4.5,-1.23,2,-2,4,-13.5,4.5,1.9,14.17,3.92,-14.02,-2.82,-13.6,-3.95,6.03,22,16,9,-6,38
Temple,Miami (Ohio),-23,-17.45,-14.13,-20.18,-29.71,-19.72,-15.84,-10.7,-28,-19.34,-23,-14.16,-22.5,-24.89,-12.98,-21.64,-16.37,-20.4,-20.69,-29.95,-18.95,-15.2,-25.51,-17.5,-11.84,-24.4,-12.61,-15.26,-19.63,-19.59,-16.09,-33,-16.58,-15.94,-15.03,-22,-22,-18,-16.1,-17.6,-21,-15.06,-12.25,-33.86,-21,-26,-17,-22.5,-22.5,-20.8,-26.25,-19.55,-38.32,-12.64,-13.1,-4.2,6.08,41,14,9,-27,55
Tennessee,South Carolina,14,9.57,6.34,7.53,4.13,8.66,12.63,9.44,11,8.84,10,11.16,6.5,9.87,11.54,9.8,7.71,10.03,10.31,10.38,12.85,9.99,11.95,16,12.08,11.39,5.96,9.28,6.27,10,8.73,3,2.93,3.94,6.66,14,14.5,18,17.3,10.64,17,7.78,15.15,12.71,10,10,12,9.5,13,15.1,12.3,20.25,10.9,12.74,6.1,30.9,3.66,16,15,9,-1,31
Texas A&M,Iowa St.,10,7.93,5.59,10.16,10.32,5.03,7.31,9.73,9,11.5,12,14.71,9,6.09,20.12,11.91,12.97,9.7,5.29,8.63,10.25,7,14.18,10.9,7.34,8.36,9.1,9.18,8.84,9.24,11.32,6,5.55,9.45,9.3,9,9,12,7.2,11.1,12,6.42,37.4,8.84,12,9,12,7,10,4.7,11.75,12.77,11.91,31.36,16.1,6.39,3.01,42,14,9,-28,56
Tulane,Marshall,1,-1.36,-2.26,-0.01,1.08,-0.88,1.13,-2.1,1,0.01,3,-3.74,-2.5,-0.69,-3.22,-0.01,-2.16,-1.16,3.68,-1.94,-1.85,-0.5,-4.24,0.6,2.89,0.27,-7.35,0.76,-4.97,-1,-0.24,-6,-7.25,-5.29,-1.35,1,0,4,0.5,-1.36,5,-1.11,-20.24,1.25,2,-4,-4,-1,1,0.7,-2.76,-0.12,-5.26,-19.16,-10.1,4.81,2.89,27,26,9,-1,53
USC,Washington St.,29.5,30.82,26.81,28.67,30.31,31.18,31.03,36.54,37,29.83,42,29.15,41.5,24.08,40.21,26.18,22.55,30.93,31.95,30.14,38.55,24.69,39.7,30.6,29.87,30.1,32.69,32.49,31.03,30.12,37.59,15,29.23,29.95,32.86,32,31,30,40.8,29.65,26,22.47,37.18,33.64,29,25,28,34,29.5,29.8,23.25,34.87,43.43,25.32,31.9,48.76,5.71,13,55,9,42,68
Virginia Tech,Boston College,13.5,14.98,11.6,13.58,16.37,11.09,15.82,14.63,19,14,15,16.42,15,15.37,14.85,16.68,14.35,14.83,17.66,16.19,20.85,9.41,12.69,13.5,16.74,15.05,11.2,15.92,12.93,15,17.87,14,7.25,10.07,13.13,22,13,14,19.8,9.66,14,12.22,13.69,17.74,15,17,16,19.5,13.5,18.3,20.5,4.3,22.29,22.89,18.1,22.91,3.63,10,30,9,20,40
Western Mich.,Kent,7,9.98,16.06,2.58,13.48,3.68,5.88,18.58,8,13.83,18,14.67,16.5,1.72,12.07,1.71,13.68,10.96,5.23,6.33,11.85,8.14,16.84,7.8,7.27,5.97,17.84,15.83,16.68,12.01,21.81,7,13.11,19.47,17.51,6,3.5,7,29.9,13.4,2,3.95,-5.6,3.1,12,6,4,17,7,15.4,12.47,12.01,23.72,-10.84,16.2,16.21,5.89,14,44,9,30,58
Air Force,Army,11.5,6.62,5.37,13.47,11.23,8.3,7.54,5.75,10,6.34,13,-0.93,13,7.63,3.5,12.33,8.98,8.5,4.48,7.82,9.65,12.54,8.47,11.5,14.87,8.39,5.21,5.2,7.69,7.82,7.44,6,7.16,6.99,7.82,11,12.5,9,3.8,7.66,11,10.37,5.14,7.74,10,12,15,4.5,11,4.4,5.83,3.29,6.88,3.07,2.7,5.18,3.34,27,24,10,-3,51
Arizona,UCLA,-8.5,-17.63,-17.8,-13.17,-21.16,-10.87,-8.78,-25.22,-15,-10.84,-19,-10.62,-23,-11.24,-18.84,-9.57,-9.45,-15.81,-7.51,-14.09,-7.55,-7.32,-33.27,-8.3,-17.69,-10.03,-26.19,-11.8,-26.41,-13,-24.61,-30,-27.88,-28.59,-27.73,-3,-8.5,-7,-22.4,-25.22,-13,-9.51,-9.27,-10.28,-12,-12,-9,-26.5,-9,-5.6,-16.58,-7.46,-33.81,-3.84,-32.1,-25.21,8.20,14,52,10,38,66
Arkansas,South Carolina,4,-5.08,-5.46,-2.37,-8.87,1.26,4.4,-13.1,1,8,-2,-10.91,-4,2.63,-10.96,4.01,1.12,-2.58,1.37,1.04,3.85,-0.99,-18.91,0.8,-0.73,1.44,-10.91,-3.34,-9.89,-0.39,-11.52,-15,-11.86,-10.93,-11.84,5,4,0.01,-10.2,-10.47,6,3.09,1.63,2.25,1,1,5,-7,3.5,5.7,-0.39,9.19,-9.82,1.02,-6.7,-0.5,6.88,14,10,10,-4,24
Ball St.,Akron,-3,0.01,0.64,-4.03,-3.42,-3.04,-0.01,2.68,-3,6.33,3,3.57,-1.5,-2.57,6.56,-3.38,-2.94,-0.85,6.78,-4.69,-0.55,-0.5,-0.51,-0.7,-0.31,-0.77,2.16,1.33,-2.19,-0.55,2.5,-17,-0.31,-0.96,-0.73,0.01,-3,1,2.9,0.35,-1,0.12,-7.45,-3.75,-4,-2,-1,3,-2.5,9.2,-0.61,-9.01,1.52,-6.76,3,4.4,4.18,17,23,10,6,40
Baylor,Texas,-28.5,-26.33,-23.16,-25.59,-22.83,-24.77,-28.99,-27.33,-23,-25.16,-25,-28.9,-28.5,-25.6,-27.33,-28.85,-24.26,-25.98,-24.38,-31.46,-31.25,-22.18,-26.98,-27.6,-29.59,-22.97,-28.78,-14.62,-28.12,-25.7,-26.94,-16,-21.26,-23.95,-23.65,-26,-28,-25,-22.4,-19.66,-30,-22.84,-38.61,-26.67,-21,-31,-26,-28.5,-28,-25.7,-23.88,-34.93,-41.36,-43.45,-26.2,-21.72,4.48,62,0,10,-62,62
Boise St.,New Mexico St.,34,25.03,26.35,25.57,28.84,20.78,33.53,30.14,34,36.5,34,29.08,33.5,20.24,25.13,29.87,29.81,30.07,28.68,25.14,34.45,23.27,40.21,31.4,34.58,24.33,30.68,25.27,30.35,30.14,33.93,34,30.64,30.57,33.02,36,35,36,28.9,31.94,25,22.35,31.7,26.54,33,26,30,33.5,33.5,32.9,24.14,25.56,50.49,37.32,46,22.42,5.56,6,56,10,50,62
Central Florida,Houston,-2.5,-0.17,3.47,-1.3,2.86,-0.4,-2.45,3.26,2,0.83,6,5,6,-3.36,4.82,-0.95,6.08,0.66,1.78,-1.49,-4.15,-1.49,3.37,-3,-0.96,-0.13,5.21,5.38,4.58,0,4.79,-1,5.54,5.6,4.62,0.01,-2,0.01,4.1,3.4,-2,-0.99,10.25,-2.19,2,-6,0.01,3.5,-1.5,-1,-0.31,-4.45,2.4,5.78,5.4,4.34,3.26,29,31,10,2,60
Central Mich.,Northern Ill.,-3,5.33,10.65,-1.72,7.24,2.85,-0.39,11,5,7.83,8,17.18,5,-0.76,10.32,-5.01,11.05,4.49,7.49,3.77,0.75,-0.13,16.2,-0.1,2.38,3.74,12.88,11.43,11.5,4.8,12.09,-4,12.93,14.34,11.29,-6,-4.5,2,9.5,12.56,-1,-2.84,10.34,1.64,2,1,-6,8,-2,4.8,2.96,-9.78,13.19,-7.8,12.2,6.29,6.56,31,28,10,-3,59
Clemson,Duke,31,26.5,23.3,25.07,34.29,25.35,29.72,27.19,33,24.67,27,22.4,22.5,25.84,20.76,25.8,25.15,27.38,27.05,31.96,31.85,20.9,43.85,30.8,25.32,27.83,25.25,18.74,25.45,26.5,27.18,18,22.94,22.8,23.59,28,31,31,26.4,30.98,28,20,21.79,32.59,27,30,25,27,30.5,33.7,32.83,43.5,40.24,17.03,25.1,21.38,5.67,20,49,10,29,69
Colorado,Missouri,11.5,12.69,10.13,8.11,16.09,10.08,14.2,13.28,15,20,17,11.12,13,12.3,12.41,11.77,9.98,12.45,12.52,12.45,13.45,11.21,16.29,12.7,11.04,13.21,13.04,15.02,11.2,12.52,13.3,1,10.32,10.57,12.08,13,11.5,14,10.9,12.81,16,8.52,20.69,14.66,11,10,11,11.5,11.5,16.2,15.77,4.65,16.75,21.04,15,7.07,3.23,12,41,10,29,53
Eastern Mich.,Western Mich.,-4.5,1.72,0.69,1.26,-2.88,3.63,-2.87,1.14,1,-4.33,3,-1.18,-0.5,2.3,-0.49,-0.45,-2.49,0.37,3.68,1.07,-7.85,2.97,-0.01,-1.5,2.74,2.64,2,-0.33,0.33,0.85,2.38,7,1.15,1.08,0.85,-5,-2.5,-1,1.8,0.43,1,0.49,-7.76,2,-4,-5,1,2.5,-3.5,-7.5,0.75,3.05,-1.05,-2.17,2,4.21,2.97,44,36,10,-8,80
Florida,Vanderbilt,19,16.92,15.7,22.26,24.79,16.61,20.43,17.29,22,19.33,20,18.98,17,16.66,20.9,19.52,16.31,19.68,16.96,18.64,21.15,15.36,30.16,22.4,18.42,18.52,18.44,20.74,19.1,19.1,19.03,12,18.48,19.12,18.2,18,19.5,24,18.2,23.69,20,15.19,17.59,19.57,18,20,19,22,19,21.3,24.16,25.41,24.64,16.2,14.7,9.34,3.26,42,49,10,7,91
Florida St.,NC St.,13,13.57,15.42,12.71,12.92,11.47,16.02,17.72,19,6,20,14.07,17.5,10.03,15.25,13.71,11.08,15.74,16.62,12.16,15.35,12.03,26.62,14.2,17.85,15.2,16.77,14.67,18.13,15.31,19.92,14,18.09,21.43,20.14,17,14,15,14.7,21.37,11,12.72,11.71,15.31,18,15,16,22,13.5,15.3,17.66,12.98,23.33,10.75,19.6,7.8,3.79,20,15,10,-5,35
Fresno St.,San Jose St.,34,29.76,32.21,26.26,30.2,30.18,36.2,28.93,40,30.67,35,36.86,33.5,30.73,34.17,33.67,27.79,34.21,44.02,37.43,33.55,30.46,51.7,36.2,31.31,36.32,31.49,31.72,37.85,33.5,35.96,19,32.8,39.11,35.36,36,33,32,29.5,39.2,32,27.28,41.86,40.18,33,33,32,44,34,37.7,41.04,26.79,51.5,38.64,45.1,35.13,6.08,7,45,10,38,52
Georgia Tech,Wake Forest,8.5,10.07,11.15,9.8,12.51,8.56,9.91,12.62,10,2,13,2.18,9.5,7.99,4.05,8.19,4.67,10.49,9.06,8.18,7.95,10,21.52,6.1,13.37,9.38,13.53,13.17,14.44,10,14.59,8,15.55,15.85,15.51,10,10,6,11.2,17.44,9,8.02,6.44,8.68,11,7,11,15.5,8.5,7.7,8.51,14.34,14.71,7.87,10.6,6.68,3.95,17,30,10,13,47
Indiana,Minnesota,-13,-7.46,-9.53,-12.42,-11.92,-11.26,-13.34,-7.46,-7,-17.17,-8,-13.04,-10.5,-7.55,-6.28,-9.87,-8.84,-10.9,-6.05,-16.55,-15.15,-7.32,-15.7,-13.4,-10.67,-8.67,-8.42,-6.57,-10.72,-10,-5.84,-14,-7.09,-7.81,-6.73,-10,-12,-12,-4.5,-11.06,-16,-9.75,-26.62,-12.75,-7,-18,-10,-10.5,-13,-12.7,-18.38,-20.35,-14.09,-8.52,-7,1.04,3.70,42,21,10,-21,63
Iowa St.,Kansas St.,7.5,7.13,7.13,5.22,10.12,13.28,8.89,3.6,14,5.5,12,19.1,7.5,10.45,8.34,6.99,15.98,9.13,11.81,14.87,7.45,5.23,11.86,8.1,6.98,16.25,4.46,9.97,8.05,8.34,5.37,-1,5.85,6,6.03,11,7.5,10,2.9,11.62,4,3.46,2.13,18.84,9,12,5,10.5,7.5,11.8,17.79,4.33,11.78,24.34,9.5,4.68,4.42,17,45,10,28,62
Kansas,Nebraska,-1.5,-1.68,0.01,0.93,0.14,-2.02,2.05,-1.07,-2,1.33,0.25,9.06,-3.5,-2.22,5.31,0.4,5.48,-0.83,-1.81,-3.88,1.45,-3.18,-6.08,-0.6,4.37,-5.94,-0.81,-0.21,-2.42,-0.64,-0.64,-9,-4.7,-3.67,-1.81,0.01,-1,2,-1.5,-4.75,4,-0.99,15.69,-9.11,1,-7,0.01,-4.5,-1.5,2.1,-0.26,2.3,-4.69,14.9,5.5,3.09,3.71,15,40,10,25,55
Kent,Bowling Green,-11,-9.12,-12.45,-8.85,-10.7,-5.92,-9.79,-13.3,-7,-8.33,-10,-4.29,-13.5,-5.15,-5.9,-12.1,-2.69,-9.94,2.76,-11,-8.75,-8.66,-12.46,-10.8,-12.9,-6.17,-14.33,-7.5,-14.47,-10,-13.58,-17,-12.09,-15.92,-11.1,-10,-11.5,-5,-17.7,-8.24,-11,-7.04,-12.25,-8.81,-9,-12,-10,-8,-11,0.5,-9.06,-17.02,-21.93,-18.56,-15.5,-10.28,4.48,24,14,10,-10,38
Kentucky,Auburn,-22.5,-15.78,-18.72,-23.99,-24.21,-19.78,-29.7,-12.61,-21,-31.17,-18,-14.24,-18,-19.61,-12.58,-25.4,-19.22,-21.98,-16.31,-27.29,-28.55,-17.56,-32.96,-23.8,-15.75,-20.79,-15.74,-13.65,-21.2,-20,-13.34,-17,-17.33,-19.03,-16.32,-26,-22.5,-21,-10.7,-25.23,-20,-19.51,-21.06,-27.3,-19,-31,-21,-23.5,-22.5,-27,-27.05,-35.05,-31.04,-21.98,-11.4,-0.33,5.81,49,27,10,-22,76
Louisiana-Monroe,Florida Intl.,11,12.3,15.88,9.09,13.95,12.39,8.08,15.72,18,28.33,15,16.84,13,8.88,18.16,13.05,11.48,14.08,17.29,15.58,19.55,12.54,12.41,15.8,15.55,18.07,18.88,16.4,16.32,14.87,15.11,3,13.7,22.86,14.87,10,10,12,20.9,11.33,6,6.79,7.2,18.56,10,11,10,16.5,11,15.3,17.24,3.16,23.6,14.06,22.2,21.27,4.98,31,29,10,-2,60
Louisville,Pittsburgh,20.5,11.84,12.22,15.21,16.9,9.54,19.15,12.07,19,27.5,18,12.3,12.5,11.81,9.38,19.23,10.89,14.99,9.81,13.03,14.95,11.5,19.47,14.8,16.31,12.94,12.37,9.38,13.81,14.08,13.06,17,14.63,14.08,12.96,19,17.5,13,11.2,17.26,19,11.11,60.82,16.41,19,13,18,15,19.5,14.2,11.42,22.84,15.61,50.35,23,6.84,3.78,20,42,10,22,62
Memphis,UAB,2.5,10.85,12.9,6.51,7.92,7.28,5.45,15.39,8,9.67,14,15.4,9.5,6.24,10.99,2.19,7.01,9.52,9.23,8.6,8.55,3.66,19.41,4,10.93,9.06,16.53,16.23,13.99,9.06,15.86,3,13.7,16.36,14.58,6,2,8,14.4,14.88,3,5.06,15.38,5.84,6,4,5,17,3.5,9.3,13.55,-4.7,19.15,6.42,12.8,8.38,5.20,37,20,10,-17,57
Miami (Ohio),Buffalo,27,25.46,27.96,24.12,29.2,26.56,28.11,26.62,35,22,30,27.86,30.5,24.73,32.22,30.2,25.22,28.3,27.33,28.58,25.05,24.04,34.74,24.2,22.81,27.74,29.57,28.58,31.9,27.96,31.91,24,29.57,30.97,32.3,30,27,28,34.8,27.71,21,24.2,25.05,30.8,27,21,27,32.5,27,27.8,28.61,29.23,50.57,36.92,45,30.34,4.74,13,54,10,41,67
Middle Tenn.,Arkansas St.,5.5,2.56,1,5.17,1.25,1.48,8.14,0.33,6,10.84,2,-4.26,-0.5,4.79,-4.19,4.3,-0.61,2.63,6.44,-1.42,3.45,5.94,2.46,5,4.49,3.07,1.03,0.35,0.12,2.46,0.79,3,-1.93,-0.19,-1.54,6,6,7,2.4,1.81,9,3.33,-11.5,3.37,2,3,7,-2.5,5,10.3,0.12,-2.08,-4.47,-6.44,-7.1,3.24,3.70,7,45,10,38,52
Mississippi St.,Alabama,-17,-19.93,-25.13,-18.38,-23.97,-16.98,-20.71,-30.93,-23,-23.83,-16,-31.01,-20,-12.97,-30.88,-18.18,-13.29,-22.27,-17.47,-21.87,-19.65,-13.72,-46.71,-21.4,-20.49,-16.26,-32.59,-14.18,-31.2,-20.42,-30.81,-9,-29.8,-31.1,-30.99,-15,-16.5,-20,-31.4,-31.69,-15,-15.19,-15.83,-18.5,-19,-27,-14,-38,-17,-22.1,-20.42,-20.49,-44.33,-13.66,-40,-16.48,8.25,17,0,10,-17,17
Navy,Tulane,12,11.11,10.48,12.84,12.58,11.81,15.25,9.38,17,13.34,17,5.62,13.5,12.94,5.58,12.31,12.74,13.2,13.28,12.6,17.15,11.5,18.09,11.8,17.43,14.79,12.05,10.99,14.85,13.34,11.97,14,15.63,17.47,13.86,14,10.5,11,8.9,15.63,5,9.51,-12.74,13.62,14,10,15,11,12,18.3,19.88,8.93,14.82,-18.13,-0.4,6.75,3.31,21,49,10,28,70
Nevada,Hawaii,6,1.86,4.32,2.76,5.87,5.98,-1.59,5.59,4,4.67,10,6.54,4.5,-1.87,8.79,3.21,3.34,3.76,3.95,0.91,2.85,3.14,5.81,5,2.76,1.7,7.18,6.57,6.65,3.95,7.55,2,7.62,8.34,8.87,1,6.5,0.01,6.7,7.48,3,-0.49,1.44,0.52,9,1,1,8,6,-2.8,5.57,2.09,8.52,10.12,13.6,6.02,3.18,28,38,10,10,66
North Carolina,Boston College,-4.5,-5.31,-6.68,-10.58,-14.33,-4.8,-1.11,-5.11,-4,-1.5,-6,-0.93,-9,-5.54,-3.57,-5.65,-7.1,-5.43,-0.91,-10.77,-3.45,-2.39,-7.76,-2.4,1.17,-6.48,-5.64,-5.88,-8.17,-5.64,-5.34,-10,-6.63,-7.79,-5.97,0.01,-4,-1,-3,-7.16,-3,-3.58,-9.84,-9.45,-6,-12,-2,-8.5,-4.5,0.01,-10.35,-5.09,-12.85,-5.25,-4.8,2.63,3.66,14,16,10,2,30
North Texas,Louisiana-Lafaye,-4.5,-2.32,-0.37,4.49,-2.27,-7.6,1.8,2.23,-1,-5.5,1,-2.9,1,-7.31,1.2,0.01,-5.36,-1,0.83,-11.64,-5.95,1.68,3.03,-1.3,3.56,-2.58,1.81,-3.23,-2.2,0.07,4.63,3,2.46,3.37,2.31,2,-3,-2,1.3,2.56,1,2.96,-17.53,-8.39,-2,-11,6,-1,-3.5,-1.6,-2.06,-17.38,-5.49,-20.11,-1.7,3.97,4.78,31,28,10,-3,59
Northwestern,Iowa,-1.5,4.87,4.74,-3.76,2.68,0.74,-1.96,8.56,2,1,8,8.47,7,0.74,5.14,-1.31,-5.76,2.95,3.93,2.18,1.65,1.05,8.26,-1.4,5,2.51,9.61,7.4,9.04,2.51,9.18,-1,7.93,9.85,8.86,-7,-1,2,7.7,6.74,2,-1.85,13.62,0.91,3,0.01,-3,9,-0.5,0.2,0.54,4.77,8.58,7.8,13.3,7.16,4.39,27,28,10,1,55
Notre Dame,Tennessee,9,14,11.7,7.19,18.23,18.48,11.82,9.78,23,20.66,12,9.39,11,20.05,9.19,8.6,13.85,12.78,21.63,21.35,13.85,9.9,17.51,12.6,8.9,19.91,10.32,13.62,13.39,11.7,11.69,10,10.93,12.34,11.44,10,8,11,6,13.52,4,8.64,9.51,22.1,13,8,8,14.5,9.5,18.2,7.74,11.61,19.26,8.96,4.3,5.06,4.70,21,41,10,20,62
Ohio,Toledo,-10.5,-5.38,-5.87,-7.88,-11.05,-11.35,-11.21,-1.34,-8,-11,-5,-0.61,-7.5,-9.23,0.2,-7.43,-7.09,-8.22,-9.9,-14.3,-10.25,-5.23,-11.88,-10.1,-9.13,-8.3,0.01,-3.34,-5.54,-8.77,-1.88,-14,-0.62,-2.76,-2.25,-10,-12.5,-9,-0.5,-8.77,-8,-9.38,10.27,-11.97,-9,-15,-7,-10.5,-10.5,-10.7,-16.44,-19.34,-11.06,1.69,4.7,3.45,4.39,30,21,10,-9,51
Ohio St.,Illinois,34,28.98,29.18,32.49,43.59,33.82,37.56,25.13,39,44.66,31,27.47,31.5,32.79,29.02,32.48,26.9,33.34,35.11,41.65,43.25,28.4,45.26,35.3,27.04,35.6,28.08,31.26,34.24,32.48,26.98,19,27.56,29.07,27.65,35,34.5,32,20.4,35.94,34,26.3,36.68,42.06,31,38,31,35.5,34,39.8,41.86,36.13,47.78,29.95,25.7,10.39,6.23,2,40,10,38,42
Oregon,California,2,15.3,10.44,-1.21,9.75,9.44,4.5,19.53,16,10,13,15.28,12,10.99,12.78,-2.68,8.61,9.91,17.62,8.83,5.35,9.79,20.08,6.4,3.44,11.37,17.42,14.34,14.3,10.99,19.39,4,13.16,16.4,14.98,4,1,11,21.4,13.56,1,1.11,-3.73,9.6,6,5,1,19.5,3,11.9,12.9,9.46,21.89,-8.07,17.8,31.93,6.02,20,27,10,7,47
Penn St.,Wisconsin,10,7.65,8.07,5.28,14.32,11.7,9.99,4.48,12,15.34,15,-0.44,11,9.97,4.97,8.72,7.71,9.18,10.78,14.28,11.85,4.48,5.87,8.9,0.95,12.28,6.54,12.33,9.27,9,5.98,7,5.46,7.34,6.56,6,9,9,5.4,6.44,9,5.8,20.36,14.69,12,12,6,13,10,11.9,18.62,30.46,13.44,18.56,4.8,4.9,5.05,14,35,10,21,49
Purdue,Michigan St.,-5.5,-7.69,-7.61,-0.47,-13.56,-8.34,-4.46,-8.46,-9,-7.5,-4,-11.2,-7,-6.85,-11.3,-1.37,-1.23,-6.23,-4.38,-8.18,-6.95,-1.39,-15.4,-5.2,-2.11,-5.9,-7.93,-6.08,-9.95,-7,-7.59,-2,-10.24,-9.03,-9.79,-2,-5,-3,-4.5,-11.44,1,-0.86,-28.76,-7.12,-7,-9,3,-9.5,-5.5,-4,-6.17,-16,-14.29,-21.58,-17.7,0.83,4.29,21,28,10,7,49
Rutgers,South Florida,3,-1.08,2.88,2.71,2.27,-0.83,8.4,-1.54,2,7.16,3,8.2,6,-0.59,0.61,0.62,2.61,2,-1.14,-5.33,2.25,-0.97,-0.11,6.2,14.61,-5.72,0.22,5.97,2.44,2.44,3.02,3,3.69,5.31,3.8,3,3.5,6,-0.7,3.34,2,-0.12,-5.12,-9.99,7,-7,2,-4.5,3,5.2,3.86,-2.49,-1.22,-4.77,11.8,3.42,4.45,45,31,10,-14,76
SMU,Rice,7.5,12.7,9.7,7.99,22.85,6.74,9.38,13.76,14,7.33,13,11.16,9.5,11.72,11.42,4.18,5,9.89,12.18,8.74,6.25,6,12.34,7.4,10.67,8.37,15.18,7.79,9.11,9.11,15.19,9,10.01,7.92,13.31,9,7,9,17.4,8.87,12,6.05,23.66,8.44,10,3,4,14,7.5,12.3,7.65,7.01,22.48,17.9,21,18.07,4.04,7,27,10,20,34
TCU,Colorado St.,7,7.38,6.89,11.66,15.27,7.4,8.23,8.97,14,8.17,15,8.92,14.5,6.06,10.54,8.65,6.46,9.26,7.85,6.7,9.35,3.36,11.16,7,14.72,8.67,7.86,12.79,11.31,8.92,12.1,6,11.24,11.71,11.37,11,6,8,6.2,11.19,6,5.31,19.28,8.29,11,9,7,12,7,8.6,11.9,0.66,13.94,18.79,11.2,5.65,3.17,6,33,10,27,39
Texas Tech,Texas A&M,16,15.86,12.61,7.67,10.05,11.8,18.76,16.92,17,23,23,21.41,17,14.96,17.42,13.49,20.22,15.82,20.84,13.64,18.55,7.32,22.77,16.4,15.03,12.73,16.99,20.86,12.1,15.65,17.19,7,12.01,15.65,14.73,21,14,15,16.4,16.25,11,12.35,24.51,11.48,19,15,12,22,16,28.4,13.41,25.36,20.69,18.54,22.4,17.92,4.81,17,56,10,39,73
Troy St.,Florida Atlantic,3.5,3.91,6.12,5.64,6.1,-0.5,-0.75,7.11,5,-1.5,8,3.31,9.5,0.63,3.64,1.43,1.2,4.44,1.98,-0.29,1.75,4.18,6,1.7,9.96,-0.71,6.97,7.68,7.52,5,8.73,3,8.24,7.5,9.18,5,3,6,5,5.81,1,4.2,-9.04,-3.31,7,-3,4,6,3.5,-0.6,11.62,5.98,7.87,-19.42,9.6,4.19,3.63,14,28,10,14,42
UNLV,BYU,-11.5,-15.48,-16.56,-5.8,-7.8,-14.62,-15.87,-14.21,-10,-18.66,-12,-19.08,-12.5,-16.83,-13.12,-8.98,-12.22,-13.26,-12.28,-19.22,-14.55,-7.32,-26.49,-18.3,-3.88,-13.07,-15.52,-12.18,-16.41,-13.84,-11.56,-6,-16.4,-13.84,-13.95,-12,-11.5,-14,-10,-15.51,-5,-7.65,12.36,-16.27,-8,-15,-6,-16,-11.5,-15.3,-9.79,-15.89,-26.59,0.91,-11.4,-0.11,4.93,55,14,10,-41,69
USC,Stanford,33,27.94,22.57,29.31,27.14,27.27,29.05,26.94,30,28.83,36,16.24,37.5,29.02,22.52,29.53,31.07,28.07,26.76,33.83,32.75,23.78,24.24,31.3,26.42,26.13,23.28,25.26,26.07,27.94,28.07,22,23.17,15.12,25.7,34,32.5,28,32.9,19.97,31,26.17,39.84,31.71,32,26,28,32.5,32,24.4,29.94,45,37.52,36.2,29.5,29.3,5.44,21,51,10,30,72
UTEP,Tulsa,9,4.67,5.6,6.34,3.24,4.74,5.64,4.88,9,1,11,1.08,5.5,4.5,3.68,5.87,8.98,6.43,3.93,2.96,5.45,6.61,10,7.2,9.36,4.68,5.67,7.66,8.84,5.87,7.9,6,7.85,8.98,8.82,8,9,6,4.7,9.48,3,5.19,9.72,3.76,11,3,7,9.5,8.5,4.3,4.46,6.01,8.39,9.93,6.5,4.73,2.49,38,41,10,3,79
Utah,Wyoming,3,-0.96,-0.57,9.76,-0.92,-0.12,4.84,-1.39,3,6.17,2,-5.34,2.5,-0.51,-3.77,6.1,5.73,2.53,2.89,-1.41,4.05,4,-1.25,2.1,5.44,-0.1,-0.35,0.25,-0.19,0.3,0.25,-2,0.84,-0.01,0.3,8,3,3,1.4,0.14,2,5.8,-3.06,-1.03,6,-4,10,-3.5,3,4.7,-1.56,10.27,-2.61,-5.61,-4.4,3.2,3.85,13,43,10,30,56
Utah St.,Louisiana Tech,-7.5,-5.74,-7.35,-7.1,-9.17,-7.29,-14.15,-5.09,-5,-16.33,-6,-4.53,-6.5,-6.37,-2.53,-7.04,-3.46,-8.27,-8.31,-10.94,-10.05,-5,-10.19,-10.4,-5.67,-5.77,-6.37,-4.44,-7.64,-7.29,-5.13,-20,-7.24,-5.97,-7.56,-6,-8,-10,-1.9,-7.33,-11,-8.02,-0.13,-8.62,-6,-10,-5,-10.5,-7.5,-15,-8.54,-14.91,-13.18,-2.82,-4.7,2.66,3.64,27,17,10,-10,44
Virginia,Temple,35.5,27.85,26.2,31.09,37.38,24.76,29.34,27.51,35,32.67,33,32.75,27,28.25,30.9,35.91,31.84,31.31,29.68,35.25,35.35,24.74,42.41,35,31.44,29.07,25.98,25.2,29.38,30.9,29.18,27,28.87,25.79,27.48,36,35,34,25.3,31.56,30,24.57,62.54,35.73,32,29,31,32,34.5,34.1,36.77,32.5,52.62,57.71,45.1,22.47,5.11,3,51,10,48,54
Virginia Tech,Miami (Fla.),6.5,11.25,10.57,6.87,11.61,6.57,6.64,12.45,13,7.5,12,14.7,16,10.53,17.36,8.04,8.37,10.21,8.14,10.12,12.05,7.51,7.06,8,15.89,9.05,12.02,14.49,11.79,10.12,15.56,7,8.7,12.19,12.33,10,4.5,7,15.7,6.76,6,5.06,28.3,10.24,10,11,7,15.5,7,6.4,14.44,5.89,17.54,23.21,21.6,27.99,3.43,27,7,10,-20,34
Washington,Oregon St.,-4,-5.17,-2.63,-11.61,-4.59,0.88,-7.03,-11.37,1,-2.17,-5,-8.37,-7,1.57,-10.12,-6.22,2.87,-6.26,-1.49,-1.96,-1.65,-4.97,-15.7,-4.2,-13.43,-0.6,-8.77,-3.59,-8.06,-6,-10.05,-13,-9.71,-8.18,-10.96,-8,-4,-7,-9.4,-9.77,-2,-5.56,-26.36,-0.6,-6,-5,-7,-14.5,-4,-3.4,-0.01,-3.04,-14.46,-13.46,-21.8,-0.01,4.64,18,10,10,-8,28
Washington St.,Arizona St.,-3,-8.7,-9.05,-5.1,-7.7,-11.85,-6.66,-9.23,-6,-10,-3,-4.33,-5,-8.41,-3.93,-5.4,-9.09,-6.81,-3.84,-10.96,-15.85,-3.14,-17.32,-7,-1.09,-6.67,-9.23,-3.98,-7.49,-6.66,-4.9,-3,-7.86,-6.74,-7.64,-2,-2.5,-6,-9.2,-10.49,-7,-2.35,-0.76,-10.71,-1,-6,-2,-0.5,-3.5,-6.1,-2.58,-3.98,-10.92,-11.36,-1.8,-1.41,3.71,27,24,10,-3,51
West Va.,Connecticut,15,15.61,19.01,11.2,14.32,7.51,9.07,27.55,13,17.83,14,20.03,15,4.27,19.39,6.55,11.51,14.93,13.59,5.87,8.05,13,34.38,16.3,13.48,12.04,29.14,17.26,21.38,13.15,25.73,7,24.18,25.01,24.58,9,14.5,13,27.2,24,1,7.16,12.69,8.01,14,10,11,24.5,15,9.6,11.3,13.15,30.89,2.79,32.2,21.66,7.58,13,45,10,32,58
Alabama,LSU,-3,3.13,3.06,0.16,5.48,0.91,-7.61,10.2,4,-9.83,10,1.56,10,-1.11,1.23,-2.75,1.03,2.84,3.47,-1.65,-2.85,-0.52,5.05,-2.6,3.09,-0.3,8.91,8.6,6.45,2.1,11.21,3,9.24,8.22,9.91,-3,0,-2,13.3,5.34,2,0.99,-7.69,-2.22,4,1,-1,12.5,-2,2.1,0.6,0.01,6.25,-11.14,9.3,17.13,4.91,16,13,11,-3,29
Arizona,Washington,13,14.22,12.78,12.06,13.78,6.96,16.1,17.27,15,19.16,14,17.63,13,11.07,12.31,12.06,16.31,13.97,9.43,11.81,16.25,9,25,15.2,16.33,14.29,15.47,14.34,11.33,14,17.15,1,13.55,12.48,8.07,18,11.5,19,16,16.53,9,9.26,2.77,16.34,13,12,10,21.5,13,21.6,18.9,2.07,22.31,18.5,21.2,9.59,4.71,38,14,11,-24,52
Arkansas St.,Troy St.,3,3.66,1.86,-1.98,7.7,6.65,-1.05,1.08,5,2.17,10,0.01,4,6.25,3.11,2.76,-3.46,3.46,8.44,7.98,3.45,1.71,2.48,2.7,0.41,6.67,2.08,7.69,4.52,3.91,3.91,-3,4.08,4.95,9.6,1,2.5,-1,2.2,4.55,4,2.1,30.08,7.52,6,4,0.01,6,3,-1.9,-1.5,6.86,5.15,30.04,11.7,4.38,3.28,3,9,11,6,12
Boston College,NC St.,4,6.8,6.35,6.4,7.86,8.09,6.82,6.34,12,0.01,10,0.54,9,7.25,-0.01,7.3,2.6,7.41,12.87,7.64,6.85,4.18,10.52,4.3,8.59,9.5,6.62,8.62,9.61,7.64,8.89,5,8.85,10.57,16.58,4,6.5,5,5,10.4,8,6.3,-3.11,10.69,8,9,6,8,5,4.5,5.8,6.36,9.07,1.29,4.6,4.95,2.87,10,30,11,20,40
California,USC,-18.5,-21.8,-14.85,-12.44,-18.39,-15.29,-17.81,-25.1,-19,-19.67,-20,-15.45,-25.5,-17.79,-21.5,-12.94,-15.05,-17.75,-20.79,-21.76,-20.15,-11.5,-16.83,-20.9,-18.77,-16.96,-20.41,-12.35,-19.7,-17.81,-24.54,-4,-16.87,-16.75,-15.72,-16,-17.5,-19,-29.5,-10.34,-14,-12.84,-26.61,-20.98,-12,-20,-11,-24,-18.5,-16.4,-18.9,-22.84,-30.78,-23.71,-25.3,-30.52,4.82,35,10,11,-25,45
Cincinnati,West Va.,-14.5,-12.67,-13.97,-11.24,-16.28,-10.81,-14.65,-15.65,-11,-24.17,-12,-16.01,-11.5,-10.54,-13.57,-7.98,-13.22,-13.69,-8.24,-14.61,-16.05,-6.27,-28.38,-16.4,-4.35,-10.71,-16.17,-10.36,-15.45,-13.97,-14.41,-10,-16.64,-16.26,-16.04,-10,-13.5,-14,-14.1,-18.48,-8,-8.52,-18.98,-12.46,-11,-19,-7,-17,-14.5,-15.8,-15.6,-15.76,-24.37,-24.6,-14.4,-0.79,4.71,38,0,11,-38,38
Clemson,Florida St.,-1.5,-1.55,0.01,-2.66,2.44,0.28,1.75,-2.33,1,-1.67,-0.25,1.54,-3.5,-0.79,-3.96,-2.42,4.35,-1.5,-1.28,-1.91,0.01,-1.77,-6.08,1.1,-1.27,0.12,-2.86,-0.94,-3.33,-1.55,-2.56,-4,-2.62,-4.5,-9.11,-2,-3,1,-1.5,-2.85,2,-1.36,-7.79,-0.9,-1,-5,-2,-6,-1.5,5.3,-0.01,-0.32,-4.67,-10.77,-4.9,3.18,2.45,14,35,11,21,49
Colorado St.,San Diego St.,7.5,10.59,11.61,3.74,7.07,7.61,5.55,14.46,10,0.83,15,10.49,13.5,6.71,12.86,7.62,5.42,10.45,11.64,6.73,4.85,7,24.39,6.2,7.25,9.11,15.47,12.75,13.74,10,15.97,15,16.71,16.84,17.33,7,8,9,12.1,18.03,7,6.91,15,8.08,10,2,8,14,7.5,5.2,8.4,11.44,17.17,12.09,20.3,6.89,4.78,30,10,11,-20,40
Eastern Mich.,Ball St.,6,3.47,2.39,5.92,7.91,9.75,4.61,-1.75,8,8.66,7,-3.86,3,8.31,1.36,9.39,3.77,3.99,6.88,9.72,3.55,3,-3.41,3.4,1.52,6.96,-1.05,-0.37,2.77,3.55,0.01,9,-0.01,0.78,5.84,5,6,4,-1.2,2.95,3,3.21,-5.06,9.65,8,3,4,2,6,3.6,2.1,6.11,0.01,13.57,1.4,3.09,3.56,26,25,11,-1,51
Florida Atlantic,North Texas,4,2.96,0.4,4.29,4.84,8.78,5.01,-3.19,4,6.33,3,-3.78,-1,9.47,-2.72,2.07,4.89,3,6.07,10.88,7.35,-0.5,0.01,3.6,-1.66,6.85,-2.51,1.5,-0.36,2.96,-3.91,2,-1.93,-2.91,-2.43,8,7,2,-1.6,1.88,4,1.48,-17.96,11.06,3,8,8,0.01,4,4.9,8.4,9.76,0.86,-2.95,-9.9,3.31,4.20,23,26,11,3,49
Fresno St.,Boise St.,9,9.85,8.5,4.3,10.07,9.81,4.57,8.79,9,2,14,11.08,8,11.11,12.89,8.4,2.2,8.4,20.85,12.38,2.75,5.23,13.85,6.8,1.46,10.67,6.56,9.66,7.93,8.5,9.64,6,5.16,6.33,7.96,7,7.5,3,15.4,10.23,6,6.91,23.88,11.66,10,9,4,14.5,9,11.8,7.2,2.57,13.25,27.54,19,15.93,3.97,7,27,11,20,34
Georgia,Auburn,3,3.57,4,2.91,6.37,0.33,-2.59,8.55,2,-4.16,8,2.24,5,-1.75,8.21,-2.01,2.96,2.97,1.98,-2.76,-3.55,1.99,5.6,2.6,12.74,-0.31,8.13,6.94,7.67,2.94,10.42,-6,9.47,9.98,10.55,-5,4,3,8.1,6.43,4,0.37,-0.88,-3.57,6,-3,2,,3,-2.1,0.01,1.64,4.31,-2.72,10.9,6.06,4.65,31,30,11,-1,61
Hawaii,Utah St.,17,9.09,8.73,10.75,9.6,12.11,13.49,7.47,13,10.67,14,10.39,12.5,10.73,9.29,14.32,13.4,11.58,14.96,12.01,11.55,9.96,8.31,18.4,12.62,11.7,7.21,12.01,8.36,11.55,8.92,31,7.31,7.37,8.95,10,15,12,4.9,8.54,13,11.6,16.13,13.22,13,11,12,11.5,15.5,14.5,12.6,15.99,10.38,13.56,9.4,5.3,3.81,23,50,11,27,73
Idaho,Louisiana Tech,-9.5,-10.84,-12.31,-9.11,-12.09,-9.87,-17.85,-10.96,-10,-19.83,-11,-5.14,-14,-10.72,-1.98,-12.15,-10.44,-11.93,-7.55,-14.33,-17.25,-6.14,-12.76,-13.7,-6.8,-10.34,-12.69,-7.91,-15.55,-12.09,-12.48,-16,-14.25,-14.55,-10.03,-13,-12.5,-13,-8.6,-11.48,-12,-9.75,-2.21,-12.28,-10,-16,-10,-16.5,-9.5,-16.5,-15.4,-0.69,-23.43,-4.26,-11.2,1.12,4.24,41,38,11,-3,79
Iowa St.,Colorado,-2.5,-5.73,-7.87,-1.17,-3.8,-0.98,-0.8,-9.15,-1,-6,-3,3.3,-5,-2.4,0.66,-1.53,0.38,-3.16,1.57,-3.97,-1.65,-3.99,-9.9,-1.6,-1.57,-1.3,-9.93,-4.44,-7.35,-2.47,-8.52,3,-6.93,-7.45,-6.48,1,-3,1,-5.4,-4.02,-7,-2.47,-2.18,-1.15,1,-5,-1,-3,-2.5,0.9,2.9,-2.44,-9.74,2.17,-7.4,1.46,3.66,16,30,11,14,46
Kent,Buffalo,7,6.87,7.87,11.74,10.1,8.8,7.7,5.51,10,4,14,5.17,13,8.18,11.41,13.2,16.73,8.8,13.06,9.03,8.65,5.61,6.3,8.5,8.62,8.49,5.27,11.73,6.93,8.62,8.56,10,6.85,5.06,10.93,13,8.5,10,10.2,5.7,5,10.86,3.15,10.71,8,6,12,11,7,4.3,0.01,4.67,15.24,0.51,14.1,15.03,3.40,10,6,11,-4,16
Louisiana-Lafaye,Florida Intl.,8.5,9.67,9.52,7,10.2,10.6,-0.01,9.04,10,12.34,13,8.12,13,10.42,11.6,7.37,8.32,9.23,12.08,13.56,10.65,7.32,9.33,7.8,6.27,10.18,11.07,11.9,12.36,9.52,9.99,5,9.01,11.19,12.5,5,8.5,6,9.9,8.12,5,6.42,6.54,12.19,10,7,7,9,8.5,6.2,7.9,8.43,14.64,-0.38,9.7,5.5,2.81,7,28,11,21,35
Louisville,Rutgers,21.5,15.15,15.46,21.77,18.32,17.95,24.62,12.83,19,31.67,20,21.82,14,18.08,13.62,23.02,21.8,18.05,12.44,21.37,22.75,14,23.2,21.8,12.15,17.53,13.85,11.43,15.02,18,13.11,13,13.78,12.4,7.26,26,22,18,10.3,17.19,22,16.79,41.9,22.03,18,16,22,18,21,20.8,15.6,26.04,21.51,37.66,23.9,6.67,4.54,5,56,11,51,61
Marshall,Southern Miss.,-7,-5.98,-4.88,-4.32,-9.75,-8.49,-9.48,-2.8,-8,-13.33,-5,-12.01,-3,-9.12,-6.9,-6.72,-3.96,-6.38,-6.91,-11.55,-6.25,-4,-12.21,-8.5,-2.4,-9.8,-2.4,-2,-5.01,-6.25,-1.57,-3,-1.47,-1.59,-1.26,-5,-7,-10,-0.9,-7.19,-9,-5.06,-9.33,-13.13,-3,-14,-3,-7.5,-7,-12.7,-10.1,7.13,-9.42,-18.3,-1.5,3.16,4.18,27,24,11,-3,51
Michigan,Indiana,25,18.97,18.6,23.26,24.2,20.88,25.99,16.32,26,34,22,26.37,21.5,21.46,21.39,22.8,23.53,23.01,20.27,25.47,29.25,19.43,29.61,26.4,23.58,21.11,18.77,22.22,21.9,22.43,18.02,13,18.02,20.52,15.55,25,24,30,13.9,24.8,27,19.14,22.59,24.82,21,23,21,22.5,25,32.1,30.7,22.43,28.19,26.71,18.3,7.69,4.29,14,41,11,27,55
Middle Tenn.,Louisiana-Monroe,10.5,9.25,11.03,9.2,12.37,12.72,9.72,6.23,12,18.33,11,9.48,7.5,12.31,5.07,10.42,19.84,10.1,2.55,15.22,14.15,7.32,9.32,11.4,3.3,11.75,8.29,10.19,10.9,10,9.48,4,6.77,4.55,0.95,13,10,12,6.8,9.43,14,9.26,1.99,14.56,10,13,10,7,10.5,15,14.6,4.89,12.54,9.13,5.4,4.53,3.75,34,31,11,-3,65
Minnesota,Michigan St.,5.5,7.93,11.53,8.68,8.34,3.91,5.87,10.31,6,2.5,15,9.61,13,5.25,4.38,7.01,8.42,8.46,4.94,5.38,4.15,6.73,13.02,6.4,8.13,6.62,11.86,11.96,10.64,8,12.3,4,10.85,12.54,6.9,5,4,7,7.9,10.26,6,6.05,3.68,5.8,9,5,8,15.5,5.5,6.3,11.9,14.07,13.06,1.18,7.3,5.95,3.37,18,41,11,23,59
Mississippi,Arkansas,1,2.66,-1.21,1.11,3.7,-2.1,-2.45,6.92,4,-9.17,3,4.37,1.5,-1.97,3.03,-2.31,0.74,0.54,-0.29,-3.81,-2.35,0.44,2.14,-0.3,3.88,0.95,4.11,4.98,2.31,0.95,7.62,-7,3.54,2.94,5.29,2,1,-1,6.3,1.95,-3,-1.73,-8.26,-0.01,4,-5,0.01,2.5,1,-1.9,0.4,-10.99,0.64,-8.46,5.1,5.5,3.79,28,17,11,-11,45
Missouri,Baylor,8,5.6,7.23,13.5,6.8,8.43,7.42,4.45,7,5,12,2.64,8,6.61,3.25,10.88,11.8,8.33,2.06,8.8,12.05,4.18,8.35,8.5,12.39,4,6.94,9.15,10.03,8.35,6.54,13,7.54,9.45,8.58,10,9,6,5.1,10.47,10,7.16,0.56,5.44,11,9,13,5,8,1.9,14.8,18.03,9.24,-11.31,5,4.48,3.51,16,31,11,15,47
Nebraska,Kansas St.,6,6.72,4.81,5.71,7.15,8.13,2.7,6.17,8,0.67,9,11.52,7.5,7.22,8.92,6.5,8.74,6.63,9.39,8.79,2.55,6,13.6,3.6,6.18,10.15,7,8.47,7.67,7,6.91,2,7.77,7.5,8.66,6,5,3,6.3,9.82,1,3.7,7.18,11.19,7,4,5,6.5,6,0.4,2.3,6.65,9.72,23.03,14.5,5.09,2.97,25,27,11,2,52
New Mexico St.,Nevada,-10,-13.29,-13.47,-8.7,-19.61,-12.95,-10.61,-18.35,-15,-16.16,-16,-7.67,-17,-8.53,-7.33,-5.53,-10.21,-13.04,-9.83,-11.94,-14.85,-5.94,-16.12,-10.2,-12.61,-8.35,-17.49,-8.58,-17.32,-13,-20.92,-17,-16.79,-17.29,-17,-6,-10,-14,-19.4,-11.71,-9,-5.31,-23.25,-9.91,-13,-13,-4,-14.5,-10,-11.6,-9.6,-21.08,-31.78,-3.44,-23.2,-12.53,5.23,48,24,11,-24,72
North Carolina,Maryland,3,4.72,7.62,-1.68,-1.48,3.97,5.03,8.58,4,5.67,5,12.94,4,1.71,6.3,1.72,5.41,4.57,3.16,0.77,3.45,5,10.27,5.4,6.98,3.85,9.26,9.27,6.62,4,8.93,-2,8.7,7.97,3.41,2,3,4,6.5,7.5,2,1.23,-7.95,1.97,4,-2,1,8.5,3,2.5,3.4,4.5,6.04,-6.66,9.1,5.51,3.40,33,30,11,-3,63
Notre Dame,Navy,23.5,24.46,22.45,11.67,21.63,25.51,24.6,23.88,24,30.17,27,18.99,24,25.5,22.63,19.7,19.23,23,28.51,30.5,24.45,20.93,37.59,27,11.91,25.94,24.55,19.55,22.62,23,21.8,16,22.1,19.77,18.65,19,24.5,23,20.7,26.14,19,17.28,17.99,30.19,20,23,18,25.5,23.5,23.9,18,26.88,34.81,26.12,22.3,9.87,5.08,21,42,11,21,63
Ohio St.,Northwestern,19,11.67,11.46,13.33,15.62,15.63,16.13,8.66,18,15,16,6.58,15,14.47,6.87,15.7,19.61,13.42,16.78,16.59,15.55,10.23,10.88,14.9,8.2,14.67,8.13,13.93,10.17,14.5,10.05,8,7.31,7.49,9.96,19,16,10,7.3,10.22,16,14.69,7.86,16.95,15,14,15,14.5,17.5,17.2,14.8,24.79,13.86,3.95,6.4,6,3.89,7,48,11,41,55
Oklahoma,Texas A&M,13,7.05,11.02,11.29,5.89,9.64,14.13,9.54,11,11.17,15,14.87,11.5,4.9,10.86,11.22,11.18,11.19,14.05,5.87,12.75,7.85,16.35,12.4,9.31,7.99,10.94,14.02,12.73,11.5,11.86,-7,12.93,13.29,10.71,13,10,13,7.8,13.23,12,10.99,13.02,7.09,12,7,12,12.5,13,16.2,18.4,19.67,12.46,16.83,13.2,5.8,4.18,30,36,11,6,66
Oklahoma St.,Texas Tech,-23,-22.53,-17.09,-12.75,-27.8,-20.01,-24.62,-21.21,-27,-28.16,-23,-18.51,-21,-23.81,-16.77,-16.57,-24.53,-22.18,-23.71,-28.77,-24.85,-9.9,-39.78,-26.7,-9.78,-23.61,-21.54,-14.03,-19.23,-22,-19.85,-17,-17.87,-21.2,-17.43,-25,-21,-22,-16,-25.5,-18,-14.57,-30.8,-28.34,-21,-29,-12,-26,-23,-27.8,-24.8,-35.35,-34.94,-19.48,-13.4,-12.14,6.38,17,24,11,7,41
Oregon St.,Stanford,5,0.42,-0.71,5.36,-0.78,1.71,2.98,-0.01,1,-1.83,6,-5.52,5,0.94,-3.8,3.72,7.86,1.67,-2.68,0.93,3.15,-0.5,-1.16,1.9,2.79,-2.55,1.6,0.61,1.49,1.49,1.54,3,1.61,-3.96,1.87,6,4,2,2.6,0.91,6,5.19,-5.49,-3.05,7,-2,6,1.5,4,0.01,-1.6,17.41,-0.29,-12.6,2.3,1.97,3.95,20,17,11,-3,37
Pittsburgh,Connecticut,12.5,7.21,7.04,3.3,2.4,8.81,7.01,7.81,8,5.5,5,15.73,5.5,6.61,14.08,5.28,14.75,7.49,10.03,7.46,9.05,7.16,10.89,12,-1.07,8.06,8.89,7.72,6.52,7.16,6.82,3,5.46,4.9,6.82,9,11.5,7,8.1,7.39,4,4.32,29.44,6.5,8,5,6,8,11.5,9.4,13.4,12.34,11.14,23.28,15,5.55,3.33,0,24,11,24,24
Purdue,Illinois,23,15.66,15.19,22.01,20.8,17.51,22.27,11.07,19,26.17,21,14.41,18.5,20.08,9.46,22.11,19.02,18.24,14.19,23.49,26.35,17.62,27.08,23.1,17.68,19.14,12.64,14.68,15.41,19.02,11.56,13,11.7,11.63,5.95,21,22,21,10.2,19.09,23,15.68,26.27,24.53,18,21,20,15.5,22,20.4,24.2,19.82,21.28,21.89,10.5,6.5,4.42,3,37,11,34,40
Rice,Tulane,1,-4.32,-2.45,-5.9,-12.57,-1.16,-2.53,-6.21,1,4.5,-2,-7.87,-2,-2.5,-6.47,-3.07,0.92,-3.35,-2.8,-3.31,-1.95,-0.48,-4.15,-0.8,-2.76,-0.63,-5.56,1.18,-2.05,-2.53,-6.3,-13,-3.16,0.41,-4.68,-7,2,-3,-3.2,-0.37,-2,-2.1,-17.08,-1.78,-2,0.01,0.01,-4.5,0,-0.7,-5.1,-6.13,-14.33,-16.14,-18.5,-8.48,3.70,34,42,11,8,76
South Carolina,Florida,-4.5,-3.92,-3.51,-5.78,-7.53,-4.96,-4.5,-2.91,-1,-0.67,-2,-0.59,-3,-4.77,-3.14,-4.9,-2.94,-3.95,-2.32,-7.06,-5.05,-4.07,-4.09,-2.4,-4.85,-4.3,-2.16,-1.93,-3.49,-3.51,-2.3,-3,-2.24,-2.23,-2.74,-4,-5.5,-7,-3.9,-2.89,-7,-2.96,5.64,-6.01,-2,-9,-4,-7.5,-4.5,0.01,-1.9,-9.4,-5.95,-3.92,-0.9,2.52,2.19,22,30,11,8,52
Syracuse,South Florida,-8,-19.33,-17.62,-5.26,-18.22,-12.99,-5.86,-23.06,-18,-6.67,-14,-15.02,-14.5,-15.55,-14.23,-6.76,-10.8,-15.73,-13.75,-17.58,-10.55,-7.32,-36.84,-9.5,-3.61,-19.75,-23.38,-12.53,-21.71,-14.5,-22.71,-10,-22.72,-21.85,-18.51,-5,-7,-13,-20.3,-23.82,-5,-7.04,-13.68,-21.94,-10,-21,-3,-33.5,-9,-15.1,-14.4,-13.8,-40.54,-15.46,-25.5,-12.14,8.38,27,0,11,-27,27
TCU,UNLV,29.5,29.44,32.37,23.81,34.35,29.94,35.09,30.27,40,39.67,32,32.05,33.5,28.8,27.8,27.61,26.56,32.08,26.53,33.54,35.95,20.84,49.81,33.1,28.17,31.38,32.3,32.51,37.92,32.05,34.18,7,38.5,38.31,32.49,32,28,32,22.2,39.13,29,21.11,45.62,34.61,29,30,23,38,29.5,37.4,43.2,21.68,50.61,43.32,39.1,10.71,7.50,3,51,11,48,54
Tennessee,Memphis,19,12.59,12.61,6.9,3.06,13.06,19.62,13.12,13,14,11,13.02,9,12.06,10.94,14.64,18.09,13.75,9.59,14.73,18.85,14.79,23.5,21,16.09,14.54,12.8,8.62,10.36,13.1,10.95,10,14.17,9.86,7.3,17,19.5,20,13.6,16.96,15,10.99,12.2,16.68,12,14,16,8,18,19.2,13.1,31.76,15.12,20.92,8.7,8.23,4.78,16,20,11,4,36
Texas,Kansas,33.5,29.88,23.99,23.96,29.03,28.52,25.68,29.11,35,36.83,31,26.8,33,30.62,29.69,30.53,29.44,29.98,36.45,35.67,32.35,25.57,27.11,34.2,28.75,32.72,29.27,25.27,29.2,29.69,32.46,31,23.71,26.27,29.35,33,34.5,26,26.1,22.15,31,25.43,39.79,38.46,32,32,27,33,33,26.4,31.3,29.8,43.51,38.44,33,29.64,4.29,14,66,11,52,80
Tulsa,East Carolina,10,11.66,10.73,13.07,13.12,11.35,13.73,11.47,14,11,16,9.68,14.5,11.85,7.61,10.54,10.57,12.65,12.82,12.94,16.25,7.85,20.39,13.2,13.03,13.25,12.4,12.42,13.2,12.82,13.37,11,12.78,13.54,15.02,14,11,14,10.1,16.48,11,9.88,-5.86,13.99,12,12,11,15,10.5,13.3,11.2,6.12,18.34,-12.95,3.4,6.2,2.57,13,45,11,32,58
UCLA,Arizona St.,4,2.35,4,-1.52,1.64,2.01,2.76,6.26,9,0.01,13,5,12,-1.65,13.81,2.8,-7.65,4.28,6.39,-3.64,-3.65,2.48,7.4,0.8,8.75,1.47,7.48,8.64,9.64,3,10.32,7,11.85,12.36,20.24,1,5,2,4.3,7.72,1,1.85,20.67,-1.89,10,-2,3,11.5,4,-3.5,-5,-10.13,6.65,15.23,13.6,4.42,5.78,35,45,11,10,80
Utah,New Mexico,6,2.36,4.59,9.77,4.84,4.55,8.81,0.14,7,9,6,6.03,3.5,4.54,1.23,7.8,14.47,4.55,1.32,5.64,8.55,5.23,2.69,4.2,5.64,4.99,1.41,2.16,2.1,4.59,0.85,-7,2.46,1.81,-2.56,9,4.5,4,2,3.9,6,6.67,-7.25,6.19,6,1,10,1,6,7.8,2.2,9.57,1.58,-5.6,-6.5,3.96,3.60,31,27,11,-4,58
Vanderbilt,Kentucky,11.5,9.73,13.87,8.89,11.6,10.66,10.15,9.73,13,10,18,8.78,13.5,9.75,7.03,9.04,8.88,11.73,8.84,10.69,10.25,10.97,17.61,9.7,13.22,9.99,10.53,9.25,13.42,11,12.77,16,12.24,13.99,13.1,11,12.5,11,9.2,14.92,8,8.77,20.39,10.15,14,12,9,16.5,11.5,13.2,11.8,16.57,15.58,18.13,14.3,6.36,2.72,48,43,11,-5,91
Virginia,Georgia Tech,4,-1.95,-4.11,3.54,-2.74,-0.75,-0.82,-5.49,3,-9.67,1,-0.56,-1.5,0.85,-2.63,5.09,5.93,-1.35,2.45,-0.76,1.35,-1.22,-9.01,3.1,1.15,0.38,-7.53,-3.53,-5.34,-1,-4.56,-3,-8.4,-6.8,-4.47,4,5,4,-4.3,-3.94,2,2.22,13.09,1.15,4,-1,5,-5,3,-1.7,3.6,-8.21,-6.93,7.49,-4.2,2.59,4.23,17,27,11,10,44
Wake Forest,Miami (Fla.),-16,-17.41,-18.2,-17.64,-22.5,-15.96,-19.47,-19.2,-18,-16.67,-17,-18.02,-19,-15.91,-17.55,-18.8,-21.33,-18.35,-13.52,-19.7,-18.85,-11.88,-28.9,-17.3,-18.34,-17.86,-20.41,-16.08,-21.43,-18.2,-20.1,,-18.41,-20.09,-14.13,-16,-16.5,-18,-12.7,-20.55,-15,-15.68,-5.22,-19.83,-15,-20,-14,-28.5,-16.5,-19.7,-14.3,-20.13,,-10.18,-19.7,-0.34,3.24,47,17,11,-30,64
Washington St.,Oregon,-4.5,-15.5,-15.7,-5.7,-14.21,-12.62,-9.56,-22.14,-16,-10.83,-14,-19.97,-20.5,-8.53,-26.16,-7.04,-10.73,-14.13,-13.05,-11.61,-11.95,-6.93,-30.79,-7.9,-9.93,-11.95,-22.79,-14.39,-19.58,-12.62,-22.4,-8,-21.87,-24.38,-19.23,-6,-3,-13,-24.6,-21.57,-3,-4.44,-20.89,-12.31,-7,-10,-3,-19.5,-6,-7.9,-8,-12.6,-29.33,-34.61,-26,-19.54,6.97,34,31,11,-3,65
Western Mich.,Central Mich.,3,-1.37,-1.1,-0.78,-0.01,-3.87,1.51,-0.01,1,5.16,2,0.91,1.5,-2.61,0.01,0.67,3.62,0.13,-2.21,-5.17,5.15,1.12,-1.98,0.5,-2.88,-1.62,-1.43,-0.56,-1.6,-0.05,1.24,2,-2.16,-1.33,-4.29,7,1.5,3,-0.4,-0.63,1,1.98,-24.96,-3.42,6,-3,3,0.5,2.5,7.4,4.2,-9.92,-1.99,-9.97,0.9,3.62,3.26,24,31,11,7,55
Wisconsin,Iowa,2.5,9.62,10.75,0.92,5.66,4.7,-0.69,15.38,11,-2.5,15,12.11,15.5,4.43,15.17,6.45,4.89,8.07,7.26,4.53,1.35,6.93,16.81,1.1,10.85,5.57,15.96,11.89,14.75,6.93,17.47,5,15.94,17.66,17.4,2,3,1,12.2,12.53,4,3.33,13.97,4.15,8,2,4,14,3.5,-2.6,4.7,-6.13,14.33,13.9,19.2,7.3,6.23,20,10,11,-10,30
Wyoming,BYU,-4.5,-2.91,-2.68,2.02,-1.28,-3.62,-8.6,-2.23,-2,-15.17,1,-11.8,-1,-3.64,-5.23,1.14,-1.87,-3.48,0.29,-5.52,-8.05,-2.83,-9.56,-9,3.64,-1.82,-2.91,-2.57,-3.06,-2.68,-0.92,1,-2.54,-1.13,1.04,-4,-2.5,-7,-1.4,-4.11,4,-0.49,5.46,-3.36,-1,-7,1,-1.5,-4.5,-12.4,-7.4,-11.54,-8.97,5.33,1.2,3.1,4.34,35,21,11,-14,56
Akron,Ohio,3.5,1.43,1.15,3.31,1.71,3,1.72,-0.01,5,-2.33,4,7.38,3,2.67,5.69,4.13,3.85,2.53,1.62,1.72,2.05,1.55,-0.45,2.5,1.36,3.26,-0.16,1.92,0.93,2.02,1.26,3,-1.16,0.36,1.49,4,3.5,2,0.3,1.51,3,3.46,11.24,3.73,6,1,5,2.5,3.5,0.2,2.6,15.01,-0.61,11.47,1.2,3.59,2.71,3,27,12,24,30
Arkansas,Mississippi St.,14,10.98,11.91,13.37,10.6,12.62,15.4,9.29,16,26.33,12,15.22,12,12.84,13.68,17.44,11.26,13.71,16.19,13.9,15.35,11.75,18.61,13.8,13.97,12,11.69,13.88,11.01,13.27,10.82,12,9.24,10.7,11.1,14,13,14,9.5,15.48,11,13.83,7.06,13.18,13,13,15,14,14,18.6,9.7,23.87,14.97,8.98,16.7,5.89,3.33,10,44,12,34,54
Army,Arkansas St.,8,9.48,5.5,0.01,-1.9,8.96,9.87,7.72,11,4.5,4,10.8,1,11.22,9.53,9.85,16.93,7.49,18.27,9.13,13.95,4.18,9.29,10.8,6.35,11.55,6.67,2.85,2.34,7.2,4.12,-3,3.69,-0.25,2.51,12,6,16,6.6,5.36,-1,3.09,24.2,14.56,3,4,5,0.01,8,13,17.3,21.42,9.68,20.3,10.5,5.81,5.77,10,38,12,28,48
Auburn,Alabama,7,4.47,2.19,7.06,0.38,5.2,11.09,-0.78,7,10.34,1,10.96,-1.5,8.76,2.63,11.22,14.23,5.23,7.69,7.58,8.65,5,1.47,6.7,5.92,8.81,-1.16,1.32,-0.66,5.56,-0.95,3,-1.39,-0.95,-0.66,13,6.5,6,-0.6,2.57,5,7.65,-6.77,11.53,6,4,12,-1,7,8.8,7.9,9.46,3.09,10.69,-2.2,3.33,4.47,18,28,12,10,46
BYU,Utah,10.5,9.99,8.71,-5.47,5.88,7.95,4.45,9.7,11,3.83,13,12.04,10,10.32,11.36,0.57,5.82,7.85,10.15,7.71,6.05,6.27,16.08,8.6,4.01,8.88,9.45,11.22,9.5,8.97,10.93,4,9.39,10,11.61,7,10,11,7.6,11.99,-1,2.59,9.63,8.94,9,9,1,10.5,10.5,7.4,5,1.18,14.43,6.73,13.1,5.72,4.22,41,34,12,-7,75
Ball St.,Central Mich.,-4,-4.1,-2.83,-4.7,-9.97,-9.86,-4.89,2.55,-4,-6.16,0.25,1.48,-2,-10,2.7,-3.33,-1.23,-3.08,-0.43,-12.58,-4.25,1.08,-2.38,-4,0.45,-6.21,1.84,0.34,-3.15,-2,2.85,1,0.23,0.01,2.32,-2,-4.5,-2,2.8,-2.56,-1,-0.99,-7.48,-10.28,-2,-10,1,-1,-4,-1.5,-6.4,-20.07,-3.88,-14.24,2.5,4.25,4.63,31,24,12,-7,55
Baylor,Oklahoma St.,2.5,4.79,1.85,-4.85,10.01,4.12,-2.3,3.22,6,-5.66,6,4.11,3,6.12,5.87,-3.02,3.73,1.86,7.74,3.39,-5.55,-1.56,7.21,1.8,-4.72,7.29,1.19,0.99,1.18,2.88,3.81,-10,2.77,1.55,3.25,-1,4,2,2.9,3.47,-2,1.23,-5.53,6.87,5,-2,-4,4,2.5,-1.7,4.1,4.77,1.64,-15.52,1.1,4.31,4.25,34,44,12,10,78
Boise St.,Idaho,31.5,22.4,21.45,24.71,21.14,22.69,32.42,21.58,31,32.34,29,28.77,30,23.24,24.9,34.3,25.4,28.04,24.59,28.85,35.75,21.64,35.96,31.1,27.7,25.9,23.39,25.14,26.72,27.35,24.98,27,24.1,26.01,26.78,38,30.5,32,18.3,28.8,28,23.21,34.12,30.69,28,27,30,31,31,28.9,38.4,25.53,39.55,43.05,36.6,9.4,4.75,35,70,12,35,105
Buffalo,Eastern Mich.,-6,-8.41,-10.21,-3.16,-7.75,-9.07,-6.5,-9.08,-7,-14.34,-8,3.76,-12,-7.77,-5.42,-5.66,0.35,-7.48,-6.73,-10.87,-5.25,-7,-7.24,-5.6,0.78,-7.19,-9.37,-4.93,-10.52,-7.21,-10.6,-27,-7.78,-9.46,-9.6,-1,-4.5,-3,-15,-3.91,-1,-5.93,-14.13,-9.34,-4,-10,-2,-17.5,-6,-7.4,-7.1,-6.09,-17.06,-6.6,-10.9,-19.2,5.15,38,14,12,-24,52
Georgia,Kentucky,27,18.74,21.99,27.93,29.49,21.47,24.96,17.43,26,23,28,13.3,23.5,20.01,16.58,25.16,17.42,23.79,19.17,24.09,24.05,22.67,35.85,25.2,22.12,21.36,20.17,20.26,26.45,24.01,21.93,17,24.02,27.14,24.23,23,28,22,14,31.01,27,21.23,28.69,24.03,26,25,24,29,26.5,21.3,27.4,32.48,30.4,25.32,22.5,8,4.48,13,45,12,32,58
Houston,SMU,13,11.16,8.48,11.43,9.9,11.42,10.2,10.12,15,3.5,17,12.43,11,12.25,11.81,15.01,13.07,12.4,12.25,13.87,13.95,11.88,17.88,12.4,6.49,15.94,8.99,12.09,11.99,12.05,12.41,,11.55,12.28,11.99,16,12.5,12,8.9,16.21,6,10.86,5.27,18.02,14,12,14,16,13,10,11.1,19.8,,12.93,11.8,6.59,3.20,29,24,12,-5,53
Illinois,Northwestern,-15,-14.44,-16.08,-16.12,-24.95,-13.68,-16.93,-14.35,-15,-17.84,-19,-19.14,-22.5,-14.93,-18.64,-15.68,-5.66,-17.53,-15.51,-21.56,-20.85,-11.84,-33.45,-15.9,-13.76,-15.77,-16.68,-15.93,-20.75,-16.81,-15.76,-21,-18.25,-19.07,-17.91,-11,-14.5,-20,-10.6,-22.76,-15,-11.11,-4.8,-20.16,-12,-22,-11,-20,-15,-18.8,-22.6,-11.94,-29.11,-21.68,-17.6,0.3,4.94,38,21,12,-17,59
Indiana,Purdue,-12.5,-2.37,-2.88,-10.69,-5.01,-4.75,-11.63,1.28,-2,-12,0.25,-6.41,-2,-5.89,0.41,-6.51,-8.9,-5.67,-2.7,-8.52,-12.65,-5.27,-6.6,-13.2,-7.84,-2.92,-0.29,-1.34,-2.37,-5.34,2.01,-14,-0.46,-0.33,1.85,-8,-12,-13,1.5,-3.93,-13,-6.67,-6.72,-5.41,-4,-11,-6,1,-11.5,-13.1,-11.2,-8.33,-4.54,-8.13,2.8,3.61,4.63,41,14,12,-27,55
Iowa,Minnesota,4.5,-1.36,-1.25,5.17,0.99,-1.76,0.96,-1.53,1,0.5,2,2.55,-3.5,-1.18,8.18,3.77,5.05,0.5,4.04,-2.71,0.45,-0.99,-3.33,3.2,5.08,0.64,-2.54,-0.35,-4.25,0.36,-1.82,-7,-3.01,-3.82,-1.82,9,4,7,-0.9,-1.27,-1,2.35,-21.14,0.49,3,-3,4,-2,3.5,3.3,2.9,0.27,-3.2,-1.61,0.7,3.2,3.49,28,52,12,24,80
Kansas St.,Missouri,2,-3.42,-3.82,-0.92,-2.89,-3.59,-0.85,-4.2,-1,4.34,-2,-1.86,-5.5,-2.79,2.03,2.61,-0.86,-2.36,0.46,-4.94,1.15,-0.92,-12.34,0.6,0.81,-2.5,-6.26,-4.59,-7.88,-1.98,-4.7,2,-7.55,-8.21,-5.64,3,1,2,-2.3,-7.44,2,1.48,-3.97,-1.96,-1,-5,4,-3.5,1.5,0.01,-1.3,-6.05,-9.73,10.18,1.5,2.95,3.79,28,36,12,8,64
Marshall,East Carolina,6,5.25,5.79,10.59,3.94,4.82,8.08,5.34,7,6.67,7,2.54,6.5,5.17,3.36,8.46,14.14,6.68,5.18,4.92,10.55,4,7.25,8,6,4.79,6.62,7.62,7.07,6.67,6.99,5,7.08,7.54,7.3,12,6.5,6,5.9,8.28,1,6.67,1.39,5.38,9,5,11,8.5,6,7.1,2.1,5.46,9.12,1.67,8.2,4.93,2.54,34,29,12,-5,63
Maryland,Boston College,-2.5,-2.24,-2.55,-3.36,-5.4,-3.24,-3.15,-0.4,-1,-8.33,-1,3.22,-5.5,-3.9,-1.07,-2.79,-4.27,-1.92,0.58,-5.3,-3.05,-2.09,-2.37,-2.4,5.25,-2.81,-0.73,-2.5,-3.58,-2.38,-0.8,1,-2.39,-2.81,-1.12,1,-2,0.01,1.2,-2.63,-2,-0.62,-4.05,-3.78,-1,-7,2,-6,-2.5,-1.7,3.9,4.16,-4.35,-7.21,-1.3,3.84,2.83,31,16,12,-15,47
Miami (Fla.),Georgia Tech,17.5,15.86,14.52,17.13,19.95,17.35,19.53,13.64,22,26.33,17,22.15,16.5,17.68,18.41,18.49,18.68,18.05,23.74,20.06,21.15,10.45,16.75,19.8,19.06,19.55,14.5,19.45,16,18.41,15.99,12,11.55,13.63,15.36,20,17,21,10,14.12,16,16.91,22.76,22.01,19,22,17,21,17.5,23.9,15.9,19.3,,24.07,17.2,6.52,3.40,14,10,12,-4,24
Miami (Ohio),Bowling Green,10,8.27,8.34,4.62,10.73,12.99,13.29,5.27,15,22.67,14,12.21,10,11.4,12.23,7.81,9.46,10.91,13.39,12.71,14.65,6.27,12.96,6.5,1.08,12.19,6.86,10.66,9.76,10.33,6.83,6,7.7,7.8,8.82,9,8.5,15,5.2,12.18,8,7.9,16.93,13.63,12,10,6,9.5,10,19.8,26.7,17.42,12.29,22.46,11.9,4.55,4.69,42,14,12,-28,56
Michigan,Ohio St.,-3,-2.73,-3.46,-0.01,-5.44,-3.83,-6.1,-1.75,-2,-8,-0.25,6.53,-5,-3.89,2.76,-2.12,-2.38,-2.49,-2.69,-6.12,-5.55,-0.95,1.14,-4.4,1.37,-2.85,-1.48,-2.07,-2.81,-2.53,-1.66,1,-0.7,-1.09,-0.65,-2,-2,1,-1.7,1.05,-3,-3.33,-6.11,-4.19,1,-9,0.01,-4.5,-3,-6.8,-2.7,-8.93,-6.16,-9.8,-3.8,2.84,3.12,25,21,12,-4,46
Michigan St.,Penn St.,-7,-10.61,-15.48,-6.34,-17.26,-8.15,-12.69,-13.22,-11,-11,-15,-14.97,-23,-7.63,-17.57,-5.65,-5.27,-12.52,-12.27,-12.9,-11.75,-7.32,-16.34,-10.7,-11.83,-9.37,-16.01,-13.85,-17.98,-12.13,-15.71,-2,-14.25,-19.07,-17.5,-6,-7,-12,-10.1,-11.64,-9,-7.04,-9.36,-11.2,-6,-15,-3,-22.5,-7.5,-15.1,-20.8,-7.68,-25.25,-17,-20.5,0.87,5.27,31,22,12,-9,53
Mississippi,LSU,-17,-20.05,-20.44,-16.35,-19.59,-16.16,-19.68,-22.17,-21,-18.5,-13,-28.39,-18,-18.2,-26.25,-19.25,-19.21,-20.27,-14.57,-21.45,-18.55,-13.87,-41.52,-18.9,-16.48,-17.77,-23.68,-13.34,-24.82,-19.11,-24.1,-15,-24.18,-26.75,-25.38,-18,-16.5,-19,-16.3,-27.91,-16,-12.59,-27.44,-19.73,-16,-25,-14,-27,-17,-14.8,-15,-15.89,-34.81,-28.94,-27.2,-1.78,5.83,40,7,12,-33,47
NC St.,Middle Tenn.,17.5,20.42,19.31,12.41,11.09,15.86,13.95,22.46,14,17.17,13,22.14,13,18.39,24.1,17.51,22.03,18.01,20.84,19.55,16.85,16.05,33.43,19.5,24.17,18.07,22.36,11.77,16.37,17.75,18.56,10,21.94,14.97,21.29,17,17.5,23,18.8,21.9,8,12.84,1.21,19.34,14,8,18,13,17.5,14.6,15.8,35.6,24.61,8.26,16.9,9.32,5.62,3,24,12,21,27
Navy,Temple,27,20.19,19.09,26.56,34.05,22.27,22.52,14.25,34,35.33,33,24.59,25.5,26.53,21.84,27.83,28.48,25.13,22.36,31.16,32.45,17.94,25.57,28.7,26.95,25.61,13.83,19.9,21.99,25.05,19.87,20,19.79,18.56,19.89,29,27.5,27,12.3,21.34,21,18.27,45.61,33.11,29,25,22,25,27,29.2,25.1,31.97,38.29,42.42,28.8,18.16,5.70,17,38,12,21,55
New Mexico,Air Force,13,10.16,11.81,11.45,13.7,6.58,13.53,14.48,14,14.33,20,12.86,18.5,5.88,14.33,6.81,10.13,13.76,11,6.88,13.25,7,25.8,13.8,19.51,9.37,15.39,13.12,16.41,13.9,17.51,7,18.09,19.19,18.73,14,12,14,11.4,20.34,12,7.9,-2.57,8.29,15,7,10,19.5,13,16.7,22.2,15.14,20.09,-5.33,11.8,6.66,4.78,42,24,12,-18,66
North Carolina,Duke,22.5,26.29,23.93,16.48,23.86,22.39,26.29,29,30,23.34,25,30.2,22,23.83,23.51,22.1,14.26,25.34,24.6,26.64,28.15,18.97,42.38,26.8,29.98,23.68,29.24,24.99,26.68,26,30.03,7,26.1,26.31,27.31,22,25.5,27,27.7,29.82,22,17.65,31.76,27.41,22,24,20,28,22.5,25.9,29.5,30.4,38.56,28.92,30,21.55,5.69,21,24,12,3,45
North Texas,Louisiana-Monroe,-4.5,-2.63,-2.93,3.53,-5.37,-3.91,-6.55,-1.63,-6,-13.33,-3,-6.24,-4,-3.83,-1.15,-1.42,1.36,-4.07,-2.26,-6.98,-8.85,-1.88,-3.66,-4.6,3.16,-3.87,-2.81,-4.05,-4.62,-3.87,-0.99,,-3.55,-7.96,-3.17,-2,-4.5,-4,-1.3,-0.84,-1,2.22,-15.69,-6.38,-4,-11,3,-5.5,-4.5,-6.7,-5.2,-19.86,-8.64,-4.88,-4.5,2.63,4.26,24,19,12,-5,43
Notre Dame,Syracuse,34,33.1,33.78,21.88,36.39,32.58,37.44,33.56,40,39.33,32,37.11,33.5,33.35,34.77,29.6,33.64,34.77,36.84,37.72,34.15,27.84,55.31,39.4,20.65,34.06,35.18,29.93,38.04,34.11,36.81,28,38.19,37.67,38.29,27,36,34,30.9,41.23,23,24.2,21.85,38.13,34,34,23,44,34,37.9,27.1,47.93,53.87,30.82,43.4,22.39,7.20,10,34,12,24,44
Oregon,Oregon St.,13,18.04,19.63,9.51,21.26,14.49,11.76,21.91,23,16,23,19.27,25,14.77,21.1,9.82,16.66,17.67,16.77,16.62,11.85,12.99,28.36,13.1,15.54,18.29,21.17,17.79,21.31,17.9,25.25,3,20.71,24.02,22.91,13,14,15,26.7,23.11,9,10.62,8.57,18.97,18,15,9,24,13.5,13.2,23.2,15.83,29.92,12.12,27.4,27.34,5.64,14,56,12,42,70
Rice,Central Florida,-11,-14.62,-14.78,-6.72,-24.72,-10.92,-11.03,-17.34,-19,-12.5,-18,-10.54,-20,-12.14,-9.07,-7.44,-3.68,-14.34,-11.35,-13.88,-11.05,-7.92,-27.82,-11.4,-2.95,-13.33,-19.63,-9.15,-20.23,-13.14,-20.24,-20,-20.49,-20.7,-21.56,-12,-10.5,-13,-11.9,-18.81,-6,-8.27,-0.8,-13.28,-12,-13,-5,-25.5,-11,-14.9,-16,-9.46,-28.07,-4.13,-23.5,-0.06,6.15,31,28,12,-3,59
San Diego St.,Wyoming,7,6.23,6.9,4.33,7.9,8.23,10.64,5.01,10,14,7,12.81,6.5,7.57,10.72,5.38,11.15,7.81,12.07,7.67,11.05,5.24,9.84,12,7.25,7.15,5.43,9.12,5.87,7.08,5.58,3,5.39,4.88,5.55,7,5.5,12,4.4,8.11,5,5.43,2.86,8.1,6,6,5,7,7,16.8,8.5,4.75,8,8.56,7.3,4.76,2.93,21,34,12,13,55
San Jose St.,New Mexico St.,7,8.22,4.33,5.65,13.45,5.57,4.84,10.09,12,5.33,12,4.63,6.5,6.49,5.6,6.41,5.91,6.51,7.34,6.9,8.25,1.05,4.99,6.6,4.99,5.47,6.65,8.35,3.52,5.96,8.57,4,3.31,0.34,6.01,11,6,10,13.2,4.78,3,3.95,17.57,6.59,9,2,4,3.5,7,10.1,6.1,5.68,16.43,4.44,20.4,4.51,3.23,10,27,12,17,37
South Carolina,Clemson,1,0.64,4.24,-0.34,-2.14,-2.97,-2.78,3.76,3,6.17,4,5.04,4.5,-1.91,7.67,-2.21,-0.21,1.62,-1.14,-4.99,-2.55,-0.5,4.46,-1.2,8.79,-1.49,5.65,8.52,5.82,1.5,7.88,-1,7.54,9.29,7.06,-3,0,2,2.5,5.13,-6,-1.98,0.83,-3.19,3,1,0.01,5.5,1,-4.1,4.6,-11.07,3.9,-6.83,8.5,4.63,4.56,13,9,12,-4,22
South Florida,Cincinnati,19,18.48,16.92,10.49,24.55,19.6,13.99,14.9,24,16.17,20,18.22,14.5,22,14.44,16.59,26.64,18.75,21.65,24.67,20.85,15.01,30.8,18,3.96,23.82,14.75,18.81,17.31,18.11,15.94,11,15.55,15.54,17.31,17,17,19,13.6,23,17,14.07,8.41,27.89,17,23,12,23,19,22.5,19.2,24.87,26.32,16.9,21.6,7.37,5.17,16,31,12,15,47
Southern Miss.,Memphis,7.5,10.25,10.65,5.24,8.62,9.24,6.39,10.56,14,8.17,13,5.39,10.5,9.92,4.29,8.22,12.91,9.44,9.91,9.44,5.55,5.2,18.46,7.5,10.5,11.44,11.07,11.41,12.19,9.91,12.06,1,12.63,13.64,13.13,9,7.5,9,6.3,14.07,5,7.04,8.6,12.16,9,7,10,9,8,6.9,11.5,-0.42,12.42,6.82,10.9,5.28,3.52,24,22,12,-2,46
Stanford,California,-4.5,3.86,0.65,-9.19,-2.35,-1.99,-2.1,6.98,6,-2.34,3,-2.17,1.5,0.28,0.26,-5.44,0.91,0.65,4.34,-4.6,-2.25,3,4.62,-1.4,4.16,2.14,5.13,7.09,3.53,0.78,7.5,-9,5.31,11.1,4.54,-4,-3.5,3,3.9,3.87,-5,-4.57,-17.2,-0.43,-2,-4,-3,6,-3.5,1,0.5,-9.07,4.47,-11.23,6.5,6.9,4.69,27,3,12,-24,30
Tennessee,Vanderbilt,11,10,10.32,15.37,10.12,9.61,12.61,11.72,13,13,13,9.93,9.5,8.32,10.17,11.62,15.26,12.32,12.12,10.82,12.95,11,18.92,13.7,11.67,12.2,13.42,12.97,11.95,12.32,12.79,7,12.01,12.82,12.43,12,13,16,9.4,16.92,16,10.86,2.51,13.1,11,9,14,14,11,9.7,12.8,14.67,14.28,-1.56,5.2,6.89,2.35,28,24,12,-4,52
Texas Tech,Oklahoma,7.5,6.86,2.05,0.1,9.58,6.97,9.21,2.31,12,15.66,10,6.95,6.5,11.21,5.71,8.48,4.46,6.6,5.62,10.86,12.55,2.25,5.6,8.3,5.74,8.55,1.43,1.2,1.09,6.74,2.78,7,-0.93,1.65,3.73,13,8.5,3,3.1,5.8,4,5.19,18.65,10.98,12,9,4,7.5,7.5,9.8,8,9.41,6.61,16.25,5.6,4.02,3.87,21,23,12,2,44
Toledo,Northern Ill.,7.5,6.78,9.41,6.45,12.46,5.91,3.82,9.19,9,5,13,7.7,9,4.39,6.57,5.63,8.48,8.33,9.97,7.43,5.95,5.23,14.7,4.3,11.51,6.1,8.4,9.43,10.32,8.2,11.36,8,9.31,11.82,10.88,5,8,4,8,12.39,7,6.05,29.28,5.08,11,6,5,12,7.5,6.6,11,12.67,11.86,12.12,15.5,5.82,2.91,35,17,12,-18,52
Tulane,Tulsa,-14,-13.57,-15.53,-6.9,-16.63,-14.56,-17.42,-13.67,-17,-23.67,-14,-24.35,-18,-13.46,-19.56,-8.55,-10.75,-15.32,-13.11,-17.8,-19.05,-7,-24.71,-16.7,-7.55,-14.63,-17.01,-9.87,-19.16,-16.06,-16.15,-14,-17.71,-20.29,-16.11,-7,-14,-16,-10.3,-17.56,-13,-8.52,-26.13,-16.16,-11,-20,-6,-17,-14,-21.1,-15.2,-12.15,-25.78,-29.26,-24.3,0.31,4.93,38,14,12,-24,52
UNLV,Colorado St.,-14.5,-14.66,-15.49,-6.95,-12.44,-14.96,-12.65,-13.04,-14,-15,-13,-10.19,-16.5,-16.3,-8.67,-11.58,-10.74,-13.9,-9.78,-19.65,-15.25,-10,-25.35,-14.5,-5.83,-14.86,-14.52,-9.1,-17.02,-14.25,-13.71,-9,-17.48,-16.32,-15.51,-11,-14.5,-14,-9.3,-15.72,-15,-9.26,-13.32,-17.88,-11,-15,-9,-16.5,-14.5,-10.3,-22.2,-13.69,-24.82,-16.37,-18.7,0.49,4.16,31,27,12,-4,58
USC,Fresno St.,23,22.12,18.32,21.89,22.2,18.55,19.6,22.13,21,23.66,26,19.23,30.5,22.14,21.13,21.76,19.81,20.61,17.09,25.09,22.05,20.22,14.15,19.8,25.11,22.52,20.36,18.48,18.79,20.82,22.71,13,20.63,17.94,19.84,22,24.5,21,26.3,11.51,15,16.91,32.92,26.96,21,14,22,17,23,17.7,11.3,35.68,28.4,31.52,24.7,28.21,4.65,42,50,12,8,92
UTEP,UAB,7.5,11.53,11.19,5.8,6.74,7.14,8.8,15.8,16,5.33,21,10.82,17.5,7.44,14.5,6.15,12.24,12.13,6.43,8.92,9.15,6.93,30.5,7.4,19.61,10.22,17.88,15.73,17.68,10.11,19.62,7,21.71,23.48,22.02,10,8,7,14.6,22.37,4,7.16,12.16,7.29,13,5,7,17,7.5,8.4,5.5,-0.23,22.03,15.84,17.8,7.3,6.55,35,23,12,-12,58
Utah St.,Nevada,-9.5,-7.79,-10.61,-5.55,-8.56,-12.16,-12.17,-8.16,-12,-14.84,-9,-5.76,-13,-7.51,-2.47,-5.12,-8.94,-9.85,-10.15,-10.89,-12.15,-5.94,-11.88,-8.1,-8.72,-7.84,-10.01,-10.07,-12.98,-10.11,-10.25,-14,-11.71,-12.54,-12.41,-5,-9,-12,-5.3,-9.67,-11,-6.79,-15.42,-9.29,-10,-12,-3,-13.5,-9.5,-15.3,-2.5,-11.37,-18.6,-9.44,-9.8,1.14,3.43,30,24,12,-6,54
Virginia,Virginia Tech,-7,-11.96,-10.53,-7.06,-13.59,-9.97,-6.53,-10.43,-10,-10,-10,-3.24,-13,-13.37,-9.13,-8.52,-5.26,-9.98,-7.45,-16.08,-10.45,-4.95,-13.41,-4.9,-6.93,-12.4,-12.01,-12.42,-12.86,-10,-11.52,-9,-9.94,-11.49,-10.87,-8,-7,-3,-7.3,-8.57,-7,-7.41,-4.45,-15.58,-6,-19,-6,-15,-7.5,-4.4,-4.2,-16.71,-18.99,-6.93,-10.3,1.5,4.00,52,14,12,-38,66
Washington,Washington St.,-3,-1.7,-1.45,-9.56,-5.11,1.98,0.01,-0.91,1,5.16,0.25,-2.42,-0.5,-3.02,-1.31,-3.83,4.74,-1.1,0.93,-3.99,6.65,-4.4,-5.22,0.01,0.01,-1.29,1.68,2.77,-1.76,-1.1,-1.16,-10,0.54,0.48,-0.19,-2,-2.5,3,1.4,-1.04,1,-3.09,-11.41,-2.22,-1,-6,-2,-5.5,-3,4.8,-5.3,5.15,-5.05,-7.67,-9,3.37,3.63,26,22,12,-4,48
Akron,Kent,11,16.97,19.22,7.63,14.18,11.46,9.6,26.92,23,17.5,17,22.88,21,7.9,17.12,8.25,13.33,16.95,14.92,13.22,14.25,12.17,20.96,15,12.11,14.6,25.95,19.06,22.16,15,30.64,14,20.48,26.24,24.94,10,11,14,33.8,16.57,10,9.38,14.86,13.44,15,11,9,27.5,11.5,18.1,14.55,25.99,30.65,10.84,28.9,41.5,6.24,3,35,13,32,38
Arizona St.,Arizona,9,14.09,14.68,18.35,17.79,14.43,7.96,13.28,15,5.33,18,12.95,15.5,15.13,14.03,15.04,17.03,13.55,9.18,14.33,8.15,11.21,25.12,9.2,15.22,11.94,12.56,10.47,15.92,14.06,15.66,14,14.4,15.57,15.2,9,9,6,10.8,19.29,14,11.6,17.4,12.83,13,8,14,12,10,8.3,17.13,16.06,15.52,24.1,18.8,6.75,3.76,20,23,13,3,43
Bowling Green,Toledo,6,-0.45,-0.34,3.21,-2.62,-2.38,-3.93,-0.8,1,-0.5,2,9.08,-1.5,-0.13,3.31,4.76,11.16,1.59,-0.96,-2.17,6.25,0.75,-4.49,12.4,3.78,0.01,0.01,-0.14,-0.77,0.03,-0.01,3,-0.31,-0.6,-0.39,9,4,7,-0.2,-2.54,6,1.6,-15.24,0.46,5,1,7,,5,5.9,-1.2,-2.91,-3.16,-8.76,0.1,3.49,4.09,44,41,13,-3,85
Colorado,Nebraska,14.5,11.12,9.29,9.05,16.75,11.88,17.47,8.64,17,22.17,12,12.35,10.5,13.29,13.32,12.95,11.03,12.98,11.72,14.37,18.55,6.83,13.54,13.8,8.37,13,9.56,12.92,11.34,12.64,10.53,7,8.7,9.71,9.81,15,13.5,15,7,12.12,19,9.75,33.54,14.46,13,15,10,9.5,14.5,20.8,16.39,24.26,14.4,32.85,14.7,5.3,3.88,30,3,13,-27,33
Connecticut,South Florida,-8.5,-11.17,-12.31,2.76,-7.78,-8.57,-5.88,-12.32,-11,-12,-6,-8.75,-11,-9.98,-9.2,-4.48,-0.99,-9.85,-11.53,-11.22,-8.35,-11.21,-27.68,-10.2,-1.63,-12.28,-13.44,-8.37,-14.27,-11,-12.31,-12,-13.48,-14.41,-14.02,-3,-8.5,-9,-10.3,-16.91,-3,-4.2,-13.73,-13.65,-5,-16,-1,-17,-8.5,-12.7,-4.29,-2.49,-19.75,-5.96,-11.5,0.63,5.60,10,15,13,5,25
East Carolina,UAB,-5,0.01,1.18,-8.68,-5.53,-3.09,-8.33,2.61,-2,-9.84,2,-2.29,-1,-2.52,-3.01,-8.51,-5.14,-3.01,-4.79,-3.72,-8.65,2.35,0.37,-8.3,0.01,-1.89,2.7,-0.47,-0.6,-2.75,2.64,-1,2.46,2.26,2.43,-9,-6,-8,2.5,-0.76,-5,-3.58,-14.1,-5.79,-2,-9,-4,-5.5,-5,-8.9,-4.36,-1.3,-2.98,-19.67,-8.4,4.07,3.85,23,31,13,8,54
Florida,Florida St.,5,0.82,4.77,3.44,9.16,2.27,5.9,-0.13,6,8.83,5,7.95,3.5,1.72,9.48,2.76,5.49,4.02,1.99,0.63,5.15,1.33,-0.3,4.5,8.79,2.84,0.62,8.05,4.5,4.37,4.25,-3,4.77,5.04,1.42,3,6,7,-0.7,4,5,0.99,6.43,1.96,7,0.01,2,6,5,5,6.24,6.39,2.75,5.53,5,3.34,2.86,7,34,13,27,41
Florida Intl.,Florida Atlantic,0,1.85,2.56,-2.7,0.42,-1.44,1.25,2.72,4,-6.17,6,-1.17,4.5,0.92,-1.95,-7.46,2.71,1.09,1.02,-5.07,-0.95,1.89,1.81,1.2,5.05,-2.97,2.08,8.15,2.53,1.85,3.22,-2,3.46,0.72,5.62,2,0,4,2.2,3.64,-3,-0.37,-12.59,-5.78,-1,,-3,5.5,0,1.9,3.61,6.91,2.92,-24.87,11.7,3.46,3.50,6,52,13,46,58
Georgia Tech,Georgia,-3.5,2.29,2.45,-3.46,-0.86,-0.2,-2.96,8.13,1,-2.83,2,4.32,0.5,-2.37,2.6,-3.46,-1.5,0.85,3.54,-3.12,-0.55,3.96,6.06,-3.4,1.17,0.4,7.67,5.83,0.95,0.98,5.98,-2,3.54,2.72,5.87,2,-3,2,7.6,3.18,-1,-1.11,1.81,-2.73,-1,-9,-1,0.01,-2.5,3.7,-4.39,1.77,2.51,-1,6.1,5.47,3.46,14,7,13,-7,21
Hawaii,Wisconsin,-6.5,-19.61,-18.7,-9.71,-14.35,-14.09,-10.67,-22.7,-14,-14.17,-21,-16.15,-25,-16.93,-21.9,-13.44,-10.47,-15.94,-17.29,-22.72,-11.55,-17.77,-40.45,-6.4,-11.05,-17.79,-24.84,-11.01,-19.64,-15.58,-19.54,-4,-23.64,-20.21,-24.88,-15,-7,-12,-18.3,-24.77,-9,-8.64,-24.76,-22.04,-4,-12,-11,-18.5,-7.5,-5.8,-12,5.67,-28.67,-18.19,-25.6,-2.97,7.74,41,24,13,-17,65
Houston,Rice,16.5,16.21,14.01,13.79,24.19,15.63,19.07,14.24,22,10.83,25,9.7,21.5,18.28,10.73,14.33,12.22,16.79,13.23,18.32,16.35,13.36,18.49,12.7,10.58,17.91,16.04,12.91,15.23,16.28,18.54,24,16.94,17.2,19.13,18,16.5,13,11.3,16.67,14,13.95,17.78,18.54,20,14,14,25.5,16.5,14.2,22.17,23.42,22.22,7.07,18.8,6.75,4.15,18,35,13,17,53
Kansas,Iowa St.,-3,-4.65,-3.62,-3.48,-12.25,-7.4,-7.02,-1.52,-8,-11.33,-3,-1.78,-7,-7.57,-2.05,-3.56,-0.99,-5.4,-6.06,-9.45,-9.35,-5.23,-7.02,-10,-0.45,-8.72,-1.56,-2.56,-5.43,-5.39,-1.27,-6,-4.24,-4.07,-3.07,-6,-3,-8,-0.6,-5.35,-3,-2.84,2.2,-12.55,-2,-11,-1,-7,-3,-10.1,-6,5.12,-8.85,-7.75,4.2,3.26,3.67,21,24,13,3,45
Kentucky,Tennessee,-9,-6.13,-7.97,-13.21,-9.11,-9.38,-9.31,-3.58,-5,-10.17,-5,-4.75,-7.5,-8.66,-2.28,-11.59,-7.16,-7.87,-3.76,-11.6,-9.05,-5.94,-17.78,-7.4,-0.01,-7.1,-5.24,-0.68,-8.74,-7.74,-4.94,-10,-5.86,-6.92,-5.14,-6,-12,-5,-2.7,-11.5,-12,-8.27,-25.61,-9.8,-6,-12,-8,-10.5,-9,-3.7,-10.66,-18.32,-9.28,-20.78,-7.8,2.66,3.75,27,8,13,-19,35
LSU,Arkansas,17.5,19.49,19.08,17.56,20.47,14.6,18.24,22.57,25,14,24,24.85,22.5,16.29,23.56,16.11,10.65,19.64,13.42,17.68,15.95,15.63,35.09,16.7,23.56,17.93,22.85,19.6,23.64,19.17,25.03,10,23.48,24.97,25.94,20,16.5,17,18.3,26.56,13,11.98,17.07,19,21,19,15,26.5,17.5,12.3,19.25,15.12,27.41,11.6,28.1,8.98,5.15,17,19,13,2,36
Louisiana Tech,Boise St.,-7,-5.38,-4.2,-6.6,0.16,-8.26,-11.68,-3.38,-7,-13,-1,-6.54,-8.5,-7.34,-1.42,-8.63,-10.66,-7.26,-8.72,-11.58,-14.95,-4.48,-17.35,-12,-8.22,-7.8,-2.97,-1.72,-3.57,-7.17,-1.79,-2,-1.54,-1.54,-2.76,-15,-7.5,-15,-3.2,-8.36,-9,-6.91,8.74,-12.46,-2,-12,-9,-5,-7,-10.5,-4.96,-6.58,-10.69,4.37,-0.4,1.86,4.43,30,13,13,-17,43
Louisiana-Monroe,Louisiana-Lafaye,3,1.47,1.95,2.74,3.6,0.16,5.83,2.56,7,6,5,4.35,1.5,0.37,5.54,3.76,2.67,3.29,4.46,-0.01,4.75,3.96,3.09,3.2,1.9,4.93,2.43,1.19,1.21,3.18,3.18,,2.54,6.8,3.02,5,4,3,2.9,3.67,3,2.1,4.35,3.49,5,1,5,2,3,3.9,4.54,4.49,0.82,-0.31,8.6,5,1.76,54,21,13,-33,75
Louisville,Syracuse,35.5,28.51,28.75,28.82,37.62,28.98,36.16,28.01,40,39.66,36,36.91,32,30.31,27.11,33.41,31.48,33.13,28.21,33.95,37.35,25.1,48.86,35.8,20.87,30.16,30.16,33.08,33.74,33.21,33.12,30,33.49,33.61,34.24,36,35.5,30,27,37.54,31,24.07,50.16,34.59,34,30,27,42,35,33.3,27.67,43.63,47.85,45.97,48.3,20.71,5.73,17,41,13,24,58
Memphis,Marshall,11,8.13,8.17,8.48,11.13,7.75,8.39,6.91,12,13,11,12.64,8,9.42,8.32,6.81,10.09,9.57,9.84,8.66,11.15,7.32,12.56,10.7,9.14,9.08,7.59,9.98,8.08,9.11,8.74,11,7.08,8.16,8.67,11,10.5,13,5.8,10.1,12,7.41,10.85,8.99,10,7,7,11.5,11,13.5,14.44,5.19,11.27,2.9,9.4,5.04,2.13,3,26,13,23,29
Miami (Fla.),Virginia,17.5,14.14,15.15,15.02,22.68,17.47,18.33,11.65,20,23,18,11.63,18,16.35,12.65,17.94,10.5,17.09,17.7,19.78,19.45,10.79,19.93,17.9,11.55,18.69,13.56,18.52,16.38,17.59,14.63,10,14.4,14.97,14.75,21,17,15,9.6,15.95,16,15.68,27.09,20.89,19,21,15,21.5,17.5,22.2,19.58,27.58,20.37,23.07,17.9,5.81,3.79,17,25,13,8,42
Mississippi St.,Mississippi,-3,-2.28,-3.51,-3.31,-1.25,-1.59,-1.96,-3.86,-1,-8.34,1,-2.37,-2.5,-0.69,-1.67,-2.9,-4.59,-2.22,-2.52,-3.14,-3.15,-3.17,-2.49,-3.1,-4.09,-0.8,-4.32,0.65,-2.29,-2.28,-3.08,3,-0.54,-0.51,-1.22,0.01,-3,-2,-2.5,-0.25,2,-2.1,1.97,-2.31,-1,-4,-2,-5,-3,-2.1,0.13,-5.72,-6.17,3.37,-7.2,2.31,2.09,14,35,13,21,49
NC St.,Maryland,2.5,1.01,3.11,6,6.31,2.6,-0.82,0.73,3,6.83,3,-1.25,2.5,1.23,-4.98,1.94,6.99,2.3,1.57,3.12,3.25,2.13,0.4,2.8,-0.51,2.44,0.81,6.43,1.62,2.2,1.75,1,0.23,0.85,1.62,5,3.5,2,1.1,2.04,3,2.47,-7.71,1.64,4,0.01,3,5,2.5,3.3,4.19,0.33,2.27,-8.54,-0.3,3.75,2.28,14,20,13,6,34
Nevada,Fresno St.,-14.5,-15.07,-10.73,-10.97,-10.9,-12.4,-19.77,-11.32,-14,-24.5,-11,-14.07,-15.5,-18.91,-11.34,-19.72,-12.02,-15.55,-23.03,-23.3,-21.35,-15.03,-29.69,-22.5,-9.07,-17.18,-9.66,-8.78,-9.61,-15.02,-9.84,-11,-5.93,-5.9,-8.34,-24,-14,-19,-12.8,-15.88,-15,-15.93,-19.65,-23.37,-7,-21,-15,-20.5,-14.5,-24.7,-20.11,-9.73,-21.48,-23.57,-12.8,-9.38,5.87,35,38,13,3,73
New Mexico St.,Utah St.,-1.5,-4.77,-3.42,0.01,-8.05,-0.8,1.54,-8.83,-4,-4.67,-5,0.65,-7,-0.91,0.01,0.18,3.55,-3.36,-4.25,-2.74,-5.05,-1.85,-2.32,-5.2,-0.62,-0.75,-7.42,-0.87,-4.28,-3,-11.17,3,-3.16,-4.19,-5.97,-1,-2,-5,-8.8,0.26,1,-0.12,0.12,-1.87,-3,-5,1,,-1.5,-3.5,-0.01,-8.39,-27.13,3.22,-12.1,-19.79,4.91,24,21,13,-3,45
North Texas,Arkansas St.,-3,-4.93,-2.41,2.95,-9.17,-4.71,-0.01,-3.9,-3,-5.33,-6,-0.5,-10.5,-6.2,0.01,1.01,-0.48,-3.43,0.51,-9.51,-1.55,-3.06,-3.78,0.4,2.43,-2.71,-5.29,-6.42,-7.38,-3.84,-4.57,3,-5.93,-5.68,-7.42,3,-2.5,3,-2.8,-1.47,2,1.6,4.14,-5.08,-5,-8,4,-7,-3,5,-8.22,-21.59,-9.66,1.24,-2.5,2.73,4.98,31,24,13,-7,55
Northern Ill.,Western Mich.,9,6.95,5.07,12.81,4.92,10.62,6.68,3.56,12,7.5,14,5.75,8,10.05,2.63,13,14.14,8.94,7.88,10.56,6.75,5.94,11.43,10,13.92,10.85,3.89,8.96,4.33,8,4.4,7,4.31,3.79,4.21,14,9.5,12,4.4,8.2,11,10.12,-1.78,12.57,8,7,14,,9,6.8,14.15,22.93,5.47,-2.19,-0.3,4.41,4.08,7,42,13,35,49
Oklahoma,Oklahoma St.,19.5,16.32,15.49,18.44,21.71,18.35,14.09,13.66,20,16,20,14.24,18,18.69,17.06,18.12,19.25,17.55,17.16,19.12,16.75,11.5,29.8,19.1,10.8,17.68,14.64,16.88,18.26,18,17.13,5,18.71,19.48,17.29,18,18.5,20,11.6,21.83,19,15.31,36.4,19.94,17,17,17,18,19.5,14.4,21.21,18.18,21.54,34.14,18.4,6.58,3.60,14,42,13,28,56
Rutgers,Cincinnati,14,7.43,6.81,4.46,12.13,8.92,7.5,6.61,10,1.33,12,11.07,8.5,8.21,8.68,6.34,7.23,8.41,8.58,8.89,7.65,5.89,15.34,8.8,3.46,7.64,7,10.81,8.55,8.53,8.28,9,8.7,9,9.69,6,13.5,6,7.3,12.29,9,6.3,11.56,7.3,14,7,5,9.5,12.5,7.9,13.81,9.07,9.41,7.75,10.8,5.65,2.67,9,44,13,35,53
SMU,UTEP,-7,-3.37,-0.62,-10.08,-4.85,-2.81,-8.86,-3.38,-3,1.33,-7,-2.85,-10,-3.38,-4.08,-8.07,1.32,-5.45,0.97,-6.34,-4.85,-0.5,-14.78,-2.7,-5.28,-4.69,-4.16,-2.57,-8.28,-5.52,-5.76,-15,-8.55,-10.35,-8.49,-8,-8,2,-2.4,-12.09,1,-4.57,-1.26,-6.73,-8,-9,-6,-7,-7,2.8,-6.41,-8.79,-9.01,1.68,-3.3,2.79,4.22,27,40,13,13,67
San Jose St.,Idaho,4.5,3.78,5.66,5.36,6.93,6.26,3.38,2.86,5,6.33,8,3.39,4,4.7,3.69,7.51,10.24,4.47,1.98,7.06,8.15,-1.12,2.81,5.7,0.71,5.05,3.65,4.96,3.67,4.25,1.54,1,2.92,0.92,3.47,10,5,4,3,3.98,3,3.95,10.28,5.62,5,2,5,4.5,4.5,7,5.33,-0.91,7.69,7.45,10.1,-7.7,2.51,18,26,13,8,44
Southern Miss.,Tulane,21.5,18.96,19.2,14.28,19.67,19.76,19.85,17.01,25,17.84,25,14.96,23,21.07,11.27,17.41,17.68,19.05,18.47,21.57,19.05,16.42,25.67,19,11.29,21.85,19.25,16.98,24.52,19.25,21.23,,19.09,22.3,20.39,19,21.5,20,14,20.44,3,16.67,7.73,23.21,19,20,19,23.5,21.5,20.2,22.08,5.82,26.37,7.72,17.4,7.57,4.63,7,26,13,19,33
Stanford,Notre Dame,-17.5,-9.7,-10.86,-9.11,-17.06,-15.25,-12.55,-7.76,-9,-15.67,-12,-14.5,-15,-12.02,-13.25,-11.49,-15.12,-12.14,-13.34,-18.58,-15.55,-6.93,-14.69,-17.7,-1.99,-9.91,-9.26,-5.22,-12.72,-12.29,-7.65,-17,-7.78,-3.7,-10.21,-11,-17.5,-11,-6.5,-11.02,-12,-10.99,-28.8,-14.36,-13,-20,-5,-13,-16.5,-13.3,-16.83,-19.1,-15.29,-26.93,-11,2.9,4.10,38,31,13,-7,69
Texas A&M,Texas,-26.5,-23.94,-21.95,-15.78,-23.58,-24.41,-27.95,-23.14,-28,-42.83,-33,-24.33,-36,-24.72,-19.11,-21.43,-16.71,-25.46,-27.96,-30.71,-35.75,-21.75,-22.27,-33,-26.16,-23.13,-23.05,-22.42,-26.13,-24.16,-26.18,-21,-17.56,-22.07,-22.77,-26,-23.5,-24,-22.7,-16.05,-27,-20.74,-23.14,-28.54,-22,-29,-16,-29,-26.5,-29,-21.03,-38.18,-35.85,-17.17,-21.4,-13.21,6.08,40,29,13,-11,69
Troy St.,Middle Tenn.,-7,-0.38,0.22,4.91,-2.02,-4.42,-6.66,2.98,-1,-0.34,0.25,-4.71,1.5,-3.77,0.52,-0.13,4.27,-1.17,-1.96,-7.47,-7.25,-0.88,1.26,-5.4,5.85,-4.91,2.14,1.88,0.53,-0.36,3.03,2,2.92,1.2,3.39,-1,-3,-2,2.1,1.81,-7,-0.37,-2.74,-8.86,-2,-13,2,0.01,-6,-5.1,-0.32,-4.17,-1.25,-1.78,5,3.69,3.93,17,7,13,-10,24
Virginia Tech,North Carolina,23,19.14,19.18,25.53,30.41,19.88,17.55,15.64,31,30.83,24,15.15,23.5,22.26,18.26,26.27,27.91,23.17,20.73,27.39,30.35,18.83,20.94,24,19.45,24.72,17.58,22.39,22.07,22.33,20.08,20,16.09,20.21,20.68,30,21,21,13.5,18.84,24,19.75,15.84,28.87,26,29,22,25,23,27.6,29.72,24.01,28.21,24.95,20.2,6.86,4.55,3,30,13,27,33
West Va.,Pittsburgh,12.5,14.63,16.17,11.56,16.18,7,12.23,19.12,18,21.84,17,17.25,14.5,10.48,15.99,11.39,6.12,15.18,9.79,8.04,11.35,11.5,29.52,13,18.4,13.18,20.47,16.06,18.54,14.57,21.23,7,21.71,22.67,23.02,13,9,11,18.4,21.27,7,9.01,11.81,12.87,17,14,11,18,12.5,13.3,13.03,20.8,21.89,3.57,25.9,8.61,5.10,13,45,13,32,58
Central Florida,Tulsa,1,-0.81,-1.26,-7.23,-4.11,-6.48,-9.09,2.6,1,-10.5,5,-1.34,4.5,-4.05,-1.03,-8.17,1.54,-2.31,-4.89,-8.19,-11,2.74,0.58,-5.1,-3.77,,2.21,5.15,1.19,-3.39,3.24,-7,2.85,3.82,3.01,-7,0,-5,0.23,-0.3,-6,-4.32,2.96,-7.66,4,-3,-4,5,1,-9.2,-4.47,-5.16,,-16.89,2.9,0.33,4.76,44,27,14,-17,71
Connecticut,Louisville,-15,-10.79,-8.28,-10.36,-12.39,-15.24,-23.33,-9.25,-15,-22.5,-8,-4.94,-13,-13.01,3.74,-12.08,-10.61,-13.46,-15.06,-18.84,-21.35,-9.9,-25.94,-14.9,-3.5,,-10.28,-5.87,-15.52,-13,-10.11,-12,-13.63,-17.62,-11.32,-18,-20,-12,-7.1,-16.87,-18,-10.99,15.01,-17.1,-11,-17,-12,-14,-15,-17.6,-7.96,-20.95,-21.36,10.37,-3.1,0.4,5.67,30,20,14,-10,50
Florida Intl.,Middle Tenn.,-7,-4.1,-3.37,-1.49,-5.98,-6.97,-7.76,-1.28,-13,-11,-2,7.07,-2.5,-6.99,0.55,-3.18,0.36,-3.77,-6.02,-10.77,-5.85,-3.66,-1.27,-3.2,5.6,,-2.37,-0.2,-4.34,-3.19,-1.69,,-0.54,-4.94,-0.22,0.01,-8,-2,-1.3,-0.19,-10,-4.44,-8.58,-9.42,,-15,-4,-2,-6.5,-1,-6.8,-2.22,,6.78,6.8,2.52,4.42,31,35,14,4,66
Fresno St.,Louisiana Tech,22.5,17.3,15.45,13.98,13.71,20.96,27.33,12.19,23,18.67,20,22.51,22.5,23.47,17.9,24.8,18.61,20.37,29.79,25.49,24.35,19.34,31.6,22.8,13.93,,12.26,14.9,15.34,20,14.08,17,11.32,14.02,14.04,27,22,20,11.3,23.45,20,18.52,34.81,27.31,18,22,18,23,22.5,26.1,26.5,30.37,23.59,33.91,22,7.68,5.28,40,28,14,-12,68
Georgia,LSU,-2,-3.2,-1.03,-0.75,0.32,-0.96,-5.38,-4.41,-3,-2.66,-2,-4.27,-3,-2.3,-5.54,-3.83,6.38,-2.06,-2.98,-1.73,-2.2,0.69,-4.92,0.1,-3.32,,-3.38,-2.22,-1.94,-2.27,-4.25,-4,-2.23,-3.58,-3.21,-5,0,-2,-1.17,-1.95,2,0.37,-7.4,-2.46,-7,0.01,-2,1,-2,3.1,3,-4.75,,-10.71,-7.7,-0.92,2.61,14,34,14,20,48
Hawaii,San Diego St.,3,-6.75,-5.19,-1.61,-6.39,-5.56,-4.42,-4.78,-4,-12.5,-2,-5.06,-5.5,-9.17,-5.19,-3.38,-4.65,-4.78,-7.08,-7.84,-6.65,-4.48,-13.07,-1.5,-2.88,,-4.61,-3.08,-5.51,-4.65,-3.69,-4,-6.24,-3.33,-4.34,-4,1.5,-7,-2.8,-6.95,-3,-2.1,-4.53,-6.72,3,-4,-1,-8.5,1.5,-8,-3.88,10.04,-8.37,-6.61,-5.7,0.99,3.66,38,49,14,11,87
Navy,Army,6.5,1.19,2.34,12.1,6.15,2.54,7.76,-0.21,4,2.33,5,1.7,3.5,2.63,0.11,8.84,3.58,4.04,1.58,3.98,5.6,1.06,4.09,6.5,15.88,,-0.22,-1.18,3.26,3.58,0.8,5,3,4.49,3.11,5,8,3,-0.2,4.63,11,5.93,-9.71,5.05,4,-3,10,-0.5,6,6.7,5.46,3.46,0.49,2.88,-3.8,0.25,3.64,23,42,14,19,65
Northern Ill.,Akron,13,9.71,8.03,9.32,10.47,10.83,12.13,6.14,11,20.34,9,11.8,10,13.2,9.28,11.4,,10.65,10.72,11.69,11.6,9.8,20.54,13.5,13.52,,6.64,6.06,7.9,10.59,6.7,,7.01,5.53,7.48,14,13,14,1.49,13.88,7,9.14,11.26,12.96,12,2,9,11.5,13,15.1,16.4,9.02,,22.35,7.7,0.91,3.69,31,30,14,-1,61
South Florida,West Va.,-9,-5.95,-7.29,-9.48,-6.61,-3.18,-8.35,-8.04,-5,-21.34,-2,-11.62,-6,-3.65,-5.26,-4.31,-9.24,-6.67,2.19,-2.6,-11.85,-2.41,-11.27,-12.5,-8.37,,-9.61,-7.01,-7.85,-6.61,-8.06,,-8.55,-4.5,-9.08,-7,-6.5,-9,-6.4,-6.52,-2,-2.59,-3.23,-0.56,-6,-8,-4,-4,-9,-13.8,-0.64,-3.74,,-1.03,-6.4,0.22,4.21,28,13,14,-15,41
Texas,Colorado,27.5,21.32,17.01,16.97,17.8,19.25,17.91,21.15,23,25.84,25,27.72,31.5,21.49,24.82,21.67,25.26,22.05,23.29,25.71,26.8,25.42,15.82,26,28.16,,19.49,17.75,19.94,22.34,24.45,14,12.78,14.44,19.11,25,24,24,6.14,11.78,21,18.77,30.35,25.53,27,25,17,30,26.5,24,20.04,29.99,,21.36,24.4,12.83,4.83,3,70,14,67,73
USC,UCLA,20.5,19.28,13.77,26.1,23.32,16.61,22.54,17.92,21,29,-31,16.97,35.5,20.53,19.6,25.4,18.38,19.57,22.1,24.74,27.05,14.85,10.79,23.3,28.11,,15.26,17.86,13.9,20.99,20.76,3,9.62,11.79,13.72,29,22,26,32.7,10.09,20,20.99,35.56,26.62,20,22,21,22,20.5,25.7,22.87,38.41,24.02,33.04,24,38.84,10.26,19,66,14,47,85
Virginia Tech,Florida St.,14,13.5,15.77,10.02,20.84,13.79,17.61,12.24,20,21,19,15.66,21,14.88,15.03,15.25,14.54,16.07,13.84,17.8,24.6,13.59,14.82,19.1,19.83,,14.53,16.49,17.09,15.66,15.48,9,13.01,13.3,15.11,17,12,16,2.63,12.3,16,11.6,17.44,18.82,17,20,9,15,14,25.1,19.97,10.14,,23.41,16.5,1.92,3.75,27,22,14,-5,49
Arizona St.,Rutgers,10.5,8.01,7.25,10.44,5.45,9.46,7.94,6.51,10,0.5,12,7.15,11,9.72,6.28,10.89,8.4,7.75,9.35,14.83,8.5,8.36,12.5,10.8,2.81,,5.43,1.2,5.83,7.97,5.51,12,7.16,4.43,3.02,7,13.5,8,5.1,6.89,10,6.79,,12.9,6,10,9,5,10,3.3,2,11.6,,13.78,6.4,2.01,3.22,40,45,18,5,85
Auburn,Wisconsin,11,0.78,2.22,7.35,4.52,1.81,13.62,-0.99,2,14.5,5,8.76,5.5,2.2,2.75,9.15,7.03,5.8,1.1,4.18,11,0.74,2.35,10,7.84,,0.11,6.32,2.45,5.25,1.38,7,0.69,1.58,0.72,13,9.5,8,0.2,3.27,5,5.31,,5.19,9,12,8,10,10,10.8,10,12.1,,2.43,4.4,-0.23,4.19,24,10,18,-14,34
Boise St.,Boston College,-1,-8.96,-10.61,-0.65,-9.16,-7,-5.43,-9.05,2,-2,-6,-10.22,-6,-8.88,-8.92,-5.72,-0.28,-5.16,-7.33,-8.89,-3.9,-3.72,-10.7,-4.2,-1.57,,-10.67,-3.81,-8.07,-6,-6.93,11,-11.4,-8.33,-8.74,-1,3,-2,-7.7,-7.9,3,-4.81,,-6.6,-1,-1,-1,-1.5,-1.5,-6.5,-8,-4.37,,-12.48,-8.7,-1.72,4.47,27,21,18,-6,48
California,BYU,7,4.4,9.52,13.87,7.65,5.66,11.28,5.39,7,6,6,11.63,8,3.27,9.81,13.41,9.32,7.84,11.06,10.14,8.5,6.1,13.6,7.5,10.34,,5.67,5.61,3.44,7.58,4.22,7,5.93,4.87,5.19,11,6.5,11,4.8,8.76,9,8.02,,11.58,6,6,8,4,7,11.2,6,3.04,,21.01,6.9,1.71,2.94,28,35,18,7,63
Central Florida,Nevada,-2.5,1.95,0.13,-4.32,1.69,-3.96,-6.53,0.74,-1,2.5,4,-0.63,3,3.02,-0.01,1.21,-1.8,-0.61,3.54,1.39,-7,0.01,-0.52,-2,-12.61,,0.57,1.1,0.41,0.39,0.71,-8,0.92,0.52,1.67,-1,1,-3,0.2,0.89,-5,0.37,,2.56,-3,0.01,-2,4.5,-2,-8.5,6,0.51,,2.2,1.6,-0.19,3.75,49,48,18,-1,97
Clemson,Colorado,,1.4,3.41,4.1,4.81,2,9.11,0.37,1,-15.5,5,6.55,2,2.24,4.33,3.93,5.86,3.29,1.69,2.69,11.7,3.25,2.27,14,2.92,,-0.65,2.52,1.28,2.81,0.01,4,-1.16,-0.01,1.72,7,,12,0.8,2.38,3,4.44,,2.17,6,-1,2,3,,14.4,4,-1.28,,8.35,-0.8,0.38,4.76,10,19,18,9,29
Colorado St.,Navy,-2.5,0.97,0.39,-6.31,-3.45,-0.17,-9.73,3.05,-3,-4,-0.25,-0.01,1.5,-1.15,2.52,-3.11,-2.78,-0.92,-1.2,-1.07,-7.2,0.74,5.13,-6.7,-3.06,,2.59,0.63,1.84,-0.63,3.85,9,3.85,3,1.64,-8,0.5,-5,2.8,1.59,3,-3.33,,-1.06,-4,-3,4,2.5,-2.5,-10.8,-1,-2.92,,-8.92,2.1,0.34,4.14,51,30,18,-21,81
Florida,Iowa,1.5,-2.31,-0.67,-1.03,2.43,-3.9,-3.28,-1.06,-3,-4,2,2.69,4.5,-3.45,4.37,-1.78,-2.29,-0.55,-13.68,-5.34,-3.4,-3.36,0.49,-4.3,-0.24,,-0.68,1.11,2.82,-0.84,2.1,6,3,3.6,1.34,-3,2.5,-3,-0.7,1.23,-1,-2.72,,-7.61,5,3,-1,8,1.5,-7,1,4.23,,-12.52,1.4,-0.3,4.09,24,31,18,7,55
Fresno St.,Tulsa,7,2.82,1.09,6.27,-1.23,6.93,4.39,0.01,1,0.5,0.25,-2.76,3.5,6.39,-3.12,8.72,5.58,3.32,17.6,7.29,3.9,6.54,1.38,3.8,2.55,,-0.46,-0.98,1.27,3,0.37,3,-1.85,-0.31,-1.29,8,9.5,-1,-0.1,2.1,7,6.05,,6.27,5,6,12,3,6.5,-1.7,3,7.37,,4.95,0,0.1,4.15,31,24,18,-7,55
Georgia,West Va.,7,-1.04,2.28,1.75,-0.84,1.22,3.5,-0.42,-2,-13,1,5.03,2,-1.6,5.72,1.8,2.63,1.54,-2.16,2.01,-0.7,0.82,0.4,7.9,3.01,,-0.41,-1.18,1.12,1.06,-0.01,-2,1.31,-0.01,-0.92,-1,7,7,0,0.55,7,0.62,,-1.6,4,6,6,6,6,-0.3,3,13.34,,-7.42,-0.3,0.1,3.98,38,35,18,-3,73
Georgia Tech,Utah,7.5,9.58,11.84,-3.22,7.99,6.66,8.67,13.69,4,8.5,10,8.76,11,5.99,10.56,4.39,-0.56,8.52,8.66,8.09,6.3,12.3,23.59,8.9,10.18,,15.44,7.51,10.94,8.67,13.04,-7,13.94,12.99,15.11,7,7,10,11.5,15.22,4,6.54,,7.13,5,7,5,10.5,7.5,8.9,7,3.57,,4.57,18.1,2.57,5.04,38,10,18,-28,48
Kansas,Houston,3,8.01,8.31,3.99,0.27,4.92,14.77,11.5,1,12,3,14.42,4,4.97,10.63,2.95,7.09,7.03,7.22,5.44,10.3,6,21.51,7.3,13.12,,13.45,4.67,8.69,7.16,8.99,-2,11.86,8.43,8.69,9,1.5,11,9.2,11.56,3,3.7,,2.19,1,3,5,0.5,3.5,11.5,-0.3,2.88,,-13.95,14.9,2.03,4.93,13,42,18,29,55
Memphis,Akron,5.5,2.44,3.38,6.21,5.64,4.34,0.98,-1,1,17,2,-1.32,1.5,5.81,0.15,5.03,4.11,2.44,2.62,5.75,4.2,1.61,-0.43,4.2,-3.87,,-0.89,0.78,3.3,3,-0.79,3,1.93,-0.96,-0.94,4,6.5,3,-0.6,2.08,3,3.46,,3.98,3,6,5,3,5,-0.2,6,-11.54,,8.68,2.7,-0.01,3.91,31,38,18,7,69
Miami (Fla.),LSU,6.5,2.31,3.54,3.82,7.64,5.17,5.34,1.12,2,-5,4,2.48,3,3.37,0.23,3.89,2.99,2.93,7.91,4.48,6.3,3.98,0.89,2.7,-0.37,,2.27,2.28,2.09,2.84,0.01,4,0.46,0.82,1.69,3,7,4,0.6,1.6,6,10,,3.45,2,2,1,2.5,5.5,8,4,-3.91,,4.66,-2.6,-0.1,2.80,40,3,18,-37,43
Michigan,Nebraska,11.5,11.57,7.97,8.89,9.49,13.14,13.62,6.97,11,21,8,5.75,8.5,15.71,6.94,11.25,7.97,10.08,19.41,16.16,13.5,12.37,10.85,12.1,3.14,,6.78,5.64,8.7,9.44,6.5,12,4,5.68,6.87,8,13,10,6,7.99,14,9.38,,15.53,9,11,9,4.5,11.5,11,10,12.68,,23.93,4.7,1.75,3.87,32,28,18,-4,60
Minnesota,Virginia,5.5,7.47,7.55,0.92,5.68,10.5,2.02,6.92,7,15,8,-0.75,10,7.99,2,5.73,3.07,6.68,8.33,13.07,3.4,7,10.3,3.1,0.86,,7.78,5.33,8.89,7,7.54,12,9.39,8.42,7.09,2,3,0.01,5.3,8.25,3,5.19,,13.64,5,5,4,11,5.5,0.8,7,17.32,,15.37,7.2,1.31,4.14,34,31,18,-3,65
NC St.,South Florida,4,-0.01,2.33,6.02,0.19,-0.8,4.1,2.83,-4,-5,-2,6.68,-1.5,-2.94,3.17,-0.26,1.55,0.36,-8.09,-2.64,-1.1,-1.57,0.64,5.5,2.68,,3.29,0.48,0.22,0.53,1.09,3,1.92,0.57,1.66,-1,7,5,2.7,-0.61,1,-1.85,,-8.97,3,1,3,-1,3.5,0.01,-5,3.43,,-5.26,2.5,1,3.39,0,14,18,14,14
Ohio St.,Notre Dame,4,5.88,5.48,5.42,5.26,5.57,7.64,6.76,6,4.5,8,6.27,9,4.83,2.79,4.64,6.75,5.61,4.56,7.23,8.5,4.52,1.68,5.9,4.28,,8.07,5.8,5.42,5.45,6.46,3,3.62,4.92,6.67,4,5.5,4,6.8,2.12,9,4.2,,6.53,3,6,4,5,4,9.3,9,5.07,,4.12,7.5,1.28,1.90,20,34,18,14,54
Oregon,Oklahoma,3,6.05,5.81,-5.3,7.43,5.07,4.85,6.23,9,9,6,7.33,9,5.95,11.05,0.88,1.25,5.58,7.98,7.53,5.9,7.32,7.91,4.5,7.94,,4.08,4,5.7,5.97,7.85,12,4.16,7.2,7.28,2,0.5,4,7.5,6.14,-2,3.09,,8.88,8,5,1,5,3.5,7.6,4,2.05,,9.05,8.8,10.07,3.27,17,14,18,-3,31
Penn St.,Florida St.,10,12.66,12.64,1.23,18.65,14.89,12.4,12.18,17,18,15,8.61,18.5,13.13,10.78,7.11,6.31,11.77,17.16,17.54,12.8,12.54,11.85,9.4,13.15,,13.74,12.18,15.77,12.47,14.13,7,12.09,15.01,14.81,4,9,8,10,9.46,10,9.26,,18.3,11,9,3,13.5,10,12.6,10,1.37,,17.38,14.1,2.38,4.42,23,26,18,3,49
South Carolina,Missouri,4,2.44,5.65,1.52,4.57,2.71,8.49,3.72,3,13,7,2.27,6,1.49,4.51,3.79,2.4,4.74,3.57,2.66,7.7,5.81,9.54,8.3,4.92,,4.4,5.12,5.54,4.54,5.13,10,5.01,5.92,6.52,4,3.5,8,3.9,6.53,1,3.33,,3.11,2,5,2,4.5,4,9.7,4,-7.42,,12.4,5.8,0.93,3.23,38,31,18,-7,69
Southern Miss.,Arkansas St.,17,13.39,11.18,10.28,7.67,16.32,17.8,7.93,15,15.5,13,11.55,10.5,18.95,9.3,21.75,14.77,12.92,17.35,19.31,18.4,4.07,18.67,17.1,9.3,,7.94,4.44,11.96,13.48,7.94,3,7.62,6.86,7.36,17,17.5,18,6.6,13.56,16,14.2,,23.76,10,16,16,11,16.5,16.3,15,5.57,,34.98,7.7,1.76,4.97,19,31,18,12,50
TCU,Iowa St.,3,3.58,4.95,3.68,4.53,1.8,-1.32,3.75,7,5.5,8,5.49,10.5,3.42,2.8,1.01,2.86,4.36,-1.56,0.01,3.4,3.25,7.43,3.4,7.71,,2.24,6.87,8.78,3.88,8.71,6,6.85,9.78,8.05,0.01,3.5,2,1.5,5.84,5,1.85,,0.15,7,4,0.01,9.5,3,0.8,2,5.21,,1.5,3.9,0.62,3.11,24,27,18,3,51
Texas Tech,Alabama,3.5,4.59,0.01,1.1,-0.1,4.52,3.95,2.03,3,12.5,-3,-0.8,-1.5,6.66,0.66,1.72,4.43,2.06,2.19,6.87,3.9,2.09,1.93,-1.4,-1.38,,2.43,1.5,-1.87,1.82,0.95,8,0.01,0.97,0.01,6,2.5,-2,0.1,0.13,2,2.72,,5.94,3,0.01,2,1,3.5,-1.3,1,4.1,,-10.4,1.7,-0.09,3.06,13,10,18,-3,23
Toledo,UTEP,3,3.82,3.71,3.94,8.22,3.71,3.8,3.7,2,-1.5,3,5.67,1,3.94,2.95,0.99,3.67,3.45,4.7,3.76,1.4,4.09,7.3,3,1.14,,3.35,2.38,2.84,3.55,3.44,10,-0.62,2.59,2.87,4,3.5,4,1.9,3.72,4,3.21,,2.64,2,3,3,3,3,4.8,5,4.54,,4.88,2.5,0.38,1.99,13,45,18,32,58
UCLA,Northwestern,3,1.75,-0.64,1.3,1.41,2.93,4.01,-0.64,5,-4,-1,8.03,5,3.59,7.4,1.4,1.79,1.96,-1.19,0.29,0.1,0.88,3.42,2,3.44,,-2.02,1.28,2.8,1.95,2.47,7,2.85,3.19,1.25,3,5.5,-2,-1.2,2.46,2,1.85,,0.13,6,2,5,6,3,1.9,-1,-6.25,,-7.43,2.7,-0.04,2.91,38,50,18,12,88
USC,Texas,7.5,-0.83,-0.85,5.76,0.39,-1.95,3.39,-1.54,-1,-9,0.25,-4.85,-3,0.12,-1.79,-1.77,-2.76,-0.8,-2.68,-2.79,-4.5,-1.61,-0.42,0.4,3.86,,-4.37,-2.54,-1.42,-0.84,-0.75,3,0.23,-0.59,-1.24,-4,6,1,11.1,-0.17,-5,-0.12,,-1.18,3,1,2,2,6,7.2,-8,2.11,,8.88,-1.5,7.35,3.19,41,38,18,-3,79
Virginia Tech,Louisville,7.5,7.78,9.82,2.05,5.25,4.22,3.12,7.81,2,-8,14,0.37,14.5,7.95,8.37,7.06,-1.24,5.39,5.76,4.82,1.5,6.75,8.13,7.2,4.36,,8.02,6.07,6.54,5.61,7.49,3,5.47,7.26,8.09,0.01,10,2,6.9,5.11,1,5.31,,3.36,6,10,5,8,7.5,0.5,5,10.43,,22.78,8,1.41,4.02,24,35,18,11,59
