Home,Road,line,linesag,linescrp,linemass,linepfz2,linepfz,linelaz,linemore,linesage,linemars,lineray,lineargh,linecpa,linehow,linesagp,linecpa2,linekam,linebass,lineavg,lineelo,linetsr,lineborn,lineswt,lineald,linebemiss,linebill,linenyt,linebihl,linemont,linem2,linedoc,lineclaa,linemed,linewolf,lineharm,linesea,linecoll,linemaas,linefox,lineopen,linepig,lineray2,linecons,linecong,linebmc2,linetsr2,linel2,linehank,linebenson,lineash,linegupta,lineca,linestd,linematt,linedunk,lineperry,linebmc,lineroth,vscore,hscore,week,actual,total
Virginia Tech,USC,-18.5,-14.88,,-9.28,-18.94,-20.93,,-19.61,-18.48,-21,-33,-16,-15.38,-9.5,-10.83,-14.98,,,-14.59,-14.92,,-19.65,-17.26,,-7.7,,,,,,,-15.25,-15.25,,-18,,,,-12,-17.5,-13,-61,,-10,,,,-17,,,,,5.37,,,,,,24,13,1,-11,37
Air Force,California,-13.5,-4.08,,-3.56,-2.75,-4.48,,-24.24,-3.87,-3,-20,-12,-5.48,1.5,-4.34,-4.68,-5.17,-9.43,-8.84,-6.63,,-15.95,-27.34,,-6,,,,,,,-2.32,-5.48,,-12,,,,-11,-12,-18,-33,,-18,,,,-4,-8,-4,,,7.3,,,,,,56,14,2,-42,70
Alabama,Utah St.,26,21.94,,26.59,19.08,16.82,,23.66,25.07,15,18,22,23.02,21,19.26,23.52,17.26,25.43,22.06,17.92,,25.25,29.39,,16.7,,,,,,,20.11,21.94,,25,,,,22,25,28,24,,20,,,,18,34,18,,,4.46,,,,,,17,48,2,31,65
Arizona St.,UTEP,25.5,28.25,,27.94,24.51,23.45,,30.9,29.06,25,35,22,24.62,23.5,27.43,25.22,28.55,38.94,26.68,20.05,,29.45,28.81,,20.5,,,,,,,23.96,25.22,,31,,,,28,25,22,51,,17,,,,22,40,24,,,5.38,,,,,,9,41,2,32,50
Arkansas,New Mexico St.,20,35.62,,27.43,25.73,25.83,,24.31,41.8,34,27,18,24.82,23,29.82,25.52,26.28,37.15,26.94,25.76,,36.05,15.29,,19.6,,,,,,,34.77,25.76,,33,,,,25,21,21,31,,11,,,,23,32,23,,,7.05,,,,,,13,63,2,50,76
Auburn,Louisiana-Monroe,38,43.96,,38.14,38.79,38.58,,39.14,50.11,36,59,31,33.52,30,39.01,33.32,30.04,49.84,39.14,31.02,,51.65,35.37,,31.9,,,,,,,40.09,38.79,,44,,,,39,39,40,70,,39,,,,36,46,29,,,7.43,,,,,,0,31,2,31,31
BYU,Notre Dame,-4.5,-2.91,,-6.64,-7.96,-8.49,,-6.9,-3.44,1,3,-9,-5.08,-4,-2.45,-6.68,-3.19,-11.35,-5.78,-2.53,,-8.05,-15.1,,-2.5,,,,,,,-2.68,-5.21,,-5,,,,-6,-3.5,-10,10,,-9,,,,-2,-14,-3,,,4.19,,,,,,17,20,2,3,37
Ball St.,Boston College,-17,-13.23,,-17.97,-13.05,-11.95,,-25.7,-11.17,-18,-38,-11,-14.18,-11.5,-15.25,-14.68,-10.48,-18.58,-16.24,-16.7,,-26.25,-14.36,,-9.2,,,,,,,-14.36,-14.36,,-20,,,,-17,-17,-22,-54,,-10,,,,-13,-17,-10,,,6.27,,,,,,19,11,2,-8,30
Boise St.,Idaho,32,36.42,,31.75,30.73,29.63,,24.28,45.36,38,22,31,28.72,33,28.23,28.12,25.39,39.55,32.01,25.71,,32.55,37.69,,29.9,,,,,,,37.66,31,,28,,,,28,33,36,54,,38,,,,35,34,26,,,5.49,,,,,,7,65,2,58,72
Clemson,Wake Forest,11.5,14.15,,11.02,11.56,12.06,,15.96,16.44,20,56,10,11.22,12,11.78,9.82,8.82,14.63,15.04,17.32,,23.15,10.82,,9.2,,,,,,,13.98,12.06,,18,,,,15,13,20,48,,10,,,,16,7,10,,,9.08,,,,,,30,37,2,7,67
Colorado,Colorado St.,5.5,1.32,,5.33,-0.87,-2.71,,8.79,3.35,1,9,9,5.52,2.5,-0.68,5.12,-0.41,1.95,3.6,0.54,,7.95,9.35,,-3.9,,,,,,,-0.17,3,,3,,,,6,5.5,7,-13,,3,,,,3,6,2,,,3.73,,,,,,24,27,2,3,51
Eastern Mich.,Buffalo,6,7.82,,4.9,6.19,7.01,,5.06,9.32,10,10,8,11.62,10,6.32,12.42,4.17,8.18,7.06,6.52,,8.45,4.66,,9.2,,,,,,,7.01,7.82,,8,,,,8,5.5,6,21,,1,,,,9,-1,6,,,2.93,,,,,,34,37,2,3,71
Indiana,Central Mich.,14,6.74,,14.06,-1.92,-3.48,,16.93,5.77,4,22,12,14.52,8.5,7.72,16.02,8.15,4.75,9.39,9.8,,12.15,12.5,,-0.4,,,,,,,5.67,8.5,,14,,,,7,13.5,12,2,,20,,,,8,9,7,,,6.09,,,,,,10,41,2,31,51
Iowa,Kent,29.5,30.55,,33.21,35.26,34.77,,33.19,32.37,30,41,21,31.72,25,28.92,32.62,23.74,37.08,30,27.32,,32.95,20.02,,25.4,,,,,,,28.58,30.55,,32,,,,30,30,34,42,,13,,,,28,42,25,,,6.28,,,,,,7,39,2,32,46
Kansas,Tulsa,3.5,5.17,,8.51,-1.08,-1.58,,1.97,3.31,-1,14,2,0.52,6,6.92,1.92,7.28,12.46,3.62,0.07,,6.85,-1.06,,4.4,,,,,,,0.99,3,,4,,,,7,3.5,3,-2,,-4,,,,2,2,4,,,4.2,,,,,,3,21,2,18,24
LSU,Oregon St.,18,19.38,,12.96,14.74,15.2,,18.91,21.5,26,6,17,13.92,13.5,17.42,13.72,13.97,18.03,16.69,18.25,,19.85,16.92,,18.7,,,,,,,19.83,17,,21,,,,19,19,14,22,,12,,,,21,13,13,,,4.01,,,,,,21,22,2,1,43
Louisiana Tech,Nevada,4.5,4.39,,3.34,-1.84,-3.36,,-0.77,2.81,5,8,6,2.62,6,5.84,1.02,6.32,3.23,3.34,1.33,,2.95,-0.63,,7.6,,,,,,,2.71,3,,3,,,,3,4,3,-17,,9,,,,2,,4,,,2.99,,,,,,21,38,2,17,59
Louisville,Kentucky,8.5,9.17,,5.39,6.48,5.02,,5.07,14.65,15,-10,11,6.52,13,3.18,5.72,2.66,3.89,6.79,6.69,,-4.85,11.22,,3.2,,,,,,,14.78,6.52,,-1,,,,8,8.5,16,50,,9,,,,14,-1,7,,,6.25,,,,,,0,28,2,28,28
Marshall,Troy St.,14,13.61,,18.51,12.51,11.39,,13.74,11.72,17,40,9,18.12,16,15.43,18.62,16.47,17.79,16.34,11.72,,20.05,13.92,,18.5,,,,,,,14.49,16,,17,,,,15,14,19,30,,10,,,,16,21,14,,,5.65,,,,,,17,15,2,-2,32
Maryland,Northern Ill.,14,16.42,,19.56,13.2,12.08,,21.29,10.73,16,32,10,13.42,13.5,21.45,14.02,16.25,25.11,16.21,18.39,,23.65,1.14,,16.4,,,,,,,10.6,16,,16,,,,18,14.5,18,40,,9,,,,12,24,13,,,6.12,,,,,,20,23,2,3,43
Michigan,Miami (Ohio),13.5,1.74,,12.24,6.44,5.17,,5.82,-0.77,1,13,6,8.1,9.5,4,10.12,6.8,3.74,7.16,4.29,,9.05,-1.25,,5.1,,,,,,,1.97,6.8,,12,,,,8,14.5,20,4,,11,,,,10,11,6,,,4.71,,,,,,10,43,2,33,53
Minnesota,Toledo,11,13.95,,10.11,9.57,10.93,,10.04,12.35,15,12,10,12.42,7,15.52,13.82,12.34,14.71,11.58,9.65,,19.35,5.85,,14.8,,,,,,,12.53,12,,16,,,,7,-11.5,5,14,,10,,,,13,12,11,,,3.27,,,,,,21,63,2,42,84
Mississippi,Memphis,3.5,16.74,,15.83,14.32,14.24,,12.08,16.5,18,21,7,9.32,14,17,8.92,9.9,16.22,12.55,11.98,,19.65,6.3,,9.4,,,,,,,12.24,12.24,,18,,,,9,3.5,4,25,,2,,,,7,18,11,,,4.95,,,,,,20,13,2,-7,33
Mississippi St.,Tulane,6.5,2.76,,4.02,-12.13,-13.28,,-1.34,2.1,-4,-8,-5,2.62,1,3.41,2.82,1.43,-1.08,-1.37,-0.43,,-1.75,-2.39,,3.2,,,,,,,-1.65,-1,,-1,,,,0,5,4,-17,,-11,,,,1,-1,1,,,4.83,,,,,,7,28,2,21,35
Missouri,Arkansas St.,33,29.22,,27.73,21.97,22.28,,35.84,27.3,32,46,21,36.32,19,31.24,37.72,31.45,42.39,31.5,27.09,,46.85,28.73,,27.6,,,,,,,25.63,29.22,,45,,,,36,32.5,37,33,,27,,,,28,36,27,,,7.61,,,,,,20,52,2,32,72
Navy,Duke,7,6,,2.16,9.04,9.56,,2.87,4.08,16,-1,3,4.02,6,7.99,3.52,0.17,8.98,5.92,4.25,,5.05,2.32,,13.2,,,,,,,8.36,5.05,,9,,,,10,6.5,10,-13,,5,,,,13,-7,8,,,4.82,,,,,,12,27,2,15,39
New Mexico,Washington St.,-2.5,-7.98,,-9.69,-6.63,-5.51,,-4.36,-11.36,-3,-16,-1,-7.28,-7,-4.96,-8.48,-6.34,-11.76,-6.2,-4.36,,-10.55,-0.55,,-2.3,,,,,,,-6.86,-6.34,,-1,,,,-7,-2,-6,-18,,1,,,,-1,-12,-5,,,4.07,,,,,,21,17,2,-4,38
Ohio St.,Cincinnati,14.5,26.85,,23.37,24.85,24.71,,24.58,31.96,30,46,15,22.42,21,22.69,22.72,15.21,22.77,23.98,22.08,,32.65,10.48,,17.6,,,,,,,28.73,23,,28,,,,23,18,28,76,,15,,,,20,23,17,,,6.99,,,,,,6,27,2,21,33
Oklahoma,Bowling Green,33,15.91,,24.59,24.13,24.11,,22.69,7.81,21,29,20,20.62,21,23.73,20.72,24.12,25.68,22.64,14.88,,31.95,23.32,,17,,,,,,,14.9,23.73,,36,,,,28,32,30,0,,24,,,,25,24,21,,,5.75,,,,,,24,40,2,16,64
Penn St.,Akron,15.5,7.05,,18.07,9.89,8.54,,12.42,4.28,2,-3,13,12.52,11,10.49,12.32,16.32,6.95,10.68,9.38,,13.75,7.93,,8.7,,,,,,,2.62,10.49,,16,,,,10,15,18,-12,,15,,,,4,27,12,,,6.01,,,,,,10,48,2,38,58
Purdue,Syracuse,12.5,14.97,,10.97,19.15,20.7,,6.87,16.51,14,-15,16,15.22,11.5,13.35,16.62,15.02,15.69,13.09,11.38,,9.05,26.99,,12.2,,,,,,,14.51,14.51,,10,,,,11,13,15,4,,11,,,,15,16,11,,,6.89,,,,,,0,51,2,51,51
Rice,Houston,-3,-0.05,,4.85,1.42,-0.71,,0.97,-0.89,3,15,-3,-1.48,2,0.74,-1.98,3.36,-2.6,1.37,5.48,,6.35,-3.45,,1.8,,,,,,,-3.36,1,,4,,,,2,-2.5,-3,16,,-3,,,,1,4,1,,,3.98,,,,,,7,10,2,3,17
Rutgers,Michigan St.,-6,-7.95,,-11.77,-8.56,-6.08,,-1.45,-9.68,-6,5,-3,0.02,-11,-6.09,-0.08,-1.42,-7.71,-5.3,-4,,-4.25,-0.98,,-2.6,,,,,,,-9.28,-6,,-9,,,,-8,-7,-3,5,,-2,,,,-5,-11,-4,,,4.07,,,,,,14,19,2,5,33
SMU,Texas Tech,-24.5,-33.15,,-26.36,-22.69,-22.39,,-31.5,-35.26,-35,-32,-26,-25.18,-25,-31.54,-25.58,-23.74,-38.84,-28.57,-22.36,,-37.25,-27.39,,-26.3,,,,,,,-30.54,-27,,-35,,,,-30,-24,-27,-48,,-18,,,,-26,-33,-21,,,5.36,,,,,,27,13,2,-14,40
Stanford,San Jose St.,17,17.27,,12.73,1.11,-1.1,,18.65,19.38,14,-9,15,19.32,11.5,15.36,20.02,9.6,13.16,13.18,7.3,,12.05,24.36,,12.9,,,,,,,15.21,15,,16,,,,15,17.5,19,12,,16,,,,12,15,12,,,6.96,,,,,,3,43,2,40,46
TCU,Northwestern,5.5,5.63,,7.97,19.47,18.92,,0.35,9.48,15,8,7,8.12,14,2.51,7.52,11.08,10.81,8.86,3.13,,3.95,2.83,,3.6,,,,,,,12.05,8.12,,4,,,,13,7,14,5,,3,,,,16,9,10,,,5.2,,,,,,45,48,2,3,93
Temple,Virginia,-16,-21.47,,-15.67,-19.55,-20.42,,-15.38,-25.43,-21,-8,-15,-18.98,-15.5,-17.51,-19.08,-12.06,-22.46,-16.46,-13.37,,-14.75,-19.68,,18.9,,,,,,,-24.39,-18,,-12,,,,-18,-17,-26,-43,,-16,,,,-18,-19,-10,,,8.31,,,,,,44,14,2,-30,58
Tennessee,UNLV,20,16.77,,20.15,17.03,15.5,,17.9,17.58,21,31,13,15.02,18,16.11,14.22,16.93,21.93,17.84,13.44,,24.05,4.04,,14.7,,,,,,,16.41,17.58,,23,,,,23,20,25,8,,10,,,,19,18,16,,,5.16,,,,,,17,42,2,25,59
Texas,North Texas,26,21.87,,27.65,17.05,15.03,,27.71,20.31,20,21,17,18.42,21,23.88,18.32,23.92,28.78,22.85,17.73,,31.75,21.8,,21.8,,,,,,,18.52,21.8,,33,,,,27,25,26,21,,21,,,,23,31,19,,,4.87,,,,,,0,65,2,65,65
UAB,Baylor,14,11.74,,13.03,16.17,15.27,,8.43,10.34,16,-19,14,12.92,12.5,13.19,12.02,12.86,17.57,11.8,10.47,,6.65,15.43,,16.8,,,,,,,12.72,12.92,,9,,,,18,14,13,11,,17,,,,16,11,14,,,6.84,,,,,,14,56,2,42,70
UCLA,Oklahoma St.,1,-4.96,,0.22,-2.5,-4.63,,-7.09,-1.82,-8,-16,1,-0.78,3.5,-8.14,-0.78,1.51,-4.93,-3.75,-7.74,,-7.55,1.21,,-8.7,,,,,,,-5.26,-3,,-3,,,,-6,0,-3,-17,,-5,,,,-2,0,0,,,4.23,,,,,,31,20,2,-11,51
Utah,Texas A&M,8.5,19.62,,8.82,19.95,21.91,,16.59,19.36,31,25,13,12.72,9.5,20.03,13.22,11.71,22.18,16.37,16.44,,18.75,14.81,,17.1,,,,,,,22.89,16.59,,17,,,,13,10,15,53,,12,,,,18,2,14,,,5.74,,,,,,21,41,2,20,62
Vanderbilt,South Carolina,-4,-8.98,,-8.56,-3.65,-1.41,,2.03,-12.02,-8,-6,-0.25,-4.28,-8,-5.78,-4.68,-5.87,-8.33,-5.74,-4.47,,-7.55,-6.04,,-1.4,,,,,,,-11.39,-6,,-4,,,,-5,-6,-7,1,,2,,,,-6,-9,-6,,,3.52,,,,,,31,6,2,-25,37
Washington,Fresno St.,3,4.53,,9.17,6.73,7.79,,11.77,0.93,3,4,-1,7.82,4,7.44,9.22,9.85,8.34,5.88,7.14,,10.45,-2.82,,4.8,,,,,,,3.17,6.73,,16,,,,7,4,3,10,,-5,,,,3,13,7,,,4.7,,,,,,35,16,2,-19,51
West Va.,East Carolina,28,28.18,,22.06,35.09,37.37,,33.21,29.65,35,6,26,29.52,19.5,26.78,28.82,22.12,34.15,27.6,26.73,,27.75,36.94,,23.8,,,,,,,29.68,28.82,,35,,,,29,28,34,50,,13,,,,29,25,22,,,7.19,,,,,,23,56,2,33,79
Wisconsin,Central Florida,23,24.95,,21.17,23.08,24.79,,30.66,24.06,28,33,21,26.02,17,25.96,26.62,17.75,30.58,25.52,27.36,,34.15,22.16,,19.2,,,,,,,26.48,25.96,,36,,,,26,24,28,33,,28,,,,22,24,19,,,4.83,,,,,,6,34,2,28,40
Akron,Middle Tenn.,6.5,10.75,,4.48,1.34,-2.76,,7.67,13.49,-1,12,11,5.46,6.5,8.01,5.45,6.07,4.89,5.37,4.02,,3.85,1.59,,6.3,5.53,,,,,,3.03,5.46,,8,,,,7,7.5,8,2.5,,1,,,,5,1,2,7,,3.79,,,,,,31,24,3,-7,55
Alabama,Mississippi,11,-7.53,,7.39,7.74,10.7,,-3.12,-11.52,2,-6,7,8.38,6.5,-3.07,7.69,5.12,8.29,3.4,0.19,,1.75,11.86,,-0.2,-7.39,,,,,,3.39,6,,-4,,,,6,10,9,-40,,-1,,,,10,10,6,8.5,,6.39,,,,,,7,28,3,21,35
Arizona,Utah,-12.5,-17.07,,-8.42,-12.18,-4.58,,-12.1,-17.09,-20,-16.5,-11,-6.96,-8,-17.29,-6.78,-15.87,-13.39,-13.14,-12.89,,-13.95,-13.97,,-18.2,-18.18,,,,,,-19.1,-13.39,,-14,,,,-9,-11,-15,-44,,-17,,,,-13,-6,-12,-18,,4.31,,,,,,23,6,3,-17,29
Arkansas,Texas,-11,1.27,,-4.31,-1.33,-0.83,,-10.9,2.98,-12,10,-9,-5.31,-4,-0.88,-4.08,-2.63,-13.29,-4.8,0.39,,-7.55,-13.51,,-9.3,-1.37,,,,,,-4.69,-4.69,,-7,,,,-10,-10,-9,21,,-18,,,,-5,-2,-3,-6,,5.73,,,,,,22,20,3,-2,42
Army,Louisville,-22,-23.82,,-25.98,-20.52,-13.3,,-26.09,-29.33,-32,-43,-23,-27.97,-25,-18.79,-27.1,-24.7,-38.61,-25.43,-21.74,,-29.55,-24.53,,-12.7,-19.67,,,,,,-30.35,-25,,-19,,,,-27,-22,-33,-52,,-20,,,,-25,-21,-19,-30.5,,6.66,,,,,,52,21,3,-31,73
Boise St.,Oregon St.,7.5,8.73,,3.74,10.41,11.33,,-4.13,12.75,6,-14,8,8.07,11.5,5.34,7.85,12.17,11.01,7.05,3.42,,4.15,-6.08,,9.3,11.63,,,,,,12.92,8,,6,,,,6,6.5,3,6,,3,,,,17,3,10,19.5,,6.76,,,,,,34,53,3,19,87
Boston College,Penn St.,-2.5,12.21,,4.15,4.96,2.12,,7.12,16.69,1,10,6,-0.76,7.5,6.94,7.15,4.17,-2.9,5.61,7.66,,-1.05,4.26,,1.1,17.34,,,,,,7.23,4.96,,10,,,,6,1,2,46.5,,1,,,,4,-1,4,10,,4.92,,,,,,7,21,3,14,28
Buffalo,Syracuse,-15.5,-19.23,,-22.5,-13.33,-7.75,,-20.01,-18.83,-6,-24,-11,-7.85,-18,-19.71,-18.1,-5.56,-11.93,-14.69,-15.72,,-15.45,0.32,,-14.8,-19.08,,,,,,-14.86,-15.45,,-29,,,,-14,-17,-19,-35.5,,-3,,,,-8,-16,-9,-12,,6.62,,,,,,37,17,3,-20,54
California,New Mexico St.,33,32.13,,26.76,28.6,28.25,,33.36,37.94,43,32,25,37.94,24,26.74,29.35,31.98,56.31,32.96,27.99,,45.85,34.25,,24.8,24.87,,,,,,38.08,32,,36,,,,35,32,36,26,,27,,,,35,31,31,35.5,,7.07,,,,,,14,41,3,27,55
Central Florida,West Va.,-20,-17.29,,-15.25,-20.53,-16.79,,-28.06,-17.06,-12,-19,-14,-19.92,-12,-17.56,-18.68,-14.23,-21.19,-19.3,-24.78,,-31.55,-21.21,,-11.3,-20.14,,,,,,-22.89,-18.68,,-31,,,,-18,-20,-26,-55,,-12,,,,-20,-17,-14,-22.5,,5.41,,,,,,45,20,3,-25,65
Cincinnati,Miami (Ohio),-3.5,-23.38,,-8.16,-9.87,-6.5,,-16.83,-26.27,-10,-12,-5,-4.89,-7,-20.74,-7.31,-7.76,-9.93,-11.52,-15.7,,-15.35,-8.36,,-16.3,-14.62,,,,,,-5.92,-9.87,,-21,,,,-14,-2.5,-4,-58.5,,-8,,,,-9,-7,-8,-10.5,,5.87,,,,,,26,45,3,19,71
Clemson,Georgia Tech,7,9.04,,5.5,5.97,3.92,,10.57,10.61,6,13.5,9,11.61,5,7.46,9,6.42,10.04,9.34,10.07,,16.35,8.61,,8.5,16.85,,,,,,13.74,9,,16,,,,4,7,10,19,,10,,,,8,6,8,12.5,,3.53,,,,,,28,24,3,-4,52
Connecticut,Duke,14,10.21,,8.35,19.45,18.24,,13.53,9.62,17,22,15,11.19,13,10.8,9.02,10.42,18.9,14.18,8.89,,17.55,12.69,,14.7,16.11,,,,,,18.51,14,,14,,,,16,12,11,18.5,,12,,,,24,3,13,20,,4.66,,,,,,20,22,3,2,42
East Carolina,Wake Forest,-14.5,-19.81,,-12.19,-15.97,-11.35,,-17.82,-20.66,-18,-12,-15,-17.69,-7.5,-19.1,-15.8,-15,-22.73,-15.95,-13.7,,-22.55,-24.33,,-16.8,-10.43,,,,,,-15.38,-15.38,,-12,,,,-13,-15.5,-12,-7,,-13,,,,-12,-24,-11,-20,,4.42,,,,,,31,17,3,-14,48
Florida,Eastern Mich.,37,33.55,,42.13,28.06,18.22,,28.57,33.36,34,27,26,33.52,31,33.74,30.27,33.78,45.29,32.31,26.91,,35.45,28.12,,27.1,32.74,,,,,,25.44,32.74,,38,,,,36,37,42,24,,21,,,,28,47,29,28,,6.65,,,,,,10,49,3,39,59
Illinois,UCLA,-1.5,-10.06,,-2.18,-1.07,7.34,,-5.96,-14.93,-13,-8,-3,0.77,-1.5,-5.2,-2.17,-3.96,4.18,-3.85,-5.21,,-4.85,-4.63,,-4.9,-7.89,,,,,,-4.01,-4,,-12,,,,1,-6.5,-4,-21,,-5,,,,3,-3,-4,0.5,,4.92,,,,,,35,17,3,-18,52
Iowa,Iowa St.,24,31.09,,21.7,29.71,18.87,,31.59,30.71,41,57.5,18,20.56,17.5,31.61,21.67,27.06,17.75,27.7,33.13,,33.35,27.9,,32.7,27.87,,,,,,26.92,27,,35,,,,24,26.5,24,53,,26,,,,25,27,25,24,,8.06,,,,,,10,17,3,7,27
Kansas,Toledo,3,-0.44,,-1.72,2.35,13.19,,0.66,-1.04,8,-0.5,-1,10.9,-2,0.12,7.37,1.5,10.43,2.38,3.65,,10.45,3.31,,4,-4.85,,,,,,12.45,1.5,,1,,,,-5,-2,-4,-12,,3,,,,9,-10,3,-3.5,,5.82,,,,,,14,63,3,49,77
Kansas St.,Fresno St.,13.5,16.21,,16.4,22.33,14.86,,21.74,8.8,13,28,7,5.22,11,23.43,11.36,23.63,24.94,16.76,13.19,,22.95,3.31,,19.1,10.07,,,,,,5.26,14.86,,35,,,,27,14,11,18.5,,-6,,,,14,34,16,14,,9.29,,,,,,45,21,3,-24,66
LSU,Arkansas St.,40.5,50.59,,41.7,36.01,27.16,,53.83,51.34,41,75,30,37.82,31,50.04,42.06,40.55,56.86,44.64,42.15,,62.95,45.82,,45.4,36.81,,,,,,45.29,42.06,,54,,,,52,42,42,75,,39,,,,38,50,38,37,,10.17,,,,,,3,53,3,50,56
Louisiana Tech,Louisiana-Lafaye,14,15.51,,12.5,4.89,2.08,,10.18,18.96,17,-4,11,11.78,13.5,12.14,8.83,16.96,11.66,11.73,11.24,,10.15,19.15,,20.6,13.7,,,,,,18.38,11.96,,9,,,,4,-14,9,-5.5,,27,,,,13,13,14,,,6.13,,,,,,20,24,3,4,44
Maryland,Temple,27,33.98,,26.37,31.81,24.82,,23.17,38.28,33,28,23,26.86,26.5,29.64,28.35,24.04,33.35,29.09,23.59,,26.45,28.01,,29.6,34.33,,,,,,37.99,28.01,,21,,,,28,27,30,69,,18,,,,32,33,24,37,,5.11,,,,,,22,45,3,23,67
Miami (Fla.),Florida St.,1.5,1.92,,5.96,2.56,2.41,,2.06,6,2,6,4,3.22,7.5,-1.77,1.62,4.22,1.04,2.9,1.67,,3.45,0.63,,-3.5,6.43,,,,,,2.63,2.63,,3,,,,-1,2,3,23,,-2,,,,6,3,2,1.5,,2.62,,,,,,10,16,3,6,26
Michigan St.,Central Mich.,25.5,27.93,,26.67,17.88,13.33,,27.54,27.83,36,45.5,19,26.83,20.5,28.04,22.48,27.91,29.64,26.32,28.05,,37.85,26.04,,21.2,23.76,,,,,,26.02,26.67,,37,,,,27,26,25,28,,26,,,,22,31,23,17,,6.68,,,,,,7,24,3,17,31
Mississippi St.,Auburn,-13,-21.51,,-13.25,-19.58,-7.05,,-14.4,-19.71,-8,-20,-14,-7.71,-10,-23.38,-8.04,-13.9,-21.86,-15.06,-12.75,,-20.65,-14.65,,-17.4,-9,,,,,,-9.12,-14.4,,-26,,,,-19,-14,-17,-25,,-18,,,,-10,-20,-11,-12,,5.38,,,,,,43,14,3,-29,57
Nebraska,Southern Miss.,14,12.69,,14.65,15.17,13.82,,11.12,11.28,12,27,4,14.53,8.5,13.94,12.02,13.89,22.75,12.01,7.27,,17.45,4.01,,5.5,5.45,,,,,,7.93,12,,10,,,,16,13,8,3,,-3,,,,16,12,9,9.5,,5.84,,,,,,21,17,3,-4,38
New Mexico,Texas Tech,-4,-3.03,,-3.4,-0.43,-1.55,,-4.43,-2.24,11,-12,-6,-0.55,-5.5,-3.96,-5.33,-0.08,3.6,-2.55,1.86,,0.05,-11.97,,-1.5,-3.11,,,,,,-2.43,-2.43,,2,,,,-2,-3,-2,-4,,-11,,,,-3,-8,-2,-5,,4.65,,,,,,24,27,3,3,51
North Texas,Florida Atlantic,7.5,10.55,,16.07,-2.86,-8.2,,,4.83,,5.5,12,0.01,12.5,16.06,6.56,,-11.97,8.61,25.17,,,,,5.2,,,,,,,11.39,10.55,,23,,,,,8,3,22,,,,,,,,,22.5,,10.31,,,,,,20,13,3,-7,33
Northwestern,Arizona St.,1.5,4.04,,1.02,-6.62,-5.17,,1.3,4.86,13,-12.5,7,2.85,0,3.24,1.19,0.36,-0.49,0.72,5.81,,-0.95,4.66,,2.3,-0.5,,,,,,0.78,0.78,,1,,,,0,2.5,0,-8,,6,,,,-1,-4,1,-1.5,,4.63,,,,,,30,21,3,-9,51
Notre Dame,Michigan,-13.5,-10.32,,-10.95,-12.59,-11.57,,-20.01,-8.37,-31,-35,-5,-13.92,-11.5,-12.21,-13.49,-10.34,-28.47,-16.27,-16.75,,-26.95,-12.54,,-17,-17.71,,,,,,-24.65,-13.92,,-18,,,,-18,-11,-15,-50.5,,-15,,,,-15,-9,-13,-23,,7.14,,,,,,20,28,3,8,48
Ohio St.,Marshall,16,17.99,,20.11,21.08,16.44,,22.1,21.12,20,35,14,24.17,18,15.79,26.15,18.49,21.98,19.93,18.29,,24.55,13.55,,10,22.4,,,,,,27.48,20,,20,,,,18,16,22,51.5,,11,,,,19,25,15,10.5,,5.41,,,,,,21,24,3,3,45
Oklahoma,Houston,35.5,31.36,,35.18,32.32,22.08,,34.17,27.06,35,29.5,30,35.29,32.5,36.54,38.86,31.38,50.78,34.15,22.96,,40.05,38.16,,31.5,31.04,,,,,,36.38,33,,45,,,,39,37,33,38.5,,27,,,,33,42,30,34,,6.08,,,,,,13,63,3,50,76
Oklahoma St.,Tulsa,21,16.8,,27.45,20.2,18.76,,22.42,12.96,24,31.5,17,19.12,21.5,20.66,20.37,24.32,32.77,21.6,15.79,,26.55,24.16,,15,17.17,,,,,,23.55,21,,19,,,,27,18,17,19,,10,,,,20,26,21,21.5,,5.17,,,,,,21,38,3,17,59
Oregon,Indiana,20.5,24.39,,20.15,19.92,11.07,,19.74,26.82,25,23,15,18.67,20,22.01,21.97,18.21,16.17,19.98,20.99,,22.05,17.13,,20.1,19.7,,,,,,18.09,20,,25,,,,22,20,22,25,,6,,,,17,22,15,16.5,,4.32,,,,,,30,24,3,-6,54
Pittsburgh,Ohio,18,26.3,,25.49,16.85,10.3,,28.34,29.42,29,30,16,23.43,18,23.32,24.72,19.08,19.33,21.83,24.04,,24.25,18.1,,20.7,25.42,,,,,,9.21,23.43,,28,,,,15,18,24,49,,18,,,,15,24,21,21,,5.47,,,,,,3,24,3,21,27
Purdue,Ball St.,30,26.39,,27.68,25.84,19.82,,31.73,24.7,37,46,22,33.96,21.5,28.05,28.65,31.84,43.07,29.3,26.8,,39.85,31.69,,23.2,24.75,,,,,,32.47,28.05,,33,,,,30,30,32,41.5,,23,,,,32,28,26,16.5,,6.68,,,,,,7,59,3,52,66
South Carolina,Georgia,-8.5,-13.67,,-8.73,-11.14,-2.3,,-11.71,-15.98,-11,-8,-8,-9.69,-8,-11.65,-17.7,-9.73,-6.56,-10.11,-8.45,,-3.15,-10.74,,-10.7,-10.3,,,,,,-4.5,-9.73,,-15,,,,-12,-10,-9,-32.5,,-4,,,,-5,-19,-7,-17.5,,4.31,,,,,,20,16,3,-4,36
Stanford,BYU,3.5,3.06,,4.48,2.04,3.74,,3.78,5.04,7,-3.5,2,5.21,2.5,1.26,-2.6,7.59,7.03,3.48,2.56,,5.85,1.43,,2.3,7.23,,,,,,1.08,3.78,,5,,,,8,3.5,5,-2.5,,6,,,,7,-1,5,-2,,3.12,,,,,,10,37,3,27,47
TCU,SMU,23,34.06,,24.56,29.78,21.45,,22.32,42.3,26,19.5,28,27.41,28,26.89,32.46,24.12,32,28.58,22.76,,23.45,26.66,,23.3,36.61,,,,,,37.05,27.41,,30,,,,33,24,31,52,,17,,,,30,25,25,43,,6.24,,,,,,0,44,3,44,44
Texas A&M,Wyoming,11.5,4.11,,10.89,-2.68,-8.05,,9.95,8.33,11,7.5,14,4.77,9.5,-0.05,11.32,8.48,-10.13,5.53,3.64,,-3.75,11.31,,1.4,11.91,,,,,,-1.75,7.5,,6,,,,10,9.5,11,6,,8,,,,1,16,6,1,,6.52,,,,,,0,31,3,31,31
Troy St.,Missouri,-10.5,-10.15,,-8.01,-6.1,-1.76,,-13.67,-6.02,5,-17,0.25,-5.83,-2.5,-14.25,-3.95,-2.97,-2.86,-7.63,-5.71,,-16.95,-0.33,,-11.4,-0.46,,,,,,-3.77,-6.02,,-25,,,,-9,-10.5,-18,-6.5,,-6,,,,-7,-16,-5,-5,,6.67,,,,,,14,24,3,10,38
USC,Colorado St.,24.5,24.38,,22.9,29.51,22.04,,29.91,25.81,26,41.5,23,23.89,20,22.98,27.21,17.65,28.47,25.57,23.79,,30.75,25.03,,15.1,27.34,,,,,,30.05,25.03,,28,,,,27,24,29,57.5,,16,,,,25,26,21,25,,5.09,,,,,,0,49,3,49,49
Utah St.,Idaho,11,5.5,,5.39,7.09,6.08,,-0.7,4.79,2,0.5,12,10.6,9.5,6.38,7.52,6.39,7.27,6.54,1.26,,7.45,21.21,,5.7,2.08,,,,,,4.66,6.38,,4,,,,8,10.5,12,-17,,15,,,,9,3,7,8,,4.5,,,,,,7,14,3,7,21
Virginia,North Carolina,21.5,21.1,,17.37,25.94,18.01,,22.71,22.77,28,35.5,21,23.19,15.5,19.34,19.62,19.26,22.18,21.63,17.28,,26.45,16.11,,15.7,25.31,,,,,,20.81,21,,22,,,,21,20,23,42,,26,,,,21,22,20,30.5,,4.48,,,,,,24,56,3,32,80
Virginia Tech,Western Mich.,24.5,16.53,,22.52,11.77,3.28,,21.88,13.45,26,23,15,21.73,14,20.1,21.72,19.6,26.66,19.1,16.45,,26.05,20.81,,18.2,18.31,,,,,,14.07,19.6,,27,,,,22,25,27,-3,,25,,,,13,30,17,9,,6.13,,,,,,0,63,3,63,63
Washington St.,Colorado,3,16.3,,10.03,16.28,10.84,,6.09,17.59,15,7.5,3,10.16,11,15.35,8.68,8.16,11.68,10.38,14.92,,11.35,-1.72,,10.1,20.21,,,,,,12.52,10.13,,9,,,,9,3,9,25.5,,-2,,,,9,2,12,14.5,,5.27,,,,,,20,12,3,-8,32
Wisconsin,UNLV,16,9.62,,15.6,13.65,12.22,,18.21,7.16,6,12,14,16.74,15,12.18,13.31,13.88,12.99,14.02,12.03,,17.75,12.23,,11,13.62,,,,,,14.45,13.65,,17,,,,20,15,22,-6.5,,16,,,,19,17,14,13,,3.53,,,,,,3,18,3,15,21
Arizona,Wisconsin,-11.5,-0.02,,-11.13,-13.46,-8.08,,-12.65,-9.42,-10,-13,-10,-8.28,-10.5,9.22,-7.86,-15.67,-14.15,-10.96,-11.81,,-14.55,-12.3,,-16,-9.25,,,,,,-14.47,-11.9,,-17,,,,-12,-9.5,-14,-4.5,,-19,,,,-12,-10,-12,-10.5,,5.25,,,,,,9,7,4,-2,16
Arizona St.,Iowa,1,4.65,,-4.82,-8.96,-2.86,,-6.05,1.59,10,4,-2,3.29,-6,7.71,-0.06,-3.54,-0.65,-3.26,-4.02,,-6.55,-1.21,,-7.5,-7.11,,,,,,-5.58,-4.01,,-10,,,,-6,1.5,-5,-11,,1,,,,-1,-12,-4,-14.5,,5.61,,,,,,7,44,4,37,51
Arkansas,Louisiana-Monroe,30.5,21.47,,38.03,35.57,27.89,,34.78,11.21,39,59,27,34.81,31,35.02,28.57,39.69,47.2,32.82,30.86,,51.55,25.17,,26.6,31.97,,,,,,33.7,32.5,,40,,,,35,31,32,69,,32,,,,29,42,33,25,,9.16,,,,,,20,49,4,29,69
Arkansas St.,Memphis,-23.5,-14.42,,-19.08,-15.75,-17.79,,-28.74,-14.16,-19,-28.5,-15,-22.82,-14.5,-14.87,-25.49,-21.79,-32.74,-21.14,-25.51,,-24.05,-22.92,,-22.4,-17.64,,,,,,-24.63,-21.89,,-24,,,,-28,-23,-24,-40,,-22,,,,-22,-17,-20,-21.5,,4.9,,,,,,47,35,4,-12,82
Auburn,LSU,1.5,-0.61,,-0.95,-2.18,0.05,,-10.13,1.67,-2,-11.5,-1,3.95,-1.5,-3.23,-2.73,-2.54,-4.05,-2.57,-0.93,,-9.15,-4.72,,-7.8,-5.78,,,,,,-0.83,-2.36,,-9,,,,-7,1,-5,-24,,-3,,,,4,-6,-1,9.5,,4.54,,,,,,9,10,4,1,19
BYU,USC,-26.5,-13.26,,-24.48,-32.42,-24.78,,-31.97,-10.55,-30,-38,-20,-26.71,-19.5,-16.74,-21.85,-31.21,-49.59,-26.26,-22.26,,-42.25,-29.06,,-22.6,-16.36,,,,,,-22.62,-24.63,,-33,,,,-34,-26,-30,-62,,-26,,,,-22,-34,-24,-24,,8.48,,,,,,42,10,4,-32,52
Boston College,Connecticut,7.5,22.84,,17.19,9.26,9.48,,6.62,20.55,14,-0.5,8,8.56,12.5,25.07,4.84,11.71,3.18,10.71,8.69,,10.15,9.37,,4.6,12.28,,,,,,10.47,9.74,,9,,,,6,9.5,13,20,,6,,,,3,10,10,13.5,,5.73,,,,,,7,27,4,20,34
Colorado,North Texas,20,25.4,,22.54,11.87,18.41,,15.4,40.36,21,39.5,15,23.75,18.5,14.94,25.61,16,28.53,20.65,20.44,,29.35,22.28,,10,19.45,,,,,,34.84,19.94,,14,,,,21,14,23,35.5,,16,,,,22,17,15,16.5,,7.52,,,,,,21,52,4,31,73
Colorado St.,Minnesota,-4,2.45,,0.29,-9.96,-12.79,,-8.04,5.27,-3,-20,-4,-6.49,-4.5,-0.51,-5.65,-8.73,-12.1,-6.41,-4.68,,-14.45,-11.34,,-4.6,-11.71,,,,,,-8.37,-6.75,,-1,,,,-10,-4,-12,-18,,-1,,,,-12,-9,-7,-4.5,,5.54,,,,,,34,16,4,-18,50
Eastern Mich.,Toledo,-10,-2.42,,-15.19,-6.65,4.42,,-9.24,1.26,1,8,-7,0.85,-9.5,-6.02,-1.58,-5.72,-0.52,-6.55,-6.74,,1.55,-7.59,,-8.3,-15.9,,,,,,7.45,-6.69,,-18,,,,-12,-10,-19,-13.5,,-7,,,,1,-19,-4,-19.5,,7.84,,,,,,42,32,4,-10,74
Florida St.,UAB,23,27.55,,27.29,15.41,3,,25.43,24.02,24,32.5,17,10.62,20,34.47,12.31,26.71,26.48,21.02,17.24,,25.65,16.01,,24.6,21.92,,,,,,12.3,21.96,,35,,,,25,25.5,22,40.5,,11,,,,10,43,21,9.5,,8.96,,,,,,7,34,4,27,41
Georgia,Marshall,18.5,16.89,,17.23,19.88,15.71,,18.9,27.44,14,16.5,17,21.44,17,6.48,31.83,15.95,22.8,19.66,16.78,,15.95,25.95,,14,20.64,,,,,,20,18.95,,26,,,,19,19.5,22,44,,11,,,,22,35,17,22.5,,5.88,,,,,,3,13,4,10,16
Houston,Army,15.5,9.64,,18.21,15.6,9.26,,21.99,9.38,20,28,19,19.66,19.5,9.94,18.21,14.79,22.7,17.39,20.96,,19.15,15.32,,12.4,19.01,,,,,,11.6,19,,21,,,,21,16,19,30,,22,,,,15,24,16,22.5,,4.79,,,,,,21,35,4,14,56
Idaho,Washington St.,-25,-13.84,,-24.02,-21.68,-14.68,,-19.69,-20.32,-16,-31,20,-22.98,-27,-8.42,-24.93,-24.41,-37.29,-21.97,-16.23,,-28.55,-32.61,,-17.9,-22.78,,,,,,-29.29,-22.99,,-25,,,,-20,-24,-27,-47,,-26,,,,-23,-43,-18,-30.5,,10.88,,,,,,49,8,4,-41,57
Illinois,Western Mich.,7.5,6,,5.4,1.78,5.23,,3.09,6.92,-1,1,6,9.98,4.5,5.07,4.78,7.36,16.47,5.95,-2.88,,10.95,13.51,,-1.4,1.1,,,,,,2.77,5.7,,2,,,,9,8,9,-32,,11,,,,6,17,6,1,,4.95,,,,,,27,30,4,3,57
Iowa St.,Northern Ill.,3,2.22,,3.23,-7.51,-0.29,,-6.57,3.8,1,-20,-0.25,3.12,-1,0.53,-1.11,-3.25,3.28,-3.16,-13.3,,-1.25,-13.18,,-13.6,-10.72,,,,,,-3.12,-1.18,,-11,,,,-5,1.5,0,-27,,-6,,,,1,8,-5,-12.5,,6.68,,,,,,41,48,4,7,89
Kansas St.,Louisiana-Lafaye,31,23,,32.58,29.62,18.19,,38.49,21.11,10,39,17,17.7,25.5,25.04,22.51,30.88,39.67,26.93,17.15,,32.25,22.03,,39.6,27.27,,,,,,14.32,25.75,,45,,,,38,32,29,29.5,,26,,,,17,48,26,21,,9.66,,,,,,20,40,4,20,60
Kentucky,Indiana,2,-0.16,,4.09,5.32,-4.74,,-1.45,-8.44,-11,6.5,1,-5.35,1,6.45,0.1,4.58,-0.62,0.75,-2.7,,1.55,-6.66,,13.8,-7.85,,,,,,-14.02,-0.03,,20,,,,8,3,-1,-14.5,,-1,,,,-5,17,5,3,,7.77,,,,,,32,51,4,19,83
Miami (Fla.),Louisiana Tech,30.5,35.99,,33.97,29.24,23,,32.98,30.36,32,38.5,22,23.21,26,41.69,21.35,30.38,39.56,28.49,21.07,,36.75,27.95,,23.3,25.4,,,,,,18.57,28.6,,36,,,,31,31.5,36,44,,18,,,,24,41,24,13,,7.56,,,,,,0,48,4,48,48
Miami (Ohio),Ohio,20,13.46,,20.83,19.83,11.68,,28.71,12.99,4,24,17,17.31,18,13.95,21.72,18.16,19.63,18.88,20.63,,17.05,28.72,,27.1,28.16,,,,,,4.25,18.89,,35,,,,24,20,18,61.5,,21,,,,17,21,20,9.5,,6.98,,,,,,20,40,4,20,60
Michigan,San Diego St.,20.5,21.67,,23.2,19.87,14.91,,23.7,18.09,12,23,17,16.36,17,25.78,10.76,24.08,27.32,20.02,18.1,,25.15,18.44,,20.6,21.7,,,,,,7.42,20.24,,31,,,,24,23,15,30,,24,,,,15,33,21,14.5,,5.81,,,,,,21,24,4,3,45
Michigan St.,Notre Dame,-3.5,-12.11,,-4.31,2.36,1.68,,-2.62,-11.69,-5,-7,-2,-9.29,-0.5,-12.64,-8.07,3.06,-0.98,-2.06,-2.54,,-4.45,-4.34,,6.9,2.45,,,,,,-5.11,-2.27,,12,,,,4,-3,-2,-6,,3,,,,4,-4,1,-6.5,,5.81,,,,,,31,24,4,-7,55
Middle Tenn.,Florida Atlantic,2.5,4.68,,8.87,-4.37,-1.11,,,4.82,,-6.5,-7,-7.2,5.5,4.65,-10.88,,-2.96,2.07,21.91,,,-2.3,,-0.8,,,,,,,3.5,1.35,,14,,,,,4,-6,7,,,,,,,,,12,,8.47,,,,,,27,20,4,-7,47
Mississippi,Vanderbilt,7,15.81,,16.37,22.58,17.11,,13.26,9.9,18,16,6,16.43,16.5,22.8,13.07,15.85,25.69,16.87,13.17,,19.35,8.31,,15.1,28.84,,,,,,13.64,16.4,,25,,,,20,7,10,15,,10,,,,12,22,19,26.5,,5.71,,,,,,23,26,4,3,49
Missouri,Ball St.,26,8.01,,14.96,21.54,19.76,,21.88,6.62,18,10.5,20,19.78,16,9.8,21.22,21.6,26.19,19.14,13.63,,21.75,19.82,,17.9,15.33,,,,,,15.16,19.77,,34,,,,26,24.5,29,26.5,,23,,,,25,18,19,13,,6.17,,,,,,0,48,4,48,48
NC St.,Ohio St.,1,-3.31,,1.59,1.62,5.65,,3.38,-8.97,6,3,-2,5.23,-5.5,4.27,1.71,2.43,7.81,1.1,2.53,,2.65,2.39,,5.4,-9.79,,,,,,-7.76,1.86,,-1,,,,5,-3,-2,-34,,1,,,,2,8,1,1.5,,4.64,,,,,,22,14,4,-8,36
Nevada,Buffalo,15,9.23,,16.57,17.7,14.48,,7.89,12.63,10,-7.5,20,19.72,23.5,5.9,16.06,14.67,23.16,16.31,10.11,,19.05,18.24,,13.7,21.72,,,,,,21.8,16.32,,18,,,,11,13,12,29.5,,8,,,,18,24,14,35.5,,7.63,,,,,,13,38,4,25,51
New Mexico St.,Troy St.,-10,-7.64,,-6.01,-6.34,-11.77,,-7.9,-11.18,-12,-9.5,-10,-14.65,-7.5,-4.82,-12.68,-4.06,-19.18,-9.96,-13.74,,-9.35,-13.35,,-0.6,-14.32,,,,,,-27.79,-9.68,,2,,,,-9,-9,-10,-6.5,,-8,,,,-15,1,-8,-17,,6.05,,,,,,18,22,4,4,40
North Carolina,Georgia Tech,-8.5,-6.62,,-11,-14.42,-9.44,,-11.31,-15.78,-11,-27,-9,-12.28,-12,-1.16,-14.59,-12.4,-10.14,-11.79,-12.07,,-13.85,-14.01,,-5,-19.29,,,,,,-16.18,-12,,-6,,,,-12,-8,-16,-33.5,,-11,,,,-10,-13,-9,-21.5,,5.01,,,,,,13,34,4,21,47
Northwestern,Kansas,3,-4.66,,4.34,-1.46,-5.99,,3.17,-8.74,-13,3,2,-2.02,0,0.31,-4.02,-0.21,-14.51,-1.96,-3.33,,-6.75,1.23,,0.2,-4.87,,,,,,-15.51,-1.23,,6,,,,3,3,-1,0.5,,6,,,,-4,11,-2,0,,6.07,,,,,,17,20,4,3,37
Oklahoma,Oregon,27.5,20.4,,22.2,25.2,21.72,,21.31,21.05,36,28.5,25,32.82,23.5,20.09,34.07,27.78,44.29,26.65,20.48,,31.95,26.5,,24.1,23.03,,,,,,25.62,25.41,,28,,,,29,24,22,39.5,,29,,,,29,25,26,31,,5.5,,,,,,7,31,4,24,38
Oklahoma St.,SMU,35,32.57,,31.67,34.3,30.79,,31.21,32.42,40,22,28,34.61,29,33.2,34.17,35.65,47.71,34.08,28.99,,36.75,32.07,,33.1,31.99,,,,,,42.65,33.15,,42,,,,40,34,34,50,,21,,,,37,30,32,37.5,,5.62,,,,,,7,59,4,52,66
Oregon St.,New Mexico,12.5,12.34,,11.4,5.15,1.49,,9,3.03,27,27.5,8,8.77,7.5,23.24,2.05,17.6,9.25,10.47,10.21,,13.85,14.99,,7.9,7.16,,,,,,-2.14,9.13,,6,,,,18,12,11,16.5,,10,,,,7,27,10,6.5,,7.59,,,,,,7,17,4,10,24
Penn St.,Central Florida,22.5,18.57,,19.5,20.84,20.25,,20.46,12.07,21,22.5,16,26.32,15,25.39,20.55,25.05,32.23,20.54,21.97,,24.25,19.62,,14.9,14.76,,,,,,17.86,20.13,,27,,,,20,21,20,32,,20,,,,23,28,19,11.5,,4.72,,,,,,13,37,4,24,50
Pittsburgh,Nebraska,-4,-2.68,,1,-0.95,0.41,,1.98,-0.36,-1,-4.5,4,0.33,2,-5.61,3.07,3.44,-4.76,0.65,3.34,,-1.15,0.38,,3.3,2.25,,,,,,-6.18,1,,2,,,,-5,-4,-3,-10.5,,6,,,,1,4,4,6.5,,3.48,,,,,,24,17,4,-7,41
Rice,Hawaii,-1,10.13,,3.7,3.11,7.95,,1.12,23.03,1,18.5,-0.25,8.62,-0.5,-2.13,11.9,-1.74,-3.84,3.33,13.08,,5.95,0.94,,-0.4,2.45,,,,,,10.6,1.56,,-2,,,,1,-2.5,3,13,,2,,,,7,-6,-2,-4.5,,6.88,,,,,,29,41,4,12,70
Rutgers,Kent,12.5,5.71,,7.02,4.65,4.88,,16.97,6.3,15,23,4,11.55,2.5,5.16,14.82,12.29,8.48,9.95,15.27,,12.15,18.23,,10.7,11.94,,,,,,4.55,10.85,,14,,,,6,10,19,18,,5,,,,11,19,12,0.5,,5.77,,,,,,21,29,4,8,50
South Carolina,South Florida,13,11.99,,14.24,2.89,5.09,,8.88,15.29,13,16.5,6,16.64,5,8.84,7.71,10.05,22.16,10.11,13.39,,21.75,18.22,,5.7,2.7,,,,,,14.95,9.5,,11,,,,6,13,13,2,,10,,,,6,9,7,-3.5,,5.86,,,,,,3,34,4,31,37
Syracuse,Cincinnati,-2.5,2.87,,5.66,1.48,-0.5,,5.18,-2.31,2,-16,-4,-2.76,3,7.84,2.69,3.77,-10.41,0.93,0.18,,-3.25,-11.7,,4.5,5.57,,,,,,-0.38,1.24,,20,,,,1,0,2,15.5,,-2,,,,1,-1,2,-6.5,,6.58,,,,,,7,19,4,12,26
Tennessee,Florida,3,3.69,,1.43,5.31,4.89,,7.5,9.24,14,19,5,5.31,3.5,-2.03,2.83,5.69,-1.06,4.41,7.22,,8.45,0.64,,3.5,6.21,,,,,,5.21,4.95,,6,,,,4,4,2,8.5,,6,,,,6,-1,3,1,,4.3,,,,,,28,30,4,2,58
Texas A&M,Clemson,-1,6.05,,-3.84,-5.41,1.29,,-12.01,-0.81,1,-15,-1,5.79,-2,12.98,-1.46,-2.05,-8.47,-3.85,-6.42,,-7.35,-7.77,,-10.3,-12.25,,,,,,0.6,-3.92,,-15,,,,-6,-3,-6,-30.5,,-7,,,,-1,-12,-4,-3.5,,6.4,,,,,,6,27,4,21,33
Texas Tech,TCU,6,0.59,,8.32,0.51,0.01,,7.9,1.49,-2,-3,1,1.94,0.5,-0.31,-0.5,7.09,2.28,2.35,5.49,,2.85,2.39,,9,-4.32,,,,,,-10.79,1.97,,16,,,,4,7,-3,-1.5,,5,,,,2,8,4,-3.5,,5.12,,,,,,35,70,4,35,105
Tulsa,Navy,0,5.62,,-2.93,-1.68,-3.25,,-7.69,0.33,1,-15,2,12.1,-3,11.06,0.52,-2.21,-14.56,-1.04,-8.43,,-7.35,-4.61,,1.3,3.54,,,,,,-9.28,-1.84,,2,,,,-6,0,0,-6.5,,14,,,,-5,-2,-3,-1.5,,6.8,,,,,,29,0,4,-29,29
UNLV,Air Force,6.5,6.4,,1.14,-2.02,-0.66,,10.62,8.97,21,19,8,7.48,-2,4.18,3.96,3.63,-1.25,5.02,4.52,,6.25,20.47,,1.5,3.03,,,,,,3.83,3.98,,2,,,,4,3.5,5,21.5,,17,,,,2,-5,5,1.5,,6.63,,,,,,27,10,4,-17,37
UTEP,Boise St.,-29,-21.46,,-30.69,-25.47,-16.79,,-34.56,-18.87,-35,-46.5,-20,-24.87,-27.5,-25.84,-22.41,-33.96,-40.94,-29.28,-33.19,,-40.85,-29.73,,-29.1,-29.97,,,,,,-30.14,-29.62,,-35,,,,-32,-26.5,-29,-60,,-24,,,,-25,-41,-33,-29.5,,7.08,,,,,,47,31,4,-16,78
Utah St.,Utah,-19.5,-15.97,,-19.56,-16.68,-15.44,,-22.8,-12.89,-12,-36.5,-15,-23.8,-14.5,-19.2,-16.96,-16.43,-20.15,-19.23,-18.76,,-23.25,-24.99,,-14.4,-24.24,,,,,,-26.5,-18.38,,-19,,,,-17,-16.5,-29,-73.5,,-22,,,,-18,-15,-14,-31,,5.81,,,,,,48,6,4,-42,54
Virginia,Akron,31,27.18,,27.04,23.05,23.54,,35,28.77,41,59.5,29,34.65,25.5,25.59,28.31,30.28,37.67,30.29,29.77,,38.55,29.66,,20.4,24.71,,,,,,39.54,29.72,,25,,,,30,29,36,45,,33,,,,32,34,26,33,,7.56,,,,,,0,51,4,51,51
Virginia Tech,Duke,27.5,25.53,,24.54,23.45,20.9,,16.7,21.91,29,38,20,20.39,23.5,32.42,18.42,27.58,43.91,23.79,12.06,,31.45,17.85,,23.4,21.43,,,,,,25.73,23.48,,24,,,,26,25,24,10,,21,,,,25,23,24,19,,6.31,,,,,,17,41,4,24,58
Washington,UCLA,0,3.09,,2.39,-2.06,-4.32,,4.79,0.94,8,2,-0.25,-2.39,2.5,5.68,3.6,1.54,-4.96,1.28,0.41,,-1.45,-5.84,,2.4,7.87,,,,,,0.03,1,,6,,,,-1,0,1,26.5,,4,,,,-1,6,1,-2,,3.61,,,,,,37,31,4,-6,68
West Va.,Maryland,6.5,-1.38,,0.77,1.56,3.56,,-0.46,0.73,9,-2.5,4,9.37,-1.5,-3.05,2.23,5,-3.21,1.16,3.52,,1.55,3.44,,-6.1,0.68,,,,,,-4.1,1.56,,6,,,,4,5.5,8,-18,,-3,,,,8,-15,3,-4,,5.18,,,,,,16,19,4,3,35
Arizona,Washington St.,-3,-8.78,-6.75,-11.38,-21.14,-12.71,-6.94,-7.33,-11.44,-9,-8,-6,-1.91,-10.5,-5.98,-2.79,-17.2,-19.29,-10.18,-10.64,,-12.05,-2.63,,-10.2,-14.72,,,,,-28,-4.4,-9.6,,-20,,,,-12,-4,-6,-22.5,,-9,,,,-5,-16,-15,-8.5,,5.2,,,,,,20,19,5,-1,39
Arizona St.,Oregon St.,7.5,9.55,14.06,0.92,0.42,7.49,6.94,2.39,12.09,17,-9,11,11.94,7,6.87,13.59,7.25,9.18,6.79,-3.75,,2.55,1.12,,6.4,6.27,,,,,2,29.55,6.91,,-5,,,,-2,6.5,4,-6,,3,,,,13,-11,3,19,,8.45,,,,,,14,27,5,13,41
Arkansas,Alabama,5.5,6.29,2.51,3.46,8,6.18,6.31,2.93,0.31,28,23,2,9.44,2.5,14.64,7.11,6.59,1.54,4.6,5.03,,1.45,-6.03,,0.9,5.02,,,,,-2,-0.8,3.73,,11,,,,1,6.5,-1,41,,4,,,,5,-2,8,-1.5,,7.1,,,,,,10,27,5,17,37
Ball St.,Western Mich.,-3.5,7.15,3.89,-1.55,-1.73,-3.32,1.51,-1.85,9.2,10,6,0.25,6.32,-2,5.11,8.31,1.8,-10.62,1.69,2.98,,-3.65,2.6,,3.1,6.11,,,,,-2,6.71,1.66,,-2,,,,-2,-2.5,-2,-16,,3,,,,-5,8,1,-0.5,,4.96,,,,,,14,41,5,27,55
Baylor,North Texas,-3.5,3.04,1.62,-5.1,-11.21,-0.63,-1.96,-7.7,3.74,-3,5,-1,-1.83,-0.5,2.33,2.87,-9.03,-12,-3.01,-3.06,,-4.55,-4.74,,-2.5,-6.59,,,,,-10,8.05,-3,,-6,,,,-3,-3.5,1,-4.5,,-3,,,,4,-9,-9,-11.5,,5.33,,,,,,14,37,5,23,51
Boise St.,BYU,21.5,14.13,26.13,19.37,26.66,24.54,19.64,18.92,10.27,26,27.5,25,21.76,25,17.92,15.1,27.28,33.12,22.49,22.82,,30.55,17.54,,18.7,21.65,,,,,32,18.14,22.91,,24,,,,29,17,21,34,,23,,,,26,26,24,21.5,,5.08,,,,,,27,28,5,1,55
Connecticut,Army,23,17.08,20.64,21.64,29.24,23.3,17.72,28.51,18.13,19,35,25,27.68,25,16.05,29.44,18.86,37.5,24.06,25.88,,29.05,19.51,,17.9,26.82,,,,,28,21.43,24.15,,32,,,,31,21.5,22,55,,16,,,,27,29,23,26.5,,5.68,,,,,,3,40,5,37,43
Duke,Maryland,-17,-8.76,-17.16,-15.96,-17.88,-12.81,-10.22,-17.1,-14.92,5,-14.5,-12,-6.73,-16.5,-1.76,-10.54,-16.35,-17.7,-13.52,-8.09,,-15.35,-11.11,,-11,-19.31,,,,,-34,-18.88,-15.17,,-16,,,,-16,-17,-17,-49,,-14,,,,-15,-18,-14,-20.5,,5.48,,,,,,55,21,5,-34,76
East Carolina,Cincinnati,-11.5,-10.07,-11.84,-7.41,-12.52,-10.28,-8.46,-11.6,-10.99,-9,-12,-9,-11.5,-6.5,-9.21,-10.61,-10.42,-19.27,-10.85,-14.61,,-13.15,-14.81,,-9.9,-15.2,,,,,-22,-11.63,-10.51,,-2,,,,-11,-13,-8,-8.5,,-7,,,,-10,-16,-8,-15.5,,3.44,,,,,,24,19,5,-5,43
Florida,Kentucky,19.5,6.17,13.52,19.7,15.78,14.41,14.34,11.37,5.09,1,11,13,20.05,20.5,7.34,16.35,20.2,26.2,14.83,18.8,,17.15,17.56,,11.9,15.58,,,,,26,7.85,15.68,,15,,,,19,17.5,21,40,,7,,,,18,20,17,14,,5.79,,,,,,3,20,5,17,23
Florida St.,Clemson,18,18.51,22.19,17.36,16.63,17.2,18.71,12.17,14.9,30,0.5,16,17.28,16,24.52,12.29,21.29,26.43,17.28,7.9,,18.55,9.79,,15.4,11.64,,,,,18,31.17,16.92,,10,,,,15,19,19,-0.5,,13,,,,14,18,16,17.5,,6.28,,,,,,22,41,5,19,63
Houston,Miami (Fla.),-29,-28.25,-33.24,-29.18,-24.02,-22.14,-24.05,-21.61,-27.16,-27,-23.5,-18,-20.04,-25,-29.48,-20.36,-25.04,-35,-25.06,-14.91,,-33.55,-24.64,,-23.6,-21.48,,,,,-43,-37.49,-24.34,,-23,,,,-21,-25.5,-27,-49,,-9,,,,-24,-30,-23,-29.5,,5.82,,,,,,38,13,5,-25,51
Illinois,Purdue,-21.5,-18.14,-26.38,-16.07,-20.64,-18.43,-23.65,-22.06,-14.25,-39,-55,-11,-23.41,-10.5,-22.92,-10.53,-24.56,-32.35,-21.08,-27.66,,-36.15,-22.09,,-15.5,-17.1,,,,,-42,-24.94,-19.82,,-21,,,,-19,-18.5,-23,-50,,-19,,,,-19,-17,-19,-18,,9.24,,,,,,38,30,5,-8,68
Indiana,Michigan St.,-3,8.28,4.44,-1.3,-9.57,-1.98,-0.96,-2.74,11.76,15,-11.5,7,9.92,1.5,4.57,13.37,0.68,-0.11,0.91,-0.05,,-6.25,-0.07,,-1.9,1.29,,,,,2,15.34,-0.06,,-19,,,,-5,-3,-1,-13.5,,-1,,,,1,-14,-3,1,,8.21,,,,,,30,20,5,-10,50
Kansas,Texas Tech,-6.5,-2.35,-4.86,-7.88,-8.76,-1.46,1.65,-8.06,-3.29,8,-10.5,-1,6.75,-5.5,-1.3,7.17,-2.91,-1.33,-3.24,2.95,,-7.45,-3.55,,1.4,-3.28,,,,,-10,3.5,-3.14,,-11,,,,-8,-4.5,-3,-9,,-9,,,,-1,-21,-5,-7.5,,6.16,,,,,,31,30,5,-1,61
Kent,Akron,7,2.64,5.2,0.89,1.15,6.78,5.23,6.31,3.27,9,25,10,7.19,7,2.02,6.56,6.61,12.38,6.28,7.5,,13.05,9.01,,2.3,6.88,,,,,3,7.86,6.83,,2,,,,9,4.5,10,9,,9,,,,9,-5,5,10.5,,5.23,,,,,,24,19,5,-5,43
LSU,Mississippi St.,29,25.8,25.05,27.68,37.85,28.43,24.31,32.77,25.02,30,41.5,22,28.44,23.5,27.04,27.9,29.05,37.83,29.05,24.3,,37.45,32.55,,25.2,25.04,,,,,36,23.43,28.17,,35,,,,37,29,32,48,,37,,,,26,35,30,19,,5.7,,,,,,0,51,5,51,51
Louisiana-Lafaye,Middle Tenn.,-1.5,2.18,-8.86,-0.68,-0.65,1.71,0.36,2.32,2.72,1,14,1,2.04,1.5,1.66,0.98,-1.75,-0.4,0.3,0.44,,3.15,1.27,,-4.6,4.48,,,,,-14,-0.16,0.98,,-1,,,,5,-2.5,2,5,,-1,,,,-1,-1,-4,,,3.33,,,,,,17,24,5,7,41
Louisiana-Monroe,Arkansas St.,6,9.78,8.52,0.65,-2.56,-0.3,6.71,1.61,9.93,20,11.5,3,11.27,0,9.65,10.91,6.17,-2.04,4.96,4.72,,5.55,2.95,,5.6,-3.01,,,,,0,10.66,5.27,,5,,,,6,6.5,1,-19,,-1,,,,4,6,6,2,,5.25,,,,,,28,21,5,-7,49
Michigan,Iowa,13,6.07,-1.21,7.69,3.17,5.94,8.58,10.73,4.58,9,13,9,12.62,8.5,7.5,10.26,11.49,17.95,8.72,6.21,,16.15,12.98,,7.3,7.58,,,,,8,1.03,8.79,,12,,,,13,13,9,0.5,,16,,,,10,5,9,4.5,,4,,,,,,17,30,5,13,47
Minnesota,Northwestern,15,12.18,12.96,14.86,20.95,17.6,10.52,13.38,17.69,17,19.5,15,17.14,21,6.82,18.23,19.87,29.63,16.1,13.84,,16.35,13.04,,13.1,15.13,,,,,22,10.6,16.67,,17,,,,24,14,16,20,,3,,,,20,20,19,17,,5.01,,,,,,17,43,5,26,60
Navy,Vanderbilt,8.5,16.17,19.48,5.92,15.83,18.6,12.9,10.18,15.15,30,19,9,19.9,14.5,17.55,18.68,11.86,21.39,15.07,18.08,,14.25,10.24,,10.2,24.54,,,,,16,30.05,15.08,,9,,,,15,6.5,8,20,,-3,,,,19,3,14,22.5,,7.3,,,,,,26,29,5,3,55
New Mexico St.,New Mexico,-6.5,-1.4,-0.98,-10.86,-8.04,-7.36,-10.95,-12.41,0.56,7,-10.5,-1,-11.08,-4.5,-3.36,0.58,-8.6,-22.02,-7.35,-14.68,,-15.95,-6.66,,-11,-10.83,,,,,-18,7.93,-8.02,,-22,,,,-10,-7.5,-11,-10.5,,-8,,,,-6,-8,-9,-1,,7.01,,,,,,38,3,5,-35,41
North Carolina,Louisville,-7.5,-0.89,-2.08,-2.15,-12.47,-8.54,-5.86,-1.94,3.63,-8,-13,-6,-4.13,-4,-4.85,2.69,-8.1,-2.88,-4.6,-7.46,,-1.55,-2.78,,-11.9,-3.42,,,,,-16,-7.23,-4.07,,-2,,,,-1,-6.5,-10,-29,,-12,,,,-10,6,-5,-4,,4.82,,,,,,34,0,5,-34,34
Northern Ill.,Bowling Green,0,0.88,-1.29,-1.71,1.81,0.81,-1.89,-4.24,1.99,1,-1.5,-7,-3.75,-1,-0.62,-3.98,4.04,-11.63,-2.32,4.69,,-4.75,-4.59,,-5.6,-1.99,,,,,-10,-13.8,-1.8,,1,,,,-4,1,-1,-10.5,,-6,,,,1,-7,1,-2,,4.25,,,,,,17,34,5,17,51
Notre Dame,Washington,11,12.2,14.72,9.59,11.52,14.66,10.42,9.56,17.47,18,17,16,21.41,12.5,6.69,17.98,12.67,21.88,12.53,14.61,,15.55,16.96,,9.5,8.11,,,,,14,13.53,12.58,,1,,,,12,11.5,12,3,,8,,,,13,-2,10,16.5,,5.31,,,,,,3,38,5,35,41
Ohio,Buffalo,13,9.92,8.21,13.14,13.69,11.54,8.21,12.11,11.35,12,7.5,17,16.3,17.5,8.54,18.75,15.71,23.43,12.68,5.4,,15.85,11.67,,8.8,12.04,,,,,8,2.85,12.08,,15,,,,18,13,11,-8,,7,,,,13,18,13,11.5,,4.42,,,,,,0,34,5,34,34
Oregon,Idaho,34,13.91,17.37,23.05,20.36,15.42,20.93,26.08,5.63,21,41,23,26.73,23.5,23.49,24.42,22.45,24.51,23.56,16.09,,32.25,39.58,,17.2,22.28,,,,,22,21.61,23.03,,27,,,,28,32.5,37,19.5,,37,,,,26,30,21,20,,7.77,,,,,,10,48,5,38,58
SMU,San Jose St.,1.5,1.35,2,-2.36,-9.01,-9.81,-0.84,4.1,5.69,-2,4,-1,5.53,-6,-3.05,2.01,-2.7,-8.18,-1.1,-1.43,,-0.25,9.61,,0.2,0.37,,,,,-6,-8.24,-1.21,,-6,,,,-6,1.5,3,-19.5,,14,,,,-3,2,-2,-11,,5.84,,,,,,13,36,5,23,49
San Diego St.,Nevada,15,9.16,5.04,12.2,7.01,6.85,7.04,17.44,9.68,25,42,7,10.13,5.5,8.62,13.82,10.69,9.46,10.27,13.34,,12.75,10.4,,5.4,2.33,,,,,8,1.82,9.84,,14,,,,18,13.5,21,16,,10,,,,9,2,10,13.5,,7.88,,,,,,10,27,5,17,37
South Carolina,Troy St.,14,7.29,11.98,16.6,10,9.99,13.3,17.14,7.94,2,17.5,9,18.02,9.5,6.59,16.63,14.85,17.92,12.66,7.44,,21.95,16.62,,12.1,6.42,,,,,10,2.53,12.04,,21,,,,14,14,22,3,,11,,,,11,22,13,10,,5.68,,,,,,7,17,5,10,24
Stanford,USC,-22.5,-10.95,-13.73,-19.53,-30.78,-18.39,-11.87,-23.47,-8.52,-13,-27,-18,-15.04,-19,-13.65,-13.43,-21.97,-31.78,-18.38,-14.8,,-24.05,-21.18,,-9.5,-11.51,,,,,-22,-5.75,-18.7,,-32,,,,-26,-20.5,-24,-64,,-19,,,,-11,-29,-19,-21.5,,7.23,,,,,,31,28,5,-3,59
TCU,South Florida,8.5,12.52,10.27,10.12,11.42,12.09,14.69,6.08,11.86,12,18.5,11,14,13.5,13.18,13.43,13.29,13.65,11.65,7.95,,14.65,17.25,,7.5,10.13,,,,,14,25.51,11.93,,9,,,,6,7.5,12,16,,15,,,,11,6,8,6.5,,4.18,,,,,,45,44,5,-1,89
Tennessee,Louisiana Tech,23,11.75,19.28,25.47,22.65,16.44,17.82,27.66,13.68,12,50.5,17,23.58,21,10.83,19.95,26.89,35.14,21.26,19.93,,36.95,17.35,,16.6,19.64,,,,,34,15.07,19.94,,33,,,,33,2,33,17,,16,,,,21,20,23,12,,9.16,,,,,,17,42,5,25,59
Texas,Rice,32,27.35,24.7,28.08,28.31,23.12,24.88,24.92,21.03,40,17,23,26.38,26,33.19,19.11,38.04,40.98,28.01,20.41,,35.05,27.73,,22.9,23.42,,,,,36,18.7,26.69,,37,,,,37,30,28,4,,25,,,,27,33,31,25,,6.57,,,,,,13,35,5,22,48
Toledo,Temple,8,6.05,4.8,8.6,16.44,8.99,-0.27,1.09,8.27,1,-8,10,7.46,16,4.02,16.85,2.01,-6.58,7.02,5.65,,-7.15,12.24,,4.2,24.17,,,,,6,-1.81,7,,8,,,,8,8.5,16,27.5,,7,,,,7,-2,7,17.5,,7.75,,,,,,17,45,5,28,62
Tulane,Southern Miss.,-13,-21.15,-26.43,-14.7,-6.89,-9.74,-16.7,-13.8,-30.69,-33,-12,-8,-17.45,-9,-15.83,-12.51,-11.52,-14.02,-15.64,-17.52,,-22.05,-17.1,,-12.6,-11.7,,,,,-34,-28.35,-13.91,,-12,,,,-8,-13.5,-20,-31.5,,-10,,,,-10,-4,-10,-24.5,,7.19,,,,,,32,14,5,-18,46
UAB,Memphis,-2.5,2.85,1.5,-1.67,0.46,2.45,5.75,-6.62,-5.47,6,-1,-1,2.97,-4,9.95,-6.56,2.11,-4.8,-1.1,-7.75,,2.05,-2.82,,-1.1,-9.32,,,,,-16,1.07,-1,,-7,,,,-5,-1,-1,-34,,4,,,,-3,2,-1,-8,,4.61,,,,,,28,35,5,7,63
UNLV,Utah St.,13,3.2,6.58,10.17,9.51,6.53,7.18,8.94,-0.11,6,29,6,13.64,7,6.32,11.75,6.76,12.12,8.97,10.93,,14.55,10.94,,6.8,12.76,,,,,8,-4.9,9.51,,16,,,,12,13,13,39,,16,,,,8,11,11,9.5,,5.86,,,,,,31,21,5,-10,52
Utah,Air Force,20,18.83,23.1,13.65,10.73,14.94,18.9,21.81,16,23,28.5,24,22.28,15,21.32,17.83,16.74,16.92,19.02,18.35,,19.25,29.7,,15.9,18.41,,,,,26,30.81,18.62,,13,,,,17,17.5,20,62,,27,,,,21,1,16,28,,6.24,,,,,,35,49,5,14,84
Virginia,Syracuse,25,12.36,15.87,12.8,16.64,16.4,19.84,16.51,10.34,25,23.5,20,27.04,15.5,14.14,19.68,25.03,39.25,19.21,15.39,,26.15,23.83,,16.7,9.09,,,,,24,22.13,18.84,,8,,,,22,21,21,20.5,,24,,,,24,16,18,23.5,,6.52,,,,,,10,31,5,21,41
Virginia Tech,NC St.,8.5,5.56,1.88,6.11,2.67,3.37,8.81,1.1,3.66,28,13.5,6,11.23,8.5,9.31,7.55,13.83,16.72,6.85,0.81,,14.95,3.78,,6.4,3.99,,,,,4,4.72,5.78,,6,,,,4,6.5,5,-8,,5,,,,8,1,10,-2.5,,6.01,,,,,,17,16,5,-1,33
Wake Forest,Boston College,1,-6.97,-13.07,-3.41,-2.07,-1.92,-5.49,-5.75,-9.86,-6,-6.5,-4,-3.01,-5,-4.57,-4.95,-1.74,4.28,-4.37,-0.14,,-9.75,1.34,,1.4,-8.07,,,,,-12,-24.43,-4,,-4,,,,4,2,-6,-42,,1,,,,1,2,1,-17,,6.06,,,,,,14,17,5,3,31
Wisconsin,Penn St.,3,7.63,8.44,5.74,6.76,7.09,4.7,10.22,11.21,4,14.5,9,11.1,10,4.72,19.66,6.08,7.62,8.16,8.96,,4.85,10.73,,-1.2,11.48,,,,,10,11.5,8.7,,13,,,,9,3.5,10,8.5,,10,,,,8,-1,5,10.5,,4.21,,,,,,3,16,5,13,19
Wyoming,Mississippi,-3.5,1.88,1.99,-7.42,-8.09,-0.06,0.06,-15.86,1.52,3,-12.5,-1,1.45,-5.5,2.26,-1.42,-8.1,1.39,-5.14,-7.3,,-9.05,-11.9,,-0.4,-17.86,,,,,-16,6.86,-4.5,,-18,,,,-8,-5.5,-7,-14.5,,-13,,,,1,-23,-9,-3.5,,7.42,,,,,,32,37,5,5,69
Air Force,Navy,-1,3.18,1.77,6.1,1.85,-6.76,0.05,-6.56,3.81,-2,-3.63,-4,0.44,5,2.52,1.93,-3.64,-5.91,-0.3,-1.35,,0.65,-6.71,,-4.4,-3.45,,,,,-12,-6.36,0.05,,-2,,,,3,0,1,-11.36,,-3,,,,-5,18,3,,,5.32,,,,,,24,21,6,-3,45
Alabama,South Carolina,2.5,1.38,-1.1,2.46,5.82,0.69,2.47,1.13,1.56,-6,1.75,1,7.61,4.5,1.13,7.5,2.56,7.2,3.13,-1.06,,10.35,-4.36,,3.2,5.79,,,,,2,-0.33,2.47,,12,,,,8,2.5,1,-7.68,,-1,,,,5,15,6,-5.5,,4.89,,,,,,20,3,6,-17,23
Army,TCU,-19.5,-12.12,-17.36,-19.02,-19.77,-19.39,-14.75,-19.9,-10.58,-11,-27.41,-22,-10.47,-24.5,-13.69,-10.36,-18.25,-25.13,-16.99,-14.54,,-21.05,-15.97,,14.9,-23.6,,,,,-28,-14.22,-18.63,,-25,,,,-20,-18.5,-23,-39.69,,-20,,,,-17,-23,-18,-21,,7.88,,,,,,21,17,6,-4,38
Boise St.,SMU,37.5,29,31.61,29.01,33.61,36.83,29.26,25.39,25.07,35,45.81,35,38.19,34.5,32.93,42.39,36.86,41.54,34.54,28.05,,39.75,32.68,,35,37.83,,,,,46,34.63,35,,48,,,,39,35.5,36,71.64,,23,,,,36,39,37,34,,5.78,,,,,,20,38,6,18,58
Buffalo,Central Florida,-9.5,-11.67,-13.87,-10.32,1.33,5.4,-6.54,-6.62,-14.98,-4,-6.35,-10,-5.98,-10,-8.47,-5.2,-5.81,-12.58,-8.33,-3.35,,-11.85,-20.71,,-6.2,-2.19,,,,,-6,-16.28,-7.31,,-5,,,,-8,-10,-13,4.88,,-1,,,,-4,-18,-6,-15,,5.84,,,,,,20,48,6,28,68
Central Mich.,Kent,-3,8.42,1.3,0.19,3.98,5.72,-0.63,-5.1,11.09,8,-18.79,5,4.75,3.5,5.78,9.17,1.27,-1.13,1.4,-2.62,,-5.15,-3.82,,-3.2,-2.5,,,,,-4,4.14,1.13,,-7,,,,-1,-3,3,-13.87,,-7,,,,1,-1,1,5,,6.17,,,,,,21,24,6,3,45
Cincinnati,UAB,2.5,1.46,-10.59,3.11,0.45,-7.9,-1.71,2.5,1.36,-2,10.22,0.25,4.4,5.5,1.5,7.86,4.71,0.32,0.02,-2.03,,1.35,-15.48,,0.8,-0.35,,,,,-8,-10.46,0.9,,6,,,,6,2.5,-2,12.44,,-5,,,,1,15,5,-10.5,,6.34,,,,,,30,27,6,-3,57
Colorado St.,BYU,3.5,-1.2,-1.6,3.14,6.66,0.5,1.87,6.49,-2.77,-2,2.42,3,4.77,7,0.38,4.98,4.7,11.81,3.66,-1.97,,2.75,-1.14,,6.5,1.03,,,,,0.25,-5.58,3.57,,14,,,,14,3.5,4,11.23,,5,,,,5,10,7,1.5,,4.81,,,,,,31,21,6,-10,52
Connecticut,Pittsburgh,7,-0.7,-0.82,-4.69,4.46,7.85,0.57,-2.53,0.1,5,4.58,8,7.67,1,-1.59,9.51,-3.35,-3.86,1.67,-0.95,,0.65,1.95,,1,0.98,,,,,-4,12.07,0.98,,-6,,,,2,3,2,15.5,,6,,,,9,-6,-1,,,4.9,,,,,,17,29,6,12,46
Eastern Mich.,Idaho,7,-2.5,0.35,-3.34,6.44,13.92,4.43,0.26,-7.16,7,13.28,10,2.59,7,2.26,6.68,3.21,0.86,3.96,1.4,,3.35,24.31,,3.1,2.41,,,,,2,2.72,3.05,,1,,,,10,5.5,6,26.14,,9,,,,11,-10,3,-0.5,,6.71,,,,,,45,41,6,-4,86
Florida,Arkansas,7.5,0.96,-3.73,4.23,1.81,1.78,-1.7,0.5,3.53,-2,-3.83,2,8.02,6,-2.24,11.42,6.75,3.16,2.4,0.84,,-4.25,-0.86,,8.4,3.84,,,,,-4,-4.98,1.9,,1,,,,6,8,9,-1.36,,2,,,,5,1,3,1.5,,4.03,,,,,,30,45,6,15,75
Florida St.,North Carolina,28.5,18.35,20.11,23.8,28.56,25.93,23.97,25.17,13.87,23,25.29,25,28.57,23,22.5,20.74,28.46,36,24.65,15.84,,30.95,23.46,,19.1,23.46,,,,,26,22.13,23.88,,32,,,,26,29,26,26.63,,28,,,,22,38,27,18.5,,5.39,,,,,,16,38,6,22,54
Georgia,LSU,3,5.57,7.42,4.02,0.68,-0.26,-2.92,-5.35,8.63,4,-12.59,6,8.47,6,1.71,18.59,-3.6,-3.59,2.78,3.17,,-13.25,14.51,,-4.6,6.35,,,,,0.25,8.75,3.09,,-8,,,,-3,3.5,1,-5.13,,-4,,,,5,3,-1,20,,7.91,,,,,,16,45,6,29,61
Georgia Tech,Miami (Fla.),-14,-13.59,-26.27,-17.71,-12.33,-20.09,-18.6,-11.07,-10.31,-17,-2.04,-13,-9.3,-12.5,-16.23,-1.82,-14.78,-21.63,-14.61,-15.71,,-20.75,-8.98,,-11.4,-10.14,,,,,-30,-32.11,-13.3,,-14,,,,-3,-12,-13,-23.17,,-11,,,,-12,-17,-13,-20,,6.17,,,,,,27,3,6,-24,30
Hawaii,Tulsa,11,1.49,-6.62,7.36,4.29,0.47,-0.21,8.65,1.4,8,14.23,8,6.37,11.5,1.52,10.63,11.9,4.88,5.21,1.47,,1.55,11.02,,-3.2,3.34,,,,,0.25,2.42,4.59,,1,,,,7,9.5,-2,-4.35,,7,,,,3,17,12,15,,5.26,,,,,,16,44,6,28,60
Indiana,Michigan,-19,-10.65,-15.33,-14.66,-17.81,-13.13,-14.86,-20.2,-10.8,-6,-23.16,-12,-4.25,-16,-10.52,-5.46,-15.16,-21.47,-15.57,-11.35,,-20.45,-17.5,,-24.7,-12.82,,,,,-26,-17.99,-15.08,,-16,,,,-21,-19,-15,-39.28,,-13,,,,-12,-38,-18,-21,,6.71,,,,,,35,14,6,-21,49
Iowa,Michigan St.,7.5,9.81,11.34,10,11.03,6.06,6.48,9.95,11.78,6,3.44,6,10.99,9.5,7.82,16.37,10.27,7.04,8.95,3.45,,4.15,7.12,,6.1,10.56,,,,,16,7.76,9,,17,,,,9,7.5,9,31.35,,1,,,,5,22,10,6,,4.35,,,,,,16,38,6,22,54
Kentucky,Ohio,14,16.6,18.18,16.73,4.99,-0.3,11.43,13.75,17.69,16,27.87,8,22.62,8,15.52,29.56,10.72,13.23,13.44,18.41,,12.15,7.32,,6.4,14.49,,,,,16,19.13,13.49,,9,,,,9,15.5,18,23.66,,12,,,,7,19,12,16.5,,6.59,,,,,,28,16,6,-12,44
Louisiana Tech,Fresno St.,-14,-10.08,-12.23,-14.32,-11.19,-20.86,-8.16,-17.53,-8.14,-21,-27.88,-8,-13.73,-9,-12.17,-5.7,-10.24,-23.71,-13.76,-15.36,,-16.35,-25.25,,-10.1,-5.62,,,,,-30,-10.14,-12.09,,-20,,,,-19,-12.5,-24,-13.08,,-9,,,,-12,-10,-10,-20,,6.23,,,,,,21,28,6,7,49
Louisville,East Carolina,29.5,24.33,39.16,26.9,29.79,41.55,25.34,27.02,24.45,41,29.75,29,38.49,26.5,24.2,34.31,24.12,44.86,31.05,33.43,,34.05,34.1,,28.2,29.15,,,,,40,41.02,29.08,,27,,,,28,27.5,31,44.37,,26,,,,35,14,24,45.5,,7.23,,,,,,7,59,6,52,66
Marshall,Miami (Ohio),7,2.43,11.75,7.78,-1.51,3.38,3.09,-5.22,-3.42,19,-3.14,2,14.32,1,10.64,3.95,2.87,4.32,3.44,15.31,,1.75,1.16,,-2,-5.97,,,,,-2,2.09,2.09,,3,,,,-2,5,10,-21.79,,1,,,,-2,1,0.25,,,6.14,,,,,,25,33,6,8,58
Memphis,Houston,14,11.64,8.98,11.9,12.59,16.92,6.21,9.56,11.42,20,7.17,16,22.75,16.5,11.87,21.29,12.45,16.77,13.31,10.59,,6.15,22.49,,14,14.8,,,,,18,9.32,13.5,,18,,,,19,13,15,25.99,,-6,,,,17,-4,13,23,,6.82,,,,,,14,41,6,27,55
Minnesota,Penn St.,14,13.05,19.15,13.6,13.21,15.9,14.52,16.81,12.95,25,26.79,13,18.59,15.5,13.2,24.58,16.79,18.5,17.12,20.52,,18.25,33.84,,11.2,20.19,,,,,16,19.61,15.95,,13,,,,16,11.5,13,29.31,,9,,,,21,13,13,27.5,,5.7,,,,,,7,16,6,9,23
Mississippi,Arkansas St.,17.5,12.93,8.47,17.66,15.7,9.61,15.52,23.15,9.75,5,21.28,13,17.15,17,16.33,17.52,20.44,20.58,16.55,8.16,,21.45,4.28,,23.7,17.65,,,,,16,6.5,16.67,,31,,,,25,17.5,15,28.88,,25,,,,13,34,24,8,,7.43,,,,,,21,28,6,7,49
Missouri,Colorado,7,-3.39,-5.72,-2.83,5.42,1.67,4.17,-2.54,-16.24,13,-0.25,-1,1.69,-3.5,7.58,-4.81,5.61,-3.59,-0.46,-3.61,,0.55,-2.76,,4.3,-2.32,,,,,-10,-11.52,-1.66,,-5,,,,5,5.5,4,-12.36,,3,,,,5,-4,4,-6,,5.89,,,,,,9,17,6,8,26
NC St.,Wake Forest,9.5,11.08,12.93,9.68,10.78,10.01,10.32,11.26,8.88,12,16.38,7,12.14,9,13.18,13.31,8.32,15.6,10.23,7.86,,12.55,4.47,,6.1,3.68,,,,,10,8.69,10.55,,12,,,,12,8.5,12,23.93,,11,,,,8,17,10,6,,3.25,,,,,,21,27,6,6,48
Nebraska,Kansas,12.5,9.98,9.04,12.41,15.02,8.19,2.82,11.5,14.07,2,9.37,7,12.53,15.5,5.54,19.94,12.44,9.82,10.56,6.04,,9.55,10.56,,3.5,12.52,,,,,8,3.75,10.27,,6,,,,19,11,8,19.13,,1,,,,12,27,13,17,,5.68,,,,,,8,14,6,6,22
New Mexico,Utah,-10,-3.64,-12.73,-6.99,-3.13,-8.81,-5.74,-2.47,-4.52,-2,-5,-8,-1.65,-5.5,-2.71,-1.16,-3.31,-8.38,-5.58,-7.21,,0.35,-12.2,,-5.6,-2.37,,,,,-20,-17.52,-4.76,,2,,,,-5,-9.5,-6,-27.01,,-3,,,,-11,0.25,-3,-16,,4.57,,,,,,28,7,6,-21,35
North Texas,Middle Tenn.,3,0.99,-6.7,-0.52,2.55,-8.96,-2.2,8.53,0.6,-12,0.79,4,3.59,4.5,1.37,12.88,-1.58,-8.92,0.61,-5.87,,-5.15,-5.53,,-2.1,10.47,,,,,-4,-0.76,0.99,,5,,,,2,3,3,-5.6,,9,,,,-4,11,1,2,,6.11,,,,,,21,30,6,9,51
Northern Ill.,Akron,15.5,18.17,14.67,18.84,15.57,21.05,18.56,21.31,14.51,31,35.42,19,26.55,17.5,22,25.43,24.01,25.42,20.72,22.24,,24.05,39.73,,13.8,21.84,,,,,20,15.34,19.5,,23,,,,20,16.5,18,22.88,,14,,,,17,13,19,27,,6.3,,,,,,19,49,6,30,68
Northwestern,Ohio St.,-11,-11.8,-16.15,-13.07,-12.63,-9.47,-7.67,-12.49,-17.12,-9,-17.67,-13,-8.28,-17,-7.25,-10.12,-10.31,-19.62,-12.77,-8.62,,-13.05,-10,,-9.5,-12.55,,,,,-22,-21.48,-12.52,,-8,,,,-17,-10.5,-15,-39.8,,-4,,,,-14,-23,-12,-20,,4.59,,,,,,27,33,6,6,60
Notre Dame,Purdue,-2.5,-1.45,-6.78,1.11,-3.03,-2.12,-4.17,1.94,2.13,1,-10.36,4,4.48,2,-5.93,11.03,-0.16,-14.58,-2.11,-2.3,,-1.05,-8.58,,-5.7,-0.7,,,,,-16,-8.32,-1.72,,-11,,,,-3,0,-2,2.77,,1,,,,-6,-1,-3,-1,,5.25,,,,,,41,16,6,-25,57
Oklahoma,Texas Tech,27,6.98,10.33,16.36,14.07,7.69,14.97,19.78,6.56,9,16.46,20,20.85,19,7.7,29.4,18.79,20.15,17.07,12.42,,21.45,28.44,,18.1,13.85,,,,,16,11.1,18.9,,33,,,,23,26,20,20.82,,19,,,,22,19,19,10,,6.71,,,,,,13,28,6,15,41
Oklahoma St.,Iowa St.,18,15.47,17.41,13.91,18.15,15.81,15.21,16.44,15.6,13,19.11,17,13.59,16.5,15.42,17.3,20.04,19.94,16.51,11.42,,17.55,17.67,,13.6,9.71,,,,,18,26.02,16.75,,16,,,,18,15,18,28.78,,26,,,,18,7,17,18.5,,3.92,,,,,,7,36,6,29,43
Oregon,Arizona St.,2.5,-12.06,-23.11,-9.14,-4.97,-19.66,-6.51,-2.1,-15.98,-17,-9.86,-9,-7.33,-3.5,-7.45,-6.88,-2.05,-10.38,-8.92,-20.82,,-9.35,-12,,1.1,-6.92,,,,,-26,-29.48,-7.12,,2,,,,3,2.5,-3,-26.82,,-1,,,,-5,2,-2,-29,,8.47,,,,,,28,13,6,-15,41
Oregon St.,California,-6.5,0.88,-15.45,-1.68,-6.42,-19.44,-4.19,-4.06,-0.88,-4,11.09,-3,-1.11,3,3.14,1.66,1.28,-12.44,-3.26,-7.06,,-1.35,-3.62,,0.1,5.77,,,,,-14,-15.41,-2.34,,-3,,,,1,-2,-4,7.9,,-1,,,,-14,12,-1,-3.5,,6.89,,,,,,49,7,6,-42,56
San Jose St.,Rice,-14.5,-10.38,-21.07,-10.77,-2.68,-7.27,-13.02,-18.14,-16.58,-17,-33.55,-11,-15.96,-4.5,-4.79,-11.15,-12.34,-15.99,-13.96,-13.61,,-29.65,-23.24,,-12.2,-11.64,,,,,-22,-25.86,-12.68,,-14,,,,-10,-14,-18,-20.56,,-22,,,,-10,-10,-10,-16,,7.16,,,,,,63,70,6,7,133
South Florida,Southern Miss.,-4.5,-5.33,-10.71,-10.18,-6.43,-15.91,-9.68,-6.34,-9.19,-4,-17.99,-2,-6.01,-3,-3.72,1.96,-0.77,-9.85,-7.08,-11.08,,-12.75,-8.53,,-6.3,-0.29,,,,,-22,-18.28,-6.39,,-18,,,,-3,-4,-8,-22.66,,-8,,,,-6,-1,-2,-8,,5.45,,,,,,27,20,6,-7,47
Stanford,Washington,12.5,15.04,36.96,15.58,15.56,38.56,18.64,10.64,12.18,29,19.09,15,30.94,10,18.39,24.97,13.15,20.66,17.87,27.52,,22.65,16.63,,13.3,8.54,,,,,24,30.56,16.11,,18,,,,12,11.5,11,0.25,,5,,,,20,-4,9,20.5,,8.8,,,,,,13,27,6,14,40
Syracuse,Rutgers,6,16.31,9.52,15.93,6.74,0.63,4.92,5.25,16.03,11,-1.2,5,19.19,11.5,16.74,21.3,11.08,8.51,7.75,6.76,,5.65,-17.04,,2.9,8.45,,,,,8,7.07,6.88,,5,,,,9,8.5,4,7.27,,4,,,,3,3,7,4,,7.38,,,,,,31,41,6,10,72
Temple,Bowling Green,-7,-3.73,-1.95,-8.88,-8.29,-5.33,-7.51,-8.63,1.01,-14,-9.31,-10,-9,-8.5,-8.93,-0.34,-10.51,-13.01,-9.39,-12.12,,-13.55,-20.7,,-12.4,-18.79,,,,,-20,2.48,-9.5,,-14,,,,-14,-7,-11,-33.81,,-12,,,,-3,-9,-10,-16,,5.35,,,,,,70,16,6,-54,86
Tennessee,Auburn,2.5,1.17,12.75,3.22,3.95,5.15,5.28,-0.25,4.75,-5,5.62,0.25,4.68,4.5,-1.26,4.37,1.98,2.62,2.67,1.02,,5.55,-7.36,,-3.2,5.42,,,,,-4,11.15,3.72,,8,,,,-1,2,3,0.28,,4,,,,5,-7,4,3.5,,4.18,,,,,,34,10,6,-24,44
Texas,Baylor,37.5,31.4,29.66,37.73,33.15,34.03,31.97,34.02,27.82,36,46.88,29,42.87,32,34.9,39.58,40.57,60.17,36.48,31.52,,47.75,32.98,,36,27.7,,,,,46,34.13,34.52,,43,,,,42,36,33,37.01,,40,,,,32,44,40,35.5,,6.97,,,,,,14,44,6,30,58
Texas A&M,Kansas St.,4.5,7.83,8.64,3.3,-1.17,17.75,7.55,-8.41,6.88,14,-6.75,10,15.53,0.25,8.8,10.45,1.41,0.75,4.37,11.27,,3.55,6,,11.1,0.82,,,,,4,14.98,5,,1,,,,-11,2.5,3,-21.6,,4,,,,7,-20,-6,2,,8.52,,,,,,30,42,6,12,72
Toledo,Ball St.,16,6.12,6.46,6.87,13.91,11.74,5.81,13.35,6.58,12,6.37,15,14.36,17,5.69,23.2,13.34,13.7,11.69,3.73,,11.75,14.49,,8.2,16.98,,,,,4,6.84,12,,2,,,,18,14.5,20,27.77,,14,,,,14,12,12,11.5,,4.95,,,,,,14,52,6,38,66
Troy St.,Utah St.,13.5,11.01,9.23,11.65,10.96,17.24,11.36,9.72,3.72,27,18.71,11,20.44,8.5,18.11,11.79,14.37,8.94,13.05,15.64,,12.05,22.45,,11.4,14.16,,,,,16,8.91,11.72,,18,,,,13,12.5,14,29.25,,16,,,,11,1,11,18,,5.36,,,,,,21,49,6,28,70
UCLA,San Diego St.,5.5,9.86,2.42,6.21,4.26,1.45,3.75,1.57,11.64,4,-8.33,7,8.39,9.5,8.23,10.18,4.58,4.96,5.7,-1.12,,0.15,0.7,,3.3,7.97,,,,,6,11.62,4.77,,11,,,,2,5.5,2,-9.16,,4,,,,6,21,8,-3.5,,5.57,,,,,,10,33,6,23,43
UNLV,Nevada,5.5,1.37,5.4,1.4,-2.28,-12.87,1.22,2.45,1.33,-5,21,-2,-3.36,0.25,1.4,10.47,1.91,-4.77,-0.16,-3.89,,-2.55,-12.39,,5.7,-3.67,,,,,-8,-0.73,0.61,,9,,,,3,4.5,0.25,6.73,,4,,,,-3,3,5,-5,,6.53,,,,,,13,48,6,35,61
UTEP,New Mexico St.,7.5,3.13,0.35,-0.17,5.9,18.59,5.89,-4.94,0.35,6,2.44,5,10.45,3.5,5.77,-3.63,1.51,10.26,2.97,-5.57,,9.65,-8.48,,4.2,-1.4,,,,,-2,3.36,3.36,,3,,,,4,3.5,0.25,-26.97,,,,,,10,-4,-1,4.5,,5.78,,,,,,0,45,6,45,45
Vanderbilt,Mississippi St.,12.5,5.36,4.71,5,6.71,3.34,6.97,5.83,1.68,12,-2.25,11,10.21,3,9.15,7.63,7.45,10.37,6.16,4.63,,11.85,7.59,,8.3,-7.85,,,,,-3,0.37,6,,1,,,,6,9.5,9,-7.83,,20,,,,6,0.25,6,1.5,,5.24,,,,,,13,31,6,18,44
Virginia Tech,West Va.,2.5,0.44,-4.98,3.34,0.87,-1.9,5.4,0.25,-5.95,5,16.68,-1,2.91,2,9.18,-0.05,8.44,13.92,2.04,0.8,,5.15,-3.33,,4.3,-4.24,,,,,-4,-9.97,0.93,,10,,,,1,3,-4,-21.78,,13,,,,-2,20,6,-13.5,,7.54,,,,,,13,19,6,6,32
Wisconsin,Illinois,14.5,15.36,20.33,18.49,18.1,16.91,15.11,20.27,17.39,20,27.68,20,22.7,18.5,13.51,26.87,17.36,12.14,18.9,19.91,,19.95,12.86,,16.8,19.93,,,,,28,19.93,19.21,,24,,,,20,17,23,32.68,,22,,,,18,13,18,26.5,,3.99,,,,,,7,24,6,17,31
Wyoming,Louisiana-Monroe,14,18.38,16.37,21.37,20.86,29.7,16.15,16.48,24.35,8,5.54,19,23.24,19.5,12.71,31.09,15.28,27.92,18.77,15.09,,20.05,13.54,,19,13.27,,,,,18,22.87,18.69,,16,,,,17,14,19,41.33,,18,,,,19,14,16,20,,5.65,,,,,,10,31,6,21,41
Air Force,New Mexico,3,1.68,3.76,2.06,1.45,-0.3,0.72,-6.22,-0.08,2,-3.8,-0.25,-3.44,4.5,3.62,-4.36,1.03,1.32,-0.12,-0.02,,-4.45,1.91,,-3.6,-3.55,,,,,-8,0.57,0.72,,-5,,,2.48,1,0,-4,-16.5,,-11,,,,1,12,1,0.5,,4.16,,,,,,23,28,7,5,51
Akron,Buffalo,9.5,9.18,6.82,10.01,7.43,-2.06,6.73,10.38,9.63,9,7.7,8,12.66,16.5,8.74,17.45,13.48,6.62,9.19,8.7,,5.15,9.83,,-1.9,10.73,,,,,2,6.13,9,,10,,,9.66,18,9.5,8,24.25,,3,,,,5,23,10,9,,5.25,,,,,,21,44,7,23,65
Army,Cincinnati,-14.5,-11.3,-12.03,-14.67,-11.7,-10.51,-9.47,-14.28,-12.57,-11,-19.5,-13,-12.95,-15.5,-10.07,-13.9,-14.29,-21.07,-13.73,-12.25,,-15.95,-13.49,,-8.3,-19.14,,,,,-24,-14.45,-13.49,,-18,,,-9.33,-21,-13.5,-16,-34.5,,-11,,,,-13,-16,-14,-15.5,,3.19,,,,,,29,48,7,19,77
Auburn,Louisiana Tech,26.5,20.1,14.54,25.12,22.72,23.81,19.48,30.13,17.08,26,31.5,20,20.72,21,22.83,15.92,27.93,35.07,22.8,21.35,,30.15,25.46,,24.3,15.9,,,,,28,15.78,22.72,,33,,,10.99,36,24,29,16,,17,,,,24,18,23,20.5,,5.77,,,,,,7,52,7,45,59
BYU,UNLV,10.5,16.83,14.26,16.29,3.6,7.98,9.58,9.24,19.77,21,9.8,12,20.04,12.5,13.94,18.54,7.48,5.99,13,24.83,,8.95,12.05,,5.2,7.63,,,,,18,20.37,12.05,,7,,,26.85,8,9.5,16,12.5,,2,,,,9,18,8,20,,6.08,,,,,,24,20,7,-4,44
Ball St.,Eastern Mich.,7.5,14.59,10.61,17.1,4.61,-0.16,7.35,8,17.16,10,9,13,19.34,15.5,12.08,16,8.54,2.95,10.96,14.79,,6.65,12.65,,1.1,15.44,,,,,10,12.93,11.34,,9,,,20.43,4,8.5,13,2,,9,,,,4,22,7,,,5.64,,,,,,31,24,7,-7,55
Baylor,Missouri,-19.5,-9.17,-10.91,-15.03,-16.46,-17.9,-15.97,-15.97,-3,-14,-21,-11,-8.49,-9,-15.33,-0.84,-18.7,-23.1,-13.94,-12.89,,-21.75,-5.35,,-14.9,-9.72,,,,,-28,-13.09,-15,,-27,,,-4.48,-20,-18,-20,-23.25,,-17,,,,-15,-16,-18,-12,,5.94,,,,,,30,10,7,-20,40
Central Florida,Northern Ill.,-18,-13,-22.3,-18.42,-15.84,-22,-16.67,-24.84,-15.53,-24,-46,-15,-23.12,-14.5,-10.61,-17.96,-16.09,-31.58,-19.1,-31.71,,-30.55,-23.01,,-16.2,-21.13,,,,,-28,-20.28,-17.96,,-12,,,-16.38,-14,-16,-19,-43.5,,-14,,,,-18,-11,-15,-28.5,,7.81,,,,,,30,28,7,-2,58
Central Mich.,Bowling Green,-14,-13.34,-15.16,-19.05,-10.09,-9.14,-16.3,-20.33,-8.59,-23,-27.8,-14,-18.87,-13,-18.67,-11.9,-17.02,-30.74,-17.2,-17.44,,-25.55,-24.52,,-16.5,-15.07,,,,,-22,-11.49,-17,,-26,,,-6,-20,-13.5,-17,-23.5,,-23,,,,-8,-31,-19,-13.5,,6.43,,,,,,38,14,7,-24,52
Colorado,Oklahoma St.,-6.5,-5.42,-5.69,-3.75,-6.39,-10.47,-6.46,-1.07,-3.56,-9,-9.5,-2,-1.5,2,-7.23,-0.15,-2.88,-5.17,-3.7,-6.78,,-5.15,-9.42,,-5.5,1.24,,,,,-8,-9.1,-3.75,,4,,,-3.24,1,-3,0.25,2,,-3,,,,-6,5,0.25,-9,,4.29,,,,,,42,14,7,-28,56
East Carolina,Tulane,3.5,5.31,1.02,5.23,-7.2,-7.99,3.2,-1.17,2.94,4,9.5,-4,6.85,-1,7.69,5.44,1.35,-5.57,-0.45,7.44,,-4.65,-10.31,,-3.1,-10.27,,,,,-2,-1.78,-1.17,,8,,,-2.28,-3,2.5,-2,2,,-4,,,,-2,-4,-1,3,,5.66,,,,,,25,27,7,2,52
Florida,LSU,3.5,0.73,5.42,5.42,-0.88,3.44,1.66,-3.37,1.68,1,12.5,4,9.05,5,-0.51,5.91,0.57,1.84,2.09,7.57,,6.75,-10.03,,0.6,3.64,,,,,-2,6.75,1.68,,-2,,,6.56,-8,2.5,1,-14.25,,-5,,,,7,-5,0.25,14,,5.55,,,,,,24,21,7,-3,45
Fresno St.,UTEP,18.5,13.87,6.26,19.35,13.86,9.44,10.47,21.98,15.96,14,5.5,13,19.59,23,12.09,19.73,25.42,13.39,16.23,12.12,,3.35,25.91,,4.3,22.19,,,,,30,7.29,15.98,,22,,,5.38,30,19,24,37.5,,19,,,,16,21,23,,,6.92,,,,,,24,21,7,-3,45
Georgia,Tennessee,12.5,13.2,11.59,13,12.75,16.76,9.75,14.79,12.84,26,11.8,16,15.17,13.5,13.52,13.74,14.84,19.13,14.38,15.03,,17.35,31.48,,9.2,9.51,,,,,6,12.69,13.52,,-3,,,12.34,10,11.5,15,18,,11,,,,14,21,11,22.5,,5.95,,,,,,19,14,7,-5,33
Hawaii,Nevada,17.5,6.64,11.58,8.09,8.05,8.03,8.7,16.94,4.76,20,30.8,11,20.08,11,8.58,16.83,16.47,11.08,11.26,10.22,,19.55,26.98,,4.9,2.86,,,,,2,7.55,11,,-2,,,0.82,6,15,13,4.75,,15,,,,10,16,14,16.5,,7.1,,,,,,26,48,7,22,74
Idaho,Louisiana-Monroe,-2.5,6.73,1.6,8.78,8.7,7.02,-0.73,12.19,14.22,1,-7.2,7,3.31,13,-0.8,9.73,-0.74,3.59,4.81,6.51,,1.65,-1.53,,0.3,6.72,,,,,2,3.17,3.59,,1,,,11.79,5,1,1,27.75,,-1,,,,2,7,8,3,,4.89,,,,,,16,14,7,-2,30
Iowa St.,Texas A&M,-8.5,-2.38,-13.43,-5.25,-6.74,-12.16,-6.79,-9.76,-2.78,-1,-15.2,-7,2.54,-4,-2.01,5.97,-3.29,-11.77,-6.3,-2.3,,-14.25,-9.69,,-5.9,0.05,,,,,-12,-15.72,-5.9,,-5,,,-12.09,-3,-6.5,-11,-11.75,,-11,,,,-5,-6,-4,-10.5,,5.26,,,,,,34,3,7,-31,37
Kansas,Kansas St.,-2.5,0.18,2.28,0.74,-2.32,12.39,6.72,-4.61,-0.3,13,4.7,8,7.23,-3,0.7,0.63,-0.68,8.93,1,9.98,,3.95,-2.85,,12.7,-2.02,,,,,-5,3.09,1,,3,,,4.23,-18,-1,1,-10,,6,,,,1,-33,-5,-3,,9.17,,,,,,28,31,7,3,59
Kentucky,Alabama,-5.5,-4.58,-10.55,-8.22,-8.91,-16.2,-6.63,-5.41,-4.55,-2,-2,-7,-6.8,-7,-4.87,-2.9,-7.85,-14.2,-7.89,-7.14,,-11.35,-14.52,,-8.4,-7.35,,,,,-22,-10.03,-7.85,,-14,,,-10.18,-8,-6.5,-11,-20,,-1,,,,-8,-3,-4,-9,,3.95,,,,,,45,17,7,-28,62
Maryland,Georgia Tech,11.5,9.45,10.31,12.93,15.48,19.24,15.79,14.75,2.74,18,21.5,12,18.47,13,15.93,8.57,15.87,19.2,13.27,15.26,,23.05,-6.74,,12.7,7.47,,,,,12,15.35,14,,20,,,6.44,9,11.5,13,34.5,,12,,,,14,15,14,19,,5.95,,,,,,20,7,7,-13,27
Miami (Ohio),Kent,19.5,22.29,19.27,21.26,17.49,11.26,17.64,24.45,22.32,21,26.5,21,22.71,22,22.89,22.36,19.03,22.39,20.86,17.54,,21.05,24.94,,9.4,21.77,,,,,22,21.49,21.26,,18,,,23.69,24,18,18,17.5,,19,,,,15,40,23,20.5,,5.22,,,,,,27,47,7,20,74
Michigan,Minnesota,4,4.67,-3.56,3.43,5.67,2.51,1.74,7.41,2.72,-1,-2.5,2,0.97,7,6.78,1.35,7.35,5.37,3.02,-3.77,,2.15,1.64,,-1.6,4.63,,,,,-4,-2.97,2.72,,5,,,0.54,5,7,3,2,,11,,,,1,12,5,-3.5,,4,,,,,,24,27,7,3,51
Michigan St.,Illinois,7,5.79,0.01,7.13,11.44,4.19,7.16,10.52,5.97,8,7.5,4,8.83,8.5,5.62,6.06,11.3,3.35,7.66,11.25,,6.75,11.37,,0.4,15.06,,,,,8,-1.85,7.16,,15,,,-1.33,14,8,10,15,,16,,,,6,7,11,9,,4.21,,,,,,25,38,7,13,63
Middle Tenn.,Arkansas St.,6,2.93,7.93,4.19,6.76,5.9,3.02,4.66,2.3,4,-9.5,4,4.79,7,3.57,8.92,14.9,9.08,4.89,2.13,,-0.25,-3.7,,6.3,1.32,,,,,2,-1.78,4.66,,12,,,-8.97,11,6.5,3,12,,1,,,,7,8,14,6.5,,5.13,,,,,,17,45,7,28,62
Mississippi St.,UAB,-11.5,-11.41,-21.06,-7.51,-15,-23.9,-9.49,-4.25,-16.23,-16,-11,-18,-8.86,-10,-7.4,-7.19,-9.51,-20.5,-13.31,-10.95,,-10.45,-11.74,,-15,-12.85,,,,,-22,-29.95,-11.41,,-2,,,-27.9,-4,-11.5,-10,-3.5,,-21,,,,-12,-3,-8,-27.5,,6.94,,,,,,27,13,7,-14,40
New Mexico St.,Louisiana-Lafaye,-3.5,2.66,-2.26,1.88,-3.01,-14.46,-0.1,-0.05,2.58,1,-1.5,-1,-0.61,-1.5,2.72,5.64,-2.52,-16.47,-0.58,0.46,,-7.45,-0.6,,-10.2,1.69,,,,,-2,0.3,-0.6,,8,,,9.79,-2,0,-1,-5,,10,,,,-8,15,-1,-7.5,,6.58,,,,,,32,35,7,3,67
North Carolina,NC St.,-10.5,-4.83,-1.82,-7.27,-14.99,-13.59,-7.67,-13.63,-2.84,-4,-19,-11,-6.7,-9,-6.62,-5.39,-10.29,-14.91,-9.21,0.08,,-14.75,-13.07,,-5.8,-8.58,,,,,-18,-8.01,-9,,-4,,,-3.94,-14,-10,-12,-2.5,,-12,,,,-10,-24,-10,-11,,5.13,,,,,,24,30,7,6,54
Northwestern,Indiana,11.5,12.28,19.62,13.04,10.59,8.45,10.31,11.92,12.1,15,20.5,16,18,14,12.46,14.07,11.71,12.88,13.18,17.69,,14.45,16.78,,0.9,10.41,,,,,14,16.5,12.88,,11,,,23.98,8,11,13,45.75,,8,,,,9,17,10,19.5,,4.09,,,,,,24,31,7,7,55
Notre Dame,Stanford,4.5,2.89,-4.97,0.98,6.43,-0.66,0.07,2.9,4.4,-1,-1.7,4,2.83,8.5,1.28,7.12,4.03,3.7,2.38,-7.56,,3.95,-4.27,,-6.4,4.48,,,,,0.25,-5.74,2.9,,4,,,-3.18,10,6.5,6,18,,8,,,,2,13,8,-1,,4.92,,,,,,15,23,7,8,38
Ohio,Marshall,-9.5,-5.15,-8.86,-8.92,-1.49,1.39,-8.15,-9.18,0.59,-2,-15.5,-1,2.79,-2,-11.64,4.1,-2.12,-10.24,-5.22,-7.8,,-3.95,-12.26,,-3.1,-4.87,,,,,-12,-6.7,-5.15,,-10,,,-2.76,-9,-10,-10,-21,,-8,,,,2,-15,-6,-2.5,,5.27,,,,,,16,13,7,-3,29
Ohio St.,Wisconsin,3,7.7,4.3,5.78,8.21,2.97,4.95,4.9,5.99,9,3.7,-0.25,8.55,4.5,9.33,3.04,7.56,6.64,5.76,6.08,,2.15,0.78,,-4.8,8.64,,,,,4,1.53,5.78,,8,,,8.88,12,6,4,34,,4,,,,1,20,8,5,,4.47,,,,,,24,13,7,-11,37
Oklahoma,Texas,7,0.28,-4.54,3.67,2.86,-0.86,4.81,7.64,-2.21,4,12.5,4,2.22,4,3.27,7.08,5.53,,3.73,0.46,,7,-0.03,,-0.1,5.52,,,,,0.25,0.04,4,,6,,,1.44,5,7.5,7,11,,7,,,,6,17,4,,,4.13,,,,,,0,12,7,12,12
Penn St.,Purdue,-11,-14.36,-19.7,-10.94,-13.1,-19.89,-13.08,-11.26,-15.88,-16,-21,-10,-9.85,-9.5,-12.71,-4.09,-7.91,-23.53,-13.95,-17.35,,-16.55,-17.32,,-15.7,-11.79,,,,,-22,-25.95,-13.1,,-17,,,-22.97,-6,-7,-9,-22,,-7,,,,-14,-2,-8,-30,,6.41,,,,,,20,13,7,-7,33
Rice,SMU,13.5,7.01,8.26,9.07,16.67,18.48,9.66,10.16,5.48,11,10,16,13.96,16,8.48,13.33,16.35,14.69,12.18,2.46,,11.85,9.21,,8.9,15.7,,,,,16,9.43,11.85,,26,,,5.58,22,14.5,11,26,,12,,,,16,12,15,6,,5.01,,,,,,10,44,7,34,54
South Carolina,Mississippi,16.5,16.88,24.78,21.25,11.14,28.06,17.32,15.61,17.53,30,25.5,18,25.76,15,16.2,19.07,14.9,27.24,19.75,27.11,,22.55,25.38,,22.4,10.5,,,,,26,28.67,19,,15,,,30.92,9,17,22,20,,7,,,,19,10,11,33,,7.03,,,,,,31,28,7,-3,59
Southern Miss.,Houston,17,21.28,25.22,22.69,22.8,34.05,14.72,18.13,30.81,27,25.5,21,30.67,22,15.25,24.06,23.28,23.46,23.02,24.07,,21.05,26.76,,20.9,22.52,,,,,32,30.07,23.04,,25,,,34.93,20,18.5,25,38.5,,11,,,,24,10,19,,,5.37,,,,,,29,35,7,6,64
Syracuse,Florida St.,-19,-9.86,-18.54,-15.41,-14.01,-17.38,-14.61,-11.57,-7.26,-10,-6.2,-12,-9.71,-10.5,-12.18,-1.49,-9.66,-23.65,-13.61,-11.65,,-14.25,-18.98,,-11.9,-4.81,,,,,-26,-15.49,-14.01,,-16,,,-14.53,-15,-18,-17,-5.75,,-17,,,,-12,-25,-14,-16.5,,5.07,,,,,,17,13,7,-4,30
Temple,Pittsburgh,-13.5,-8.44,-13.85,-11.21,-11.59,-11.78,-11.45,-12.72,-5.73,-14,-26.5,-8,-12.37,-9.5,-11.28,-7,-17.6,-17.66,-12.91,-13.97,,-24.75,-24.6,,-10,-16.68,,,,,-20,-6.9,-11.78,,-14,,,-5.12,-8,-13,-14,-22,,-8,,,,-11,-20,-13,-26,,5.91,,,,,,27,22,7,-5,49
Texas Tech,Nebraska,7,3.77,0.44,3.38,-1.07,0.55,4.36,2.64,1.99,9,6.5,5,7.21,3,5.71,2.85,6.39,8.56,3.78,4.09,,3.75,-0.64,,1.2,4.01,,,,,-2,4.65,4,,5,,,5.24,1,6.5,4,-0.25,,15,,,,5,0.25,6,-5,,3.68,,,,,,10,70,7,60,80
UCLA,Arizona,10.5,14.32,8.44,10.8,13.21,9.99,8.43,10.81,16.36,20,7.2,13,15.35,16.5,12.02,13.59,11.97,17.05,13.02,9.95,,11.05,7.62,,7.7,17.83,,,,,18,17.71,13,,9,,,21.5,11,12,11,7,,14,,,,15,7,17,14.5,,3.53,,,,,,17,37,7,20,54
USC,California,7.5,8.1,2.48,9.02,13.05,6.06,6.72,8.59,9.15,4,4.5,17,12.08,21,6.74,15.62,5.78,8.47,9.79,3.13,,5.67,6.73,,-2,15.35,,,,,6,7.3,8.59,,16,,,13.57,15,11.5,10,43,,6,,,,6,20,12,15,,5.39,,,,,,17,23,7,6,40
Utah St.,North Texas,-1,6.06,6.3,6.81,1.26,7.77,6.25,-1.76,8.92,10,8,9,8.33,6,3.45,8.9,3.46,6.32,5.37,7.08,,4.35,4.26,,6.4,1.91,,,,,4,12.16,6.06,,-1,,,21.28,6,-1.5,-1,-3.5,,-1,,,,5,-5,1,8,,4.11,,,,,,31,23,7,-8,54
Vanderbilt,Rutgers,6,6.71,6.53,9.24,3.32,4.23,5.96,2.43,5,8,-7.5,9,7.43,4.5,8.42,-0.34,2.3,11.21,4.09,5.38,,4.95,-4.62,,5.1,-4.66,,,,,-2,4.7,4.7,,1,,,11,2,5.5,3,-11,,8,,,,3,-4,1,-3,,4.67,,,,,,37,34,7,-3,71
Virginia,Clemson,16,12.09,22.17,15.03,18.44,33.6,15.97,14.68,11.4,23,19.5,19,25.11,16.5,12.81,18.12,15.38,22.57,17.99,26.41,,21.45,17.39,,19.6,9.9,,,,,24,26.56,17.76,,24,,,18.4,14,14.5,16,18,,13,,,,26,-2,13,,,6.86,,,,,,10,30,7,20,40
Wake Forest,Virginia Tech,-5.5,-1.69,-8.47,-3.38,-1.78,-1.69,-9.12,-4.52,2.45,-1,-6.3,-1,2.84,-0.5,-6.72,-0.54,-8.74,-8.81,-4.21,-3.07,,-11.55,-7.41,,-4.3,1.73,,,,,-10,-8.63,-3.38,,-14,,,-1.14,-2,-2.5,-7,-13.5,,-5,,,,-2,-8,-5,-0.5,,4.12,,,,,,17,10,7,-7,27
Washington,San Jose St.,17.5,11.02,1.44,15.91,2.56,-7.17,12.88,19.25,5.76,9,19.7,6,14.32,11,16.44,9.99,17.29,8.81,10.71,11.15,,18.25,14.08,,1.3,8.15,,,,,6,-0.35,11.02,,25,,,-3.18,17,17.5,18,7.75,,21,,,,5,29,16,-3,,8.35,,,,,,6,21,7,15,27
Washington St.,Oregon,3.5,12.6,15.34,12,14.38,16.76,6.76,2.79,17.87,14,2.5,11,12.92,14.5,6.06,17.37,11.08,12.8,12,14.87,,5.45,11.2,,9.4,12,,,,,20,17.75,12,,12,,,21.99,8,3,4,30,,1,,,,11,9,12,24,,5.18,,,,,,41,38,7,-3,79
Western Mich.,Toledo,-14,-6.72,-15.76,-5.29,-5.83,-7.19,-9.56,-14.23,-9.01,-13,-30.7,-8,-1.89,-7.5,-4.48,-1.42,-9.21,-8.59,-9.55,-11.86,,-22.75,-8.65,,-5.6,-12.21,,,,,-12,-17.55,-9.01,,5,,,-8.37,-10,-10,-19,-18.75,,-15,,,,-10,-12,-7,-13.5,,6.82,,,,,,59,33,7,-26,92
Wyoming,San Diego St.,-3.5,4.58,11.44,-2.01,2.48,6.03,4.02,-4.46,5.26,1,-5.3,5,1.81,2.5,3.95,6.31,-2.6,2.45,1.02,-4.61,,-0.15,-4.77,,6.1,-4.9,,,,,-10,12.43,1.81,,-11,,,13.19,-9,-3,-5,-4,,-3,,,,4,-7,0.25,-2.5,,5.39,,,,,,10,20,7,10,30
Alabama,Southern Miss.,7,2.88,-0.22,4.54,3.98,3.83,8.45,3.74,-12.46,5,16,2,3.84,1.5,12.29,-2.85,7.55,14.04,2.74,0.99,,13.65,3.16,,4.2,-0.84,,,,,-16,-6.63,3.83,,11,,,-11.33,10,7,1,-27.42,,-1,,,,5,6,6,-14.5,,6.97,,,,,,3,27,8,24,30
Arkansas St.,Troy St.,-12.5,-10.58,-19.6,-12.04,-10.66,-20.62,-11.99,-16.04,-6.15,-12,-29.4,-14,-13.77,-8.5,-12.78,-13.53,-11.37,-12.97,-13.52,-15.83,,-18.35,-11.09,,-16.2,-9.73,,,,,-30,-20.1,-12.97,,-11,,,-16.77,-13,-13,-12,-22.96,,-15,,,,-13,-8,-11,-21.5,,4.72,,,,,,9,13,8,4,22
Auburn,Arkansas,12.5,12.26,15.19,11.99,10.33,16.5,3.69,14.44,27.11,17,18.7,18,13.09,18.5,5.11,14.87,11.26,8.88,13.57,15.26,,9.25,20.38,,15.6,14.89,,,,,12,15.02,14.87,,-4,,,19.11,15,13,14,26.33,,10,,,,18,6,8,26,,6.12,,,,,,20,38,8,18,58
BYU,Wyoming,7.5,3.89,-2.67,4.44,-3.09,-10.45,1.49,5.49,-3.14,1,10.7,-1,1.5,4,6.55,-0.31,6.07,-5.15,1.42,6.09,,6.15,1.45,,-7.5,4.03,,,,,0.25,-7.03,1.49,,10,,,-1.76,6,8.5,0.25,-2.24,,3,,,,1,19,7,-12,,6.6,,,,,,13,24,8,11,37
Bowling Green,Ball St.,27,21.93,18.82,22.06,23.27,29.39,19.07,23.29,21.79,34,38.6,28,29.42,27.5,25.42,21.26,33.34,48.04,26.04,21.26,,36.55,27.5,,27.7,21.61,,,,,22,22.12,27,,8,,,20.95,35,24.5,28,33.56,,28,,,,27,21,27,29,,7.23,,,,,,13,51,8,38,64
Buffalo,Miami (Ohio),-20,-16.13,-15.92,-15.71,-15.5,-8.02,-15.14,-27.75,-13.56,-12,-32.2,-19,-9.28,-23,-19.91,-7.92,-18.83,-28.03,-18.82,-14.03,,-22.15,-23.22,,-11.6,-18.34,,,,,-18,-18.08,-18.34,,-29,,,-17.22,-28,-20.5,-19,-28.65,,-21,,,,-15,-40,-21,-20,,7.42,,,,,,25,7,8,-18,32
California,UCLA,14.5,11.16,16.29,15.51,17.87,25.06,13.62,12.95,15.71,19,16.9,12,18.01,8,13.39,10.17,16.07,16.89,15.03,20.45,,19.45,21.71,,14,9.36,,,,,8,11.35,15,,18,,,12.05,18,13.5,15,22.62,,15,,,,14,7,14,15,,4.1,,,,,,28,45,8,17,73
Central Florida,Akron,3,1.24,-2.07,-0.75,-2.54,-1.5,1.46,-2.33,-9.77,1,-5.8,-1,0.25,-1.5,7.65,-1.47,4.87,-4.27,-0.67,-6.56,,-3.35,3.02,,0.5,-3.43,,,,,-4,-3.02,-1,,5,,,-3.27,0.25,0,1,-26.64,,-1,,,,1,3,2,-5,,3.71,,,,,,26,21,8,-5,47
Clemson,Utah St.,22.5,17.06,10.24,18.68,12.18,6.01,16.05,24.72,7.56,18,40.5,15,15.11,16,21.13,12.71,19.69,21.42,17.52,16.22,,27.65,20.87,,12.4,18.78,,,,,10,10.49,17.06,,18,,,12.18,27,22,26,36.24,,29,,,,14,26,21,12,,7.27,,,,,,6,35,8,29,41
Colorado,Iowa St.,9.5,7.78,11.82,8.48,12.27,9.76,9.49,14.34,11.3,10,13.8,12,4.4,14.5,7.06,2.11,12.92,14.92,11.38,7.56,,15.55,15.68,,10.6,8.41,,,,,14,12.33,11.95,,16,,,11.95,15,10,17,14.7,,19,,,,12,6,14,8.5,,4,,,,,,14,19,8,5,33
Connecticut,West Va.,-7,-3.52,-0.04,-7.25,-1.84,-3.04,-3.09,-4.03,-1.04,1,1.9,2,-3.22,-1,-5.28,1.14,-3.61,-5.85,-2.29,-2.49,,-6.55,-1.57,,-4.4,3.11,,,,,-4,0.86,-2.49,,-11,,,8.16,-8,-6,-10,-0.4,,2,,,,1,-4,-2,2.5,,3.78,,,,,,31,19,8,-12,50
Florida,Middle Tenn.,28.5,22.95,16.94,28.03,20.64,22.45,24.21,28.89,11.33,16,41.1,21,26,24.5,25.75,27.66,24.88,35.65,25.45,24.09,,37.15,26.54,,15.2,27.04,,,,,36,24.76,24.88,,36,,,30.84,29,28,32,32.75,,26,,,,23,35,22,23.5,,6.64,,,,,,16,52,8,36,68
Florida St.,Virginia,3,6.38,4.49,3.65,7.82,3.75,1.77,0.86,7.17,2,-3.1,4,5.38,9,5.96,7.44,8.35,2.39,4.8,-1,,-1.75,2.74,,-3.9,6.82,,,,,2,4.17,4.17,,3,,,12.75,4,3,5,1.17,,1,,,,1,21,6,7.5,,4.67,,,,,,3,36,8,33,39
Georgia,Vanderbilt,23,25.31,28.98,24.88,25.71,24.22,20.55,21.88,29.62,22,26,24,22.9,27,22.18,26.98,24.68,32.52,26.39,20.17,,27.35,23.96,,15.7,29.56,,,,,38,32.26,25,,21,,,36.6,31,23.5,25,36.43,,18,,,,25,42,28,39,,5.57,,,,,,3,33,8,30,36
Georgia Tech,Duke,18.5,16.64,17.19,18.46,14.99,15.9,11.86,16.53,25.71,18,22.2,14,12.56,19.5,11.12,14.15,13.94,17.84,17.17,18.67,,15.45,19.11,,6.1,26.25,,,,,20,19.17,17.19,,9,,,26.6,19,18.5,23,26.2,,21,,,,22,12,17,19.5,,4.6,,,,,,7,24,8,17,31
Idaho,Louisiana-Lafaye,-4,-3.48,-10.88,-6.11,-1.31,-7.44,-4.38,1.2,-10.61,-8,-6.3,-8,-8.12,-6,-3.11,-5.47,-8.16,-9.19,-6.12,-8.96,,-4.55,-13.31,,-11.1,-3.1,,,,,-12,-9.7,-7,,-7,,,-2.56,-3,-4,-7,-20.91,,-1,,,,-7,7,1,-20.5,,5.06,,,,,,25,38,8,13,63
Illinois,Michigan,-18,-15.7,-18.56,-15.06,-18.65,-17.02,-13.37,-23.92,-18,-16,-25.9,-16,-14.96,-18.5,-15.1,-12.97,-16.98,-18.81,-17.86,-17.25,,-21.05,-16.11,,-8.4,-21.79,,,,,-32,-21.36,-18,,-15,,,-19.5,-20,-17,-19,-41.14,,-23,,,,-16,-21,-18,-26.5,,3.87,,,,,,30,19,8,-11,49
Iowa,Ohio St.,-1.5,3.38,2.03,3.36,5.27,6.6,3.12,4.94,2.46,5,0,2,1.48,1,4.35,1.1,4.46,1.38,2.61,4.75,,4.05,0.29,,1.6,2.51,,,,,-10,2.11,2.46,,-5,,,5.63,2,1,5,-6.58,,1,,,,1,0.25,4,0.25,,2.32,,,,,,7,33,8,26,40
Kansas St.,Oklahoma,-19.5,-15.49,-23.67,-17.92,-11.9,-22.53,-16.18,-16.44,-18.93,-17,-17.7,-24,-17.09,-21.5,-10.9,-23.6,-11.9,-27.16,-19.49,-18.92,,-21.85,-27.11,,-21,-17.6,,,,,-28,-31.04,-18.92,,-22,,,-30.5,-9,-18.5,-16,-18.92,,-27,,,,-18,-3,-13,-32,,6.54,,,,,,31,21,8,-10,52
Kent,Marshall,-13.5,-15.06,-19.86,-15.84,-7.98,-11.08,-11.17,-14.96,-18.49,-14,-19.8,-11,-16.13,-12,-13.42,-16.61,-12.69,-14.7,-14.75,-18.61,,-17.55,-13.02,,-9.9,-14.74,,,,,-28,-20.76,-14.7,,-11,,,-18.17,-12,-14,-17,-19.67,,-12,,,,-9,-28,-12,-18.5,,4.16,,,,,,27,17,8,-10,44
Kentucky,South Carolina,-11,-8.69,-19.24,-16.52,-10.42,-23.88,-11.83,-12.94,-16.07,-15,-15.8,-12,-20.09,-13,-7.3,-10.71,-14.01,-18.76,-14,-18.57,,-14.75,-22.42,,-16.4,-6.22,,,,,-34,-20.87,-14.01,,-5,,,-18.76,-11,-9.5,-15,-15.64,,-8,,,,-14,-1,-6,-25.5,,5.89,,,,,,12,7,8,-5,19
Maryland,NC St.,3,1.86,-0.83,2.28,4.5,1.91,4.98,4.72,-1.85,5,2.7,2,1.51,4.5,3.98,-2.18,6.45,4.3,3.08,0.75,,7.55,3.19,,4.8,6.73,,,,,-4,1.65,3.19,,8,,,0.66,3,3,3,14.12,,4,,,,5,-1,7,-2,,2.76,,,,,,13,3,8,-10,16
Memphis,Tulane,23.5,19.33,28.93,23.16,14.51,20.28,18.79,18.34,38,31,26.9,25,26.32,22,15.41,24.26,20.95,26.26,22.56,25.99,,21.05,20.61,,16.2,22.64,,,,,30,31.36,21.05,,17,,,34.05,17,23,21,30.45,,17,,,,25,-1,17,42,,7.83,,,,,,24,49,8,25,73
Miami (Fla.),Louisville,8.5,11.77,11.74,12.24,13.61,12.27,7.79,13.85,9.64,7,-1.8,13,8.43,20,9.33,13.84,9.96,9.61,11.47,0.11,,7.95,10.09,,0.5,19.07,,,,,9,11.78,10.09,,11,,,23.35,10,12.5,10,24.9,,7,,,,8,31,14,7.5,,6.14,,,,,,38,41,8,3,79
Michigan St.,Minnesota,-9.5,-6.96,-14.2,-10.23,-7.01,-13.31,-9.41,-10.25,-6.7,-13,-11.9,-10,-7.86,-9.5,-6.78,-7.07,-7.69,-17.68,-10.18,-11.58,,-14.05,-10.6,,-11.6,-6.3,,,,,-28,-13.89,-10,,-12,,,-10.93,-9,-9,-11,-17.21,,-3,,,,-7,-8,-9,-20,,3.59,,,,,,17,51,8,34,68
Mississippi,Tennessee,-10.5,-9.34,-16.76,-12.1,-4.17,-10.27,-8.85,-8.34,-15.23,-5,-19.4,-8,-12.9,-8.5,-6.73,-21.17,-6.89,-10.67,-10.27,-11.69,,-10.75,-9.99,,-7.3,-6.43,,,,,-28,-16.55,-9.34,,-17,,,-17.74,-7,-10,-13,-21.86,,-1,,,,-9,-8,-4,-14,,4.68,,,,,,21,17,8,-4,38
Navy,Notre Dame,-6.5,-2.6,1.63,-4.56,2.3,2.55,-1.8,-3.13,11.78,3,-8.3,-3,-4.09,-5.5,-6.58,-2.56,-3.19,-1.18,-1.96,-2.05,,-6.15,-3.88,,-1.2,4,,,,,2,3.18,-2.05,,-12,,,2.15,1,-4,-3,-7.44,,-12,,,,2,-21,-2,7,,6.24,,,,,,27,9,8,-18,36
Nebraska,Baylor,23,15.67,10.2,20.01,23.69,18.08,14.83,20.75,4.52,12,15,14,18.33,21,16.65,20.01,18.36,25.7,17.64,11.28,,19.75,14.58,,7.1,18.77,,,,,22,11.93,18.33,,32,,,14.26,23,20.5,20,32.8,,14,,,,19,29,22,16.5,,5.87,,,,,,27,59,8,32,86
Nevada,Rice,-7,-6.41,-14.17,-6.49,-0.64,-6.41,-6.7,-9.98,-11.06,-11,-24.9,-8,-1.87,-2.5,-7.29,0.74,-3.02,-10.01,-6.66,-10.17,,-10.55,-4.55,,-5.5,1.93,,,,,-18,-18.13,-6.49,,-2,,,-16.08,-4,-7,-7,-4.63,,-9,,,,-5,1,-2,-10.5,,5.7,,,,,,10,35,8,25,45
Northern Ill.,Central Mich.,20.5,17.67,21.47,23.51,17.4,16.68,19.91,23.3,15.27,25,18.4,19,25.54,23,19.12,23.18,27.18,24.4,22.28,24.38,,23.35,30.54,,17.8,24.36,,,,,24,20.58,23,,31,,,17.56,23,21,22,31.73,,20,,,,18,28,23,25.5,,4.04,,,,,,10,42,8,32,52
Oklahoma St.,Texas A&M,7.5,9.02,6.16,8.11,10.17,4.56,7.91,9.35,7.98,9,7.6,10,11.31,11,7.93,8.38,12.5,11.67,8.65,10.13,,8.45,6.49,,9.7,7.57,,,,,5,8.38,9,,7,,,8.96,10,8,6,0.25,,12,,,,11,-5,11,11.5,,3.26,,,,,,36,20,8,-16,56
Oregon,Arizona,11.5,10.71,7.44,4.28,13.61,7.65,8.63,13.05,9.71,11,10.8,11,5.66,14.5,11.46,6.15,9.27,16.32,10.4,1.92,,12.05,8.96,,3.9,20.64,,,,,4,10.9,10.9,,9,,,13.99,14,11,13,7.33,,16,,,,14,5,15,3.5,,4.42,,,,,,14,28,8,14,42
Pittsburgh,Boston College,-9.5,-1.66,-7.39,-7.05,-0.6,-4.84,-2.96,-3.63,-1,-5,-14.8,-4,-1.95,-2,-1.43,0.99,-1.46,-3.13,-3.24,-8.73,,-6.65,-11.11,,-6.3,2.63,,,,,-14,-6.28,-3.13,,1,,,-3.33,-3,-6.5,-6,-8.2,,-1,,,,-8,10,2,-8.5,,4.76,,,,,,17,20,8,3,37
Purdue,Wisconsin,6.5,9.41,8.06,8.47,11.81,13.75,11.33,5.39,7.67,14,11.9,3,17.18,4.5,12.25,7.13,15.8,18.57,10.18,12.42,,13.55,7.98,,10.2,6.41,,,,,8,9.61,9.61,,13,,,9.61,9,7,4,11.63,,4,,,,9,11,13,14.5,,4.07,,,,,,20,17,8,-3,37
Rutgers,Temple,13,9.81,15.13,11.15,11.98,16.5,9.41,12.67,22.61,24,29.2,17,15.81,13.5,7.49,9.56,14.55,6.28,15.08,21.33,,22.65,20.38,,12.7,21.16,,,,,12,17.56,14.55,,16,,,14.3,12,13.5,20,28.8,,13,,,,17,3,14,25,,6.02,,,,,,6,16,8,10,22
SMU,Louisiana Tech,-9.5,-6.44,-10.48,-6.39,-6.17,-7.19,-2.95,-6.9,-13.01,-4,-22.2,-8,-7.2,-9,-2.99,-8.63,-3.8,-6.81,-7.75,-8.82,,-9.85,-11.24,,-3.3,-18.97,,,,,-22,-10.02,-7.19,,-6,,,-8.56,-7,-10.5,-9,-40.86,,-2,,,,-8,-7,-7,-13.5,,4.36,,,,,,41,10,8,-31,51
San Diego St.,Colorado St.,4,2.77,2.35,3.81,9.04,17.11,3.24,0.87,7.02,11,-1.6,8,5.93,4.5,0.55,5.05,2.44,3.66,5.38,3.27,,3.05,8.83,,7,5.61,,,,,6,7.78,5.05,,7,,,7.86,4,3.5,7,1.4,,5,,,,9,-17,2,19,,6.14,,,,,,21,17,8,-4,38
South Florida,Army,16,11.52,11.63,10.76,14.2,6.21,8.2,16.26,15.74,11,11.2,17,22.61,23,7.9,28.39,18.75,17.86,16.64,8.82,,13.55,14.18,,5.9,29.58,,,,,20,14.14,16,,20,,,19.66,22,16.5,21,26.5,,12,,,,16,27,19,32,,6.89,,,,,,42,35,8,-7,77
Texas,Missouri,14,12.36,10.08,13.93,12.84,12.89,11.28,14.33,8.27,9,14.8,11,16.86,14,11.89,20.26,18.06,13.58,13.28,9.68,,15.55,11.78,,9.1,10.56,,,,,10,11.9,12.84,,20,,,14.37,16,14,10,9.84,,17,,,,12,19,17,7,,3.54,,,,,,20,28,8,8,48
Toledo,Ohio,13.5,7.82,9.95,9.69,9.7,4.41,8.45,10.77,5.48,8,1,11,7.93,16.5,7.34,9.33,9.1,13.12,9.53,6.08,,5.75,6.62,,1.2,14.02,,,,,8,12.63,9.1,,6,,,15.49,11,12.5,17,26.32,,9,,,,11,14,9,8,,3.85,,,,,,13,31,8,18,44
Tulsa,Boise St.,-21,-18.83,-24.47,-21.19,-14.38,-19.45,-15.17,-17.9,-22.82,-18,-33.5,-19,-10.91,-23,-17.12,-14.68,-13.13,-15.54,-19.48,-28.79,,-20.95,-18.11,,-15.4,-19.42,,,,,-40,-28.84,-18.83,,-17,,,-29.3,-16,-19,-16,-46.13,,-12,,,,-23,-24,-19,-30.5,,5.5,,,,,,45,42,8,-3,87
UAB,TCU,7,5.82,9.93,8,2.63,10.97,5.73,6.32,14.66,14,8,12,16.47,6,2.32,11.44,6.37,8.34,8.27,10.66,,10.95,3.42,,8.7,6.33,,,,,16,12.08,8.34,,10,,,13.12,7,6,6,10.08,,4,,,,10,-7,3,17,,4.93,,,,,,25,41,8,16,66
UNLV,New Mexico,2.5,-2.99,1.16,-5.87,-0.66,-0.21,-3.91,-3.03,-1.72,-3,0,1,-7.44,1,-4.62,-5.35,-6.06,-7.5,-3.47,-6.77,,-3.25,-1.4,,-3.9,-0.67,,,,,-14,-1.72,-3,,-21,,,0.93,-2,2.5,-5,-5,,-1,,,,4,-11,-1,-4.5,,4.58,,,,,,24,20,8,-4,44
USC,Arizona St.,11,9.37,6.55,10.58,16.96,6.94,10.58,12.92,7,8,14.3,10,19.64,16.5,11.33,20.42,14.77,9.94,11.9,11.29,,9.75,11.82,,2.7,14.28,,,,,4,4.89,11.29,,12,,,5.63,19,13,16,38,,12,,,,10,27,17,4,,5.34,,,,,,7,45,8,38,52
UTEP,Hawaii,4,6.2,13.23,6.49,-1.58,7.36,-1.16,-6.53,16.18,7,15.1,9,15.84,3.5,0.34,19.1,-2.19,-3.41,5.38,14.82,,4.65,10.7,,6,0.81,,,,,16,12.34,6.2,,7,,,27.67,-1,3,-1,9.1,,-7,,,,7,-14,-8,17.5,,8.47,,,,,,20,51,8,31,71
Utah,North Carolina,20,15.83,18.08,19.17,25.96,29.19,19.88,15.32,9.33,28,21.2,27,15.93,22.5,19.69,7.16,17.48,20.78,19.74,19.5,,23.05,19.31,,21.9,12.1,,,,,24,22.73,19.5,,24,,,21.66,19,17.5,16,30.92,,19,,,,25,14,19,24.5,,5.28,,,,,,16,46,8,30,62
Washington,Oregon St.,-6.5,-6.54,-6.86,-7.61,-2.68,-1.49,-5.35,-5.59,-8.81,-6,-9.7,-3,-8.88,-1.5,-8.22,-8.54,-4.79,-9.22,-6.35,-9.65,,-8.25,-10.6,,-1.9,-2.1,,,,,-18,-5.99,-6,,-16,,,-4.84,-10,-6,-9,-16.5,,-4,,,,-2,-6,-5,-6.5,,3.41,,,,,,29,14,8,-15,43
Washington St.,Stanford,1,1.06,-5.06,-3.31,9.4,-4.7,-0.18,3.23,-2.22,1,4.1,1,-3.32,7.5,0.96,-2.49,1.1,3.63,0.62,-10.5,,3.35,-6.15,,-5.3,4.47,,,,,-8,-6.03,1,,-1,,,-4.2,11,2,3,6.5,,3,,,,3,11,10,-4,,5.47,,,,,,23,17,8,-6,40
Western Mich.,Eastern Mich.,4.5,2.59,-2.01,6.97,5.58,-1.09,-0.1,1.96,-5.03,-4,3.3,8,4.92,11.5,3.51,5.58,1.5,0.05,2.58,-2.01,,2.25,-2.98,,-1.2,2.35,,,,,-2,-2.35,2.35,,9,,,4.88,3,6,6,-2.63,,4,,,,2,12,5,-2,,4.38,,,,,,35,31,8,-4,66
Air Force,BYU,2.5,2.51,3.18,4.36,10.36,7.72,3.13,1.46,2.52,7,-0.5,3,3.18,5,3.82,1.5,7.51,10.17,4.38,3.77,,2.45,-1.02,4.71,3.2,9.71,,3.68,,,4,0.89,3.73,5.05,2,1.97,1.92,2.01,6,3,5,6.06,6.08,-2,,,6.66,5,16,5,,,3.61,,,,,,41,24,9,-17,65
Akron,Ball St.,10,8.84,7.61,7.89,11.18,12.5,6.45,6.8,14.78,15,19,12,17.55,13.5,7.78,16.07,11.5,11.26,10.23,10.1,,13.35,7.8,11.02,8.4,4.2,,7.95,,,6,9.55,9.97,19.55,2,9.52,9.93,8.45,12,9.5,13,21.06,9.83,9,,,12.76,12,0.25,10,,,4.2,,,,,,23,35,9,12,58
Arizona,California,-22,-18.65,-27.65,-24.06,-22.91,-30.04,-15.63,-20.04,-26.94,-24,-23.9,-18,-22.58,-16.5,-18.77,-15.98,-24.76,-37.79,-23.04,-26.71,,-25.75,-24.48,-26.5,-20,-16.78,,-27.17,,,-38,-30.47,-23.46,-25.7,-20,-24.3,-26.68,-26.79,-19,-21.5,-20,-25.5,-25.77,-22,,,-30,-20,-17,-20,,,4.81,,,,,,38,0,9,-38,38
Arizona St.,UCLA,7.5,10.49,15.8,11.86,11.64,19.62,8.31,7.23,18.08,13,7.5,16,15.78,13.5,6.35,14.85,11.52,12.2,12.15,11.13,,8.05,11.79,18.73,9.4,12.23,,13.75,,,8,17.48,12.03,22.29,14,19.41,19.69,23.39,6,7,8,26.21,15.69,8,,,15.63,10,6,8,,,4.39,,,,,,42,48,9,6,90
Arkansas,Georgia,-7.5,-4.76,-4.42,-2.88,-2.55,-4.97,0.59,-7.52,-5.99,1,3.7,-4,4.54,-5,-3.6,-1.04,-1.27,-7.07,-3.66,-0.88,,-2.75,-10.83,-3.01,-0.1,-3.09,,-1.23,,,-10,-7.38,-3.68,-3.99,1,-3.77,-6.97,-2.64,-5,-6,-7,-14.62,-3.32,-6,,,2.38,-6,-9,-1,,,3.54,,,,,,20,14,9,-6,34
Auburn,Kentucky,31,25.83,33.89,33.52,29.05,40.09,19.94,30.81,42.62,36,46.4,26,28.62,31,17.54,23.18,26.74,37.8,32.29,34.93,,33.85,40.87,39.87,31.1,32.46,,31.37,,,44,37.53,32.73,47.02,27,42.51,41.26,40.94,33,28.5,32,53.07,41.14,20,,,36.2,33,15,25,,,7.76,,,,,,10,42,9,32,52
Baylor,Iowa St.,-7.5,-6.34,-1.75,-8.76,-3.17,-7.75,-5,-3.6,3.06,-4,-14.4,0.25,-5.04,0.25,-10.61,-2.67,-5.86,-12.17,-3.85,-6.42,,-6.85,0.06,-1.8,-4.3,-4.3,,-9.16,,,-4,-3.13,-4,4.3,-7,2.57,3.04,1.72,-4,-7.5,-5,-7.42,-0.03,1,,,-12.22,-3,-17,-6,,,5.08,,,,,,26,25,9,-1,51
Boise St.,Fresno St.,9,14.06,17.3,7.19,11.9,8.49,8.99,7.28,19.38,9,-8.1,20,10.36,21,12.46,14.04,11.74,11.55,14.01,7.76,,9.45,7.37,18.72,7,23.5,,6.21,,,20,21.48,12.18,22.83,11,25.67,23.26,24.59,9,12,9,30.03,19.86,7,,,5.11,14,19,13,,,7.03,,,,,,16,33,9,17,49
Cincinnati,Memphis,-6.5,-4.31,-10.53,-9.1,-2.77,-6.62,-5.43,-9.87,-13.1,-10,-11.3,-9,-7.52,-8,-2.85,-4.85,-4.23,-14.13,-8.37,-12.3,,-9.55,-10.15,-11.4,-8.3,-9.8,,-10.57,,,-26,-12.95,-9.32,-10.36,-1,-12.52,-13.64,-11.9,-6,-5,-12,-16.12,-14.4,-8,,,-10.34,-9,8,-3,,,4.57,,,,,,10,49,9,39,59
Clemson,Maryland,4,4.1,7.83,5.7,-3.21,-6.36,1.07,0.91,9.65,6,3.3,4,4.12,3,3.52,4.92,3.98,2.24,3.2,7.57,,-2.95,9.14,5.4,-0.2,2.64,,5.93,,,-8,3.6,3.79,7.81,-9,6.8,4.82,11.45,3,3.5,3,-7.08,5.68,2,,,8.15,1,-4,0.25,,,4.24,,,,,,7,10,9,3,17
Colorado St.,Wyoming,4.5,2.45,-4.98,0.13,0.2,-11.22,-3.27,7.72,-5.36,-2,8.1,-1,4.74,4,4.7,4.2,4.03,3.87,0.95,0.4,,4.35,1.38,-4.14,-7.7,4.31,,-1.13,,,-20,-7.83,0.7,-3.08,9,-4.3,-7.16,-2.84,12,2,3,10.67,-5.18,5,,,2.02,1,21,8,,,6.35,,,,,,7,30,9,23,37
Connecticut,Temple,17.5,14.55,21.14,16.42,20.22,22.5,14.73,17.74,18.51,23,27.7,24,21.33,20.5,12.87,17.95,16.57,25.16,21.14,17.33,,30.05,21.65,27.86,19.1,27.27,,20.61,,,32,24.58,20.81,24.65,28,25.82,25.08,24.32,20,17,18,38,26.39,17,,,25.85,21,16,19,,,4.3,,,,,,31,45,9,14,76
Duke,Virginia,-25,-18.45,-24.68,-24.24,-17.62,-25.15,-18.85,-16.91,-26.33,-20,-13.8,-20,-20.21,-18.5,-16.71,-17.57,-23.68,-24.44,-22,-24.67,,-21.65,-22.71,-27.28,-17.6,-20.93,,-21.66,,,-43,-30.43,-21.83,-20.27,-27,-24.9,-27.67,-24.57,-17,-23.5,-22,-24.49,-28.38,-26,,,-22.77,-24,-12,-18,,,4.27,,,,,,37,16,9,-21,53
Florida Atlantic,Louisiana-Monroe,14,11.91,13.33,14.84,20.24,18.96,-0.98,,19.08,,7.1,17,16.17,15.5,6.95,24.33,,21.45,15.7,20.66,,,20.73,,13.6,,,16.05,,,,6.93,16.17,,18,,,,15,14,20,31.08,,,,,,,,,,,4.96,,,,,,17,13,9,-4,30
Hawaii,San Jose St.,22,9.22,13.21,16.16,11.2,9.89,11.5,15.17,8.2,17,14,17,19.68,16.5,12.09,11.45,20,16.74,14.06,11.18,,19.75,24,19.79,9.7,2.58,,14.73,,,10,9.41,14.37,11.22,21,4.61,12.98,2.78,14,21.5,15,6.15,13.44,22,,,21.78,16,20,17,,,4.98,,,,,,28,46,9,18,74
Kansas St.,Nebraska,5.5,0.4,-4.49,4.7,1.52,-4.54,0.63,5.62,-3.36,3,10.4,-1,0.31,0.5,5.88,-0.31,10.96,7.11,1.35,1.6,,5.85,5.16,-0.82,2.1,-0.48,,6.32,,,-14,-6.34,0.82,-4.84,-4,-8.75,-10.99,-5.62,11,5.5,3,-2.5,-3.61,4,,,14.94,1,19,8,,,6.51,,,,,,21,45,9,24,66
LSU,Troy St.,23.5,20.4,17.03,18.81,21.56,15.59,11.11,29.22,15.63,19,40.5,13,20.83,17.5,20.96,26.81,24.97,30.18,20.95,17.11,,27.55,25.07,20.95,10.5,19.82,,18.27,,,16,16.78,19.91,16.19,20,19.48,16.68,19.24,30,22.5,29,46.65,23.12,21,,,23.23,19,38,24,,,6.52,,,,,,20,24,9,4,44
Louisiana Tech,UTEP,2.5,2.92,1.83,1.29,3.43,-4.32,-1.08,4.61,4.92,-3,-14.2,2,6.65,8.5,-0.1,10.51,5.72,-5.3,2.36,-0.57,,-8.25,2.02,-2.52,-9.2,16.53,,-6.68,,,-6,0.71,2,7.11,2,6.2,2.35,5.89,0.25,0,0.25,22.33,1.77,3,,,-8.71,1,18,7,,,6.8,,,,,,44,27,9,-17,71
Louisiana-Lafaye,Arkansas St.,3,2.86,2.09,2.43,7.11,10.6,2.48,2.28,-0.98,3,-2.3,5,4.27,7,4.96,3.24,6.66,4.91,2.95,-0.89,,0.65,1.8,0.54,8.1,1.92,,1.88,,,-2,1.35,2.63,2.78,7,2.05,-3.6,2.09,7,3,-3,0.23,3.68,-4,,,5.36,7,-4,6,,,3.72,,,,,,24,27,9,3,51
Louisville,South Florida,29,24.88,29.17,38.53,22.06,36.96,25.59,19.84,28.45,38,31.4,26,26.36,23,27.65,17.71,25.27,32.77,27.21,39.5,,31.55,39.06,34.99,31.2,14.47,,36.06,,,28,30.15,26.71,27.04,30,26.43,23.65,25.89,22,24,23,30.25,32.23,22,,,45.88,27,2,19,,,8.4,,,,,,9,41,9,32,50
Marshall,Buffalo,26,23.59,23.78,25.39,21.21,21.84,18.54,27.33,24.06,28,31.5,23,26.78,26.5,24.93,24.03,28.52,33.06,26.12,23.21,,27.85,31.29,27.22,19.3,28,,26.67,,,26,27.81,26.28,28.7,29,26.05,24.96,30.19,31,26,28,34.56,24.34,24,,,32.19,21,35,26,,,3.63,,,,,,14,48,9,34,62
Miami (Ohio),Central Florida,23.5,17.54,18.75,19.18,24.09,21.78,12.15,25.13,23.55,20,25.5,26,26.35,26,13.84,26.86,22.1,28.71,22.39,18.8,,24.85,21.83,20.51,16.5,27.93,,15.9,,,18,20.69,21.97,30.36,30,21.6,20.68,24.44,29,22,20,40.64,19.96,26,,,19.84,23,19,23,,,4.16,,,,,,7,43,9,36,50
Middle Tenn.,Idaho,10,6.77,5.25,9.51,7.22,7.1,8,4.25,8.01,14,8,13,14.37,11,7.69,11.62,16.24,11.81,9.33,9.25,,9.25,12.63,12.17,11.9,4.73,,11.57,,,2,5.35,9.38,11.77,10,2.65,7.97,-0.22,11,10,10,10.83,9.12,13,,,18.64,9,6,13,,,3.48,,,,,,14,34,9,20,48
Minnesota,Illinois,17,16.44,17.26,18.3,23.81,23.49,13.54,17.91,17.57,24,12.2,20,17.58,22.5,15.14,15.93,20.81,19.16,19.72,17.26,,16.55,19.7,24,13,21.16,,19.89,,,28,19.84,19.77,25.31,25,21.97,23.08,21.21,21,19.5,17,30.14,27.41,17,,,24.29,19,16,21,,,3.6,,,,,,0,45,9,45,45
Mississippi St.,Florida,-24.5,-18.02,-20.06,-24.71,-23.58,-26.48,-17.33,-21.17,-19.98,-20,-28.6,-19,-15.84,-20,-18.85,-15.9,-21.87,-32.06,-21.25,-20.77,,-32.95,-20.81,-19.67,-23.9,-16.4,,-19.91,,,-38,-24.58,-20.41,-16.54,-30,-16.68,-13.47,-15.59,-22,-23.5,-26,-19.97,-24.88,-22,,,-23.55,-20,-23,-21,,,4.58,,,,,,31,38,9,7,69
Missouri,Oklahoma St.,3.5,-5.54,-6.23,-6.18,0.28,-2.53,-2.82,-0.79,-3.86,-2,-6.1,-1,-0.79,-1,-6.92,1.01,4.39,-2.83,-2.47,-6.21,,-2.35,-5.87,-3.27,-5.3,2.31,,-5.95,,,-10,-7.77,-2.82,-1.17,-3,-4.98,-3.89,-6.35,2,3,5,1.79,-3.19,-1,,,-5.57,2,-4,1,,,3.32,,,,,,20,17,9,-3,37
NC St.,Miami (Fla.),-7.5,-11.35,-20.46,-16.65,-8.16,-15.33,-9.64,-5.13,-21.02,-14,-10.7,-10,-12.15,-9.5,-9.98,-11.23,-10.34,-11.54,-12.28,-18.65,,-8.05,-14.96,-17.93,-15.4,-12.79,,-18.04,,,-22,-22.85,-11.45,-14.32,-7,-13.43,-17.08,-21.64,0.25,-7.5,-8,-25,-9.56,-6,,,-19.45,-5,-6,-9,,,5.07,,,,,,45,31,9,-14,76
Navy,Rice,10,10.51,16.03,13.77,10.86,12.89,7.08,12.82,16.41,15,18.4,14,18.76,13,7.36,19.92,10.3,16.2,14.51,16.55,,15.35,14.01,18.09,9.4,17.81,,17.29,,,22,17.22,15.18,19.42,17,22.43,16.56,19.57,12,9,16,21.63,21.7,-1,,,17.86,12,15,11,,,4.47,,,,,,13,14,9,1,27
Nevada,Tulsa,3,2.16,0.24,3.6,5.14,7.74,1.48,1.31,1.05,7,8.9,7,8.97,10,-0.12,9.75,4.64,1.04,4,5.44,,2.15,2.09,6.4,3.4,5.38,,0.98,,,2,2.21,4.32,8.12,3,6.57,6.77,4.67,4,3,-2,8.5,5.71,-1,,,2.23,8,-4,5,,,3.48,,,,,,48,54,9,6,102
New Mexico,San Diego St.,4.5,10.73,12.63,8.76,9.03,8.54,8.13,8.54,15.03,14,11.6,8,8.37,9.5,9.65,7.86,8.76,8.12,10.78,11.73,,11.35,4.31,15.56,10.6,12.42,,12.66,,,10,13.17,10.3,17.99,15,14.73,14.45,16.83,5,4.5,9,18.52,14.77,7,,,15.09,5,11,10,,,3.28,,,,,,9,19,9,10,28
North Texas,New Mexico St.,9.5,2.85,0.6,3.63,12.06,11.41,0.5,9.53,3.03,4,-4.3,6,7.95,9,2.24,5,10.28,9.96,5.62,5.19,,7.75,4.42,3.71,5,8.01,,-1.12,,,-4,-2.06,5.55,8.2,6,-0.14,5.9,-3.53,13,10,7,-5.07,3.02,9,,,-2.07,8,5,12,,,4.32,,,,,,26,36,9,10,62
Notre Dame,Boston College,7,11.46,18.01,9.99,4.89,9.63,9.02,5.06,19.56,12,15.6,8,17.74,9.5,10.71,16.11,8.04,4.04,11.61,14.06,,10.35,11.09,17.34,5.3,8.72,,14.57,,,12,17.23,10.53,18.77,7,19.41,18.01,25.21,-1,5.5,10,4.96,17.26,11,,,18.08,6,7,7,,,5.21,,,,,,24,23,9,-1,47
Ohio,Bowling Green,-13,-7.9,-9.29,-8.61,-7.55,-6.52,-6.46,-9.57,-2.25,-10,-12.5,-8,-6.16,-9.5,-11.8,-0.77,-8.42,-25.9,-9.52,-5.13,,-10.95,-17.16,-10.44,-12.7,-8.2,,-13.52,,,-19,-11.51,-9.14,-4.46,-6,-6.79,-8.6,-7.71,-13,-12,-11,-21.56,-9.68,-12,,,-16.64,-9,-14,-12,,,4.58,,,,,,41,16,9,-25,57
Ohio St.,Indiana,13.5,13.21,12.19,13.21,19.13,7.75,6.15,13.17,15.42,10,2.5,13,12.39,19.5,10.79,11.57,17.16,14.4,14.25,10.69,,13.05,12.09,13.36,4.2,16.77,,9.19,,,24,13.12,13.19,19.51,17,16.62,14.93,16.93,20,16,13,41.5,19.47,9,,,9.96,12,34,19,,,5.52,,,,,,7,30,9,23,37
Oklahoma,Kansas,27,22.83,21.86,22.44,25.5,21.59,13.89,24.67,24.51,23,36.6,22,26.1,30,20.41,31.08,25.75,28.34,25.51,20.05,,24.35,27.28,26.56,11.5,26.53,,20.52,,,26,27.73,25.78,31.01,28,27.64,27.74,30.83,30,27,24,26,25.81,29,,,22.98,25,43,28,,,5.26,,,,,,10,41,9,31,51
Oregon St.,Washington St.,7.5,6.3,5.2,8.49,-0.16,-0.01,0.45,5.09,11.63,6,9.3,4,6.64,5,5.2,11.05,5.06,-0.22,5.42,9.49,,0.85,11.41,4.75,-3.6,5.62,,7.09,,,0.25,3.16,5.41,11.28,-1,6.88,4.64,9.46,6,6.5,10,18.07,8.26,6,,,8.06,3,10,2,,,3.92,,,,,,19,38,9,19,57
Penn St.,Iowa,2.5,-5.56,-10.74,-4.6,-7.75,-5.06,-0.98,-10.05,-13.65,1,-4.5,-3,1.95,-5,-0.72,1.35,0.06,0.14,-4.88,-3.45,,-2.75,-7.76,-4.66,-0.6,-9.22,,-2.43,,,-16,-11.07,-4.02,-6.94,1,-12.37,-11.14,-14.39,-3,1,-3,-19.22,-11.17,-3,,,1.51,1,-6,-2,,,4.47,,,,,,6,4,9,-2,10
Pittsburgh,Rutgers,5,8.98,6.27,6.63,11.9,7.92,4.89,7.33,0.19,4,0.8,9,9.06,12,10.12,5.88,9.53,13.4,7.4,-0.21,,8.05,-1.49,3.23,5.9,9.44,,2.8,,,6,6.05,7.62,8.61,14,9.29,-0.72,9.22,12,3.5,4,5.09,7.28,3,,,5.35,6,22,11,,,4.84,,,,,,17,41,9,24,58
Purdue,Michigan,4.5,5.49,6.46,8.8,5.08,8.5,7.43,1.01,8.6,9,11.5,8,11.51,4.5,6.67,9.47,10.59,8.96,6.89,9.87,,9.35,9.23,10.33,13.2,0.26,,10.87,,,2,4.91,7.44,9.63,12,5.59,3.22,3.97,3,4,4,-4.33,7.46,-1,,,15.62,7,0.25,5,,,3.91,,,,,,16,14,9,-2,30
Southern Miss.,East Carolina,19,17.65,23.26,20.31,25.87,29.75,13.12,18.15,25.48,24,19.2,24,25.06,24.5,14.49,25.39,22.91,30.37,24.35,20.81,,24.45,25.04,26.44,18.9,32.31,,20.63,,,39,27.75,24.48,33.53,23,32.09,27.66,31.62,25,18.5,26,36,32.15,21,,,23.94,21,22,21,,,4.57,,,,,,10,51,9,41,61
Stanford,Oregon,4,7.67,12.99,14.22,3.78,14.96,9.96,2.13,14.06,12,3.7,12,17.65,10,5.49,17.92,8.15,5.94,10.1,13.23,,3.65,12.89,15.19,16.4,4.58,,13.43,,,14,13.83,12,16.58,10,13.67,12.8,16.34,1,4,2,5.07,17.15,1,,,18.21,7,0.25,4,,,5.71,,,,,,16,13,9,-3,29
TCU,Houston,6,9.39,8.65,5.75,15.07,16.1,6.74,3.57,7.84,9,2.2,15,11.95,17.5,8.73,16.61,11.67,9.79,10.28,2.39,,4.45,10.44,12.97,11.9,15.64,,6.84,,,12,10.05,10.03,13.3,7,13.67,11.43,11.38,8,5,8,10.07,12.2,6,,,9.95,10,9,12,,,3.99,,,,,,27,34,9,7,61
Tennessee,Alabama,7,9.79,13.7,9.08,6.96,3.3,3.01,4.84,19.95,7,8.9,8,10.92,12,3.83,16.79,3.88,1.59,9.4,9.04,,0.35,9.88,13.8,-0.8,11.49,,7.72,,,12,15.05,8.5,21.99,5,18.12,17.18,21.6,5,8,7,22.5,14.36,5,,,8.14,6,9,7,,,5.48,,,,,,13,17,9,4,30
Texas A&M,Colorado,19,12.86,17.19,21.75,14.08,28.6,14.8,13.15,16.97,24,24.7,16,18.18,14,14.07,9.92,13.86,19.28,16.18,23.77,,18.15,20.94,19.96,14,7.28,,21.92,,,14,18.1,16.49,22.01,5,17.6,13.96,19.1,15,13.5,15,10.72,18.14,7,,,28.4,18,11,8,,,5.81,,,,,,26,29,9,3,55
Texas Tech,Texas,-1.5,-0.52,-1.67,0.7,-2.51,0.23,-0.46,-0.32,-3.28,5,17.3,-2,5.18,0.25,1.86,-1.16,3.02,7.11,0,-0.73,,3.55,-2.18,0.07,-2.6,-2.14,,5.27,,,-6,-3.92,-0.39,2.08,-5,-0.75,-3.8,0.47,-2,-1,-2,-0.14,0.63,1,,,7.3,1,1,-1,,,4.26,,,,,,51,21,9,-30,72
Toledo,Central Mich.,25,15.8,19.01,22.27,17.67,17.19,17.96,25.24,13.22,23,33.1,23,24.79,25,17.12,20.5,22.18,21.19,20.64,22.28,,26.75,14.71,22.53,14,22.8,,15.24,,,20,20.61,21.48,20.36,23,19.86,22.03,18.86,23,23.5,29,24.38,21.77,23,,,15.57,22,17,19,,,4.35,,,,,,22,27,9,5,49
Tulane,UAB,-18,-16.64,-30.36,-20.22,-9.2,-22.4,-14.17,-10.81,-33.18,-20,-12.7,-20,-15.66,-15.5,-12.78,-14.41,-9.47,-22.72,-18.99,-22.11,,-14.55,-23.52,-29.52,-16,-18.39,,-23.38,,,-42,-33.22,-17.52,-27.65,-12,-28.3,-31.33,-30.36,-5,-16,-14,-26.41,-27.71,-12,,,-22.77,-16,-3,-8,,,7.73,,,,,,55,59,9,4,114
USC,Washington,34,33.03,43.98,37.22,41.04,53.45,27.96,34.01,36.99,44,54,33,42.17,35.5,33,36.59,35.35,51.38,39.46,38.06,,43.55,43.24,47.43,37.2,31.6,,41.67,,,44,48.6,37.61,48.86,37,44.62,44.63,49.12,38,34.5,37,66,41.39,29,,,51.98,35,33,33,,,6.73,,,,,,0,38,9,38,38
Utah,UNLV,24,23.94,30.8,32.41,23.93,35.34,21.95,23.72,29.72,35,33,29,25.52,27.5,21.87,21.05,21.16,28.23,28.08,33.93,,25.05,35.29,34.55,22.9,21.86,,30.84,,,38,35.26,27.75,37.71,27,37.07,32.84,35.48,24,23,27,50.44,34.78,19,,,36.94,28,16,21,,,5.98,,,,,,28,63,9,35,91
Wake Forest,Florida St.,-13.5,-14.17,-27.89,-17.49,-13.29,-15.95,-11.85,-14.21,-24.3,-14,-17.7,-12,-14.57,-14,-13.23,-8.46,-12,-19.94,-15.86,-20.82,,-14.15,-15.81,-20.59,-10.9,-7.36,,-18.59,,,-32,-27.54,-14.16,-16.68,-11,-19.7,-22.5,-25.85,-10,-14,-14,-19.71,-18.21,-14,,,-18.29,-10,-14,-12,,,4.45,,,,,,20,17,9,-3,37
West Va.,Syracuse,16,9.98,8.52,9.23,17.42,23.12,9.94,10.2,2.75,13,6.8,15,18.03,14.5,12.5,12.65,16.69,18.67,12.66,3.06,,15.25,11.14,13.43,15,9.16,,10.93,,,10,10.95,12.83,13,17,12.16,8.96,7.63,19,14.5,15,14.71,13.86,6,,,15.28,18,10,14,,,4.51,,,,,,6,27,9,21,33
Western Mich.,Northern Ill.,-19,-19.55,-22.41,-18.08,-10.54,-15.88,-13.69,-16.17,-24.49,-26,-25,-13,-16.48,-17.5,-18.75,-11,-18.43,-21.26,-18.72,-20.77,,-26.45,-17.41,-25.17,-16.7,-16.35,,-26.2,,,-28,-26.19,-17.79,-22.3,-23,-15.09,-20.39,-16.3,-19,-20,-21,-23.57,-16.49,-17,,,-33.69,-17,-11,-17,,,5.05,,,,,,59,38,9,-21,97
Wisconsin,Northwestern,12.5,15.26,14.81,17.06,15.67,18.51,11.2,11.88,23.14,21,14.9,18,15.62,22.5,11.97,13.48,16.09,21.62,16.75,16.46,,13.95,18.01,18.09,17.4,15.99,,12.68,,,18,18.12,16.73,26.54,12,21.75,18.7,16.44,19,13.5,17,-3.6,21.08,9,,,15.84,17,12,14,,,3.8,,,,,,12,24,9,12,36
Arizona,Oregon St.,-7,-8.7,-9.4,-7.17,-12.14,-8.02,-4,-10.74,-12.74,-7,-13.8,-8,-7.47,-9,-6.96,-15.04,-10.52,-16.54,-9.81,-7.47,,-8.55,-11.94,-7.4,-5,-13.33,,-6.78,,-12.58,-20,-10.98,-9.81,-11.47,-2,-9.81,-12.94,-9.33,-12,-5.5,-11,-21.6,-13.93,-13,,,-5.28,-7,-12,-11,,,3.19,,,,,,28,14,10,-14,42
Ball St.,Northern Ill.,-20,-16.79,-17.6,-16.48,-14.25,-20.22,-18.35,-15.76,-21.66,-20,-23.2,-20,-15.33,-19,-18.15,-6.71,-15.18,-26.36,-17.8,-18.28,,-24.65,-20.82,-17.15,-21.4,-16.25,,-18.57,,-17.3,-28,-21.71,-17.6,-18.87,-17,-13.88,-16.07,-13.71,-19,-19.5,-23,-31.8,-17.09,-16,,,-22.1,-21,-8,-17,,,4.02,,,,,,38,31,10,-7,69
Baylor,Texas A&M,-22.5,-19.98,-24.43,-24.82,-21.09,-37.73,-25.53,-22.17,-23.28,-24,-33.7,-25,-24.28,-24,-19.82,-9.75,-21.71,-33.77,-24.29,-24.69,,-27.35,-23.55,-26.26,-26.3,-15.25,,-27.25,,-25.5,-42,-31.64,-24.53,-25.54,-24,-24.53,-27.46,-27.31,-22,-20.5,-25,-31.5,-27.75,-18,,,-29.14,-21,-28,-19,,,5.25,,,,,,34,35,10,1,69
Boise St.,Hawaii,22.5,23.1,24.18,21.32,16.17,17.33,20.92,15.11,32.01,22,19.8,33,23.11,33.5,19.79,24.51,19.33,22.06,23.62,20.96,,16.45,16.44,24.13,16.6,27.81,,22.83,,31.45,34,29.9,22.83,35.23,18,36.32,24.96,35.49,19,17.5,19,46.5,30.94,13,,,22.73,24,25,19,,,6.22,,,,,,3,69,10,66,72
Bowling Green,Eastern Mich.,30,24.95,22.96,30.96,23.52,24.03,26.73,24.94,22.21,33,40.9,37,23.47,33.5,29.5,11.38,34.6,44.41,28.12,24.33,,38.65,28.69,25.96,32,22.24,,31.4,,19.78,26,24.81,28.69,29.57,32,23.56,15.44,24.55,34,31.5,29,19.4,29.2,33,,,44.76,27,39,29,,,7.44,,,,,,20,41,10,21,61
California,Arizona St.,15.5,6.62,4.68,12.77,11.93,12.42,12.28,10.66,0.38,14,17.7,6,10.64,3.5,12.57,6.53,13.85,16.53,8.48,13.44,,16.15,10.56,6.66,13.3,1.41,,11.29,,-1.5,0.25,1.15,10.64,2.2,9,0.38,-3.37,-1.54,19,16,11,-2,5.3,12,,,18.89,13,7,12,,,5.96,,,,,,0,27,10,27,27
Central Mich.,Western Mich.,7,10.22,9.55,8.51,4.84,11.3,7.25,4.78,17.38,19,-8.7,7,11.22,13,7.46,9.4,9.06,10.7,9.69,11,,10.55,4.32,14.5,3.9,3.88,,13.68,,13.77,4,11.54,9.4,21.91,6,11.93,11.96,13.69,8,7.5,7,4,8.4,6,,,21.49,9,0.25,7,,,5.76,,,,,,21,24,10,3,45
Cincinnati,TCU,6,1.43,-0.64,5.37,-1.38,0.45,1.97,5.13,1.7,6,14.2,5,9.15,3,1,1.07,5.18,6.61,2.72,5.08,,10.95,-0.11,3.67,4.2,-4.54,,3.97,,-0.69,-4,-0.77,3,4.98,3,-0.52,-0.63,-0.55,7,5,3,0.7,2.73,-1,,,7.21,5,1,4,,,3.79,,,,,,10,21,10,11,31
Clemson,NC St.,-1,0.77,0.43,-1.77,-1.98,-6.98,-1.19,0.12,0.58,2,-5.9,1,-2.1,0.25,1.5,-0.76,1.05,-1.92,-0.05,-1.66,,-1.45,0.35,2.64,1.9,2.08,,-0.44,,2.19,-10,-0.15,0.12,1.82,-1,2.88,1.6,3.93,0.25,-2.5,-3,-5,-0.33,2,,,1.68,-3,-5,2,,,2.38,,,,,,20,26,10,6,46
Colorado,Texas,-13.5,-5.82,-8.49,-7.92,-13.51,-16.15,-9.92,-15.12,-4.77,-7,-16.7,-10,-13.11,-8,-4.05,-8.79,-13.36,-20.04,-10.12,-8.22,,-18.45,-8.25,-9.32,-12.3,-6.96,,-10.14,,-5.13,-14,-10.38,-9.92,-4.94,-11,-5.43,-7.44,-3.64,-15,-14,-11,-11.9,-5.8,-18,,,-12.73,-12,-12,-13,,,4.3,,,,,,31,7,10,-24,38
Colorado St.,New Mexico,3,2.84,3.18,2.38,-1.76,-5.7,2.66,3.25,1.47,3,1.8,2,2.38,3,3.74,-0.53,-1.26,3.22,1.91,2.16,,-0.15,1.95,1.84,-2.7,-1.95,,0.88,,3.29,-4,0.85,2.19,4.19,-2,4.31,1.58,4.36,6,2.5,2,-2.3,2.19,-1,,,1.36,3,13,3,,,3.06,,,,,,26,17,10,-9,43
East Carolina,Army,-2.5,2.34,-5.92,-2.55,-1.27,-11.36,-4.39,-0.04,-0.89,-4,-2.6,-1,-0.83,5.5,2.16,-1.6,0.16,-4.4,-1.34,-6.83,,-7.25,-2.07,-1.8,-7.3,0.7,,-4.52,,0.47,-12,-4.21,-1,-0.68,5,0.91,-0.69,0.98,-1,-2,-4,7.7,-1.26,-1,,,-4.65,-2,11,4,,,4.09,,,,,,28,38,10,10,66
Fresno St.,SMU,27,20.7,17.03,25.39,26.36,32.67,24.17,20.52,17.74,29,32.9,21,22.27,23,24.32,19.46,30.69,37.49,24.06,23.48,,26.25,27.93,24.7,29,19.28,,28.22,,17.21,22,19.81,24.17,21.89,27,18.12,16.11,18.31,32,27.5,28,40.4,26.28,20,,,37.62,25,24,26,,,5.48,,,,,,0,42,10,42,42
Georgia,Florida,6.5,10.59,13.92,8.62,6.76,7.33,6.42,9.27,15.57,10,8.8,13,7.42,12.5,6.77,10.64,9.02,,10.52,7.89,,8.6,10.72,10.81,3.5,15.35,,9.45,,17.09,12,14.58,10,17.76,-2,15.85,14.76,16.42,8,6,8,24.2,13.25,8,,,9.01,10,18,5,,,4.29,,,,,,24,31,10,7,55
Georgia Tech,Virginia Tech,-4.5,-0.32,-1.47,-4.02,-2.84,-6.35,-9.67,-0.69,7.16,1,-2.6,-3,-2.77,-2,-5.37,3.89,-6.85,-10.18,-2.33,0.37,,-11.35,-0.42,-1.81,-16.8,3.63,,-3.9,,4.03,-8,-2.81,-2.77,8.93,-10,5.9,2.9,6.54,-5,-5.5,-3,11.7,0.19,-1,,,-2.26,-3,-12,-4,,,5.51,,,,,,34,20,10,-14,54
Houston,Tulane,9.5,6.47,7.27,9.37,2.84,2.89,11.45,3.86,3.53,9,7.2,7,11.25,8,11.06,10.08,9.3,5.2,6.85,7.52,,4.75,7.18,9.37,0.9,4.05,,10.66,,3.68,8,6.09,7,6.47,9,5.52,5.21,8.92,3,10,4,7.8,8.42,9,,,14.7,6,9,6,,,2.97,,,,,,3,24,10,21,27
Illinois,Iowa,-11,-13.69,-15.72,-14.42,-20.59,-19.31,-11.08,-18.13,-18.39,-15,-32,-12,-9.22,-12,-10.66,-9.06,-16.45,-21.27,-15.53,-15.48,,-19.95,-13.33,-14.93,-10.8,-16.65,,-13.48,,-18.79,-30,-18.6,-15.58,-17.81,-9,-16.6,-19.26,-15.58,-17,-9.5,-18,-27.7,-22.22,-15,,,-13.7,-13,-17,-15,,,4.49,,,,,,23,13,10,-10,36
Indiana,Minnesota,-18,-11.01,-13.9,-11.19,-18.08,-18.42,-18.05,-13.96,-8.23,-14,-18.5,-13,-5.48,-14.5,-13.86,-1.75,-14.05,-17.53,-13.62,-11.12,,-17.95,-13.2,-13.86,-10.8,-8.06,,-13.38,,-10.61,-26,-16.83,-13.9,-8.58,-18,-12.37,-15.24,-11.61,-18,-17,-14,-33,-18.3,-6,,,-13.29,-17,-27,-15,,,4.72,,,,,,21,30,10,9,51
Iowa St.,Kansas,-4.5,3.69,1.11,0.45,-1.81,-1.87,-3.17,-7.87,9.42,1,-7.7,-0.25,2.98,3,2.34,4.41,-3.83,-5.33,-0.17,1.43,,-9.85,-5.84,0.08,-8.1,1.96,,-2.54,,6.24,-8,0.97,0.45,11.48,-9,5.14,4.07,6.89,-3,-5,-7,-6,2.59,-11,,,-2.68,-1,8,-2,,,5.61,,,,,,7,13,10,6,20
Kansas St.,Texas Tech,2.5,-0.13,-1.87,1.3,4.47,-6.9,0.5,4.83,-2.68,1,-2.4,-5,0.14,0.25,1.9,2.26,5.2,-1.05,-0.6,1.12,,-2.95,1.2,-3.11,-3.8,2.3,,-4.64,,-2.72,-20,-3.85,-0.13,-1.91,-11,-3.47,-5.7,-2.94,9,3,2,-1.8,-4.62,-9,,,-3.91,1,16,1,,,5.03,,,,,,35,25,10,-10,60
Kent,Ohio,0,-2.99,-3.18,-2.83,-0.75,-4.74,-2.06,-1.74,-6.75,-1,5.7,-2,-5.49,-2,1.33,-5.98,-1.6,-2.09,-3.14,-4.25,,-5.55,0.66,-4.64,-1.6,-4.48,,-3.89,,-6.27,-8,-6.29,-3,-5.46,-10,-3.24,-6.54,-3.42,0.25,2,-3,1.2,-0.43,1,,,-2.21,1,-6,0.25,,,3.1,,,,,,16,42,10,26,58
LSU,Vanderbilt,24,24.19,21.62,20.23,27.13,22.66,20.76,20.45,23.59,28,27.2,21,23.81,25,22.94,26.57,26.32,31.11,25.22,16.97,,27.35,24.37,27.42,17.2,27.71,,22.79,,25.01,36,26.15,25,30.68,25,27.49,27.3,27.62,25,24,27,34.8,32.65,25,,,28.52,25,32,28,,,3.63,,,,,,7,24,10,17,31
Marshall,Central Florida,26,21.77,25.54,24.95,21.55,28.25,20.55,23.62,27.5,31,31.7,25,28.42,25,19.63,25.85,25.38,30.52,25.78,24.63,,30.45,25.17,28.3,27,29.02,,25.44,,28.46,24,26.62,26,33.71,25,26.35,26.27,27.52,26,25,26,42.8,25.47,26,,,31.69,26,14,22,,,3.72,,,,,,3,20,10,17,23
Maryland,Florida St.,-10.5,-11.3,-19.31,-14.89,-7.28,-15.19,-11.58,-9.24,-19.58,-12,-10.7,-12,-16.1,-13.5,-7.94,-14.46,-5.92,-11.38,-13.53,-16.39,,-8.95,-16.28,-15.74,-10.2,-9.07,,-15,,-23.4,-32,-22.85,-13,-18.25,-5,-19.39,-22.42,-23.13,-8,-10.5,-13,-1.7,-17.89,-8,,,-13.36,-11,-8,-7,,,4.94,,,,,,17,20,10,3,37
Michigan,Michigan St.,11.5,15.33,12.5,12.09,15.77,17.65,15.19,13.19,16.26,20,7,18,13.37,21,14,15.69,16.96,19.37,15.97,9.12,,11.55,14.21,16.81,9.1,14.86,,13.71,,17.91,16,18.25,15.69,22.83,20,20.09,19.14,21.33,15,12.5,11,28.1,19.51,12,,,15.87,14,19,15,,,3.69,,,,,,37,45,10,8,82
Middle Tenn.,Utah St.,10,3.57,3.49,6.51,9.4,14.02,5.48,9.76,1.84,15,9.8,9,9.2,10,5.77,3.27,12.33,6.71,7.1,7.98,,11.55,2.58,11.02,12.2,2.65,,6.79,,1.08,0.25,4.15,7.77,8.38,10,1.29,7.77,-0.21,10,8.5,10,10.5,7.03,4,,,11.9,11,-1,9,,,3.96,,,,,,0,21,10,21,21
Mississippi,Auburn,-18,-15.11,-18.49,-19.96,-9.85,-20.82,-17.96,-16.77,-22.26,-18,-22.4,-19,-18.57,-18,-11.61,-18.66,-16.6,-24.14,-17.75,-19.06,,-21.95,-19.08,-20.51,-23.8,-13.64,,-20.48,,-21.35,-30,-21.24,-18.66,-19.39,-18,-18.79,-21.44,-16.1,-16,-17.5,-17,-34.4,-19.08,-7,,,-21.16,-20,-6,-11,,,4.39,,,,,,35,14,10,-21,49
Mississippi St.,Kentucky,3,1.46,6.12,4.71,-0.99,7.49,-0.76,4.56,10.49,7,1.9,3,2.57,6,-2.96,3.66,-0.74,1.8,3.89,8.42,,-0.35,6.51,8.8,1,5.01,,1.63,,10.01,0.25,4.51,4.51,11.48,-2,9.44,12.98,8.26,3,2.5,4,22.9,8.96,-6,,,0.78,6,-11,0.25,,,5.01,,,,,,7,22,10,15,29
Nebraska,Missouri,-2,1.84,-2.69,-4.58,2.49,-5.66,-6,-1.46,-0.24,-3,-3.2,-2,0.19,3,-2.79,3.84,-0.71,-6.77,-1.15,-7.11,,-5.75,-1.03,-2.84,-10.1,2.57,,-8.2,,1.65,-6,-1.99,-1,4.6,-1,4.91,2.33,5.21,1,-2,-1,9.3,-1.42,-7,,,-11.46,1,6,0.25,,,4.31,,,,,,3,24,10,21,27
North Carolina,Miami (Fla.),-21,-16.06,-18.12,-18.22,-26.08,-30.27,-17.09,-18.27,-13.6,-19,-19.4,-24,-11.18,-21,-16.53,-5.43,-21.7,-25.06,-18.79,-15.96,,-22.65,-18.51,-19.44,-22.3,-16.65,,-18.68,,-16.49,-22,-23.12,-18.68,-17.42,-19,-15.77,-19.7,-17.9,-18,-21,-19,-26,-11.97,-21,,,-20.9,-19,-21,-20,,,4.47,,,,,,28,31,10,3,59
North Texas,Louisiana-Monroe,9,6.26,4.62,5.5,13.42,3.86,0.04,15.82,4.02,8,1.7,6,7.19,7.5,6.7,11.51,10.31,3.71,8.09,5.8,,5.15,8.24,11.21,2.3,14.76,,-2.51,,5.41,4,3.33,7,6.02,10,6.2,15.59,7.17,10,9,7,30.3,9.05,23,,,1.77,6,17,14,,,5.16,,,,,,30,45,10,15,75
Northwestern,Purdue,-9.5,-6.84,-5.8,-8.79,-11.92,-12.62,-10.03,-6.72,-2.9,-6,-9.3,-8,-1.72,-9,-9.53,-0.36,-12.7,-18.65,-7.96,-7.13,,-12.15,-8.16,-7.39,-19.1,-3.89,,-10.21,,-2.33,-18,-8.45,-8,-1.61,-15,-3.24,-4.43,-0.21,-10,-10,-5,1.5,-8.57,-3,,,-11.91,-8,-14,-11,,,4.61,,,,,,10,13,10,3,23
Ohio St.,Penn St.,6,10.32,11.52,7.6,12.85,7.15,2.75,6.32,16.95,9,9.6,7,7.93,11.5,5.69,19.24,8.37,10.29,10.3,3.24,,1.55,11.89,11.83,4.1,16.91,,6.3,,17.16,14,12.76,9,20.73,3,19.33,16.7,19.71,7,4,5,34.1,18.46,8,,,5.91,9,6,8,,,5.22,,,,,,10,21,10,11,31
Oklahoma St.,Oklahoma,-12.5,-5.4,-4.76,-4.94,-7.93,-4.55,-4.5,-12.26,-0.78,1,-8.4,-7,-3.56,-10,-3.73,-12.08,-8.16,-15.46,-6.54,-2.05,,-10.85,-11.6,-3.6,-2.6,-12.63,,-4.55,,-2.29,-7,-5.71,-5.4,-0.66,-6,-0.45,-3.93,-1.52,-10,-12,-11,-15.9,0.53,-14,,,-2.66,-7,-19,-9,,,4.87,,,,,,38,35,10,-3,73
Oregon,Washington,20,14.83,17.16,14.46,17.65,27.36,13.41,14.91,16.01,22,18.3,17,12.84,19,13.68,9.72,14.7,22.65,17.29,16.33,,20.05,14.98,21.14,16.1,13.12,,15.1,,17.29,26,20.46,17.16,24.51,19,22.81,21.04,20.9,18,18.5,18,4.2,24.66,12,,,17.69,22,2,13,,,4.79,,,,,,6,31,10,25,37
Rutgers,West Va.,-14.5,-13.03,-13.32,-16.26,-14.73,-17.45,-16.57,-15.74,-10.23,-8,-12.2,-14,-10.69,-10.5,-15.8,-0.82,-8.52,-20.74,-12.39,-12.01,,-20.95,-7.37,-7.6,-18,-5.89,,-11.74,,-12.17,-24,-15.11,-12.17,-8.12,-14,-9.35,-5.23,-9.03,-17,-15.5,-16,-15.7,-15.58,-7,,,-12.1,-12,-18,-10,,,4.52,,,,,,35,30,10,-5,65
San Diego St.,Utah,-19,-19.1,-28.12,-23.69,-13.31,-22.76,-20.27,-18.13,-28.74,-21,-25.3,-22,-20.8,-20,-16.57,-15.71,-18.15,-23.82,-21.87,-28.78,,-23.45,-22.05,-26.04,-23.6,-16.98,,-21.26,,-30,-42,-32.2,-21.26,-27.16,-17,-30.19,-30.96,-27.81,-12,-17,-21,-44.6,-26.63,-14,,,-20,-21,-12,-13,,,5.58,,,,,,51,28,10,-23,79
San Jose St.,UTEP,-15,-12.38,-24.36,-22.26,-0.96,-13.08,-21.63,-13.59,-22.95,-19,-34.5,-20,-15.88,-16.5,-11.14,-9.94,-11.95,-16.56,-17.14,-23.38,,-25.55,-18.9,-24.44,-19.8,-3.93,,-24.93,,-25.59,-34,-25.16,-18.82,-18.82,-17,-20.75,-24.14,-21.66,-11,-15.5,-16,-13.9,-25.11,-14,,,-24.85,-14,-2,-6,,,7.46,,,,,,38,20,10,-18,58
South Carolina,Tennessee,0,-3.44,-5.69,1.41,-1.62,4.84,2.24,-2.9,-11.58,5,-14.9,1,-7.43,-1.5,1.34,-15.2,2.61,0.77,-2.68,-0.13,,-0.45,2.33,-1.43,8.7,-9.11,,2.12,,-11.84,-10,-6.89,-1.5,-7.81,-1,-5.81,-9.16,-8.82,-1,-2.5,-5,-21.1,-1.67,1,,,7.2,1,-12,-2,,,6.06,,,,,,43,29,10,-14,72
Syracuse,Connecticut,2.5,5.45,0.62,6.73,-2.54,-6.19,-1.55,1.87,6.31,6,5.7,-0.25,8.9,2.5,5.48,10.69,3.88,-4.5,2.2,7.66,,2.45,0.21,0.74,-3.5,1.46,,2.68,,3.05,0.25,-1.74,2,6.67,4,0.38,-0.09,2.17,2,2.5,5,1.3,1.71,1,,,6.03,-2,2,2,,,3.84,,,,,,30,42,10,12,72
Troy St.,Idaho,23,17.16,18.26,20.87,14.17,20.24,24.35,17.67,12.24,27,27.7,20,25.91,17.5,22.06,21.61,22.66,23.42,20.32,18.53,,23.65,26.97,22.34,26.4,15.41,,24.09,,13.23,19,18.83,20.24,16.46,28,17.37,14.42,16.37,22,21,22,20.3,20.68,29,,,34.16,19,14,18,,,5.11,,,,,,7,47,10,40,54
Tulsa,Rice,-1,-1.59,-2.65,0.44,0.61,-5.35,-1.7,-0.92,-1.98,-3,-9.4,-1,6.22,-1.5,-1.09,1.36,5.17,-0.25,-0.89,-1.23,,0.45,-0.78,-3.98,0.1,3.01,,-2.24,,-2.51,-10,-5.87,-1.23,-2.14,-6,-2.94,-7.71,-1.91,1,0,6,-0.9,-2.13,-1,,,0.26,-3,6,1,,,3.56,,,,,,22,39,10,17,61
UCLA,Stanford,5,4.59,1.43,3.66,4.92,-3.64,1.57,3.85,4.6,9,2.5,4,6.19,6,5.79,8.34,3.2,6.97,4.52,4.73,,5.25,2.89,3.3,-3.6,2.56,,3.58,,3.63,-2,1.77,4.6,8.3,6,5.97,2.96,5.39,6,6,6,8.2,5.14,4,,,5.67,4,13,6,,,2.99,,,,,,0,21,10,21,21
Wake Forest,Duke,18,15.11,15.15,18.93,16.76,21.9,14.75,16.01,15.81,20,24.1,17,14.5,17.5,14.09,15.05,14.66,16.81,17.73,18.16,,20.25,19.53,20.13,16.9,22.61,,17.12,,15.92,18,16.63,17.5,21.08,19,18.58,17.67,18.2,17,17.5,19,19,23.05,18,,,21.53,19,18,16,,,2.53,,,,,,22,24,10,2,46
Washington St.,USC,-24.5,-19.3,-25.56,-23.52,-18.46,-29.61,-24.45,-23.03,-24.89,-22,-33.7,-24,-21.67,-25.5,-18.98,-20.41,-21.81,-28.16,-23.39,-25.09,,-25.15,-28.33,-24.97,-25.5,-19.21,,-25.77,,-28.64,-32,-31.06,-24,-26.18,-15,-23.85,-27.22,-27.18,-17,-22.5,-25,-51,-20.92,-19,,,-28.11,-22,-22,-15,,,4.38,,,,,,42,12,10,-30,54
Wyoming,Air Force,2.5,1.2,2.71,0.42,0.93,8.12,-1.12,-1.17,4.21,7,-6.5,7,0.17,4.5,-1.38,0.38,0.11,1.71,2.34,0.68,,-2.35,2.37,4.08,8.2,-0.49,,1.55,,3.05,-4,4.13,2,10.38,1,7.63,5.21,5.4,2,2,2,-4.1,3.9,5,,,1.98,6,-18,0.25,,,4.92,,,,,,26,43,10,17,69
Akron,Marshall,-8.5,-7.53,-8.06,-9.24,-4.75,-9.77,-11.16,-10.3,-3.25,-7,-13.3,-7,-5.71,-5,-12.16,-2.98,-7.09,-13.51,-8.24,-9.15,,-13.55,-11.63,-7.05,-13.9,-12.55,,-11.59,,-1.71,,-8.97,-9.06,-0.24,-11,-2.59,-0.98,-2.69,-11,-10.5,-12,-6,-4.88,-14,,-20.1,-12.3,-5,-14,-10,-10,,4.11,,,,,,28,31,11,3,59
Alabama,Mississippi St.,17,17.8,16.7,16.67,25.42,27.65,17.29,15.18,12.98,18,18.4,17,22.2,19,23.64,16.89,21.76,26.21,19.62,13.63,,21.95,16.82,17.84,23.8,18.09,,18.07,,16.29,,17.36,18.29,19.17,32,17.8,12.66,18.48,23,18,19,6.6,23.09,21,,47,24.83,20,24,21,16,,4.27,,,,,,14,30,11,16,44
Arizona St.,Stanford,10,15.92,15.88,13.6,12.76,13.44,9.74,9.73,21.04,16,15.7,15,20.32,17.5,10.41,19.98,10.78,13.61,15.44,11.64,,11.35,12.22,19.8,6.2,11.44,,14.18,,24.25,,19.28,13.9,25.5,7,23.27,24.16,26.32,9,9.5,12,27.7,19.91,9,,22.1,16.6,12,18,11,23.5,,5.19,,,,,,31,34,11,3,65
Army,Air Force,-4.5,-6.59,-9.22,-7,-9.86,-1.34,-8.64,-1.15,-1.8,1,-11.2,-2,-5.2,-9.5,-11.38,-1.74,-7.55,-13.11,-5.74,-1.52,,-9.15,-5.34,-1.66,-3.5,-11.16,,-5.44,,-4.78,,-7.19,-5.1,3.3,-11,-1.63,-0.46,-4.97,-5,-5.5,-4,-18.3,-3.65,4,,-13.7,-4.36,-2,-27,-7,-14,,5.72,,,,,,31,22,11,-9,53
BYU,San Diego St.,9,14.26,15.67,11.08,4.21,8.83,10.15,10.17,16.79,14,8.1,13,13.24,14.5,11.53,14.7,5.4,7.5,12.69,14.19,,11.45,8.37,18.68,9.5,11.62,,11.42,,21.04,,17.8,11.81,21.02,8,21.87,21.79,21.72,4,7,12,13.6,21.8,3,,-0.8,12.76,10,7,8,13,,5.13,,,,,,16,49,11,33,65
Boston College,Rutgers,14,12.32,10.15,15,17.67,18.39,12.65,12.43,9.7,15,2.5,15,17.48,15.5,14.92,13.09,16.95,17.27,14.66,13.83,,13.25,11.2,13.42,13.3,12.66,,13.45,,12.99,,13.16,14,16.28,14,15.88,10.8,16.46,19,14.5,12,24,20.34,9,,28.7,19.06,17,25,14,16.5,,3.79,,,,,,10,21,11,11,31
Bowling Green,Western Mich.,30.5,31.26,28.78,30.16,22.87,31.33,26.28,27.65,31.4,39,38.7,34,28.26,41,33.15,21.51,34.06,44.37,32.36,31.71,,37.15,29.52,41.37,33.6,26.74,,35.48,,32.76,,34.85,31.86,39.53,34,30.44,35.48,33.05,34,29,30,25.2,31.49,32,,41.7,47.08,30,21,30,40.5,,5.69,,,,,,0,52,11,52,52
Buffalo,Kent,-8.5,-4.85,-5.78,-6.37,-3.21,-2.79,-7.33,-10.94,-2.32,-5,-15.2,-6,2.01,-5.5,-7.25,4.8,-7.05,-14.4,-4.92,-1.47,,-11.55,-6.38,-2,-8.2,-4.44,,-6.35,,-1.11,,-5.96,-5.64,1.48,-5,-0.52,1.5,-2.68,-10,-9,-9,-11.3,2.69,-7,,1.1,-6.18,-6,-7,-5,-11,,4.58,,,,,,33,7,11,-26,40
California,Oregon,21,23.85,23.55,29.17,17.52,27.35,22.95,15.86,21.79,25,27.7,22,21.63,22,28.75,16.83,22.33,31.83,22.35,24.19,,23.45,25.42,25.56,30.9,8.91,,27.05,,24.15,,22.48,22.41,24.18,20,20.02,19.56,22.57,20,19.5,15,26,19.06,16,,1.9,36.19,20,18,18,32.5,,5.59,,,,,,27,28,11,1,55
Central Florida,Ohio,-3,-1.81,-1.37,-3.68,-3.99,-9.17,-1.16,-0.39,-7.53,-3,0.7,-6,4.27,-4.5,2.36,2.32,-0.49,-4.54,-2.98,-8.85,,-6.45,-2.13,-2.33,-5,-4.58,,-3.3,,-4.05,,-4.54,-3,-5.51,-10,-2,-0.41,-2.01,-2,-3,-2,-12,1.95,-3,,-1,-2.58,-5,5,-1,-7.5,,3.59,,,,,,17,16,11,-1,33
Eastern Mich.,Central Mich.,-1,-4.17,-3.79,-2.59,-2.21,-1.3,-1.09,0.23,-6.15,2,8.6,-1,0.08,3,-2.27,-2.27,1.81,0.71,-1.48,-0.61,,-4.6,0.15,1.33,1.2,2.6,,3.24,,-5.45,,-3.96,-1,-6.49,-1,-4.88,1.91,-5.78,2,-2.5,1,-2.7,-1.86,-1,,-26.7,-1.36,2,-13,-1,-3,,3.69,,,,,,58,61,11,3,119
Florida St.,Duke,30.5,26.87,31.6,27.9,30.54,34.83,25.41,23.81,28.41,31,21.5,26,34.47,29,25.33,31.86,31.69,36.6,31.83,33.73,,27.85,29.97,39.21,25.9,29.49,,29.66,,35.72,,37.44,31,34.75,38,39.16,39.69,39.99,28,32.5,26,28.1,39.05,32,,37.9,34.42,30,31,30,37.5,,4.67,,,,,,7,29,11,22,36
Hawaii,Louisiana Tech,4.5,-4.05,-5.86,-1.34,7.25,3.2,0.32,3.32,-8.82,2,-5.5,0.25,-0.72,0.5,-0.7,-0.92,7.54,1.56,-0.89,-2.62,,-4.15,-0.58,0.7,2,-2.5,,-3,,-6,,-6.34,-0.64,-2.98,1,-7.32,0.18,-8.32,3,6,1,-14.7,-3.99,2,,12,0.78,5,-6,5,-3.5,,4,,,,,,23,34,11,11,57
Houston,East Carolina,14,6.74,5.01,9.58,13.74,13.64,8.61,11.17,2.92,12,12.5,10,12.17,13,10.54,6.6,12.18,15.04,10.03,12.18,,14.75,12.4,9.52,8,13.62,,11.39,,3.27,,5.18,10.77,8.3,8,5.24,5.77,6.71,17,13.5,11,11.8,8.24,18,,24.6,17.64,11,11,11,6.5,,3.79,,,,,,24,34,11,10,58
Idaho,Arkansas St.,-3,-3.55,-2.01,-4.07,3.59,2.91,-2.69,1.29,-1.91,-2,-4.6,-2,4.6,1.5,-5.73,5.28,-2.53,-6.32,-0.86,-2.32,,-4.75,-7.87,0.69,-4,3.59,,-3.24,,1.25,,-2.2,-1.95,1.77,2,2.43,3.42,2.9,0.25,-3,-6,1.4,2.33,-7,,4.8,-4.02,1,-3,3,-3,,3.65,,,,,,31,45,11,14,76
Illinois,Indiana,2.5,-2.09,-6.31,-1.76,1.26,-3.03,-0.4,-1.95,-4.82,-4,-7.9,0.25,2.14,1,0.73,-0.22,1.02,-2.2,-1.37,0.27,,-2.25,-4.41,-2.2,-4.2,-5.89,,-3.01,,-1.87,,-4.12,-1.91,-2.6,6,-1.41,-1.99,-0.12,0.25,2,-3,4.2,-1.42,-7,,2.9,-1.8,1,17,1,-11.5,,4.47,,,,,,22,26,11,4,48
Iowa,Purdue,2,3.77,1.6,1.85,5.57,3.6,-1.5,3.46,7.72,4,-5,3,9.75,6,-0.56,12.21,0.79,1.78,4.11,0.01,,-2.55,-0.63,4.68,-6.9,7.61,,-1.85,,11.25,,5.22,3.69,11.53,-4,10.71,11.52,12.33,3,2,4,1.3,7.57,-1,,7.6,-2.14,7,9,2,2.5,,5.01,,,,,,21,23,11,2,44
Iowa St.,Nebraska,-6,4.72,1.04,0.78,-9.48,0.29,0.34,-9.05,4.7,1,-15.3,2,5.96,2,4.74,5.65,-5.07,-0.81,-0.44,3.75,,-8.05,-6.44,2.84,0.7,1.36,,1.73,,5.73,,-0.5,0.89,7,-8,3.76,3.49,4.62,-9,-5.5,-7,-8.2,1.41,-8,,1.9,5.47,-2,-6,-6,-1,,5.71,,,,,,27,34,11,7,61
Kansas,Colorado,3.5,-0.28,-0.64,2.93,3.43,7.11,3.11,-0.11,-3.07,4,-6.8,3,1.95,3,2.75,-2.08,1.43,8.77,1.33,-2.18,,0.95,-1.04,3.63,6.1,-0.53,,4.35,,-1.61,,-1.89,1.21,1.86,6,0.66,-0.44,-1.1,0.25,4,-2,-1.9,-0.15,1,,1,9.33,5,-7,2,1.5,,3.67,,,,,,30,21,11,-9,51
Kentucky,Georgia,-24,-21.7,-27.08,-24.96,-21.2,-28.65,-18.82,-24.51,-25.57,-23,-20.1,-20,-20.3,-22,-17.86,-21.74,-21.86,-36.65,-23.98,-20.1,,-26.35,-32.58,-25.68,-21,-20,,-21.38,,-26.6,,-31.27,-23.5,-24.89,-20,-26.38,-26,-25.93,-24,-22,-25,-37.9,-27.66,-18,,-20.8,-18.84,-23,-15,-19,-35.5,,4.84,,,,,,62,17,11,-45,79
Louisiana-Lafaye,North Texas,-2.5,1.72,-3.7,0.78,-3.39,2.17,2.09,-5.52,-1.93,1,4.6,2,4.79,4,4.79,3.09,1.84,2.48,-0.41,-1.08,,-0.85,-1.15,-0.96,4.9,-1.21,,2.53,,-3.06,,-2.63,0.46,2.73,1,0.29,-6.56,0.03,1,-4,-4,3.1,0.63,-9,,7.4,8.36,3,-13,-3,-1.5,,4.21,,,,,,27,17,11,-10,44
Louisiana-Monroe,Utah St.,6.5,7.07,4.17,3.52,4.07,13.06,3.81,-1.08,6.45,6,6.1,8,5.96,9.5,7.98,4.72,-1.94,2.05,4.46,4.88,,4.85,2.69,3.65,6.1,-1.88,,8.13,,8.66,,5.28,5.08,10.75,3,7.24,3.51,6.63,2,5.5,7,-11.9,7.15,-8,,-7.2,7.98,8,-10,-1,7.5,,4.77,,,,,,25,32,11,7,57
Memphis,Louisville,-13.5,-12.13,-14.45,-19.5,-7.08,-16.45,-13.55,-9.09,-9.64,-12,-31.8,-9,-9.46,-0.5,-14.45,-5.83,-12.9,-15.45,-10.84,-26.26,,-22.45,-13.71,-11.03,-19.3,-3.03,,-16.42,,-7,,-11.78,-10.32,-1.1,-11,-4.14,-1.64,-4.31,-9,-11.5,-15,-23.8,-8.68,-8,,-15.8,-19.1,-8,-6,-8,-14.5,,6.88,,,,,,56,49,11,-7,105
Miami (Fla.),Clemson,17,17.27,19.07,20.63,18.75,27.71,15.94,9.68,16.73,24,15.7,20,23.52,22,17.83,17.01,17.86,16.74,19.19,27.18,,13.65,17.32,23.71,20.9,14.56,,21.57,,19.2,,20.91,19.54,22.99,22,19.87,21.39,22.76,14,16,13,29.5,19.94,12,,27.3,28.05,20,16,17,24.5,,4.31,,,,,,24,17,11,-7,41
Miami (Ohio),Toledo,5,4.77,3.79,6.13,8,3.91,4.31,7.67,1.42,3,1.3,10,7.15,7,8.41,6.82,11.7,10.69,6,3.94,,6.05,9.4,5.34,10.3,2.31,,6.4,,2.05,,0.07,5.75,4.81,1,1.25,1.81,2.85,12,5,0.25,1,4.22,11,,36,12.2,6,16,11,5.5,,4.03,,,,,,16,23,11,7,39
Michigan St.,Ohio St.,1,-0.43,-1.93,0.81,-1.93,2.61,-0.39,0.43,-3.31,3,-7.8,1,6.39,1,2.4,4.67,3.63,2.92,0.93,4.96,,2.65,-1.62,1.88,0.5,1.99,,0.99,,-0.53,,-2.93,0.9,0.31,11,-0.37,-0.01,-0.88,3,0,2,-14.8,-1.48,1,,10.8,6.07,4,-10,-1,-1,,3.75,,,,,,32,19,11,-13,51
Missouri,Kansas St.,4.5,9.07,4.86,6.56,4.01,14.49,6.77,-5.41,7.7,10,-4.1,11,8.3,10.5,11.21,10.37,6.14,4.48,6.21,8.05,,-1.95,3.1,10.99,8.9,4.51,,6.58,,7.9,,7.16,7.43,12.85,7,10.12,11.39,8.61,-1,4.5,2,-6.2,10.6,5,,12.4,10.44,8,-21,1,6,,6.52,,,,,,35,24,11,-11,59
NC St.,Georgia Tech,7.5,5.62,4.69,5.8,8.42,8.08,7.72,4.6,2.43,6,0.5,6,3.47,8.5,7.87,0.78,6.43,6.22,5.95,3.44,,6.95,4,7.1,0.4,1.27,,6.33,,5.35,,3.86,6,6.3,9,5.32,5.62,5.72,8,6.5,4,-4.8,6.96,7,,-9.6,10.06,7,17,7,6,,3.06,,,,,,24,14,11,-10,38
Nevada,San Jose St.,13.5,10.55,11.55,13,9.55,10.53,10.94,11.38,6.74,11,6.2,16,15.83,19.5,14.57,12.08,12.77,14.16,12.32,9.2,,12.65,17.88,14.93,11.7,5.69,,9.11,,11.82,,11.52,12.04,10.96,14,12.11,13.16,11.37,12,13,14,8.7,12.29,15,,28.8,12.46,16,6,12,14.5,,3.12,,,,,,24,42,11,18,66
New Mexico St.,Middle Tenn.,-3,2.06,3.06,-0.59,-1.04,-5.73,-2.15,-6.47,5.18,-4,2.2,3,11.45,2.5,-0.85,12.63,-4.53,-5.84,0.88,-1.24,,-6.25,0.73,-1.76,-6.4,4.26,,-0.57,,9.45,,2.32,-0.72,6.35,-2,10.41,2.59,12.64,-7,-3,-1,9.3,4.88,-3,,20.4,-1.11,-2,9,-5,-1.5,,5.41,,,,,,10,44,11,34,54
North Carolina,Virginia Tech,-10,-3.46,2.5,-3.24,-15.51,-15.55,-6.88,-8.03,3.57,-6,-11.5,-7,5.42,-6.5,-8.54,13.22,-13.05,-17.25,-4.73,1.37,,-14.45,-3.58,-2.49,-16,4.39,,-4.35,,6.76,,-2.2,-5.18,3.92,-17,4.65,3.97,6.98,-15,-10.5,-7,10.4,0.98,-10,,6.5,-3.83,-9,-13,-11,-1.5,,7.93,,,,,,27,24,11,-3,51
Oregon St.,USC,-18,-17.17,-17.19,-15.63,-18.96,-25.77,-15.71,-14.73,-16.66,-19,-14.6,-21,-15.48,-23.5,-17.84,-13.88,-14.91,-26.92,-17.64,-17.07,,-20.25,-18.45,-18.22,-24.7,-17.54,,-17.82,,-16.07,,-21.58,-16.86,-15.32,-23,-13.38,-13.98,-14.66,-15,-15,-16,-39.8,-6.44,-14,,-7.7,-20.2,-16,-15,-15,-26.5,,4.28,,,,,,28,20,11,-8,48
Penn St.,Northwestern,3.5,-2.74,-7.13,1.01,3.56,-0.62,2.66,-0.59,-8.46,1,5.1,-0.25,0.49,-1,3.6,-7.45,10.22,5.62,-0.64,4.11,,2.15,-4.71,-1.39,4.4,-7.84,,0.45,,-9.28,,-8.23,-0.42,-4.43,8,-9.39,-6.9,-9.99,8,6.5,1,-17.1,-6.83,-1,,2.5,6.17,1,17,8,-8.5,,6.33,,,,,,14,7,11,-7,21
Rice,Fresno St.,-7.5,-8.17,-8.86,-10.42,-5.01,-8.95,-7.68,-7.83,-8.76,-7,-12.3,-5,-5.77,-3,-7.61,-7.15,-5.99,-13.12,-8,-10.06,,-10.85,-10.16,-7.63,-11.4,-2.7,,-13.78,,-7.18,,-8.94,-7.92,-2.92,-8,-5.33,-3.07,-6.34,-9,-7.5,-14,-22.3,-8.68,-5,,-15.1,-14.12,-4,-15,-8,-11.5,,3.43,,,,,,52,21,11,-31,73
SMU,Tulsa,-11.5,-4.94,-4.32,-5.72,-12.46,-14.63,-9.94,-10.18,2.44,-6,-10.7,-6,5.07,-2.5,-12.95,7.81,-9.12,-18.19,-5.58,-0.19,,-15.85,-8.19,-1.1,-17.3,-7.17,,-4.05,,3.86,,-3.41,-6,4.32,-10,3.76,4.99,5.1,-14,-11.5,-15,-7.5,1.14,-9,,-4.9,-5.86,-8,-6,-8,-6.5,,6.94,,,,,,35,41,11,6,76
South Carolina,Arkansas,3.5,3.89,3.18,0.55,0.3,9.06,0.96,-0.88,4.31,4,-14.4,7,4.68,8.5,3.28,6.58,1.67,-2.9,3.14,2.1,,-5.45,4.07,6.61,-0.9,2.6,,1.04,,6.51,,5.06,3.59,9.88,-3,9.23,10.13,9.08,-1,3,0.25,-6.4,8.23,3,,-3,2.12,8,-13,-2,5,,5.61,,,,,,32,35,11,3,67
Southern Miss.,Cincinnati,5.5,9.63,12.4,8.36,11.48,13.99,5.55,7.7,11.35,13,8.9,12,15.48,11.5,8.36,13.88,11.06,5.29,11.3,6.17,,7.95,8.22,13.51,10.9,11.8,,9.08,,15.19,,13.01,11.42,17.2,14,18.32,16.25,17.28,10,5,14,22.3,18.05,8,,17.2,11.43,11,3,9,6.5,,3.62,,,,,,52,24,11,-28,76
Syracuse,Pittsburgh,4.5,6.4,3.97,7.01,-1.84,-2.79,2.7,1,7.41,3,8.1,4,12.36,4.5,5.57,12.59,3.68,0.4,3.98,6.55,,6.75,-0.51,3.77,-1,2.22,,3.81,,8.46,,1.9,3.89,8.08,8,5.46,5.31,6.58,1,4,4,10.8,5.51,3,,16.7,6.63,2,1,0.25,-0.5,,3.71,,,,,,31,38,11,7,69
Tennessee,Notre Dame,7,9.21,13.52,8.32,10.82,9.06,5.24,6.65,17.62,11,10.6,12,7.46,16,1.98,14.88,9.21,7.43,11.08,4.82,,6.25,5.59,14.95,4.7,18.84,,8.64,,19.7,,13.49,10.91,22.3,2,17.06,19.11,18.54,13,7,13,13.8,12.67,6,,-0.7,7.99,11,7,10,12,,5.01,,,,,,17,13,11,-4,30
Texas,Oklahoma St.,12.5,6.85,7.8,6.55,11.2,10.06,5.87,12.42,9.07,9,14.2,14,7.37,14,4.3,6.88,14.94,15.62,10.35,4.89,,12.85,6.13,12.42,8.9,13.19,,8.13,,11.09,,8.34,10.57,13.59,7,10.41,12.28,10.72,16,10.5,12,11.5,9.5,14,,-10.9,13.05,14,11,14,7,,3.26,,,,,,35,56,11,21,91
Texas A&M,Oklahoma,-12,-6.8,-4.82,-6.11,-12.58,-2.18,-3.27,-14.13,-9.29,-8,-9.4,-10,-0.5,-13.5,-4.56,-8.96,-9.9,-16.82,-8.66,2.33,,-14.15,-11.55,-5.91,-3.3,-21.59,,-6.09,,-5.43,,-8.39,-8.2,-9.39,-5,-2.22,-4.24,-3.5,-14,-10,-13,-18.5,0.69,-20,,-9.7,-4.62,-7,-20,-15,-11,,5.79,,,,,,42,35,11,-7,77
Texas Tech,Baylor,30,16.92,13.56,18.29,26.4,29.32,16.46,24.25,11.46,25,33,26,22.75,28,22.32,15.85,27.48,31.94,22.71,16.43,,31.15,19.24,23.39,19.7,15.24,,23.62,,14.1,,17.29,23.07,18.15,39,17.14,17.72,18.24,28,27.5,24,26.9,24.57,32,,49.1,31.9,26,36,29,17,,6.76,,,,,,17,42,11,25,59
Troy St.,Florida Atlantic,13.5,5.37,4.9,8.65,2.36,7.44,14.66,,-1.61,,23.6,3,9.96,5,12.17,4.63,,7.03,7.4,7.35,,,6.31,,8.7,,,8.84,,,,11.49,7.39,,10,,,,15,13,11,9.3,,,,,,,,,0.5,,5.37,,,,,,6,24,11,18,30
Tulane,Navy,-12.5,-12.64,-17.55,-9.31,-7.9,-16.35,-11.98,-9.01,-10.93,-11,-6.6,-9,-12.38,-13,-14.75,-11.5,-11.59,-14.99,-11.27,-4.62,,-14.55,-9.68,-15.46,-15.9,-11.75,,-12.07,,-13.24,,-19.06,-12.23,-8.45,-15,-14.71,-14.4,-12.91,-6,-10.5,-6,-19.6,-16.17,6,,-2.6,-9.38,-13,4,-6,-15.5,,5.2,,,,,,10,42,11,32,52
UAB,South Florida,18,15.2,16.75,16.9,12.74,25.84,15.15,8.54,14.46,19,4.4,22,17.4,21,16.02,19.53,15.52,21.53,16.79,14.16,,9.65,14.08,24.97,17.6,7.74,,16.67,,18.87,,21.2,16.95,19.63,17,23.71,24.62,23.34,10,16,8,3.2,24.56,14,,15.4,20.76,20,-3,9,24.5,,6.36,,,,,,45,20,11,-25,65
UCLA,Washington St.,14,12.42,12.54,14.7,3.57,14.32,12.43,12.63,10.69,19,11.3,16,16.98,17,15.2,12.37,7.36,12.77,12.92,12.54,,13.65,13.77,16.76,12.2,6.31,,14.51,,15.1,,14.75,13.89,15.44,7,17.43,16.03,17.07,7,13,14,4.3,20.56,8,,13.5,17.63,15,4,5,15,,4.26,,,,,,31,29,11,-2,60
UNLV,Wyoming,2.5,-2.46,-4.01,-2.83,-0.54,-10.15,-2.76,3.83,-3.53,-1,10.2,-1,-0.82,1,-1.35,1.65,3.16,-3.8,-0.51,1.45,,2.95,1.77,0.11,-5.2,1.5,,-0.51,,-0.4,,-6.07,-1,-2.42,5,-3.18,-1.51,-1.56,4,2.5,-1,3.5,-1.6,5,,-1.2,3.62,-1,8,5,-5,,4.06,,,,,,53,45,11,-8,98
Utah,Colorado St.,26,25.6,26.03,26.75,22.45,35.65,21.08,19.22,26.94,33,21.3,31,27.74,32.5,24.18,20.95,18.42,22.94,26.08,28.93,,24.95,27.46,33.08,26.6,23.31,,25.55,,29.01,,30.27,26.67,30.01,24,32.88,31.23,30.27,20,25,25,45.9,31.08,21,,34.3,32.14,29,3,18,32,,6.08,,,,,,31,63,11,32,94
Vanderbilt,Florida,-12.5,-6.63,-9.05,-11.43,-13.34,-12.58,-11.37,-8.22,-4.24,-9,-20.2,-8,-7.13,-9,-10.53,-4.54,-13.15,-14.04,-9.51,-7.15,,-15.45,-8.26,-9.98,-10.2,-7.35,,-9.57,,-3,,-11.57,-9.49,-2.27,-21,-4.88,-6.45,-4.17,-10,-12.5,-11,-7.5,-9.41,-10,,-16.3,-9.87,-9,-14,-14,-10.5,,4.13,,,,,,34,17,11,-17,51
Virginia,Maryland,14,14.27,15.45,15.58,7.99,16.23,12.33,7.29,13.77,18,8.1,14,15.28,13,14.81,15.72,12.38,7.73,13.55,17.78,,7.25,13.01,19.32,13.8,6.89,,14.23,,17.68,,17.22,14.25,18.08,12,19.5,19.22,19.22,9,11,10,0.2,19.01,9,,28.2,17.88,18,-3,8,16,,4.87,,,,,,0,16,11,16,16
Washington,Arizona,1.5,1.12,-2.04,-2.31,5.2,-5.09,-1.78,1.05,4.47,4,-4.6,3,2.58,4,-2.61,10.43,1.05,4.58,2.68,-2.18,,-1.85,1.58,3.89,-3.2,13.05,,-0.55,,4.53,,0.39,3,9,-2,5.02,7.13,4.72,3,2,2,4.5,4.57,7,,2,1.76,3,9,7,-1,,4.28,,,,,,23,13,11,-10,36
West Va.,Temple,28,29.33,31.38,29.3,30.83,38.56,24.88,25.97,32.46,35,30.1,34,32.91,34,26.41,27.83,25.62,31,31.78,28.74,,36.85,28.75,39.15,33.5,32.38,,29.95,,38.08,,35.68,32.19,35.44,35,36.05,37.71,34.77,30,28,32,47.4,38.67,20,,37.8,36.54,31,19,26,39.5,,4.94,,,,,,21,42,11,21,63
Wisconsin,Minnesota,6.5,11.09,12.35,10.43,3.9,7.34,2.47,10.49,21.01,10,8,15,15.68,16,2.53,21.14,3.74,3.46,11.41,9.14,,9.95,10.28,13.01,7.6,16.83,,4.09,,22.51,,14.74,10.79,21.16,10,19.5,18.62,18.93,6,7,15,8.1,15.56,7,,7.9,3.9,12,1,2,12,,6.12,,,,,,14,38,11,24,52
Air Force,San Diego St.,5.5,9.11,12.27,7.63,10.09,11.22,8.55,2.45,12.84,10,3.7,12,9.05,12.5,5.22,9.95,5.34,14.06,9.51,6.6,,4.95,3.59,12.67,9.6,9.79,,6.55,,16.03,,12.8,9.87,16.32,6,14.62,16.04,,2,5.5,5,8.2,14.27,-1,,,7.5,9,15,6,11.5,,4.41,,,,,,37,31,12,-6,68
Arizona St.,Washington St.,13,17.67,18.75,15.69,6.22,21.87,16.01,8.57,20.86,18,9.7,22,19.98,21.5,14.95,18.43,8.83,14.49,16.75,19.46,,10.35,16.62,21.74,13.4,11.1,,17.85,,24.24,,23.1,17.76,25.38,14,24.76,26.01,,6,13.5,11,18.3,23.33,9,,,19.29,15,5,7,25,,6.29,,,,,,28,45,12,17,73
Arkansas,Mississippi,9.5,11.01,11.28,15.07,9.42,11.8,16.24,8.9,5.58,14,14,15,11.35,14,17.88,8.6,15.56,18.39,12.09,10.92,,15.55,11.09,14.34,16.8,6.22,,16.71,,8.42,,9.71,11.43,8.26,18,9.77,9.02,,14,9.5,11,6.5,15.31,5,,,22.66,11,8,13,11.5,,3.99,,,,,,3,35,12,32,38
Arkansas St.,Utah St.,8.5,4.39,0.24,4.85,3.09,5,1.42,2.46,3.13,6,2.6,6,4.21,6.5,5.71,6.24,0.94,-0.19,3.52,5.79,,5.05,3.46,4.82,3.3,3.41,,3.7,,3.77,,1.21,3.73,6.29,5,3.31,3.03,,3,6,4,-3.8,4.83,3,,,6.65,7,-8,0.25,6,,2.71,,,,,,7,16,12,9,23
Auburn,Georgia,4.5,8.21,5.79,9.03,4.28,8.97,3.44,6.28,12.55,9,11.2,11,4.98,10.5,3.39,5.65,1.94,3.65,7.36,11.02,,4.45,4.6,9.66,12.6,10.77,,6.07,,12.59,,5.97,7.9,12.21,8,10.73,9.98,,4,5,5,18,7.79,2,,,8.82,10,-5,4,10,,3.85,,,,,,6,24,12,18,30
BYU,New Mexico,6.5,6.89,7.04,5.19,-3.1,-0.04,6.62,4.35,4.86,6,7.1,6,4.88,6.5,9.14,4.97,2.09,1.8,5.18,7.51,,6.55,4.44,8.19,1.3,1.97,,5.11,,7.69,,6.55,5.6,7.62,3,8.6,8.61,,3,7,5,-0.4,8.97,1,,,6.55,9,6,2,5,,2.84,,,,,,21,14,12,-7,35
Ball St.,Central Florida,3.5,4.13,5.82,6.99,4.15,2.8,0.78,5.07,10.16,5,-0.4,11,9.75,11.5,0.14,13.84,5.28,1.13,5.83,4.18,,1.65,3.59,7.3,1.7,12.42,,3.61,,15.16,,4.87,4.94,13.91,4,9.4,10.26,,2,2.5,0.25,19.2,6.53,1,,,4.18,5,1,2,3.5,,4.35,,,,,,17,21,12,4,38
Bowling Green,Marshall,9.5,8.67,8.23,9.7,9.86,11.92,8.77,9.91,7.52,16,9.5,12,9.54,15.5,10.84,6.53,17.07,22.38,11.7,7,,16.65,9.4,14.23,15.7,11.87,,12.05,,9.09,,9.46,11.89,12.82,12,12.05,12.04,,15,9,15,4,15.41,10,,,18.05,13,8,12,9,,3.5,,,,,,35,56,12,21,91
Buffalo,Central Mich.,-5,-4.82,-4.83,-2.98,-1.9,-2.35,-4.92,-4.8,-4.71,-5,7.8,-6,-0.41,-9,-4.99,2.75,-0.47,-9.39,-3.73,-1.78,,-4.65,-3.74,-0.63,-1.6,-1.96,,-4.49,,-3.88,,-6.22,-4,-4.05,-4,-3.24,-1.87,,-4,-4.5,-5,-7.6,2.4,2,,,-3.88,-3,-9,-2,-10.5,,3.55,,,,,,6,36,12,30,42
Colorado,Kansas St.,-3,7.17,7.91,3.54,-5.17,3.07,3.28,-3.92,9.03,5,-2,9,1.87,9.5,5.12,6.82,-3.36,-1.94,3.85,5.44,,-3.15,1.96,9.03,5.4,5.26,,4.01,,11.58,,8.19,5.06,11.99,-1,13.52,13.79,,-4,-2.5,-1,-1.1,12.05,1,,,4.59,2,-20,-1,6,,6.65,,,,,,31,38,12,7,69
Colorado St.,UNLV,6.5,6.66,5.34,8.49,5.43,3.16,5.79,8.22,7.38,9,1.8,9,8.22,10,5.9,8.77,4.56,4.39,7.7,9.13,,6.75,5.24,7.72,4.2,4.38,,7.65,,9.16,,6.23,8,10.73,11,9.99,8.63,,12,6,8,7.3,9.59,4,,,10.53,9,14,8,8,,2.65,,,,,,10,45,12,35,55
Duke,Clemson,-13,-10.37,-16.38,-11.96,-11.57,-13.03,-10.59,-12.26,-16.36,-12,-9.8,-12,-19.21,-11,-5.27,-17.32,-15.36,-14.62,-14.01,-10.64,,-12.75,-15.88,-12.35,-8.4,-20.08,,-10.69,,-16.63,,-19.07,-13.52,-14.3,-10,-17.79,-17.23,,-10,-12.5,-16,-20.9,-19.27,-16,,,-8.57,-9,-14,-12,-18,,3.68,,,,,,13,16,12,3,29
Florida,South Carolina,7.5,0.93,-0.26,3.61,8.62,2.03,3.31,6.79,-1.15,5,9.4,1,2.18,2,4.28,3.59,6.71,8,3.52,2.14,,7.35,1.63,4.15,5,-1.06,,2.42,,-0.98,,-1.85,2.87,1.32,9,-1.47,0.76,,11,7,9,8.1,0.55,4,,,7.05,6,10,9,0.25,,3.76,,,,,,14,48,12,34,62
Florida Atlantic,New Mexico St.,7.5,8.94,3.23,5.31,13.14,15.29,4.89,,7.26,,-6.2,12,9.64,13,10.59,12.7,,12.27,8.97,10.91,,,7.37,,9.6,,,8.19,,,,-1.88,9.82,,10,,,,11,7.5,4,-10.8,,,,,,,,,10,,5.06,,,,,,35,7,12,-28,42
Fresno St.,Hawaii,19,15.32,11.44,15.76,11.34,19.96,17.45,9.31,10.77,18,18.8,18,4.61,17.5,20.23,5.21,21.9,22.03,14.5,13.25,,18.35,13.88,14.89,20.4,3.96,,21.49,,10.98,,12.12,14.95,14.02,10,13.23,7.36,,22,15.5,17,10.9,17.28,16,,,29.64,17,8,15,12.5,,5.63,,,,,,14,70,12,56,84
Georgia Tech,Connecticut,8.5,11.06,8.62,11.34,4.91,4.99,4.19,9.6,14.83,11,10.8,8,9.52,11.5,8.65,11.14,6.67,8,9.75,12.26,,9.15,13.77,8.73,3.5,8.11,,10.47,,15.11,,6.13,9.33,14.22,5,11.83,10.33,,12,9,15,8.4,14.15,9,,,13.93,7,9,8,8.5,,3.1,,,,,,10,30,12,20,40
Indiana,Penn St.,-3.5,1.89,2.03,1.12,-4.82,0.84,-1.52,-1.44,5.27,3,-9.7,3,2.68,6,-2,7.34,-1.69,-0.67,0.7,-6.73,,-6.15,3.23,4.13,1.9,4.6,,0.3,,8.07,,3.22,1.53,8.96,-12,8.52,7.61,,-4,-5,-3,-11.9,5.57,1,,,0.76,1,-22,-5,5,,6.35,,,,,,22,18,12,-4,40
Kansas,Texas,-22,-17.52,-18.13,-14.97,-18.46,-20.42,-14.54,-22.15,-20,-21,-24.9,-16,-12.92,-18.5,-14.66,-10.72,-14.87,-20.13,-18.03,-13.39,,-21.55,-15.87,-14.98,-14.5,-16.57,,-14.94,,-18.05,,-22.69,-18.06,-19.09,-16,-16.9,-18.63,,-22,-17.5,-21,-18.3,-18.07,-22,,,-15.89,-15,-26,-18,-21,,3.46,,,,,,27,23,12,-4,50
Kent,Eastern Mich.,11.5,7.08,5.62,10.99,8.66,7.85,10.13,10.65,4.08,6,22,12,7.3,8.5,9.9,2.42,9.28,13.33,8.18,3.3,,16.05,7.21,5.64,10.9,4.12,,8.31,,4.91,,4.44,8.08,6.6,10,4.92,-0.57,,12,11,11,3,6.39,15,,,14.47,9,14,9,7.5,,4.37,,,,,,17,69,12,52,86
Kentucky,Vanderbilt,-1,-0.37,-0.39,-2.21,2.69,-6.55,-0.91,-4.12,-0.61,1,2.4,1,-1.55,2,-0.3,-0.45,2.22,-3.93,0.21,-2.06,,-2.55,-6.41,3.68,-4.6,7.76,,-0.23,,1.58,,0.35,-0.27,3.81,4,3.23,5.29,,-4,-1,-4,-4.1,2.31,1,,,0.65,1,14,4,-4,,4.06,,,,,,13,14,12,1,27
LSU,Alabama,7.5,10.64,8.89,7.92,11.27,4.4,6.71,8.82,13.18,9,7.1,8,12.75,10,7.24,12.71,9.01,9.31,9.9,5.99,,6.65,12.51,11.52,3.8,8.45,,9.12,,13.51,,10.07,9.75,15.92,5,11.83,12.09,,10,10,9,22.6,12.18,11,,,12.95,9,16,12,9.5,,2.92,,,,,,10,26,12,16,36
Louisiana Tech,Tulsa,4.5,9.29,12.99,10.7,3.97,8.42,6.61,4.85,15.92,12,11.1,10,19.54,17,3.17,21.77,9.51,5.47,11.82,15.65,,6.65,8.25,16.34,1,12.25,,11.16,,20.43,,15.96,11.08,19.44,11,20.43,22.34,,4,5.5,5,26.7,19.08,2,,,10.76,8,13,8,19.5,,6.11,,,,,,21,38,12,17,59
Louisiana-Lafaye,Troy St.,-13,-7.11,-9.45,-10.44,-6.65,-12.48,-13.96,-13.59,-2.65,-12,-16.2,-8,-6.54,-6,-11.9,-3.38,-9.82,-20.04,-9.52,-9.4,,-18.25,-10.9,-7.01,-14.3,-7.41,,-13.76,,-1.81,,-10.07,-9.45,-1.41,-13,-3.46,-3.81,,-13,-12.5,-15,1.7,-6.74,-16,,,-14.43,-5,-10,-9,,,4.79,,,,,,13,10,12,-3,23
Louisville,TCU,24.5,22.76,20.52,27.16,12.2,25.12,24.15,21.12,19.24,28,25,28,26.1,21.5,26.02,20.99,18.87,28.63,22.78,36.08,,29.65,19.96,24.11,25.6,14.59,,25,,19.84,,22.6,22.88,21.53,32,20.72,19.48,,22,23.5,23,30.1,26.42,15,,,32.33,23,3,17,27.5,,6.14,,,,,,28,55,12,27,83
Memphis,Southern Miss.,4.5,2.62,0.19,6.16,1.05,0.93,4.86,5.41,1.84,4,0.4,2,6.87,5,3.29,5.16,4.28,9.42,2.45,1.57,,0.25,1.56,3.9,2.4,-1.88,,3.74,,1.94,,-1.07,2,3.76,-5,-0.08,0.86,,4,5.5,-1,-18,1.3,2,,,7.35,7,0.25,2,1,,2.89,,,,,,26,30,12,4,56
Michigan,Northwestern,13.5,10.13,10.97,9.62,19.36,16.28,10.41,12.05,11.7,15,11.4,17,10.57,19,8.96,10.41,17.42,19.28,14.21,12.43,,11.15,9.94,15.51,12,15.38,,10.65,,14.35,,14.99,15,16.84,17,16.02,17.29,,17,13,10,8.2,15.19,12,,,13.44,16,20,18,18,,3.32,,,,,,20,42,12,22,62
Michigan St.,Wisconsin,-7.5,-9.58,-12.01,-9.89,-4.65,-12.09,-8.56,-9.23,-17.63,-13,-4.9,-13,-9.21,-14,-3.92,-11.2,-2.24,-8.46,-9.72,-5.32,,-8.95,-12.54,-7.91,-11.7,-7.42,,-7.38,,-14.65,,-16.26,-9.74,-13.33,-2,-14.19,-12.93,,-6,-7,-10,-13.5,-12.74,-4,,,-4.09,-6,-2,-2,-16.5,,4.54,,,,,,14,49,12,35,63
Middle Tenn.,Louisiana-Monroe,6.5,2.63,1.39,7.15,9.31,4.35,5.36,11.2,0.57,11,0.7,5,5.68,5.5,4.48,4.6,15.11,4.23,6.6,6.11,,6.05,3.52,10.94,8.5,5.39,,1.99,,2.84,,2.77,5.59,3.9,12,2.13,10.32,,10,6,7,25.4,6.43,14,,,8.51,9,9,13,5,,3.75,,,,,,24,37,12,13,61
Minnesota,Iowa,3.5,-2.42,-2.69,-0.41,-1.67,-0.71,1.07,-5.39,-7.74,1,4.7,-2,2.71,-1.5,2.59,3.34,4.32,-1.14,-1.32,1.37,,-3.05,0.69,0.51,2.8,-4.55,,1.67,,-6.88,,-7.21,-1.32,-4.06,4,-5.51,-4.97,,1,4,-3,-6.4,-3.22,1,,,5.59,5,-6,2,-3.5,,3.8,,,,,,29,27,12,-2,56
NC St.,Florida St.,-7,-6.45,-9.08,-7.43,-8.01,-13.94,-7.31,-7.57,-4.24,-10,-7.8,-8,-8.33,-7,-8.36,-3.72,-6.28,-6.95,-7.84,-9.43,,-8.65,-7.78,-7.94,-12.1,-3.49,,-8.88,,-4.38,,-13.36,-7.97,-4.28,-9,-9.19,-9.4,,-5,-6.5,-10,-5.6,-8.53,-7,,,-7.91,-3,-4,-7,-13.5,,2.75,,,,,,17,10,12,-7,27
North Texas,Idaho,17.5,11.84,12.86,10.53,15.36,14.15,9.68,11.03,12.49,17,10.8,18,17.08,17.5,12,19.43,11.76,10.97,14.23,10.21,,11.85,18.28,16.87,12.8,9.8,,10.49,,17.49,,15.64,14.08,14.89,11,16.68,21.18,,12,16.5,13,20.4,16.77,17,,,14.27,15,16,13,14,,2.99,,,,,,29,51,12,22,80
Northern Ill.,Toledo,6.5,12.49,12.22,10.72,6.88,9.81,9.29,3.21,13.34,9,-4.5,14,10.26,14.5,11.65,12.86,11.83,11.35,10.48,8.59,,2.75,10.87,12.43,11.2,8.01,,11.82,,14.9,,9.59,10.84,12.12,6,10.8,10.4,,6,7,0.25,16,14.18,2,,,16.55,23,8,10,16,,5.05,,,,,,31,17,12,-14,48
Notre Dame,Pittsburgh,11.5,15.26,16.37,14.64,5.87,11.69,15.87,6.52,12.96,14,8,15,17.48,16.5,17.66,16.26,10.53,10.95,13.43,12.71,,14.75,14.86,15.13,10.5,10.81,,15.51,,16.45,,14.76,14.69,15.39,13,16.97,16.14,,7,11,12,13.6,18.96,12,,,20.24,11,9,7,12.5,,3.62,,,,,,41,38,12,-3,79
Ohio,Akron,0,-0.9,-4.41,-0.06,2.45,5.98,2.42,-3.6,-4.09,1,-3.6,2,4.46,2,2.27,1.94,8.07,1.87,0.97,5.37,,1.25,-0.06,2.16,3,0.41,,3.12,,-4.3,,-4.27,1.56,-0.28,10,-1.03,-3.38,,4,0,-3,-19,0.73,3,,,8.19,2,1,4,-2.5,,3.62,,,,,,31,19,12,-12,50
Oklahoma,Nebraska,29,28.66,27.54,26.52,22.08,30.92,26.39,21.82,31.04,30,20.8,32,27.36,36.5,26.79,31.95,25.88,37.48,29.09,24.87,,25.65,28.09,30.66,23.7,33,,28.64,,31.94,,31.67,28.65,37.51,30,27.92,31.15,,25,28,24,25.8,25.67,30,,,34.94,27,31,26,34,,4.29,,,,,,3,30,12,27,33
Oklahoma St.,Baylor,25.5,21.93,21.37,24.09,29.78,35.22,25.38,22.67,17.14,27,29,28,24.77,29.5,27.26,20.33,27.53,30.07,25.26,26.31,,27.75,25.13,25.35,25.9,15.83,,25.28,,18.95,,23.81,25.32,21.56,34,21.6,21.98,,28,26,22,23,28.19,27,,,32.28,22,33,28,22,,4.53,,,,,,21,49,12,28,70
Oregon,UCLA,5.5,4.46,4.15,1.91,7.88,8.8,0.43,5.87,7.11,5,8,6,0.1,6.5,0.25,4.46,3.46,2.94,4.37,-0.83,,5.55,3.33,6.1,-1.2,7.81,,2.48,,6.56,,3.58,4.73,10.16,3,6.39,7.36,,8,5,9,5.1,6.77,6,,,3.75,8,0.25,5,3,,2.94,,,,,,34,26,12,-8,60
Purdue,Ohio St.,4,4.62,4.86,7.28,4.7,10.1,8.76,3.59,1.94,7,-5.4,7,6.68,6.5,7.45,6.1,11.85,10.8,6.32,11.78,,7.65,4.95,8.03,12.2,0.68,,9.82,,3.97,,2.4,6.3,4.2,18,2.86,2.17,,7,5.5,2,0.7,5.77,4,,,15.51,7,0.25,7,4.5,,4.44,,,,,,17,24,12,7,41
SMU,Nevada,-7.5,-2.65,-1.27,-1.92,-11.91,-15.61,-4.32,-5.12,2.66,-5,-9.6,-3,5.64,-3.5,-8.19,8.42,-6.94,-11.91,-3.52,-2.87,,-11.05,-5.45,-0.12,-12,0.38,,-0.87,,4.39,,-2.84,-3,3.5,-10,3.38,2.28,,-10,-9,-9,-10.3,0.18,-4,,,-0.77,-6,3,-7,,,5.87,,,,,,20,38,12,18,58
San Jose St.,Boise St.,-31,-32.96,-35.16,-29.92,-21.95,-28.74,-33.82,-26.12,-31.71,-31,-33.5,-39,-21.9,-33.5,-34.34,-15.77,-30.42,-41.09,-31.15,-25.52,,-35.25,-31.32,-32.17,-28.3,-21.49,,-32.16,,-33.17,,-39.97,-31.74,-28.81,-27,-32.48,-31.77,,-26,-31.5,-32,-48.2,-31.87,-31,,,-35.02,-23,-36,-30,-41.5,,5.65,,,,,,56,49,12,-7,105
South Florida,East Carolina,12.5,9.53,11.58,10.03,17.24,15.44,9.34,13.33,8.89,15,11.2,16,13.33,16,10.43,9.83,16.52,24.19,13.75,8.75,,19.25,13.13,13.64,12.7,19.87,,14.46,,10.09,,11.31,13.33,14.12,9,12.42,11.64,,20,11.5,17,14.8,13.05,14,,,19.75,13,17,16,16.5,,3.7,,,,,,17,41,12,24,58
Stanford,Oregon St.,0,1.57,2.02,2.59,-4.01,5.35,3.72,-6.02,-1.94,4,-8.3,5,3.48,4.5,6,2.27,1.24,1.82,1.25,2.79,,-1.95,0.01,5.57,10.9,1.51,,3.57,,-0.01,,1.23,1.7,1.87,5,1.54,2.37,,-2,-1,-3,-13.3,1.09,-2,,,6.64,4,-14,0.25,-1.5,,4.49,,,,,,24,19,12,-5,43
Temple,Syracuse,-9.5,-12.82,-17.12,-13.13,-8.07,-9.72,-11.57,-14.5,-17.92,-14,-19.7,-15,-13.45,-11.5,-8.1,-12.49,-7.38,-12.93,-13.86,-15.6,,-19.15,-9.68,-13.61,-12.6,-20.45,,-12.76,,-18.69,,-19.89,-13.32,-13.19,-14,-17.12,-17.24,,-8,-9,-14,-33.1,-17.25,-10,,,-11.61,-6,-9,-9,-23,,4.21,,,,,,24,34,12,10,58
Texas A&M,Texas Tech,2.5,8.2,8.86,8.88,1.79,10.82,10.68,-1.72,8.87,5,-6.6,10,12.34,12,7.43,14.12,5.1,3.14,6.64,17.26,,-2.45,8.09,8.71,6.6,1.02,,5.97,,9.94,,8.5,8.35,10.48,6,9.99,9.78,,0.25,4,-1,-8.8,8.68,-6,,,7.37,6,-3,-1,11,,5.71,,,,,,25,32,12,7,57
Tulane,Army,6,2.18,3.86,1.37,13.28,6.58,-0.35,10.25,3.37,7,15.5,9,8.86,11.5,0.96,7.71,8.92,9.83,7.6,-2.17,,10.85,7.08,6.74,4.8,17.65,,3.25,,5.98,,4.23,7.57,7.43,4,8.38,7.77,,15,5.5,14,22,7.08,10,,,4.98,8,17,11,14.5,,4.66,,,,,,31,45,12,14,76
UAB,Houston,8.5,12.88,10.66,9.26,8.71,13.88,11.17,0.23,11.12,14,-0.3,17,14.76,15.5,14.6,16.65,9.91,12.62,11.84,10.73,,4.15,11.66,16,14.3,9.32,,11.27,,13.9,,15.16,12.54,15.64,13,17.42,17.18,,7,9,2,-5.8,18.27,4,,,15.21,12,3,10,18.5,,5.11,,,,,,7,20,12,13,27
USC,Arizona,35,36.21,33.83,30.97,43.69,47.84,29.44,32.06,38.89,44,35.9,28,36.99,34.5,33.33,36.77,32.88,47.6,37.84,33.53,,35.95,39.88,37.91,37.2,40.47,,34.05,,42.27,,40.97,37,45.63,39,39.09,41.42,,37,34,35,67.3,36.16,35,,,41.89,32,36,37,49.5,,5,,,,,,9,49,12,40,58
UTEP,Rice,17,20.76,21.49,21.83,8.62,24.22,19.05,14.7,24.12,26,27.9,24,28.24,22.5,17.84,28.28,14.63,19.62,20.83,21.63,,23.65,14.03,25.25,21.5,15.28,,23.59,,28.17,,23.87,21.73,27.19,19,27.41,27.32,,15,15.5,17,29.9,30.61,7,,,27.61,19,1,9,29,,7.03,,,,,,28,35,12,7,63
Virginia,Miami (Fla.),3.5,2.77,2.46,4.66,0.7,3.91,3.65,7.09,2.58,6,8,7,6.53,4.5,2.98,5.66,0.58,3.51,3.41,-8.7,,5.65,0.35,6.6,2.8,4.46,,1.08,,6.87,,4.67,4.23,5.77,-4,6.39,6.4,,4,3.5,6,-6.5,5.9,3,,,2.58,8,-9,1,2.5,,3.94,,,,,,31,21,12,-10,52
Wake Forest,North Carolina,5.5,-0.01,-5.17,-0.3,15.55,13.27,0.25,4.12,-3.96,3,3.2,6,-2.45,4.5,2.75,-3.32,4.56,4.65,2.82,-0.7,,5.25,1.13,3.5,6.6,0.6,,0.92,,-3.2,,-2.33,1.65,1.3,15,0,0.46,,8,5.5,2,-5.2,-0.86,7,,,4.11,9,7,9,0.5,,4.9,,,,,,31,24,12,-7,55
Washington,California,-31,-32.07,-32.27,-31.02,-24.22,-46.65,-30.38,-24.79,-32.61,-33,-34.9,-27,-28.8,-28.5,-32.23,-22.83,-26.54,-44.88,-30.15,-31.52,,-34.15,-29.27,-28.11,-37.5,-16.19,,-31.56,,-30.47,,-37.25,-30.09,-32.45,-30,-29.69,-28.76,,-25,-30.5,-28,-27.6,-30.17,-22,,,-34.91,-24,-11,-21,-46.5,,7.33,,,,,,42,12,12,-30,54
West Va.,Boston College,7.5,10.57,9.14,7.45,9.13,11.85,6.8,7.58,12.58,9,6.1,7,12.62,10,8.97,11.64,6.49,8.24,9.08,7.17,,8.75,3.21,10.44,9.7,5.38,,6.71,,15.24,,9.51,9.14,13.66,13,10.8,11.17,,8,7.5,10,5.7,9.96,6,,,8.43,10,1,8,4.5,,2.96,,,,,,36,17,12,-19,53
Western Mich.,Miami (Ohio),-20.5,-18.17,-19.13,-15.79,-15.06,-17.8,-17.7,-20.7,-18.59,-23,-39,-21,-12.14,-20,-18.3,-6.26,-20.91,-23.56,-19.1,-17.9,,-28.15,-21.51,-18.29,-17.9,-15.49,,-18.8,,-17.18,,-23.7,-18.9,-19.01,-19,-14.04,-18.14,,-23,-20,-22,-22,-12.35,-26,,,-21.17,-15,-19,-20,-26.5,,5.41,,,,,,42,21,12,-21,63
Wyoming,Utah,-23,-15.1,-14.72,-19.92,-12.76,-16.58,-14.59,-19.01,-13.92,-19,-24.6,-19,-10.5,-18.5,-16.43,-2.69,-17.46,-25.89,-16.58,-27.51,,-22.45,-21.1,-12.88,-14.2,-12.06,,-17.59,,-11.85,,-16.25,-16.43,-10.45,-25,-12.86,-9.77,,-18,-20,-18,-41.9,-12.35,-19,,,-20.79,-13,,-15,-18.5,,5.13,,,,,,45,28,12,-17,73
Air Force,Colorado St.,-1.5,0.87,-1.1,0.64,5.43,5.8,0.38,-8.39,2.88,1,-10.6,3,1.18,5,-1.28,3.27,-0.62,-0.67,0.36,-2.83,,-7.75,0.66,2.18,0.7,4.5,,-1.25,,3.23,,1.19,0.79,5.85,-2,2.13,3.32,2.98,-6,-3,-5,-6,2.19,-7,,-6.5,0.61,3,-2,-1,,,4.17,,,,,,17,47,13,30,64
Akron,Miami (Ohio),-7.5,-2.03,-2.54,-3.68,-6.63,-2.66,-7.06,-8.72,1.81,-2,-12.7,-3,0.63,0.25,-5.93,7.19,-8.56,-11.59,-4.19,-2.02,,-8.45,-4.34,-2.68,-7.5,-8.6,,-5.54,,3.72,,-2.44,-3,3.05,-12,1.62,2.84,2.1,-11,-7,-6,-3.3,-2.03,-12,,-3.4,-5.8,-3,-17,-11,,,5.52,,,,,,37,27,13,-10,64
Alabama,Auburn,-10,-12.76,-13.65,-16.18,-4.97,-7.68,-9.51,-13.49,-18.67,-14,-21.4,-12,-11.55,-15.5,-6.55,-11.6,-9.67,-11.94,-12.62,-14.72,,-14.25,-21.15,-16.38,-14.2,-16.8,,-11.91,,-19.49,,-16.41,-12.64,-17.42,-6,-13.6,-14.37,-12.52,-9,-7,-10,-25.3,-9.47,-8,,-18.5,-10.61,-6,-5,-7,,,4.5,,,,,,21,13,13,-8,34
Arkansas St.,North Texas,-4.5,-2.91,-6.81,-1.95,-9.17,-9.94,-2.96,-9.62,-3.73,-7,-7,-4,0.46,-4.5,-2.52,0.73,-2.61,-2.83,-4.96,-5.82,,-5.75,-0.02,-7.22,-4.7,-2.87,,-1.11,,-6.3,,-9.34,-4.6,-1.45,-1,-6.03,-10.65,-6.75,-3,-2.5,-8,-14.7,-5.6,-4,,9.5,1.69,-1,-14,-7,,,3.64,,,,,,31,7,13,-24,38
Army,UAB,-12,-9.1,-13.9,-7.47,-11.68,-13.57,-11.72,-9.3,-7.52,-12,-13.3,-13,-1.09,-14.5,-10.73,-1.49,-9.24,-16.44,-10.78,-5.8,,-7.55,-14.1,-15.06,-8.8,-12.5,,-9.61,,-9.2,,-17.72,-11.34,-7.21,-7,-15.58,-14.74,-14.53,-8,-12,-8,-15.9,-15.36,-13,,-3.1,-8.02,-8,-12,-11,,,3.84,,,,,,20,14,13,-6,34
Baylor,Oklahoma,-34.5,-25.57,-26.73,-27.3,-36.99,-42.55,-27.54,-29.78,-27.35,-32,-30.3,-31,-14.8,-36.5,-25.06,-15.84,-34.95,-47.21,-30.41,-24.12,,-33.35,-29.57,-34.46,-26.5,-34.29,,-28.33,,-24.78,,-32.93,-30.14,-30.5,-38,-22.78,-25.7,-24.92,-34,-32,-31,-33.6,-23.63,-36,,-23.4,-30.06,-24,-47,-34,,,7.15,,,,,,35,0,13,-35,35
Boise St.,Louisiana Tech,24,25.17,18.57,16.12,23.9,25.16,22.62,14.52,23.6,25,28.3,30,23.16,28.5,27.07,22.1,27.05,30.08,23.39,16.53,,22.35,18.69,29.54,23.3,23.44,,21.27,,26.5,,24.22,23.56,23.53,17,23.07,22.55,22.62,23,23,24,32.8,24.68,19,,27.5,28.64,25,24,26,,,3.8,,,,,,14,55,13,41,69
California,Stanford,24,24.06,20.06,19.46,24.56,29.66,18.48,20.85,26.09,26,22.7,22,20.31,24.5,21.52,21.12,17.97,27.77,23.38,19.49,,23.55,21.57,28.61,19.1,16.25,,21.37,,28.88,,25.17,23.28,30.23,27,26.16,26.19,26.68,21,24,21,31.2,23.69,20,,17.2,26.28,25,23,21,,,3.38,,,,,,6,41,13,35,47
Central Mich.,Ball St.,3.5,4.44,1.14,0.55,5.68,9.98,2.95,-3.53,6.08,5,-9.2,8,6.24,10,3,8.4,5.26,4.95,3.84,-0.44,,-0.05,1.82,5.08,2.6,0.88,,3.25,,5.22,,3.26,4.31,9.63,8,5.51,4.19,5.79,2,3.5,0.25,3.3,5.48,-1,,22.5,7.36,7,-5,3,,,4.25,,,,,,40,41,13,1,81
Cincinnati,South Florida,11.5,7.61,6.81,7.46,6.52,11.57,10.71,6.69,5.8,11,11.5,12,7.61,14,9.27,11.08,11.16,9.48,9.15,6.17,,10.85,9.69,12.57,9.1,7.6,,8,,8.23,,9.1,9.13,9.17,14,9.4,10.42,9.77,9,11,7,7.9,12.31,9,,-5.9,11.78,11,2,8,,,2.45,,,,,,23,45,13,22,68
Clemson,South Carolina,3,2.32,-0.04,1,6.06,-2.35,-2.04,8.82,8.25,4,10.1,3,3.91,3.5,-3.84,8.62,1.17,5.53,4.29,4.34,,6.75,2.8,1.63,3.7,3.5,,0.86,,8.8,,0.25,3.96,7.6,3,4.26,3.77,7.05,11,2.5,8,14.2,3.65,7,,7.3,3.73,4,12,6,,,3.53,,,,,,7,29,13,22,36
Connecticut,Buffalo,25.5,24.79,24.89,22,21.33,19.44,24.66,23.24,28.6,25,27.5,26,26.74,22.5,21.22,28.61,23.07,25.87,25,18.79,,22.95,25.36,28.24,20.8,21.48,,23.49,,34.52,,26.25,24.72,26.67,28,28.95,26.44,31.29,24,23,23,45,23.62,17,,44.7,27.04,22,32,23,,,3.62,,,,,,0,29,13,29,29
Duke,North Carolina,-5.5,-8.29,-12.91,-10.57,2.91,-4.87,-7.8,-3.55,-11.7,-8,-6.4,-9,-8.99,-8,-5.97,-11.86,-9.66,-6.79,-8.6,-9.7,,-4.65,-13.06,-11.91,-4.4,-15.15,,-8.68,,-12.68,,-14.71,-8.83,-9.61,-5,-12.35,-12.64,-11.91,-1,-6.5,-7,-14.5,-14.9,-4,,-17.1,-5.38,-3,-5,-3,,,4.2,,,,,,40,17,13,-23,57
East Carolina,Memphis,-15.5,-10.85,-12.46,-12.25,-13.27,-16.61,-13.63,-12.39,-8.09,-16,-7.9,-14,0.59,-14.5,-13.83,1.31,-12.68,-27.49,-12.24,-7.74,,-14.85,-13.29,-15.98,-12.8,-18.7,,-13.5,,-7.33,,-16.51,-12.57,-8.79,-9,-11.83,-11.36,-10.75,-15,-14,-12,-12.4,-13.81,-15,,-9.7,-13.57,-11,-7,-11,,,5,,,,,,38,35,13,-3,73
Eastern Mich.,Northern Ill.,-18.5,-14.47,-15.37,-14.93,-13.07,-11.67,-14.39,-12.24,-13.22,-11,-25.7,-14,-5.19,-13,-15.9,-2.21,-15.39,-24.32,-13.33,-10.93,,-20.05,-9.98,-12.84,-16.1,-12.35,,-14.88,,-13.4,,-15.87,-13.4,-9.08,-20,-9.19,-5.3,-9.35,-14,-17,-15,-19.9,-10.67,-16,,-24.1,-16.8,-10,,-16,,,4.79,,,,,,34,16,13,-18,50
Florida St.,Florida,7,12.24,9.78,7.48,11.78,12.99,3.33,6.71,16.96,10,1.4,16,13.95,17,6.17,17.67,12.84,8.95,11.42,5.15,,2.65,10.2,12.23,7.1,10.33,,8.4,,18.91,,12.82,11.05,19.34,9,16.97,16.25,20.72,7,6,6,15.8,14.01,9,,36.7,9.77,10,12,9,,,4.54,,,,,,20,13,13,-7,33
Fresno St.,Nevada,25,22.22,19.93,22.55,15.08,23.29,26.25,21.03,17.71,28,34.4,24,24.26,22.5,27.91,17.79,28.94,29.84,23.11,22.78,,29.15,22.49,31.62,24.8,10.84,,29.62,,21.82,,21.4,22.89,20.33,13,21.24,21.44,22.11,28,23,25,23.6,27.73,24,,30.5,38.88,20,23,23,,,5.52,,,,,,17,54,13,37,71
Georgia Tech,Virginia,-6,-2.69,-5.32,-4.3,-3.45,-7.84,-8.26,0.05,2.68,-3,-1,-3,4.59,0.25,-7.38,4.49,-3.36,-1.99,-1.89,-0.11,,-2.55,-2.18,-4.61,-9.1,2.01,,-4.58,,2.33,,-6.59,-2.37,4.71,-7,0.37,0.17,0.78,1,-6,3,-0.5,0.08,-6,,0.6,-3.99,1,1,-3,,,3.68,,,,,,30,10,13,-20,40
Hawaii,Idaho,21,8.89,10.14,10.61,12.25,10.01,12.66,12.96,7.47,15,16.3,20,21.81,14,10.74,19.83,13.52,9.79,13.43,8.46,,10.65,11.13,18.57,10.6,15.41,,10.24,,13.71,,13.16,13,9.82,18,13.96,17.39,14.61,8,16.5,13,22.1,14.21,21,,26.6,15.72,17,16,13,,,3.78,,,,,,21,52,13,31,73
Houston,Louisville,-21,-19.94,-21.67,-23.07,-13.17,-24.58,-20.78,-16.11,-18.96,-24,-24.3,-20,-16.17,-15,-20.92,-11.23,-20.18,-27.75,-19.75,-21.65,,-25.05,-25.68,-25.64,-25.7,-13.39,,-22.43,,-17.53,,-24.63,-20.09,-17.16,-23,-18.01,-16.35,-16.16,-17,-20,-21,-28.5,-22.16,-13,,-24.8,-24.89,-16,-11,-17,,,4.53,,,,,,65,27,13,-38,92
Iowa,Wisconsin,3,5.09,4.41,2.33,11.14,8.08,3.1,3.12,4.92,3,0.3,4,11.46,4,5.25,5.39,6.91,10.61,5.4,2.69,,4.25,-3.31,7.25,3.2,3.69,,5.6,,8.49,,3.82,5,7.27,-1,6.32,7.53,8.94,5,3,3,10.3,6.27,1,,20.7,8.87,5,15,8,,,3.63,,,,,,7,30,13,23,37
Kansas St.,Iowa St.,11,1.43,0.72,6.91,17.29,1.27,7.03,12.38,-1.55,7,14.6,5,4.94,7,4.46,1.81,20.02,13.84,7.35,6.31,,13.55,5.56,5.04,6.9,4.03,,7.73,,-0.49,,-0.32,5.94,0.48,22,-2.13,-1.77,-0.85,19,11.5,9,8.4,1.59,16,,0.5,13.56,9,33,16,,,7.99,,,,,,37,23,13,-14,60
LSU,Mississippi,20.5,20.94,20.83,18.95,20.39,27.39,19.7,21.22,18.21,25,27.8,20,21.45,21.5,23.84,19.05,19.74,28.01,21.58,17.08,,23.25,22.59,28.82,20.8,15.64,,21.23,,22.85,,23.23,21.48,22.29,17,23.22,24.15,23.62,22,21,24,34,28.01,17,,20.6,26.59,22,13,19,,,3.56,,,,,,24,27,13,3,51
Louisiana-Monroe,Louisiana-Lafaye,4.5,1.95,1.76,0.12,0.81,3.09,0.15,-2.38,6.2,3,-8,6,4.02,8,-2.15,5.63,-0.15,1.48,2.94,1.71,,-1.85,1.74,4.37,-1.5,3.72,,3.74,,7.32,,3.47,2.5,9.83,2,7.2,7.68,7.62,1,4,1,-11,5.77,-2,,8.2,4.17,6,3,1,,,3.68,,,,,,10,13,13,3,23
Marshall,Western Mich.,27.5,26.72,23.03,25.44,18.43,27.55,23.8,18.76,27.02,32,26.9,27,23.72,30,27.17,20.22,27.06,26.31,25.38,22.37,,26.75,25.34,34.82,23.6,18.76,,28.29,,28.59,,26.94,26.41,31.54,27,21.6,26.51,23.76,27,25,22,22.5,21.01,27,,27.3,37.04,23,19,24,,,4.07,,,,,,21,31,13,10,52
Miami (Fla.),Wake Forest,18.5,19.05,22.82,18.12,19.12,22.03,19.65,14.14,17.88,25,13.8,21,18.35,23.5,20.17,13.03,20.26,22.28,20.32,16.93,,15.85,20.68,27.9,17.5,14.79,,21.32,,21.39,,24.32,20.22,23.2,15,23.44,25.77,26.65,18,18,19,30.6,25.52,19,,21.8,26.26,18,21,20,,,3.53,,,,,,7,52,13,45,59
Mississippi St.,Arkansas,-9.5,-11.08,-13.03,-13.57,-17.7,-12.63,-16.42,-10.81,-6.74,-8,-21.7,-11,-2.19,-11,-16.69,3.75,-14.69,-21.25,-11.49,-8.71,,-18.85,-12.1,-9.29,-19.2,-7.89,,-14.09,,-5.59,,-11.74,-11.87,-5.09,-17,-5.22,-0.01,-5.07,-15,-10,-12,-2.7,-11.48,-16,,-5.4,-16.33,-5,-25,-16,,,6.3,,,,,,24,21,13,-3,45
Missouri,Kansas,10,7.69,2.1,4.27,12.53,9.55,3.75,2.16,5.94,9,-2,6,9.39,7,10.24,11.92,10.35,3.94,6.96,2.25,,2.95,4.98,7.83,1.7,8.24,,3.63,,7.3,,5.18,7.15,9.14,9,6.47,8.07,6.74,9,7,5,4.5,7.87,5,,16.2,6.05,12,14,9,,,3.45,,,,,,31,14,13,-17,45
Navy,Rutgers,4,5.91,7.52,3.78,11.1,11.74,6.94,-1.49,8.67,6,-14,9,5.21,11.5,3.56,6.73,-1.13,6.72,6.15,-2.62,,-1.85,2.17,7.25,5.6,8.37,,3,,11.61,,10.06,6.72,13.44,11,13.59,9.41,15.08,5,4.5,-2,-4,11.58,-3,,7.5,4.23,10,-6,4,,,6.2,,,,,,21,54,13,33,75
New Mexico,Wyoming,8.5,8.15,6.87,8.73,13.09,11.1,6.98,11.53,8.23,13,13.8,9,8.66,11.5,8.06,7.79,13.54,8.96,10.07,10.22,,11.05,9.52,11.02,7.9,8.97,,10.56,,9.49,,6.49,9.82,10.78,16,8.74,8.87,10.12,12,7.5,13,15.9,12.88,11,,21.4,15.61,8,11,12,,,2.32,,,,,,9,16,13,7,25
Northwestern,Illinois,13,12.27,13.57,13.99,12.43,15.51,10.32,12.3,15.78,18,17.2,16,19.47,17.5,8.92,18.67,11.56,12.49,14.9,13.46,,15.75,15.25,19.25,7.8,14.5,,14.38,,18,,14.86,15.13,19.98,14,18.08,18.71,18.53,16,12,15,36.5,21.57,17,,29.8,19.08,14,4,12,,,3.61,,,,,,21,28,13,7,49
Ohio St.,Michigan,-5.5,-2.45,-6.95,-0.57,-0.74,-7.82,-3.1,-5.51,-4.12,-4,-3.5,-4,-1.09,-6,-1,-1.8,0.53,-5.16,-3.8,-2.19,,-4.85,-3.24,-5.37,-0.8,-10.12,,-2.33,,-5.84,,-9.06,-3.62,-3.13,-5,-5.15,-6.41,-6.41,-2,-3.5,-3,-10.8,-2.45,-4,,-6.5,0.46,-1,0.25,-2,,,2.59,,,,,,21,37,13,16,58
Oregon St.,Oregon,4,9.86,7.45,7.55,5.83,3.16,4.75,4.8,12.27,7,7.6,8,7.07,10.5,6.93,8.14,11.37,4.58,7.77,6.6,,2.45,7.55,8.4,3.4,6.64,,6.22,,13.46,,6.63,7.03,14.35,3,10.58,10.26,11.52,6,4,6,19.6,11.96,4,,1.5,9.43,6,14,7,,,3.17,,,,,,21,50,13,29,71
Penn St.,Michigan St.,-3.5,-0.4,-4.95,-1.51,0.31,-1.44,1.2,-3.66,-2.09,1,-7.7,-0.25,-0.65,-2,1.45,-0.27,4.17,-3.73,-1.78,-3.36,,-6.35,-2.82,-2.48,-1,-8.33,,-0.34,,-3.9,,-5.3,-2,0.61,1,-4.48,-3.43,-3.56,-2,-2.5,-6,-10.1,-5.21,-4,,-6.9,2.41,1,9,1,,,3.44,,,,,,13,37,13,24,50
Purdue,Indiana,20,18.11,19.68,18.24,26.35,24.61,18.23,17.48,18.23,22,23.5,22,22.21,23,18.07,21.01,25.71,25.37,21.64,16.61,,22.15,18.23,26.51,20.2,16.6,,19.95,,21.47,,21.48,21.74,22.15,31,22.85,22.77,23.4,22,20,18,37.7,27.86,15,,29.8,25,19,31,23,,,3.82,,,,,,24,63,13,39,87
San Diego St.,UNLV,10,8.36,5.95,8.93,7.33,11.39,6.4,4.95,8.11,11,7.2,10,11.88,12,8.63,8.04,4.86,7.95,8.21,9.42,,7.05,7.27,9.04,5.4,6.26,,8.68,,8.4,,6.21,8.26,11.92,5,8.82,7.97,9.82,12,7.5,10,4.4,9.73,5,,9.4,12.94,9,4,7,,,2.36,,,,,,3,21,13,18,24
TCU,Southern Miss.,-1.5,-1.93,-1.01,-0.69,3.67,0.08,-0.1,-2.16,0.05,-1,-3.3,1,5.76,3.5,-3.75,7,3.43,-3.99,-0.01,0.28,,-3.55,-1.57,0.44,-1.9,-2.39,,0.56,,2.52,,-2.82,0.07,1.05,-9,0.37,0.21,1.46,-1,0,-3,-9.2,-1.28,1,,-2.1,3.13,1,7,1,,,3.28,,,,,,17,42,13,25,59
Temple,Boston College,-14,-14.63,-16.56,-16.64,-16.44,-21.22,-16.6,-14.73,-14.21,-21,-16.4,-15,-13.09,-16,-15.14,-10.55,-17.93,-20.37,-16.92,-15.05,,-19.35,-20.8,-22.45,-21.2,-20.91,,-16.88,,-14.5,,-21.08,-16.62,-13.39,-19,-17.2,-17.92,-15.38,-18,-14.5,-17,-31.2,-22.04,-11,,-17.9,-19.12,-12,-13,-15,,,3.16,,,,,,34,17,13,-17,51
Troy St.,Middle Tenn.,13,12.84,9.89,12.48,11.57,19.36,13.97,11.27,8.5,14,19.6,12,20.06,13.5,17.13,16.84,15.21,18.96,13.42,10.82,,17.45,15.27,13.04,16.2,15.03,,15.64,,10.8,,11.58,13.04,12.08,13,13.23,7.48,13.04,17,14,13,4.9,14.78,14,,39.9,20.18,11,6,11,,,3.51,,,,,,17,37,13,20,54
Tulsa,San Jose St.,10.5,8.17,6.38,9.72,6.56,4.05,10.22,5.33,5.98,7,-10.5,12,14.62,13.5,10.39,12.33,13.1,11.87,8.61,5.84,,4.35,8.07,9.23,8.6,2.06,,6.66,,8.84,,6.13,8.17,7.91,15,6.98,6.42,6.81,9,11.5,7,0.5,7.08,14,,22.8,10.96,10,,9,,,4.59,,,,,,24,34,13,10,58
UTEP,SMU,21,23.79,20.97,22.66,20.19,37.07,21.28,13.02,24.57,28,20.4,26,27.92,27.5,24.12,31.34,21.1,28.21,24.31,21.75,,24.35,25.54,33.97,29,13.98,,26.32,,27.91,,25.26,25.4,28.41,34,25.94,27.41,26.58,23,21,16,32.1,31.74,13,,37,32.84,23,3,17,,,6.76,,,,,,27,57,13,30,84
Utah,BYU,21.5,20.01,19.56,22.27,22.34,29.19,15.96,16.69,22.85,28,21,29,24.21,31.5,16.72,15.62,18.19,27.21,22.24,23.07,,18.45,23.53,26.71,21.2,20.38,,19.39,,25.05,,22.13,22.2,26.66,22,24.69,23.21,22.43,21,21,20,43.4,21.12,20,,22.3,24.7,24,11,18,,,4.2,,,,,,21,52,13,31,73
Utah St.,New Mexico St.,-5.5,-7.19,-8.49,-7.41,-3.26,-9.96,-8.15,-7.35,-6.24,-4,-19.7,-8,-8.02,-7.5,-8.61,-3.57,0.95,-5.07,-6.05,-10.28,,-13.65,-6.86,-5.17,-6.7,-0.56,,-6.74,,-8.94,,-11.69,-6.81,-3.63,1,-7.35,-6.44,-8.14,-1,-4,-12,-18.3,-6.77,1,,-0.7,-0.33,-3,-2,3,,,4.69,,,,,,25,34,13,9,59
Vanderbilt,Tennessee,-13,-15.94,-21.52,-14.91,-16.04,-16.81,-13.51,-12.95,-21.58,-17,-21,-16,-19.86,-18,-10.31,-23.22,-12.19,-15.17,-17.93,-12.6,,-15.75,-18.61,-23.17,-11,-20.21,,-13.58,,-23.75,,-26.63,-16.43,-22.13,-16,-24.18,-25.1,-25.21,-12,-13,-15,-26.9,-24.64,-13,,-28.8,-10.58,-11,-22,-15,,,4.7,,,,,,38,33,13,-5,71
Virginia Tech,Maryland,10,12.85,13.08,13.42,8.28,18.05,10.17,8.34,15.81,16,14.9,13,13.58,16,10.37,13.96,11.57,10.52,13.31,13,,10.75,18.81,18.46,15.3,8.91,,12.4,,18.39,,14.24,13.25,19.58,13,16.17,17.35,17.11,12,10,11,0.9,18.95,3,,17,14.58,14,4,8,,,3.94,,,,,,6,55,13,49,61
Washington St.,Washington,11,16,16.11,16.25,20.67,25.52,11.98,11.93,19.08,20,14,20,20.72,22.5,12.82,19.07,15.12,22.64,17.69,15.91,,15.55,18.77,20.42,19.9,14.8,,14.54,,21.5,,17.18,18.39,23.61,16,19.77,19.37,19.67,18,11,16,13.5,21.59,10,,3.5,19.57,13,11,15,,,3.72,,,,,,25,28,13,3,53
Arizona,Arizona St.,-14,-17.22,-21.15,-14.73,-15.49,-24.64,-14.44,-10.72,-23.38,-20,-17.6,-19,-7.4,-18.5,-11.73,-7.18,-13.7,-27.13,-17.58,-12.77,,-15.05,-19.37,-18.69,-16.3,-14.37,,-16.19,,-26.1,,-26.74,-16.3,-24.03,-11,-22.78,-24.7,-23.5,-8,-13,-13,-21.7,-21.88,-13,,-12.4,-14.47,-12,-10,-13,-31,,6.12,,,,,,27,34,14,7,61
Arkansas,LSU,-4,-3.61,-3.43,1.48,-4.8,-7.72,1.9,-2.7,-6.78,1,5.4,-2,6.76,-1.5,-0.22,4.04,2.22,-2.91,-1.93,0.87,,1.75,-3.02,0.07,4.6,-4.05,,1.69,,-5.67,,-6.38,-2.7,-5.41,3,-4.12,-4.96,-3.84,2,-3,-5,-15.3,-2.38,-3,,-1.9,5.41,-2,-8,-1,-7,,4.07,,,,,,43,14,14,-29,57
Boston College,Syracuse,12,11.8,11.27,13.56,15.06,21.05,11.39,13.12,11.28,18,12.6,14,18.17,16.5,12.29,14.59,18.25,15.95,14.15,14.01,,13.35,15.1,15.68,16.2,12.97,,11.73,,13.42,,11.9,14,15.82,6,13.74,14.49,13.89,18,10,17,19.9,18.58,8,,24.1,17.76,15,11,12,17,,3.06,,,,,,43,17,14,-26,60
Central Florida,Kent,-9,-7.66,-9.62,-6.7,-2.62,-10.57,-6.75,-9.97,-12.19,-11,-18.6,-13,0.31,-12,-5.24,-0.08,-6.54,-12.77,-8.06,-7.81,,-17.15,-5.34,-7.39,-12.1,-6.48,,-8.81,,-13.29,,-11.08,-7.73,-11.82,-7,-5.95,-7.34,-7.3,-10,-6.5,-10,-22.2,-2.21,-11,,-6.3,-8.77,-7,7,-5,,,4.96,,,,,,41,24,14,-17,65
East Carolina,NC St.,-20.5,-16.05,-14.99,-16.77,-22.36,-21.22,-20.3,-20.05,-12.47,-17,-21.9,-17,-14.52,-17,-19.66,-11.94,-20.67,,-16.81,-12.43,,-27.2,-15.57,-14.72,-14.1,-19.37,,-18.24,,-16.24,,-16.18,-17,-11.74,-21,-16.09,-12.29,-15.35,-26,-21,-18,-23.9,-18.61,-19,,-26.3,-21.74,-19,-25,-20,-15,,3.9,,,,,,52,14,14,-38,66
Georgia,Georgia Tech,15.5,14.02,13.25,11.45,15.9,16.6,15.15,10.47,9.37,17,14.4,14,13.55,14,18.45,10.17,13.22,16.89,14.5,10.69,,17.15,12.86,18.02,15.7,12.97,,14.7,,12.17,,14.66,14.47,15.14,20,13.3,15.43,12.98,19,13.5,14,9.6,14.47,14,,9.2,19.09,15,16,16,17.5,,2.55,,,,,,13,19,14,6,32
Hawaii,Northwestern,-6.5,-5.62,-4.57,-4.5,2.77,-5.79,-7.31,-7.61,-5.67,-1,-15.9,-7,1.96,-4,-5.83,3.54,-4.19,-9.49,-5.6,-5.36,,-15.05,-11.74,-0.99,-2.2,-4.72,,-9.61,,-4.75,,-7.76,-5.62,-2.67,-11,-8.75,-0.07,-6.57,-11,-5.5,-16,-24.7,-8.12,-9,,-5.2,-8.04,-2,1,-4,-4.5,,4.84,,,,,,41,49,14,8,90
Iowa St.,Missouri,4.5,7.4,10.93,6.69,-2.83,7.04,3.17,7.72,13.04,10,0.8,7,14.98,11,1.31,11.24,-0.12,4.63,7.68,10.8,,3.85,6.59,10.13,2.2,7.39,,4.7,,16.49,,10.63,7.39,17.01,-3,17.12,16.75,18.31,3,6,12,7.3,15.89,-5,,8.6,5.2,6,-3,-1,12,,6.28,,,,,,17,14,14,-3,31
Louisville,Cincinnati,17.5,19.31,18.26,22.91,12.85,20.03,17.46,9.88,17.82,23,8.7,24,23.28,20,20.94,19.65,15.3,22.12,18.13,18.7,,14.75,22.28,21.03,19.9,11.3,,20.74,,19.63,,17.65,18.7,19.83,16,17.64,16.74,18.12,17,17.5,13,22.6,19.06,15,,34.5,27.52,20,6,16,15,,4.54,,,,,,7,70,14,63,77
Maryland,Wake Forest,7,5.91,5.16,3.21,9.1,2.52,6.64,5.92,4.38,8,3.7,6,11.31,6,7.45,7.38,6.79,8.33,6.65,3.89,,7.15,-0.09,8.9,3.2,7.52,,4.69,,6.94,,6.37,6.94,7.62,5,7.13,7.96,7.44,10,7,8,14.6,8,9,,17.1,7.98,6,13,11,2.5,,2.69,,,,,,7,13,14,6,20
Mississippi,Mississippi St.,5.5,8.27,7.25,5.68,16.85,5.23,5.08,6.09,9.92,5,3.2,9,14.68,11.5,6.66,14.23,9.01,9.77,8.93,4.36,,6.05,5.32,6.67,7.2,12.46,,5.27,,9.65,,6.93,8.27,14.07,9,8.74,5.24,10.11,11,7,6,-0.3,8.51,15,,13.9,9.37,7,22,13,3,,4.18,,,,,,3,20,14,17,23
Nebraska,Colorado,3,-0.58,-4.91,0.41,9.92,4.28,-3.27,-0.37,-1.75,1,-4.1,0.25,6.01,0.5,0.49,3.67,1.87,-0.45,0.12,-1.18,,-1.45,-2.59,-0.63,-2.8,0.13,,-1.7,,-1.65,,-4.87,-0.58,1.06,3,-1.91,-2.01,-2.03,4,19,-1,1.4,-2.65,-1,,-0.1,0.1,5,5,2,-1,,3.07,,,,,,26,20,14,-6,46
Nevada,Boise St.,-25,-27.13,-24.75,-19.5,-15.07,-19.45,-26.76,-19.11,-27.97,-26,-28.6,-32,-13.12,-25,-26.61,-10.87,-20.49,-36.6,-24.58,-21.25,,-28.75,-25.67,-24.89,-21.6,-22.26,,-25.15,,-31.24,,-31.59,-25,-24.19,-17,-27.05,-25.42,-24.96,-22,-24.5,-26,-44.1,-26.67,-21,,0.5,-27.1,-16,-34,-24,-33.5,,5.91,,,,,,58,21,14,-37,79
Pittsburgh,West Va.,-3,-3.35,-2.1,-2.99,-1.22,-4.46,-3.24,2.32,-1.49,1,-0.7,-1,5.36,0.5,-5,3.76,0.67,-3.46,-0.34,1.83,,-1.95,-1.33,1.4,-3,2.65,,-1.88,,-1.35,,-2.66,0,1.91,-6,1.32,1.04,2.59,0.25,-5,1,-6.1,-0.38,1,,-8.4,1.36,1,7,1,1.5,,2.77,,,,,,13,16,14,3,29
Rice,Louisiana Tech,2.5,0.81,-4.02,-1.49,3.79,1.14,1.25,-1.62,-6.87,,5.5,-1,-0.28,,7.75,3.64,6.1,0.98,-1.54,-4.1,,1.05,-1.15,0.21,2.4,-3.55,,-0.03,,-8.3,,-6.22,-1.08,-4.16,-3,-6.84,-5.81,-6.11,4,3,0.25,-20.1,-4.83,1,,-2.5,5.02,,-4,2,-8,,4.3,,,,,,51,14,14,-37,65
Rutgers,Connecticut,-3,0.62,-3.09,-0.11,-7.15,-6.3,-2.62,-4.7,0.26,1,-12.2,-2,6.17,1.5,0.93,7.65,-0.95,-7.83,-1.33,-0.31,,-7.25,3.24,1.98,-4.1,-1.66,,-0.66,,0.1,,-4.37,-0.99,1.53,-1,-1.32,2.88,-0.73,-4,-3,-2,-8.4,-0.98,-5,,17.5,2.18,1,-7,-2,,,4.08,,,,,,41,35,14,-6,76
San Jose St.,Fresno St.,-26,-20.25,-22.42,-20.35,-12.47,-23.04,-25.92,-20.03,-15.65,-27,-29.7,-23,-8.16,-20.5,-26.87,-5.84,-23.94,-33.63,-20.9,-20.13,,-27.55,-20.74,-22.48,-19.8,-5.01,,-25.51,,-19.89,,-24.85,-21.94,-14.43,-22,-17.2,-19.2,-16.56,-24,-26.5,-26,-26.1,-21.89,-27,,-15.2,-28.46,-17,,-22,-27,,6.41,,,,,,62,28,14,-34,90
South Florida,Memphis,-3.5,-2.02,-4.66,-2.88,1.15,-3.93,-3.51,0.16,-2.59,-3,6.3,-1,7.67,-3.5,-1.71,7.27,2.71,-5.15,-1.17,1.38,,3.85,-5.19,-1.52,-1.8,-3.79,,-1.4,,-1.94,,-6.87,-1.8,-1.36,1,-3.75,-4.43,-2.52,1,12,3,0.9,-4.53,-1,,-16.5,1.91,1,4,1,-4,,3.59,,,,,,31,15,14,-16,46
Southern Miss.,UAB,1,1.87,-1.99,0.32,5.57,-2.26,-2.97,0.43,1.49,1,0.4,2,3.86,1.5,2.16,6.58,7.61,-1.59,1.8,-0.67,,2.35,-1.72,0.86,-0.4,8.15,,0.42,,0.57,,-3.92,1,4.18,10,-1.1,-0.74,-0.21,6,1.5,5,7.9,-1.54,2,,-7.3,2.72,4,7,6,-2,,3.37,,,,,,21,26,14,5,47
TCU,Tulane,12.5,11.94,13.38,10.62,12.89,12.36,13.45,6.84,10.18,13,10.9,17,19.85,19,13.77,20.3,15.79,7.66,12.19,6.37,,6.55,12.43,14.1,8.7,11.94,,12.24,,12.62,,11.95,12.43,13.32,3,14.11,13.57,15.16,8,4,8,5.9,14.28,11,,26.6,16.58,10,18,13,10.5,,3.93,,,,,,35,31,14,-4,66
Tennessee,Kentucky,23,24.3,25.72,24.42,22.65,31.22,20.97,21.77,29.78,30,22.2,27,27.24,28,19.2,24.61,22.53,27.01,26.8,21.37,,23.55,30.67,29.13,22.7,24.53,,22.93,,34.44,,30.65,27,35.24,27,32.7,32.54,34.06,28,22,24,33.6,34.92,20,,19,26.87,25,15,22,35.5,,4.95,,,,,,31,37,14,6,68
Texas,Texas A&M,11,9.25,5.6,7.06,16.41,7.45,5.64,12.56,10.36,14,9,16,12.67,13.5,8.4,12.81,17.32,14.43,11.77,8.27,,13.85,-0.04,13.16,10.3,18.07,,8.3,,12.24,,8.8,12.24,14.31,18,9.18,11.56,10.07,18,9.5,12,12.2,8.84,19,,11.6,14.03,14,15,17,7.5,,4.09,,,,,,13,26,14,13,39
Texas Tech,Oklahoma St.,4.5,-0.22,-2.53,0,1.01,-1.59,-1.93,2.45,-0.72,2,1.2,4,7.15,4,0.33,6.82,6.09,4.31,1.68,0.28,,0.95,-4.44,2.7,-2.5,1.03,,2.03,,0.46,,-2.53,1.88,2.3,4,1.39,1.39,1.88,4,7.5,3,0.3,2.6,4,,7.2,5.21,8,5,5,-2,,2.91,,,,,,15,31,14,16,46
Toledo,Bowling Green,-4.5,-2.84,-2.72,-5.32,-0.76,-5.41,-6.53,-3.23,1.99,-4,-1.4,-5,6.79,-2,-9.19,5.68,-5.13,-15.01,-3.34,-3.35,,-8.45,-6.67,-3.93,-14.5,2.95,,-9.04,,2.94,,-3.11,-3.51,2.63,-6,1.54,1.5,2.06,-6,-3.5,-2,3.3,-3.33,-7,,6.4,-11.62,1,-5,-7,,,5.14,,,,,,41,49,14,8,90
Tulsa,UTEP,-9,-15.4,-16.06,-13.01,0.15,-18.64,-12.54,-9.48,-19.39,-19,-21.4,-16,-7.61,-16.5,-12.21,-9.59,-1.42,-13.61,-13.48,-16.11,,-14.85,-15.6,-16.7,-12.8,-8.8,,-16.54,,-21.29,,-20.98,-15.4,-18.21,-12,-18.52,-20.64,-18.16,-5,-7.5,-10,-25,-21.26,-3,,-13.6,-14.62,-6,6,-3,-26,,7.15,,,,,,35,37,14,2,72
USC,Notre Dame,22.5,25.92,22.91,22.89,28.02,31.03,21.08,20.46,28.14,29,27.9,26,26.14,27.5,23.36,24.04,24.29,25.37,24.81,22.25,,24.15,27.1,24.32,24.8,28.28,,25.04,,32.46,,22.55,24.5,31.2,21,20.5,22.33,25.39,25,21,25,51.4,16.41,21,,32.1,32.6,23,20,23,24.5,,3.65,,,,,,10,41,14,31,51
Virginia Tech,Virginia,4,4.97,0.37,0.98,4.32,4.44,0.31,2.08,5.63,3,9.8,5,14.4,5,4.19,15.25,5.2,9.69,4.96,3.12,,9.35,4.04,5.69,6.7,4.69,,3.13,,6.94,,-0.18,4.69,7.99,4,2.57,3.43,3.31,10,3,5,2.8,5.03,-1,,7.8,6.34,7,9,5,1,,3.54,,,,,,10,24,14,14,34
Auburn,Tennessee,13.5,11.73,7.76,14.6,7.05,13.4,10.18,13.5,11.86,14,14,17,10.48,16.5,11.97,8.87,12.95,15.2,12.25,14.78,,18.2,14.46,15.14,16.2,17.71,,12.51,,13.3,,8.28,13,12.69,15,6.61,8.2,6.08,14,13,13,18,5.62,10,,-1.2,15.24,15,2,9,15.5,,3.64,,,,,,28,38,15,10,66
Hawaii,Michigan St.,-6.5,-0.69,2.33,-2.24,0.1,-0.98,-3.14,-7.09,3.66,3,-16.5,-1,13.96,4,-4.87,15.63,-5.15,-11,-1.67,-1.95,,-13.85,-5.63,1.29,-6.3,4.4,,-6.74,,5.48,,-3.1,-1,6.35,-11,1.62,8.84,4.65,-13,-6.5,-16,-5.6,1.01,-10,,2.4,-7.28,1,-4,-6,0.5,,7.61,,,,,,38,41,15,3,79
Miami (Fla.),Virginia Tech,7,5.02,8.21,5.83,8.43,6.4,7.32,3.84,4.09,7,2,7,6.36,6.5,6.3,5.77,7.6,5.43,6.23,3.48,,1.15,2.96,8.8,6.5,4.31,,7.55,,4.58,,8.64,6.5,7.34,2,8.23,8.56,10.87,2,6.5,4,9.7,7.02,7,,5.9,10.99,9,6,8,7.5,,2.28,,,,,,16,10,15,-6,26
Navy,Army,12.5,12.11,15.48,8.22,17.63,17.61,14.57,14.42,12.66,18,18,14,10.29,17,11.78,10.1,15.39,21.63,14.38,6.43,,15.4,14.99,20.76,9.6,22.3,,9.72,,16.94,,19.1,14.99,14.99,8,20.65,19.71,19.13,16,11.5,12,22.1,19.64,2,,27.2,9.33,17,4,14,17,,4.9,,,,,,13,42,15,29,55
Oklahoma,Colorado,21.5,19.47,15.97,18.79,23.73,26.1,16.29,17.19,22.12,21,19,21,17.27,26.5,18.21,17.74,18.89,26.06,19.83,15.18,,18.7,17.96,24.02,17.8,27.65,,13.64,,21.11,,20.06,19,26.11,19,13.67,15.98,16.05,20,21,18,20.5,10.42,22,,16.4,20.88,11,30,20,24.5,,4.45,,,,,,3,42,15,39,45
South Florida,Pittsburgh,-7,-5.65,-7.53,-4.43,-5.02,-9.18,-7.35,-9.51,-4.44,-9,-7,-4,-4.08,-4.5,-6.97,-2.69,-3.55,-12.2,-6.02,-5.64,,-10.05,-6.57,-9.06,-4.3,-6.99,,-2.85,,-6.22,,-7.11,-5.82,-2.8,,-8.31,-7.25,-4.98,-6,-7,-3,-15.5,-10.78,1,,-18.3,-0.38,-3,-6,-5,-11,,2.97,,,,,,43,14,15,-29,57
Southern Miss.,California,-24,-21.03,-20.55,-24.5,-13.83,-27.95,-30.06,-26.6,-15.81,-23,-28,-19,-19.38,-19.5,-27.73,-15.24,-18.94,-32.06,-20.7,-24.72,,-33.65,-25.67,-24.49,-24.7,-7.09,,-25.45,,-18.3,,-23.18,-20.55,-12.18,-26,-12.72,-11.12,-15.19,-18,-22.5,-22,-20,-15.06,-14,,-35.7,-30.34,-14,-17,-15,-22.5,,6.37,,,,,,26,16,15,-10,42
Toledo,Miami (Ohio),-1.5,3.4,2.12,3.09,0.31,4.4,3.48,0.39,4.83,2,3,-2,10.24,0.25,1.95,11.05,-0.6,0.11,2.61,4.55,,6.65,0.01,5.23,-5.1,6.12,,-1.22,,7.22,,2.48,2.48,6.44,2,6.98,6.92,7.38,2,-1.5,6,1.7,6.28,-4,,15.2,3.59,-6,-5,-2,0.5,,4.16,,,,,,27,35,15,8,62
Tulane,Louisville,-29,-23.26,-22.59,-26.16,-13.04,-25.36,-27.33,-17.15,-16.13,-27,-28,-27,-12.05,-21.5,-30.68,-6.89,-22.83,-33.19,-21.07,-21.61,,-30.35,-26.92,-30,-23.8,-4.23,,-25.66,,-15.26,,-25.34,-21.61,-13.79,-21,-15.95,-14.5,-14.75,-20,-27.5,-19,-24.1,-20.9,-23,,-18.8,-31.38,-17,-14,-21,-24,,6.75,,,,,,55,7,15,-48,62
UCLA,USC,-23,-17.84,-16.18,-14.1,-22.22,-25.61,-13.62,-13.31,-19.93,-17,-19.5,-24,-15.1,-27,-15.15,-14.87,-16.83,-18.16,-17.63,-13.16,,-16.05,-19.36,-21.27,-16.7,-24.67,,-14.97,,-19.87,,-18.22,-16.7,-20.04,-14,-12.57,-14.56,-14.29,-17,-20.5,-16,-52.3,-6.59,-16,,-16.5,-15.98,-13,-22,-16,-25,,4.29,,,,,,29,24,15,-5,53
Alabama,Minnesota,3.5,1.69,1.05,1.02,-0.26,3.62,-0.48,4.59,0.99,1,1,1,3.04,0.25,2.64,1.81,1.08,0.44,1.3,4.32,,6.8,-4.13,0.62,1.8,3.93,,-0.07,,3.93,,1.09,1.07,-0.68,7,0.37,1.39,0.72,2,3,-8,4.1,1.88,-1,,19.8,-1.81,2,4,-2,-2.5,,2.85,,,,,,20,16,19,-4,36
Auburn,Virginia Tech,6.5,3.58,5.95,4.69,2.6,1.57,4.61,1.8,8.44,3,5,8,7.83,9.5,0.19,8.05,1.87,2.08,5.16,2.07,,-1,6.53,8.06,1.8,18.68,,3.25,,11.13,,7.28,4.65,10.83,5,8.01,9.16,7.14,1,6,4,4.5,2.08,2,,1.3,0.91,7,1,2,13.5,,4.26,,,,,,13,16,19,3,29
Bowling Green,Memphis,4.5,0.59,-4.36,2,5.66,6.5,4.8,6.28,-8.97,6,10,4,-2.7,4.5,11.23,-4.48,7.7,13.81,2.75,2.11,,13.5,-0.53,4.06,9.1,0.83,,3.82,,-11.95,,-0.13,3.91,-3.32,10,-5.36,-3.62,-6.15,12,6,2,-1.8,-1.07,5,,9.9,8.56,5,3,8,2.5,,6.09,,,,,,35,52,19,17,87
California,Texas Tech,11.5,13.04,9.31,11.46,10.98,19.07,15.89,5.36,10.82,13,10,16,8.69,19,16.32,9.8,12.9,10.95,10.84,8.76,,4.4,14.95,12.97,15.1,8.78,,12.04,,11.55,,12.66,10.99,12.45,11,8.01,9.97,10.33,7,10.5,0.25,13.4,5.86,3,,15.4,13.99,14,0.25,8,18,,4.62,,,,,,45,31,19,-14,76
Cincinnati,Marshall,1.5,4.33,7.39,3.4,-1.57,-0.55,3.47,5.8,9.41,2,0.5,2,10.97,1,-0.65,10.36,-0.66,-4.6,3.66,7.62,,3.1,5.2,3.27,0.4,1.53,,3.93,,13.21,,4.53,3.44,4.38,6,7.64,5.68,8.93,-2,1,-7,8.6,7.24,1,,19.4,3.05,2,5,-2,4.5,,4.34,,,,,,14,32,19,18,46
Florida St.,West Va.,8.5,6.3,7.24,7.38,6.23,5.07,8.05,7.48,3.82,6,6.5,8,5.07,6.5,9.03,6.71,7.66,7.44,7.22,6.69,,9.5,10.24,7.78,5.3,0.61,,9.58,,5.43,,6.69,7.12,3.59,8,7.79,6.21,9.77,7,9.5,6,-3.7,6.17,14,,3.4,12.03,5,10,9,7,,2.41,,,,,,18,30,19,12,48
Georgia,Wisconsin,6.5,8.55,6.83,5.16,8.83,7.16,6.46,8.72,4.68,4,7,4,3.87,3,11.89,2.45,10.6,16.04,7.45,6.32,,14.4,3.4,8.33,8.5,5.53,,8.96,,8.85,,4.78,6.92,3.39,10,3.23,4.97,3.85,11,7,9,10.6,4.57,6,,0.6,9.94,5,19,10,7,,3.82,,,,,,21,24,19,3,45
Georgia Tech,Syracuse,4.5,4.24,1.64,4.43,3.15,2.41,4.26,1.15,4.64,2,1,3,0.99,2.5,3.92,3.19,8.46,7.69,3.6,1.85,,2.5,7.96,3.1,1.2,1.55,,6.33,,6.14,,1.09,3.13,2.92,1,2.87,1.81,4.39,5,6,1,1.8,4.35,5,,9.9,7.7,5,2,4,-1,,2.3,,,,,,14,51,19,37,65
Hawaii,UAB,3.5,-2.31,-2.21,-3.35,-1.08,-7.81,-4.23,3.53,-2.38,-2,-7.5,2,4.23,-4.5,-2.31,3.37,-6.83,-6.88,-2.03,1.16,,2.8,-4.61,-3.24,-3.7,5.84,,-8.24,,-1.04,,-3.56,-2.77,-3.17,1,-2.2,0.17,-3.58,-6,0,6,6.3,-3.45,-4,,-1.4,-9.04,-5,9,-4,1,,4.39,,,,,,40,59,19,19,99
Iowa St.,Miami (Ohio),-3,6.46,8.38,5.37,-9.91,4.33,6.79,-0.25,9.79,-1,-8.5,1,3.64,-1,3.17,5.06,-7.2,-0.76,0.95,3.86,,2.9,7.71,1.26,0.9,-1.96,,5.96,,14.11,,2.85,2.87,2.42,1,9.04,3.41,9.27,-8,-3,-32,-4.4,5.72,-11,,18.4,5.18,-5,-10,-8,,,8.31,,,,,,13,17,19,4,30
LSU,Iowa,6.5,4.93,2.41,2.36,2.77,1.95,2.53,2.7,3.11,-1,15,1,1.4,1,6.52,0.52,4.9,2.74,3.32,3.48,,6,6.19,2.59,3,2.3,,13.8,,2.85,,0.39,2.76,1.46,4,-0.66,-0.37,-1.44,4,6.5,9,6.6,0.77,5,,8.3,3.93,5,-2,4,0.5,,3.57,,,,,,30,25,19,-5,55
Louisville,Boise St.,14,-2.32,-0.38,9.78,-2.49,4.74,1.44,9.78,-3.75,4,9.5,0.25,2.35,-1.5,-0.39,-4.46,9.1,8.66,1.97,10.36,,12.9,11.56,1.16,6.4,-6.55,,-2.77,,-7.19,,-2.14,0.71,-4.69,9,-5.22,-4.44,-4.81,13,9.5,-14,-10,-0.2,9,,22.8,10.03,8,-6,2,-2.5,,7,,,,,,40,44,19,4,84
Miami (Fla.),Florida,3,8.36,6.57,5.53,6.14,7.45,5.99,2.31,8.14,6,3,9,2.27,9,8.93,4.08,7.09,5.62,6.5,2.59,,3.2,8.15,7.33,6.6,3.36,,6.67,,9.26,,7.47,6.58,8.82,1,7.86,7.3,10.34,1,3,6,26.6,5.38,6,,14.6,9.64,5,17,6,,,3.07,,,,,,10,27,19,17,37
New Mexico,Navy,2.5,3.62,4.12,6.91,5.29,4.72,5.23,3.02,3.28,1,7,3,6.57,3.5,3.93,5.02,1.19,2.02,4.97,9.12,,6.7,9.48,1.35,4.6,-0.78,,20.6,,4.17,,2,4.39,2.49,10,1.32,1.16,5.36,1,1,6,7.9,4.81,9,,4.3,8.69,-1,13,4,2.5,,4.16,,,,,,34,19,19,-15,53
North Carolina,Boston College,3,2.74,4.1,2.68,-12.93,-7.55,0.96,1.15,4.91,-1,1,-1,5.24,-3,0.88,4.26,-1.98,-0.54,0.35,5.74,,4,4.53,-0.79,-3.1,1.9,,9.88,,6.8,,-0.37,1,1.78,1,1.03,-0.12,3.74,-4,4,-16,4.9,1.17,1,,9.9,4.35,-1,-10,-5,-7.5,,5.43,,,,,,37,24,19,-13,61
North Texas,Southern Miss.,-5.5,-2.14,-3.1,-2.56,1.65,3.85,-3.86,-3.96,0.57,1,-18,-3,-1.17,-0.5,-4.38,-0.04,-6.94,-9.55,-3.61,1.84,,-6.8,-7.87,-2.24,-3.8,-9.56,,-7.77,,0.33,,-2.6,-2.72,0.68,-2,-2.2,3.08,-2.22,-6,-6.5,-9,-12,-1.74,-11,,-1.6,-9.56,-2,-3,-6,,,4.66,,,,,,31,10,19,-21,41
Northern Ill.,Troy St.,0,-4.72,-3.33,-3.45,1.6,-6.99,-3.49,-2.51,-6.29,1,4,-4,-1.48,-3,-3.05,-0.24,2.82,5.06,-0.68,-3.64,,-3.6,-7.06,0.85,-9.1,7.79,,-2.59,,-4.93,,0.25,-1.81,-2.63,-3,-0.37,0.81,-1.32,1,1,11,11,-1,2,,16.3,-2.13,2,16,4,2.5,,5.05,,,,,,21,34,19,13,55
Notre Dame,Oregon St.,-3.5,-5.64,-4.75,-5.33,-4.68,-2.82,-3.78,-7.56,-5.93,-5,-9.5,-2,-3.93,-3.5,-5.32,-4.29,-2.17,-2.15,-4.47,-6.34,,-8.1,-6.79,-1.45,-0.5,-0.94,,-4.66,,-5.11,,-1.94,-4.67,-4.74,-6,-1.32,-1.48,-3.84,-5,-3,-10,-2.6,-2.82,-4,,-7.4,-5.35,-2,-9,-3,,,2.44,,,,,,38,21,19,-17,59
Oklahoma St.,Ohio St.,1.5,6.28,4.83,5.84,-0.13,9.53,6.45,-3.74,6.27,4,-2,3,1.56,5,6.28,3.17,1.49,2.57,3.11,2.82,,1,9.58,4.29,7.8,-2.89,,7.75,,6.71,,3.3,3.24,4.45,4,2.43,2.26,5.27,0.25,2,-9,-13.4,1.95,1,,1.1,8.54,2,-8,1,1,,4.25,,,,,,33,7,19,-26,40
Purdue,Arizona St.,7.5,-5.69,-6.83,-3.4,4.27,-2.09,-1.93,9,-8.74,-1,1.5,-2,-2.51,-4.5,-2.22,-3.7,5.91,5.3,-1.04,-1.03,,7.9,-9.86,-2.95,4.7,1.28,,2.26,,-10.82,,-5.98,-1.96,-8.05,6,-6.61,-8.86,-12.66,9,7.5,10,0.1,-3.82,7,,16.5,-0.68,5,0.25,5,-3.5,,5.88,,,,,,27,23,19,-4,50
Texas,Michigan,6,12.64,12.02,11.29,7.14,13.87,10.61,9.52,13.34,10,9,12,10.23,11.5,12.21,9.08,7.39,8.6,9.86,12.3,,12.7,13.6,10.86,12.9,7.85,,11.01,,14.13,,8.68,10.42,12.04,12,5,7.63,9.44,8,7,-3,-0.3,4.75,8,,23.7,14.1,7,2,7,6.5,,3.66,,,,,,37,38,19,1,75
Texas A&M,Tennessee,3,4.54,4.07,6.82,-4.14,8.75,8.36,3.31,1.73,3,2.5,3,2.8,3,6.81,-0.57,1.42,6.63,2.33,6.44,,5.3,8.37,1.95,6.7,-4.67,,6.24,,-0.17,,1.38,2.65,0.46,5,-0.44,-1.29,2.39,0.25,5,-20,-4.2,1.34,1,,0.1,9.61,-1,1,-2,1.5,,5.16,,,,,,38,7,19,-31,45
Toledo,Connecticut,3.5,-1.3,-2.09,0.74,0.26,-0.29,-0.98,5.99,-2.85,7,3,2,1.07,6.5,0.09,-0.94,-1.67,2.71,1.33,3.66,,5,1.57,2.04,-3.5,5.48,,-0.3,,-4.94,,3.34,1.07,3.25,,-0.37,3.16,1.02,6,3,0.25,-7.2,2.39,4,,8.3,-1.75,2,4,1,,,2.96,,,,,,39,10,19,-29,49
UCLA,Wyoming,12.5,6.91,6.58,10.07,5.39,2.93,9.42,18.04,3.69,12,17,8,7.43,8.5,11.01,4.28,13.16,10.05,9.3,10.94,,16.3,14.37,9,7.2,5.45,,11.41,,5.49,,6.43,9.09,2.53,15,5.95,4.45,6.27,11,12.5,7,9.2,10.48,12,,16.4,14.98,7,15,10,5,,4.24,,,,,,24,21,19,-3,45
USC,Oklahoma,3,2.84,1,0.74,4.34,5.21,5.92,-0.3,-1.19,1,7,2,3.22,2,5.63,3.42,2.59,-3.26,1.75,1.61,,-0.9,3.61,1.07,4.3,-3.77,,11.31,,1.2,,1.08,1.44,-3.02,5,-0.07,0.11,1.27,-2,3,3,31.2,0.2,-5,,10.3,5.63,-1,2,0.25,0,,3.29,,,,,,19,55,19,36,74
UTEP,Colorado,-3,0.03,-2.72,-0.95,-2.62,9.9,-1.96,-9.08,-1.57,2,-1,1,0.02,2,1.31,-0.22,-7.69,-4.46,-3.03,-3.26,,-5.1,-4.06,2.93,4.1,-5.58,,4.16,,-4,,-0.33,-1.76,0.57,-8,-2.5,-0.45,-3.59,-8,-2,-28,-9.7,-1.41,-5,,-8.4,1.28,1,-29,-9,7,,7.59,,,,,,33,28,19,-5,61
Utah,Pittsburgh,16.5,19.45,19.31,22.57,9.96,19.2,21.41,10.47,16.98,21,21,25,15.02,22.5,21.64,12.24,12.77,18.08,16.49,20.39,,17.5,21.7,18.67,16.7,8.27,,6.58,,19.63,,17.2,17.6,17.31,19,14.62,13.74,17.69,10,16,1,26.2,10.64,14,,33.7,22.89,18,6,9,15,,5.6,,,,,,7,35,19,28,42
Virginia,Fresno St.,5.5,4.32,5.38,6.81,4.88,1.65,3.05,7.03,7.19,1,12.5,8,6.66,5,-0.41,7.16,4.6,4.47,5.77,5.69,,3.8,10.21,3.26,-1.6,9.69,,7.68,,9.39,,6.74,5.58,5.47,5,8.3,6.64,8,4,6,13,17.9,6.31,1,,4.4,0.03,4,9,5,,,3.37,,,,,,37,34,19,-3,71
