HOME,ROAD,LINE,LINESAG,LINESCRP,LINEMASS,LINEDUNK,LINEPFZ,LINEPERRY,LINEMORE,LINESEA,LINEMARS,LINERAY,LINEARGH,LINECPA,LINEHOW,LINECOLL,LINEGUPT,LINEED,LINEHARM,LINEFREZ,LINEFLY,LINEBIHL,LINEMONT,LINETSR,LINEAVG,LINEELO,LINEBILL,LINEBMC,LINESWT,LINEBORN,LINEM2,LINEROTH,LINECPA2,LINEMAXY,LINEWOLF,LINEBASS,VSCORE,DATE,HSCORE,WEEK
BYU,Tulane,9.5,11.56,7.47,9.99,7.4,8.44,-1.84,3.12,,6,9.1,12,11,12,,,,,,,,,,6.95,,,11,5.34,5.1,,,,,,,35,25/08/01,70,1
Colorado,Fresno St.,10,10.6,5.99,10.74,1.9,3.7,1.26,9.15,,-2,3.5,11,5.4,6.5,,,,8,,,,,,5.92,,,9,12.07,10.1,,,,,,,24,26/08/01,22,1
Georgia Tech,Syracuse,9.5,3.41,6.38,0.51,8.2,1.84,-8.46,8.45,,8,7.7,9,10.4,5.5,,,,9,,,,,,6.86,,,11,22.97,6.2,,,,,,,7,26/08/01,13,1
Louisville,New Mexico St.,20,20.84,19.47,18.17,22.3,10.57,45.92,26,,22,26.4,22,22.9,22,,,,26,,,,,,23.3,,,19,20.58,26.7,,,,,,,24,23/08/01,45,1
Nebraska,TCU,28,26.71,20.31,22.94,10.1,19.2,24.46,16.95,,8,13.1,23,25.1,21.5,,,,12,,,,,,19.63,,,31,15.86,19.6,,,,,,,7,25/08/01,21,1
Oklahoma,North Carolina,23,17.63,18.77,19.03,29,19.29,39.23,28.35,,32,22,24,23.8,17,,,,25,,,,,,24.62,,,33,21.6,30.1,,,,,,,27,25/08/01,41,1
Wisconsin,Virginia,8,11.69,8.32,7.62,15.5,14.72,11.61,14.12,,18,7.6,16,9.4,13.5,,,,14,,,,,,14,,,17,29.73,17.4,,,,,,,17,25/08/01,26,1
Air Force,Oklahoma,-20,-2.44,-14.14,-12.25,-24.3,-5.54,-34.62,-30.07,,-5,-15.6,-21,-17.25,-4,,-15,-16.4,-18,,,,,,-17.35,-11.49,,-27,-38.19,-19.7,,,,,,,44,01/09/01,3,2
Akron,Ohio,-6,-2.29,-2.41,-1.09,-0.4,-0.03,-0.81,-2.9,,1,-8.9,0.25,-7,1,,-1,-0.98,10,,,,,,-1.85,-1.77,,-8,-8.86,-1,,,,,,,29,30/08/01,31,2
Alabama,UCLA,3,1.82,-4.28,-1.52,4.3,5.94,-1.18,1.12,,-2,-3.1,-2,-2.7,2.5,,-3.5,5.84,6,,,,,,0.82,-1.97,,2,5.43,2.8,,,,,,,20,01/09/01,17,2
Arkansas,UNLV,5.5,18.89,5.51,12.22,0.8,13.77,14.61,2.05,,-2,6.5,16,2.6,14,,-9,6.94,8,,,,,,6.76,4.53,,4,2.87,5,,,,,,,10,30/08/01,14,2
Auburn,Ball St.,26,29.98,19,26.31,31.8,22.88,27.93,25.76,,18,47,17,13.4,21,,20.5,29.68,32,,,,,,24.28,16.89,,25,6.07,34.3,,,,,,,0,01/09/01,30,2
BYU,Nevada,27.5,19.32,20.64,23.61,28.6,15.18,41.05,29.82,,33,18.3,16,26.05,24,,26.5,32.29,28,,,,,,25.2,28.19,,17,13.19,41.3,,,,,,,7,01/09/01,52,2
Boston College,West Va.,4,2.12,2.76,1.66,3.3,4.59,3.35,2.3,,6,3,10,7,3.5,,3,8.01,10,,,,,,4.99,3.61,,6,-0.62,7.2,,,,,,,10,01/09/01,34,2
Buffalo,Rutgers,-15,-15.85,-9.46,-14.02,-9.9,-3.02,-12.68,-16.2,,-3,-27,-5,-6.2,-8,,-3.5,-13.95,-12,,,,,,-9.73,-2.34,,-11,2.2,-13.9,,,,,,,31,30/08/01,15,2
California,Illinois,2.5,2.69,-1.38,7.36,6.5,-2.14,-1.97,4.91,,3,3.9,4,1.1,3.5,,-6.5,-0.97,5,,,,,,2.03,4.8,,1,0.08,6.8,,,,,,,44,01/09/01,17,2
Cincinnati,Purdue,-7.5,-12.68,-11.55,-8.05,-10.1,-7.59,-12.01,-10.91,,-2,-9.8,-10,-5.9,-8,,-3,-10.21,-8,,,,,,-8.84,-4.84,,-13,-11.17,-10,,,,,,,19,02/09/01,14,2
Clemson,Central Florida,18.5,16.42,14.49,14.81,13.1,15.04,19.24,15.21,,11,28,18,14.7,12,,12,18.78,19,,,,,,15.96,14.97,,19,15.75,13.6,,,,,,,13,01/09/01,21,2
Colorado,Colorado St.,4,-8.57,-1.76,-1.24,-0.7,-0.68,-2.07,1.94,,15,-3.3,4,-0.67,-4.5,,17,-1.23,-3,,,,,,0.76,-3.25,,3,16.63,-0.3,,,,,,,14,01/09/01,41,2
Duke,Florida St.,-32,-40.39,-28.88,-39.67,-42.4,-38.77,-42.5,-38.27,,-44,-24,-23,-28.2,-34.5,,-39,-46.18,-49,,,,,,-36.97,-38.3,,-33,-16.84,-46.4,,,,,,,55,01/09/01,13,2
East Carolina,Wake Forest,19,16.93,18.31,16.95,21.5,16.01,25.3,18.03,,29,13.4,17,19.3,18,,27,22.15,22,,,,,,20.76,20.09,,18,25.54,23.6,,,,,,,21,01/09/01,19,2
Florida,Marshall,30,20.32,20.17,22.97,21.2,16.26,36.55,25.32,,21,28.2,23,29.9,18,,8,26.79,32,,,,,,23.43,19.89,,31,21.62,27.4,,,,,,,14,01/09/01,49,2
Fresno St.,Oregon St.,-3,-5.44,-7.15,-3.16,-15.2,-4.57,32.19,-15.51,,-14,-9.9,1,-0.82,-1.5,,-9.5,-6.86,-13,,,,,,-5.81,-7.43,,-6,-3.54,-15.8,,,,,,,24,02/09/01,44,2
Georgia,Arkansas St.,36,35.24,29.69,33.62,24.7,22.48,60.59,32.41,,29,43.5,30,31.6,28,,22.5,31.15,28,,,,,,32.18,20.47,,32,36.05,35.6,,,,,,,17,01/09/01,45,2
Houston,Rice,4,2.38,3.98,1.55,3.2,2.87,20.22,-2.99,,1,7.1,-2,2.3,2.5,,3,0.86,2,,,,,,3.44,1.85,,10,3.64,2,,,,,,,21,01/09/01,14,2
Idaho,Washington St.,-8.5,-2.83,-4.57,-8.13,-10.6,1.41,-13.74,-10.03,,1,-10.1,13,-6.2,-6,,-3,-8.18,-10,,,,,,-6.29,-7.38,,-11,-14.23,-9,,,,,,,36,30/08/01,7,2
Iowa,Kent,27,28.27,22.41,29.53,37.2,10.44,26.8,34.56,,21,37.6,23,22.2,20.5,,15.5,29.25,34,,,,,,26.65,27,,26,22.8,38.3,,,,,,,0,01/09/01,51,2
Kentucky,Louisville,-2,3.86,-5.92,-2.41,-8.3,-6.86,-18.75,-9.32,,-13,-5.2,-3,-11.23,-5.5,,-21,-9.28,-10,,,,,,-8.56,-13.27,,-8,-0.27,-8.7,,,,,,,36,01/09/01,10,2
LSU,Tulane,21,16.44,14.23,18.05,16.9,10.44,36.32,22.75,,21,16.4,24,27.45,16,,14,22.54,15,,,,,,19.22,18.76,,17,18.88,27.2,,,,,,,17,01/09/01,48,2
Louisiana Tech,SMU,4,6.79,3.41,6.06,5.6,9.4,1.85,9.42,,10,-12.2,6,7.6,12.5,,9,13.94,8,,,,,,7.1,1.72,,10,12.6,13.3,,,,,,,6,01/09/01,36,2
Maryland,North Carolina,-3,-2.6,-1.96,-3.56,-0.5,4.66,19.36,-0.18,,-9,2,4,-1.35,0.5,,4.5,-2.58,1,,,,,,0.14,-2.52,,1,-5.91,-1.1,,,,,,,7,01/09/01,23,2
Michigan,Miami (Ohio),24.5,26.18,21.76,27.08,36.3,20.37,32.96,40.06,,24,36.3,25,25.6,21.5,,19,30.43,39,,,,,,27.55,27.04,,32,3.22,41.2,,,,,,,13,01/09/01,31,2
Mississippi St.,Memphis,16.5,20.62,19.77,18.36,19.6,17.58,25.72,14.3,,21,15.9,18,18.4,17.5,,23.5,18.74,18,,,,,,18.74,12.64,,20,17.11,19.3,,,,,,,10,02/09/01,30,2
Missouri,Bowling Green,14.5,16.69,18.45,17.8,16.5,9.72,5.38,13.71,,11,31.1,11,17.5,13,,5.5,16.29,19,,,,,,14.4,11.63,,24,-2.11,20.8,,,,,,,20,01/09/01,13,2
Nebraska,Troy St.,53,33.49,33.44,41.51,34.7,47.5,36.25,,,47,64.6,32,37.13,38,,26.5,40.14,38,,,,,,38.78,34.38,,36,39.11,47,,,,,,,14,01/09/01,42,2
New Mexico,UTEP,2.5,1.32,-2.97,3.19,-6.2,0.89,-4.97,-4.96,,-6,-2.7,5,-3.3,0.5,,4.5,1.63,-2,,,,,,-1.12,-8.05,,-1,4.39,-0.5,,,,,,,6,01/09/01,26,2
North Texas,TCU,-20.5,-22.94,-13.45,-19.24,-26.8,-15.62,-1.7,-31.29,,-29,-25.7,-9,-16.08,-14,,-18,-32.37,-33,,,,,,-21.55,-19.59,,-11,-26.82,-35.4,,,,,,,19,01/09/01,5,2
Northern Ill.,South Florida,21,11.89,9.65,14.58,10.9,20.44,13.84,27.55,,18,22.4,17,28,9,,28.5,25.65,15,,,,,,18.19,12.85,,25,19.29,16.1,,,,,,,17,30/08/01,20,2
Oregon,Wisconsin,9,7.6,8.84,7.81,8.6,0.3,-19.25,6.82,,17,7.2,8,14,4,,14.5,6.41,6,,,,,,7.34,5.48,,14,5.61,9.9,,,,,,,28,01/09/01,31,2
Penn St.,Miami (Fla.),-12.5,-8.04,-13.29,-15.85,-19.6,-8.49,-32.05,-20.31,,-27,-15.2,-12,-18.3,-8.5,,-19.5,-20.01,-21,,,,,,-18.75,-16.09,,-21,-31.22,-23.5,,,,,,,33,01/09/01,7,2
San Diego St.,Arizona,-2,-7.41,-1.84,-11.42,-22.8,-6.17,-5.43,-6.52,,-4,-5.7,6,-0.7,-5.5,,-5,-12.62,-10,,,,,,-5.46,-6.51,,7,6.03,-9.7,,,,,,,23,30/08/01,10,2
South Carolina,Boise St.,19.5,5.16,10.37,8.99,8.9,0.37,14.05,8.98,,1,12.1,18,12.8,1,,-6.5,3.42,5,,,,,,7.72,2.43,,18,23.75,5.6,,,,,,,13,01/09/01,32,2
Southern Miss.,Oklahoma St.,10,15.49,9.43,12.08,11.2,13.68,23.72,12.04,,24,8.8,18,11.5,17,,22,21.91,13,,,,,,15.57,7.13,,16,17.05,16.3,,,,,,,9,01/09/01,17,2
Temple,Navy,15,6.59,17.15,8.29,15.4,3.87,30.49,18.14,,18,2.6,25,18.8,6.5,,8,11.48,20,,,,,,15.61,21.94,,17,28.74,18.5,,,,,,,26,30/08/01,45,2
Tennessee,Syracuse,13,16.39,12,9,8.8,10.25,20.2,8.71,,8,12.2,15,20.1,15,,18.5,14.2,10,,,,,,13.47,-1.17,,24,24.49,12.8,,,,,,,9,01/09/01,33,2
Texas,New Mexico St.,35,29.25,31.01,30.99,34,20.47,14.4,40.64,,28,35.1,30,42.02,28.5,,24.5,33.52,42,,,,,,31.83,29.7,,35,33.38,40.2,,,,,,,7,01/09/01,41,2
Toledo,Minnesota,5,2.35,6.04,9.3,12.1,0.39,17.51,13.27,,23,-9.1,8,13,7.5,,16,7.95,6,,,,,,9.64,13.72,,7,7.56,12.2,,,,,,,7,30/08/01,38,2
USC,San Jose St.,16,18.22,10.81,14.78,12.1,14.87,21.68,18,,2,10.9,16,6.9,14,,5.5,10.82,14,,,,,,12.78,6.78,,20,11.6,19.6,,,,,,,10,01/09/01,21,2
Utah,Utah St.,11,14.77,8.81,12.59,15.6,13.45,6.16,16.72,,6,24.4,10,7.3,12.5,,8,15.84,21,,,,,,12.01,7.01,,11,-2.49,19.5,,,,,,,19,01/09/01,23,2
Vanderbilt,Middle Tenn.,7.5,15.69,6.42,16.07,8.9,4.22,5.7,18.2,,-1,27,10,5,7,,-2,10.13,10,,,,,,9.46,3.71,,7,16.05,11.7,,,,,,,37,30/08/01,28,2
Virginia Tech,Connecticut,46,47.41,38.33,41.61,54.2,44.43,55.89,57.2,,46,65.6,36,35.3,39,,50.5,53.35,54,,,,,,47.61,35.39,,44,53.24,60.8,,,,,,,10,01/09/01,52,2
Arizona,Idaho,19,19.25,23.74,21.07,19.8,18.37,54.73,26.97,,23,25.7,18,19.88,18.5,,,24.96,24,,,,,,22.28,20.73,,14,27.59,29.5,,,,,,,29,08/09/01,36,3
Arizona St.,San Diego St.,7,13.41,12.48,15.02,29.6,8.69,-13.63,9.39,,17,12.9,8,7.67,14,,,11.1,18,,,,,,13.01,16.81,,3,9.54,15.6,,,,,,,7,08/09/01,38,3
Arkansas,Tennessee,-13,-9.6,-11.04,-8.33,-9.7,-6.97,20.12,-12.12,,-9,-10.5,-2,-13.12,-6,,,-9.16,-8,,,,,,-10.15,-6.77,,-15,-15.28,-14.1,,,,,,,13,08/09/01,3,3
Army,Cincinnati,-5,-7.19,-10.09,-8.41,-14.1,-9.22,-2.67,-14.79,,-16,-6.9,-0.25,-9.43,-6.5,,,-10.68,-15,,,,,,-9.63,-12.39,,-7,-2.73,-13.1,,,,,,,24,08/09/01,21,3
Auburn,Mississippi,6.5,7.18,1.79,8.21,8.8,3.23,2.27,8.49,,11,7.8,10,6.75,5.5,,,5.28,8,,,,,,7.43,7.78,,11,5.68,9.3,,,,,,,21,08/09/01,27,3
Baylor,Arkansas St.,7.5,5.98,8.23,9.03,-11.5,-4.82,-2.66,-2.16,,-5,9.6,11,11.2,6,,,-2.07,-1,,,,,,1.61,-0.59,,0.5,-4.39,-2.7,,,,,,,3,08/09/01,24,3
Boise St.,Washington St.,-4.5,-0.92,-7.18,-1.36,5.3,6.9,-23.54,7.58,,7,6.6,-5,-3.15,5.5,,,9.67,13,,,,,,1.25,-4.04,,-4,-8.48,8.1,,,,,,,41,08/09/01,20,3
Bowling Green,Buffalo,22.5,25.89,22.09,24.36,21.7,16.33,55.78,25.87,,25,19,22,30.74,21,,,31.8,18,,,,,,23.53,23.12,,15,31.96,26.1,,,,,,,0,08/09/01,35,3
California,BYU,-3,-3.36,-16.3,-2.37,-13.4,-2.8,-9.23,-3.2,,-16,5.4,5,-17.08,-8,,,-8.37,8,,,,,,-6.38,-13.62,,-0.5,6.28,-8.5,,,,,,,44,08/09/01,16,3
Colorado,San Jose St.,15.5,15.99,16.67,16.88,17.1,12.39,43.98,25.08,,19,14.1,20,17.16,16,,,18.45,18,,,,,,18.05,16.34,,19,21.32,26.4,,,,,,,15,08/09/01,51,3
Colorado St.,Nevada,27,21.17,12.22,23.89,23.7,20.19,24.97,26.68,,17,28.2,16,12.24,25,,,29.96,34,,,,,,23.03,16.09,,23,22.6,34.6,,,,,,,18,08/09/01,35,3
Florida,Louisiana-Monroe,57,51.57,55.72,54.53,63.4,41.17,85.68,56.54,,53,60.2,35,62.15,35,,,61.41,54,,,,,,54.19,51.16,,57,64.24,68.4,,,,,,,6,08/09/01,55,3
Florida St.,UAB,27,37.75,23.02,37.41,33.6,28.03,33.55,28.81,,18,37.7,19,19.7,27,,,38.61,38,,,,,,27.65,30.14,,17,9.12,39.8,,,,,,,7,08/09/01,29,3
Georgia,South Carolina,-1.5,8.73,0.92,5.33,1.8,7.92,11.5,1.67,,-10,5.2,5,3.15,11.5,,,1.53,6,,,,,,2.62,-0.38,,0,-7.69,-3.5,,,,,,,14,08/09/01,9,3
Illinois,Northern Ill.,20,18.61,19.85,17.3,15.3,10.53,7.6,22.21,,17,25.6,17,28.09,12,,,19.53,10,,,,,,17.71,18.95,,14,23.28,17.6,,,,,,,12,08/09/01,17,3
Iowa,Miami (Ohio),14,0.54,12.7,10.19,23.3,1.25,50.45,23.03,,1,18.8,13,13.95,2,,,12.61,20,,,,,,12.57,14.67,,18,5.97,22.6,,,,,,,19,08/09/01,44,3
Kansas,UCLA,-13,-12.98,-14.54,-10.13,-7.6,-2.64,27.82,-11.62,,-7,-7,-8,-12.8,-5,,,-6.92,-5,,,,,,-8.93,-5.77,,-14,-11.86,-9.9,,,,,,,41,08/09/01,17,3
Kentucky,Ball St.,13,13.1,9.99,11.42,11.8,7.85,25.58,11.49,,-5,28.1,10,2.95,14,,,13.17,16,,,,,,11.01,2.32,,10,23.9,14.1,,,,,,,20,08/09/01,28,3
LSU,Utah St.,23,19.06,24.27,20.02,29.9,16.58,48.47,28.3,,13,31.4,21,25.2,19.5,,,20.78,27,,,,,,21.5,11.13,,0.5,17.23,30.2,,,,,,,14,08/09/01,31,3
Maryland,Eastern Mich.,23,22.97,32.33,25.43,32.9,15.46,4.26,30.15,,32,31.7,17,32.44,12.5,,,26.17,26,,,,,,26.1,28.18,,19,32.18,33.4,,,,,,,3,08/09/01,50,3
Miami (Fla.),Rutgers,44,41.17,34.39,41.48,49.2,42.45,15.27,48.54,,40,40.8,33,38.58,34,,,50.5,44,,,,,,42.09,36.69,,33,56.27,55.6,,,,,,,0,08/09/01,61,3
Michigan St.,Central Mich.,29,33.18,21.7,26.31,27.2,21.81,-52.03,30.03,,24,38.1,20,21.12,19.5,,,38.12,35,,,,,,26.73,23.3,,19,29.6,34.1,,,,,,,21,08/09/01,35,3
Middle Tenn.,Troy St.,14,-3.09,8.84,4.39,13.8,12.48,25.99,,,9,26.4,14,15.47,13.5,,,5.96,9,,,,,,11.61,28.04,,16,0.73,11.2,,,,,,,17,08/09/01,54,3
Minnesota,Louisiana-Lafaye,23.5,31.29,16.95,25.06,26.6,22.41,-19.06,25.34,,24,40.7,19,20.87,19.5,,,31.71,36,,,,,,24.49,20.61,,0.5,32.87,28.4,,,,,,,14,08/09/01,44,3
NC St.,Indiana,6,11.14,9.16,9.68,10.6,11.96,11.34,8.32,,19,8.1,11,11.9,16,,,9.82,8,,,,,,11.21,6.25,,13,15.01,10.8,,,,,,,14,06/09/01,35,3
Navy,Georgia Tech,-24,-19.96,-23.56,-24.41,-26.1,-17.21,-34.69,-29.87,,-24,-23.5,-21,-24.6,-22.5,,,-28.74,-33,,,,,,-26.04,-32.51,,-28,-35.97,-22.8,,,,,,,70,08/09/01,7,3
Nebraska,Notre Dame,14,11.89,9.69,14.24,11.8,17.48,77.21,17.85,,1,12.5,12,10.93,18.5,,,17.11,13,,,,,,14.22,12.18,,21,16.45,21.4,,,,,,,10,08/09/01,27,3
New Mexico St.,Oregon St.,-16.5,-16.17,-12.26,-18.25,-33.8,-16.79,-0.95,-29.28,,-9,-31.6,-11,-9.53,-16,,,-18.88,-28,,,,,,-18.4,-13.94,,-0.5,-19.34,-23.8,,,,,,,27,08/09/01,22,3
Ohio St.,Akron,22,28.89,17.22,26.17,12.1,16.12,-46.51,19.29,,13,33.6,17,15.92,21,,,26.65,26,,,,,,20.63,16.77,,19,21.76,22.9,,,,,,,14,08/09/01,28,3
Oklahoma,North Texas,42,38.54,37.03,39.88,47,35.22,66.57,52.62,,33,52.3,32,44,31.5,,,47.74,49,,,,,,39.84,35.05,,0.5,43.58,52.2,,,,,,,10,08/09/01,37,3
Oklahoma St.,Louisiana Tech,8.5,8.65,4.08,8.82,12.6,2.55,-12.39,7.51,,11,19.7,1,10.98,0.5,,,8.64,14,,,,,,7.54,5.25,,0.5,1.85,10.5,,,,,,,23,08/09/01,30,3
Oregon,Utah,16,19.25,22.6,15.99,20.9,13.06,16.07,16.91,,15,17.9,17,19.65,18,,,15.51,15,,,,,,18.71,15.2,,28,28.88,20.9,,,,,,,10,08/09/01,24,3
Pittsburgh,South Florida,21.5,19.18,23.15,24.12,14.8,25.06,80.34,38.7,,14,45.1,21,29.15,15,,,23.05,25,,,,,,24.64,14.91,,29,24.75,26.5,,,,,,,35,08/09/01,26,3
Rice,Duke,9.5,7.44,11.06,10.24,7.2,24.15,43.67,10.08,,11,7.1,17,17.14,15.5,,,12.69,11,,,,,,11.86,13.97,,10,7.7,8.3,,,,,,,13,08/09/01,15,3
SMU,TCU,-13,-13.44,-19.54,-16.65,-30,-18.24,-16.76,-23.16,,-21,-22,-4,-18.22,-11.5,,,-27.33,-32,,,,,,-19.22,-21.93,,-11,-29.14,-10.9,,,,,,,38,08/09/01,10,3
Stanford,Boston College,5.5,4.91,-0.33,1.81,1.3,-0.77,-55.7,1.62,,-3,7,11,2.55,3,,,-3,1,,,,,,1.29,2.45,,0,7.45,-1.8,,,,,,,22,08/09/01,38,3
Syracuse,Central Florida,7.5,11.93,7.46,10.34,7.4,12.14,27.03,9,,4,20,11,9.33,6,,,9.92,14,,,,,,9.45,4.77,,14,2.45,8.3,,,,,,,10,08/09/01,21,3
Temple,Toledo,-10,-10.19,-8.24,-12.57,-16.9,-8.13,9.23,-11.93,,-20,-3.3,4,-8.4,-11,,,-16.65,-9,,,,,,-11.11,-19.29,,0,-20.96,-15.5,,,,,,,33,08/09/01,7,3
Texas,North Carolina,22.5,12.96,19.48,15.19,16.8,20.79,34.06,21,,9,16.4,21,24.6,19.5,,,19.11,22,,,,,,20.25,21.33,,28,25.02,24.3,,,,,,,14,08/09/01,44,3
Texas Tech,New Mexico,12.5,11.24,3.22,8.83,8.8,7.6,-45,11.82,,3,13.5,9,3.16,8.5,,,8.17,18,,,,,,8.79,2.09,,11,5.85,15.7,,,,,,,30,08/09/01,42,3
Tulane,East Carolina,-9.5,-3.54,-7.71,-5.53,-3.6,-10.55,22.43,-9.75,,1,-7.9,-10,-4.21,-5.5,,,-9.72,-6,,,,,,-6.71,-3.23,,-0.5,-19.83,-4.2,,,,,,,51,08/09/01,24,3
UNLV,Northwestern,-3,-7.72,-4.78,-3.13,-4.2,-0.68,31.04,-6.13,,-1,-2.9,-4,-0.15,-3,,,-3.34,-11,,,,,,-3.58,-4.27,,0.5,-6.18,-3.5,,,,,,,37,07/09/01,28,3
USC,Kansas St.,-3.5,-14.11,-2.78,-6.91,-14.6,-15.2,61.62,-9.06,,-14,-9.5,-1,-4.07,-11.5,,,-16.41,-13,,,,,,-8.52,-5.37,,-0.5,7.22,-15.5,,,,,,,10,08/09/01,6,3
Vanderbilt,Alabama,-10.5,-12.85,-12.57,-13.44,-4.7,-6.37,-3.42,-5.35,,1,-3.3,-2,-9.38,-7,,,-10.46,-3,,,,,,-7.31,-5.56,,-15,-10.93,-2.6,,,,,,,12,08/09/01,9,3
Virginia Tech,Western Mich.,15.5,19.09,11.25,19.01,16.6,24.47,-7.13,21.9,,4,31.1,21,14.75,18,,,17.31,17,,,,,,16.77,8.78,,19,10.74,13.8,,,,,,,0,08/09/01,31,3
Washington,Michigan,3,4.4,4.26,4.33,6.9,1.4,-51.28,4.55,,15,6.4,4,5.8,2,,,3.74,-1,,,,,,3.87,3.5,,-3,-7.09,8.5,,,,,,,18,08/09/01,23,3
West Va.,Ohio,5,13.77,4.43,12.42,9.2,3.41,22.63,8.59,,4,21.8,7,4.72,9.5,,,6.78,10,,,,,,7.42,3.41,,10,2.14,9.4,,,,,,,3,08/09/01,20,3
Wisconsin,Fresno St.,4,11.67,-1.35,5.6,6,11.61,-2.17,4.36,,-5,9.8,2,-1.78,8.5,,,5.97,13,,,,,,4.71,-3.55,,3,3.51,1.5,,,,,,,32,08/09/01,20,3
Wyoming,Texas A&M,-15,-13.14,-8.93,-19.7,-21.5,-17.59,2.83,-27.76,,-25,-21.8,-11,-10.66,-10.5,,,-26.98,-32,,,,,,-18.97,-25.4,,-14,-23,-22.5,,,,,,,28,06/09/01,20,3
Alabama,Arkansas,9,3.13,-1.14,4.45,1.7,7.46,17.15,5.2,,2,-0.8,3,3.52,3.5,3.22,2.5,9.1,6,,3.82,,,,4.25,-0.85,-0.81,0.5,14.18,3.5,,,,,,,10,22/09/01,31,5
Arizona,UNLV,2.5,15.57,8.02,14.23,1.3,12.3,69.4,5.48,,1,15.1,14,1.24,19.5,28.14,-16,8.41,12,,16.72,,,,11.14,7.67,6.9,0.5,8.59,4.8,,,,,,,21,22/09/01,38,5
Baylor,New Mexico,-6,-4.61,-1.16,-6.47,-7.7,-8.26,50.45,-9.02,,-4,-6,-2,-6.25,-4.5,8.84,-20,-10.46,-11,,5.86,,,,-4.59,-19.52,-3.6,1,-22.63,-9.6,,,,,,,13,22/09/01,16,5
Boise St.,UTEP,5.5,10.6,4.05,7.16,8.7,1.25,-13.25,7.79,,6,5.8,2,7.2,3.5,3.75,-12,12.37,11,,4,,,,4.61,5.25,9.28,0,5.99,10.3,,,,,,,17,22/09/01,42,5
Bowling Green,Temple,1.5,2.74,1.47,3.63,1.3,4.14,33.93,-3.45,,14,-5.5,0.25,5.6,8,13.09,15.5,1.92,-4,,14.71,,,,5.04,5.15,-0.66,-1,7.6,0.2,,,,,,,23,22/09/01,42,5
Central Mich.,Toledo,-27,-16.01,-24.9,-21.28,-34.5,-18.88,-27.74,-35.74,,-14,-19.2,-14,-22.59,-17,-21.87,-30.5,-31.25,-31,,-15.5,,,,-23.63,-30.96,-23.58,-0.5,-27.43,-33.3,,,,,,,52,22/09/01,28,5
Clemson,Virginia,12,3.66,11.49,11.44,13.1,14.68,44.36,13.08,,10,9.9,15,13.43,10.5,19.69,12,14.59,17,,18.07,,,,14.45,11.02,9.94,14,17.28,15.7,,,,,,,26,22/09/01,24,5
Colorado,Kansas,24.5,16.94,20.58,18.64,21.2,15.65,18.99,24.62,,26,10.6,23,25.26,16,16.26,19,26.06,23,,9.61,,,,19.29,16.26,10.07,0.5,25.24,29.5,,,,,,,16,22/09/01,27,5
Colorado St.,San Diego St.,7,8.75,9.64,12.8,24.4,14.3,40.53,11.23,,15,10.9,10,3.01,17.5,13.26,13,10.23,8,,7.21,,,,12.88,9.22,11.9,10,5,10.6,,,,,,,14,22/09/01,7,5
Connecticut,Buffalo,8.5,13.2,9.83,9.2,5.3,2.74,11.18,6.11,,27,4.2,15,14.74,12.5,9.83,12,15.55,8,,5.5,,,,10.16,9.21,6.98,0.5,11.51,8.8,,,,,,,37,22/09/01,20,5
Duke,Northwestern,-17,-9.15,-14.93,-12.9,-21.4,-21.29,-32.54,-21.66,,-24,-11.6,-16,-20.88,-14,-13.08,-13.5,-18.72,-27,,-4.97,,,,-18.61,-20.55,-18.77,-16,-17.99,-18.5,,,,,,,44,22/09/01,7,5
Houston,Texas,-30.5,-17.45,-25.08,-24.36,-31.8,-19.63,-47.93,-34.82,,-37,-25.7,-17,-30.68,-18,-13.11,,-28.61,-31,,-3.71,,,,-27.92,-27.71,-26.27,-26,-33.33,-34.9,,,,,,,53,22/09/01,26,5
Illinois,Louisville,3.5,3.86,4.15,-1.09,7.9,0.98,4.11,-0.96,,-1,1.9,6,2.17,-1.5,5.12,-1.5,-0.26,,,6.37,,,,2.16,2.66,-0.74,0,4.47,6.1,,,,,,,10,22/09/01,34,5
Indiana,Utah,3.5,-0.67,-3.87,-0.84,-1.2,-6.56,-7.19,-0.21,,1,-0.1,6,0.23,-3.5,-5.61,-3.5,-3.25,5,,-0.35,,,,-0.89,3.87,5.12,0,3.56,-1.9,,,,,,,28,22/09/01,26,5
Kansas St.,New Mexico St.,26,31.75,27.55,31.69,33,29.01,79.09,28.92,,12,37.7,27,27.71,34,28.14,32,34.81,38,,24.34,,,,30.57,23.5,36.33,0.5,17.84,32,,,,,,,0,22/09/01,64,5
Kentucky,Florida,-31.5,-16.65,-21.67,-24.75,-28.9,-25.71,-25.91,-25.85,,-16,-23.3,-17,-33.49,-22,-10.18,-29,-26.39,-35,,-7.25,,,,-23.94,-21.27,-16.62,-19,-23.45,-28.5,,,,,,,44,22/09/01,10,5
Louisiana-Lafaye,Southern Miss.,-23,-26.95,-31.9,-28.49,-30.5,-20.9,9.77,-32.49,,-14,-33.9,-15,-25.56,-22,-18.64,-35.5,-30.77,-32,,-20.57,,,,-23.86,-15.46,-19.55,-17,-33.68,-31.5,,,,,,,35,22/09/01,10,5
Louisiana-Monroe,Middle Tenn.,-21,-10.45,-24.87,-15.51,-36.2,-14.97,-56.14,-18.58,,-19,-9.4,-16,-30.27,-14,-13.95,-13,-27.65,-28,,-5.6,,,,-22.13,-31.11,-15.34,-11,-23.43,-35.8,,,,,,,38,22/09/01,20,5
Memphis,South Florida,7,9.46,4.75,8.77,-1.1,3.59,26.24,21.36,,-5,22.4,9,6.18,5.5,-2.99,7.5,6.9,14,,-0.32,,,,7.87,1.48,10.14,1,11.5,4.6,,,,,,,9,22/09/01,17,5
Miami (Ohio),Cincinnati,-3,3.01,-1.99,-1.25,-8.8,-4.09,-17.41,-11.4,,4,-7.8,0.25,-0.38,1.5,-10.59,-5.5,-3.71,-10,,-3.74,,,,-4.8,-7.17,-5.19,-1,-6.25,-7,,,,,,,14,22/09/01,21,5
Michigan,Western Mich.,15.5,18.23,14.84,18.07,13.8,13.9,10.51,17.73,,5,26.4,13,8.9,13.5,8.68,1,15.88,,,5.89,,,,13.67,6.95,18.93,17,17.22,15.6,,,,,,,21,22/09/01,38,5
Mississippi St.,South Carolina,3,4.6,4.76,1.89,-4.6,8.72,5.37,-4.06,,1,1.5,5,3.03,8,-2.5,7,0.9,1,,8.02,,,,1.83,-2.03,-2.53,0.5,6.42,-5.7,,,,,,,16,20/09/01,14,5
Navy,Boston College,-21,-16.73,-23.03,-20.22,-26.8,-20.9,-21.22,-22.35,,-33,-15.1,-17,-18.95,-16,-11.81,,-28.73,-23,,-6.05,,,,-22.17,-28.87,-17.58,-16,-27.91,-32.4,,,,,,,38,22/09/01,21,5
Nebraska,Rice,35.5,27.23,24.27,35.37,36.8,26.29,31.74,37.16,,30,32.5,21,27.87,25.5,8.54,31,35.66,,,8.89,,,,28.69,27.05,33.15,0.5,39.93,42.9,,,,,,,3,20/09/01,48,5
Nevada,Hawaii,-7,3.35,-22.2,-4.92,-22.1,-7.79,-48.14,-12.66,,1,-4.5,-0.25,-15.16,-0.5,-10.63,,-7.34,,,-0.5,,,,-10.78,-3.93,-3.44,-8,-17.85,-19.7,,,,,,,20,22/09/01,28,5
North Carolina,Florida St.,-17,-15.29,-19.27,-24.58,-24.6,-27.95,-55.97,-20.72,,-14,-25.8,-18,-16.41,-26.5,-21.51,-26,-26.83,-27,,-11.6,,,,-22.78,-24.17,-8.87,-16,-11.94,-25.7,,,,,,,9,22/09/01,41,5
North Texas,Texas Tech,-18,-10.16,-22.4,-17.78,-14.7,-12.32,-68.02,-19.32,,-8,-23.6,-10,-13.55,-15,-19.5,-24,-14.28,,,-22.52,,,,-18.51,-14.41,-13.95,-12,-20.1,-17.1,,,,,,,42,22/09/01,14,5
Notre Dame,Michigan St.,8.5,14.69,1.52,12.8,12.5,-1.86,-34.82,13.75,,14,17,8,12.35,6,-10.03,-4.5,16.52,13,,-19.4,,,,6.41,11.22,17.75,0.5,5,11.7,,,,,,,17,22/09/01,10,5
Ohio,Iowa St.,2,-1.83,-19,-6.69,-14.3,-7.33,-60.51,-8.82,,-7,-17.7,1,-8.15,-4,-14.59,12.5,-3.4,-4,,-2,,,,-9.73,-6.78,-17.57,-3,0.2,-13.4,,,,,,,31,22/09/01,28,5
Oregon,USC,6.5,9.56,13.49,7.3,14.1,13.1,38.2,11.93,,10,21,11,8.11,15.5,19.98,28,8.46,14,,19,,,,13.98,10.43,18.73,0.5,11.76,11.5,,,,,,,22,22/09/01,24,5
Penn St.,Wisconsin,2.5,3.17,-6.07,1.02,-0.2,-9.97,-16.51,2.94,,1,-0.7,2,-4.17,-0.5,-1.51,-9.5,-0.08,-1,,-1.25,,,,-3.2,-4.14,-3.23,-4,-15.61,3.6,,,,,,,18,22/09/01,6,5
Purdue,Akron,18,18.79,16.1,20.85,17.6,15.49,45.73,23.1,,14,31.9,20,16.83,20,15.63,23.5,23.53,25,,23.32,,,,21.1,17.77,25.16,23,15.35,20.9,,,,,,,14,22/09/01,33,5
Rutgers,Virginia Tech,-27.5,-19.54,-24.89,-28.88,-37.9,-33.01,-28.4,-33.03,,-22,-28.1,-24,-28.64,-28.5,-9.54,-41.5,-36.92,-29,,-6.35,,,,-28.98,-20.7,-21.36,-19,-43.84,-38.7,,,,,,,50,22/09/01,0,5
SMU,NC St.,-16,-13.06,-28.7,-16.43,-26.5,-15.95,-49.68,-24.12,,-12,-19.5,-12,-25.51,-14.5,-20.98,-22.5,-23.33,-19,,-12.65,,,,-20.51,-15.92,-18.05,-0.5,-24.82,-27.7,,,,,,,26,22/09/01,17,5
Stanford,Arizona St.,3.5,5.64,12.47,2.94,12.5,4.32,5.92,9.16,,22,7.1,12,3.22,4.5,7.56,12.5,4.22,4,,18.52,,,,7.23,4.91,8.09,0.5,3.12,9.5,,,,,,,28,22/09/01,51,5
Syracuse,Auburn,1.5,4.11,-1.98,-0.29,-2.1,-1.19,-22.57,-0.54,,7,-9,1,2.57,-2.5,-12.23,11.5,3.15,-1,,-8.78,,,,-1.48,-3.23,-4.65,0,5.31,0.1,,,,,,,14,22/09/01,31,5
Texas A&M,Oklahoma St.,10.5,9.47,8.25,14.49,9.5,16.83,37.96,7.77,,6,17.1,13,10.33,17,9.09,18,19.23,14,,16.81,,,,14.25,14.43,16.56,14,10.92,9.5,,,,,,,7,22/09/01,21,5
Tulane,Central Florida,-6.5,-1.98,-3.11,-5.57,-7.2,-3.35,16.23,-3.19,,-13,4.7,2,-12.28,-0.5,3.28,-2,-13.03,-14,,6.01,,,,-3.42,-10.13,2.97,1,-2.9,-9.8,,,,,,,36,22/09/01,29,5
Tulsa,Fresno St.,-13.5,-21.27,-19.73,-14.67,-20.7,-9.12,-3.6,-16.68,,-20,-17,-14,-18.58,-14,-17.9,-27.5,-19.45,-18,,-16.13,,,,-17.25,-17.29,-26.45,-24,-18.04,-13.6,,,,,,,37,22/09/01,18,5
UAB,Army,16,12.53,17.29,13.23,18.2,17.46,40.64,18.46,,24,12.4,17,16.95,16.5,6.97,28,19.83,15,,10,,,,17.79,15.98,16.78,17,13.21,16.2,,,,,,,3,22/09/01,55,5
UCLA,Ohio St.,6.5,5.16,5.34,3.49,3.9,-0.66,25.51,2.95,,15,1.5,10,10.72,2.5,7.62,7,2.99,-5,,2.92,,,,4.49,-1.24,-2.46,0.5,4.13,2.9,,,,,,,6,22/09/01,13,5
Utah St.,Wyoming,4.5,4.39,-0.37,5.18,8.1,4.05,-18.72,10.66,,13,-2.1,9,7.53,1,-2.73,-1.5,9.68,10,,-0.5,,,,4.48,19.63,7.22,0,0.59,9.5,,,,,,,43,22/09/01,42,5
Wake Forest,Maryland,-7,0.9,-6.16,-4.82,-8.3,-4.94,10.29,-8.7,,1,-4.5,3,-2.7,0,2.09,4.5,-6.19,-9,,14.44,,,,-3.14,-8.84,-7.84,-1,-0.73,-8.2,,,,,,,27,22/09/01,20,5
Washington,Idaho,23.5,24.8,29.3,26.8,35.6,26.13,80.95,34.99,,13,44.7,25,24.62,27.5,24.29,27,28.49,33,,25.15,,,,29.98,28.25,34.64,0.5,22.25,39.7,,,,,,,3,22/09/01,53,5
Washington St.,California,13.5,14.64,21.98,15.73,21.7,15.56,55.86,12.57,,34,6.3,16,31.22,15.5,23.56,18,20.19,15,,15.85,,,,19.48,15.94,8.57,13,10.81,18.5,,,,,,,20,22/09/01,51,5
West Va.,Kent,27.5,28.63,18,30.16,36.6,18.99,16.63,35.88,,25,37.1,19,18.74,24,6.17,15.5,38.3,36,,3.4,,,,26.83,21.3,31.18,20,52.2,38,,,,,,,14,22/09/01,34,5
Akron,Kent,16.5,30.31,13.62,17.4,25.8,13.09,,22.89,,,14.6,16,15.02,18,8.98,6,27.17,,,5.53,,,,17.62,19.65,14.87,11,,25.1,,,,,,,10,29/09/01,14,6
Arizona,Washington St.,-2.5,-2.56,-0.86,1.6,-4.3,1.69,,0.63,,-7,7,2,-8.1,9.5,1.44,2.5,-4.43,-5,,2.47,,,,-0.28,1.93,5.05,1,1.68,-2.7,,,,,,,48,29/09/01,21,6
Arizona St.,San Jose St.,14.5,17.68,21.75,14.36,16.4,21.87,,16.93,,12,15.3,18,19.01,16.5,22.68,16.5,17.68,28,,18.22,,,,18.07,12.88,16.07,14,17.75,21.2,,,,,,,15,29/09/01,53,6
Ball St.,Miami (Ohio),-7,-17.69,-11.66,-5.79,-8.1,-5.35,,-0.59,,-9,-6.2,-3,-6.17,-10,-10.67,-16,-7.21,-2,,-2.99,,,,-6.76,2.38,-9.91,-2,1.51,-7.8,,,,,,,28,29/09/01,20,6
Boston College,Army,24,36.51,32.22,23.54,27,38.17,,26.65,,23,23.2,27,32.25,26,32.25,35,29.65,22,,20.44,,,,28.95,24.63,26.97,28,25.74,30.1,,,,,,,10,29/09/01,31,6
Buffalo,Central Mich.,-7,-14.23,-4.84,-7.95,-4.7,2.3,,-5.77,,-4,-6.1,-6,-5.46,-5.5,5.53,-18,-7.62,-14,,3.58,,,,-6.67,-3.31,0.09,-1,-21.24,-11.6,,,,,,,16,29/09/01,8,6
California,Washington,-14.5,-33.34,-25.16,-18.41,-28.3,-31.22,,-23.05,,-19,-28.9,-15,-24.14,-22,-24.72,-26,-26.78,-21,,-17.06,,,,-23.58,-16.38,-21.39,-13,-8.95,-30.4,,,,,,,31,29/09/01,28,6
Eastern Mich.,Western Mich.,-23.5,-38.67,-13.24,-21.52,-32.2,-7.53,,-16.58,,-2,-13.4,-11,-20.46,-12.5,10.17,-16,-21.21,-31,,5.5,,,,-17.88,-23.56,-13.33,-7,-33.31,-33.2,,,,,,,31,29/09/01,10,6
Florida,Mississippi St.,17,17.92,6.94,16.4,15.5,16.19,,15.96,,12,16.5,15,22.54,18,14.56,9.5,14.73,13,,6.1,,,,14.83,12.39,6.69,17,12.91,13.8,,,,,,,0,29/09/01,52,6
Florida St.,Wake Forest,26,22.52,6.31,30.07,9.7,21.82,,26.21,,5,24.2,15,5.86,24,1.01,2.5,29.85,35,,-2.03,,,,18.44,33.58,18.09,19,16.4,19.2,,,,,,,24,29/09/01,48,6
Fresno St.,Louisiana Tech,21.5,33.15,28.04,19.17,32.8,22.97,,18.79,,20,32.9,26,25.25,23,34.49,45.5,23.8,26,,30.64,,,,28.07,24.75,35.28,28,15.78,45.8,,,,,,,28,29/09/01,38,6
Georgia,Arkansas,10.5,-5.62,9.03,11.66,20.3,17.69,,17.69,,9,12.7,8,11.16,9,10.56,10,15.77,10,,10.84,,,,11.53,7.39,15.16,0.5,9.63,19.6,,,,,,,23,29/09/01,34,6
Georgia Tech,Clemson,11,20.65,14.91,6.98,13.4,17.31,,12.66,,23,14.2,18,16.76,14,19.82,21.5,15.22,9,,18.19,,,,14.48,8.23,8.38,0.5,13.9,16.6,,,,,,,47,29/09/01,44,6
Hawaii,Rice,3,-7.32,-0.95,1.5,6,-1.43,,0.9,,2,-4.3,0.25,7.27,-2.5,-17.17,-2,-0.2,8,,-5.78,,,,-0.14,-1.28,-7,-1,12.07,4.4,,,,,,,27,29/09/01,24,6
Houston,TCU,-6.5,-9.72,-5.9,-10.38,-3,-16.85,,-17.61,,-18,-11.9,-3,-7.8,-8.5,-14.39,-1,-21.25,-16,,-1.49,,,,-11.91,-18.2,-17.54,-7,-15.36,-6.8,,,,,,,34,29/09/01,17,6
Idaho,Boise St.,-11.5,1.47,-5.03,-3.41,-14.8,-8.42,,-16.34,,-5,-6.8,-2,-7.21,-4,-5.34,-2,-14.05,-7,,-0.26,,,,-7.2,-8.77,-8.19,1,-10.07,-18.1,,,,,,,45,29/09/01,13,6
Indiana,Ohio St.,-9,-18.7,-13.28,-12.45,-6.9,-15.3,,-7.52,,-14,-6.8,-5,-9.25,-14,-14.4,-12,-13.17,-16,,-6.41,,,,-11.8,-6.87,-11.4,-9,-12.86,-12.8,,,,,,,27,29/09/01,14,6
Iowa,Penn St.,10,-1.68,14.51,4.1,5.1,31.76,,2.23,,25,-1.3,11,16.81,2.5,28.48,13,8.37,6,,25.27,,,,10.55,3.4,-1.68,10,2.64,7.3,,,,,,,18,29/09/01,24,6
Iowa St.,Baylor,14.5,21.91,4.23,14.06,17.8,18.76,,20.06,,7,17.4,11,14.87,16,-5.06,19,17.28,23,,-4.64,,,,15.47,24.77,21.4,0.5,18.44,22.4,,,,,,,0,29/09/01,41,6
Kentucky,Mississippi,-8,-8.96,-5.5,-8.62,-12.1,-13.51,,-6.87,,-10,-3,-4,-14.02,-5.5,8,-15.5,-12.44,-13,,5.71,,,,-8.05,-9.79,-6.25,-1,7.74,-10.8,,,,,,,42,29/09/01,31,6
Louisiana-Lafaye,Middle Tenn.,-20.5,-18.04,-19.45,-10.21,-23.6,-14.8,,-11.83,,-22,-7.3,-14,-19.22,-13.5,-26.1,-26.5,-19.87,-28,,-11.03,,,,-17.54,-14.03,-15.64,-15,-9.93,-21.8,,,,,,,26,29/09/01,9,6
Louisiana-Monroe,New Mexico St.,-13,-23.92,-5.44,-14.86,-10.3,-2.47,,-15.89,,4,-12.4,-4,-11.26,-5,10.94,-3.5,-11.15,-20,,5.5,,,,-9.06,-21.23,-3.61,-7,-17.64,-6.4,,,,,,,31,29/09/01,0,6
Louisville,Memphis,11,15.24,8.32,9.53,5.5,8.72,,13.81,,4,11.9,11,9.52,12,10.58,8,10.74,13,,4.96,,,,11.31,21.83,19.3,15,11.39,5.1,,,,,,,21,29/09/01,38,6
Marshall,Bowling Green,3,10.69,-3.39,13.41,4.6,1.82,,4.77,,-1,13.3,3,4.15,11,-21.09,4.5,10.76,5,,-11.81,,,,4.61,2.23,5.89,8,7.02,7.5,,,,,,,31,29/09/01,37,6
Maryland,West Va.,9,17.72,16.89,3.38,12.2,13.66,,10.18,,24,5.2,11,19.93,6,21.82,21,15.44,2,,20.62,,,,12.93,14.11,9.25,10,,11.8,,,,,,,20,29/09/01,32,6
Michigan,Illinois,6.5,9.65,0.58,14.36,5.2,6.72,,6.99,,1,9.5,2,2.51,12,-10.82,-1.5,7.94,6,,-9.56,,,,5.37,5.51,6.41,10,,8,,,,,,,20,29/09/01,45,6
Minnesota,Purdue,-4.5,-15.18,-5.44,-5.69,-10.9,-9.63,,-12,,-4,-11.4,-4,-2.79,-6.5,-8.96,-6.5,-4.42,-8,,-4.1,,,,-6.91,-5.67,-11,-0.5,1.61,-8.1,,,,,,,35,29/09/01,28,6
Missouri,Nebraska,-23.5,-38.62,-20.11,-23.37,-26.8,-22.28,,-28.93,,-16,-32.3,-17,-15.76,-23,-25.12,-22,-27.89,-22,,-14.09,,,,-25.01,-29.21,-33.05,-21,-34.8,-25,,,,,,,36,29/09/01,3,6
NC St.,North Carolina,1.5,-6.89,-0.43,-0.31,-12.7,14.8,,0.4,,-1,4.4,12,-1.78,7.5,15.13,-4,-1.56,14,,6.73,,,,2.28,5.8,-2.1,6,4.57,-8.3,,,,,,,17,29/09/01,9,6
Northwestern,Michigan St.,6.5,0.8,3.88,1.2,7.9,7.43,,11.22,,11,3.8,4,10.74,0,-1.29,-4.5,10.56,14,,-3.44,,,,6.16,8.94,7.91,7,1.78,10,,,,,,,26,29/09/01,27,6
Oklahoma,Kansas St.,4.5,-5.99,3.28,6.91,6.8,0.04,,12.16,,-4,9.6,9,9.85,2,7,12.5,2.53,12,,8.38,,,,6.54,12.34,8.75,14,13.83,1.8,,,,,,,37,29/09/01,38,6
Oregon St.,UCLA,-4,-11.48,-10.61,-2,1.1,-6.23,,5.59,,-5,-0.1,-5,-9.11,-2.5,-16.32,-5,5.12,-3,,-16.67,,,,-2.52,6.07,5.7,-0.5,1.01,0.4,,,,,,,38,29/09/01,7,6
Pittsburgh,Miami (Fla.),-26,-49.19,-26.95,-24.38,-32.8,-28.42,,-27.49,,-17,-35.1,-13,-28.19,-19,-25.77,-25.5,-31.72,-28,,-14.42,,,,-26.19,-16.37,-19.6,-13,-24.42,-39.1,,,,,,,43,27/09/01,21,6
Rutgers,Connecticut,18,32.72,17.05,16.18,19.4,7.35,,21.63,,10,22.5,16,22.08,16.5,15.93,17,13.87,16,,11.08,,,,16.92,11.87,19.15,15,6.53,21.6,,,,,,,20,29/09/01,19,6
San Diego St.,Air Force,3.5,10.16,0.79,-3.41,-27.6,-3.65,,1.51,,15,-3.8,7,2.27,-3.5,4.3,-6,-0.26,-8,,4.9,,,,-0.48,-5.1,-7.14,7,30.67,-8.3,,,,,,,45,29/09/01,21,6
South Carolina,Alabama,6.5,7.6,7.19,6.98,8.3,9.66,,10.39,,12,16.9,9,13.87,6,17.02,15.5,9.93,17,,16.99,,,,11.77,14.63,20,10,6.29,14,,,,,,,36,29/09/01,37,6
South Florida,North Texas,11,7.09,7.97,11.12,11.3,14.52,,-2.33,,20,-2.9,14,17.16,13,7.68,17,11.58,10,,9.97,,,,9.35,8.17,2.27,0.5,5.7,13.1,,,,,,,10,29/09/01,28,6
Southern Miss.,UAB,5.5,12.82,10.01,13.14,2.6,8.16,,6.86,,4,11.3,11,8.1,12.5,21.48,17.5,4.79,11,,17.92,,,,8.73,5.59,8.61,0.5,12.2,0.1,,,,,,,0,29/09/01,3,6
Syracuse,East Carolina,6,18.69,7.61,9.73,13.4,1.53,,3.7,,,8.2,7,9.82,5.5,11.37,11.5,9.39,8,,10.57,,,,8.92,11.67,15.94,8,,10.5,,,,,,,30,29/09/01,44,6
Tennessee,LSU,7,10.18,7.6,8.27,8.1,10.74,25.91,6.91,7.28,14,8.48,12,8.64,12.5,10.56,13.5,6.19,,7.88,13.11,7.56,6.55,9,11.37,8.31,50.64,5,11.07,8.2,11.4,9.98,10.74,,11.73,11.46,18,29/09/01,26,6
Texas,Texas Tech,18,20.56,8.8,13.6,12.2,11.43,,17.72,,5,16.8,21,17.78,16,5.01,12.5,19.04,17,,2.05,,,,14.73,14.81,17.17,18,17.72,13.2,,,,,,,7,29/09/01,42,6
Texas A&M,Notre Dame,3,0.16,11.02,5.74,3.8,23.74,,3.8,,19,11.7,8,8.52,12,28.79,18.5,5.97,-4,,29.86,,,,9.15,0.55,8.5,0.5,6.39,3.4,,,,,,,3,29/09/01,24,6
Toledo,Northern Ill.,17.5,23.17,13.45,19.37,16.9,18.51,,24.58,,12,18,18,24.33,17.5,19.08,17,21.14,27,,15.55,,,,19.76,24.77,22.1,14,25.7,18.6,,,,,,,20,29/09/01,41,6
UNLV,BYU,-7,-14.48,-13.02,-8.12,-14.4,-12.55,,-8.83,,-12,-9.9,-11,-9.22,-14,-27.15,-12.5,-10.45,-11,,-9.32,,,,-11.37,-6.42,-1.65,-10,-0.16,-13,,,,,,,35,29/09/01,31,6
USC,Stanford,1.5,-2.09,-11.49,-0.97,-7.3,-11.71,,-6.21,,-2,-6.4,-4,-3.48,1.5,-20.76,15,-4.15,-3,,-20.87,,,,-4.25,-1.68,-7.51,1,-2.57,-5.4,,,,,,,21,29/09/01,16,6
UTEP,Tulsa,2.5,-6.21,-10.15,5.61,-4.9,1.24,,2.33,,1,2.3,1,-0.36,8.5,-13.97,-9.5,9,6,,-3.5,,,,0.33,4.56,5.83,10,-1.21,-4.5,,,,,,,10,29/09/01,26,6
Utah,New Mexico,8,17.51,4.76,4.38,9.1,3.57,,9.5,,1,13.7,12,5.22,9.5,14.05,4.5,4.68,1,,6.25,,,,6.37,-5.75,11.3,8,-5.07,8.9,,,,,,,16,29/09/01,37,6
Utah St.,Oregon,-15,-28.78,-22.56,-16.92,-22.8,-22.03,,-21.36,,-5,-38.5,-19,-14.17,-24,-38.54,-30,-16.57,-18,,-23.51,,,,-21.53,-10.47,-30.73,-17,-21.45,-19.3,,,,,,,38,29/09/01,21,6
Vanderbilt,Auburn,-5.5,-13.97,-1.39,-12.21,-3.3,-7.73,,-4.47,,-1,-12.3,-4,-1.79,-9,-10.65,-11,-9.31,-11,,-3.41,,,,-7.78,-14.85,-14.41,-10,7.87,-2.8,,,,,,,24,29/09/01,21,6
Virginia,Duke,17.5,29.38,19.44,18.99,22.7,27.41,,19.92,,28,18.4,19,20.52,24.5,21.82,29,25.35,15,,19.06,,,,22.27,16.28,25.83,20,17.35,21.8,,,,,,,10,29/09/01,31,6
Virginia Tech,Central Florida,24,21,25.64,22.24,29.2,32.31,,27.55,,21,31,24,30.03,26,29.48,36,24.9,30,,19.84,,,,27.79,18.03,26.97,28,27.31,32.9,,,,,,,14,29/09/01,46,6
Wyoming,Colorado St.,-3,4.1,1.71,-5.76,0.1,-0.34,,-9.44,,18,-5,1,11.75,-1.5,10.29,4,-5.44,-2,,7.24,,,,-0.44,-14.86,-4.11,-6,-0.69,1.9,,,,,,,42,29/09/01,14,6
Alabama,UTEP,20,29.43,22.93,16.75,17.1,8.46,26.01,17.58,16.5,18,11,16,24.82,10.5,16.12,-21,19.67,12,,19.63,,,9,16.42,20.88,13.68,15,30.94,20.7,21.97,,,,,,7,06/10/01,56,7
Arizona,Oregon,-5,-11.93,-8.92,-3.68,-7.3,-8.17,-19.33,-8.55,-7.08,-5,-13.6,-8,-5.39,-7.5,-8.42,-15.5,-5.69,-8,,-8.66,,,-16,-8.7,-1.43,-9,-10,-11.04,-7.4,-1.8,,,,,,63,06/10/01,28,7
Arizona St.,Louisiana-Lafaye,33.5,42.59,30.02,35.6,33.6,27.33,44.52,34.2,18.66,25,33.6,28,38.39,26,21.21,27.5,36.23,42,,13.72,,,21,30.69,31.25,23.96,25,31.96,36,22.96,,,,,,27,06/10/01,63,7
Arkansas St.,Mississippi,-22,-33.67,-17.52,-23.99,-24.1,-17.16,-47.3,-20.47,-18.87,-10,-16.8,-23,-18.87,-20,-8.44,-23,-21.11,-25,,4,,,-28,-21.23,-12.3,-17.59,-18,-29.56,-24.2,-10.66,,,,,,35,06/10/01,17,7
Army,Houston,-1.5,-2.47,-5.39,0.28,-1.9,0.13,-6.27,-1.81,-0.04,5,-1.8,1,1.8,-2,-3.92,-4.5,-2.41,8,,1,,,-13,-1.41,11.84,0.44,1,-11.29,-2.5,-4.02,,,,,,14,06/10/01,28,7
Auburn,Mississippi St.,2.5,3.16,-0.35,0.59,2.3,0.5,31.31,2.02,3.95,11,2.9,7,2.47,6.5,7.56,1,4.08,3,,-3.05,,,10,4.32,-4.65,2.48,0.5,2.17,6.2,-1.91,,,,,,14,06/10/01,16,7
BYU,Utah St.,17.5,25.39,19.93,17.85,23.3,17.91,69.31,21.76,32.86,27,21.2,32,22.59,27,30.51,23.5,23.92,28,,17.32,,,18,25.5,22.73,22.09,19,13.7,23.1,29.28,,,,,,34,05/10/01,54,7
Boston College,Temple,13,23.13,14.44,18.54,17.4,19.93,33.39,16.22,14.03,18,19.5,16,17.12,19.5,14.39,27,18.48,15,,13.3,,,11,18.44,23.44,16.77,15,22.27,16.6,15.35,,,,,,10,06/10/01,33,7
Bowling Green,Kent,17,20.4,18.17,18.74,24.9,18.57,51.16,23.18,20.56,13,13.8,23,21.28,18,25.9,24.5,24.81,25,,22.81,,,24,22.11,15.56,18.03,14,32.62,23.7,17.7,,,,,,7,06/10/01,24,7
Central Florida,UAB,-2.5,3.61,-3.63,3.8,-4.1,-9.73,-12.18,-4.09,2.75,-5,-0.8,-5,1.43,2,-0.26,-1,-3.58,4,,-1.52,,,-19,-2.46,-2.8,-2.21,-8,11.15,-6.8,0.36,,,,,,7,06/10/01,24,7
Cincinnati,Tulane,10,11.29,5.2,7.15,1.9,3.7,10.02,6.53,9.78,17,4.7,14,9.83,9.5,17.37,18.5,15.01,23,,7.42,,,-8,8.81,12.22,2.73,3,-1.24,5,13.3,,,,,,33,06/10/01,46,7
Connecticut,Eastern Mich.,-3,7.31,7.45,1.52,3.2,-3.82,-17.03,-7.02,2.24,7,-0.2,5,6.31,2,6.91,2.5,-4.51,3,,0.49,,,3,2.47,4.96,7.43,3,12.09,1.8,5.11,,,,,,0,06/10/01,19,7
Duke,Georgia Tech,-25,-21.45,-19.69,-21.12,-24.9,-32.47,-45,-27.4,-17.47,-15,-16.2,-26,-21.08,-24,-16.84,-29.5,-33.52,-22,,-18.86,,,-39,-23.84,-10.14,-18.32,-21,-36.2,-27.3,-6.58,,,,,,37,06/10/01,10,7
Illinois,Minnesota,10,18.31,13.26,8.46,14,10.99,27.1,11.11,16.12,15,10.5,18,16.46,11,16.49,20.5,12.39,12,,21.04,,,15,14.78,15.26,13.56,16,14.82,11.6,16.82,,,,,,14,06/10/01,25,7
Kansas St.,Colorado,10,17.18,10.48,11.82,17.6,25.01,-11.61,9.03,2.87,15,13,8,6.1,13.5,0.68,8,21.02,3,,6.58,,,10,10.42,13.79,12.85,7,10.15,19.4,6.28,,,,,,16,06/10/01,6,7
LSU,Florida,-13,-11.67,-10.29,-11.25,-12.8,-5.51,-25.11,-10.55,-9.55,-8,-12.5,-8,-13.29,-13.5,-12.18,-23,-13.04,-8,,-4.94,,,-24,-12.3,-12.19,-0.93,-14,-9.34,-16.7,-9.7,,,,,,44,06/10/01,15,7
Louisiana Tech,San Jose St.,7,7.31,11.46,5.8,10.4,5.1,20.41,14.06,13.46,19,-1.4,17,15.8,12,13.5,17,14.22,10,,9.22,,,27,11.96,11.08,-1.06,0.5,17.96,18,8.36,,,,,,20,06/10/01,41,7
Louisiana-Monroe,North Texas,-6,-13.56,-4.87,-9.17,-16.8,-0.08,2.23,-8.07,1.29,-4,-4,-1,-14.96,0,4.84,-4.5,-10.94,-19,,6.01,,,-6,-5.6,-9.69,-3.48,-1,-1.27,-13.3,2.89,,,,,,17,06/10/01,19,7
Louisville,Colorado St.,8.5,6.94,8.65,2.54,12.7,17.12,26.28,9.13,11.3,18,6.7,13,5.79,7.5,12.97,13,7.57,16,,10.54,,,8,11.48,12.49,16.28,13,8.85,12.3,9.48,,,,,,2,04/10/01,7,7
Maryland,Virginia,7.5,6.48,11.48,4.12,11.1,9.68,23.83,10.34,15.68,14,2.8,14,9.94,5,15.87,14.5,7.14,17,,14.71,,,15,11.46,11.51,6.28,11,9.6,12.3,16.29,,,,,,21,06/10/01,41,7
Memphis,Southern Miss.,-7,-11.81,-8.38,-10,-6.2,-8.67,-22.32,-12.55,-17.09,-7,-9.5,-9,-1.02,-9,-16.39,-17.5,-11.82,-5,,-6.71,,,-21,-11.36,-2.62,-10.03,-9,-24.15,-7.2,-15.36,,,,,,17,06/10/01,22,7
Miami (Fla.),Troy St.,52,46.86,30.61,43.25,48.4,42,48.82,,22.14,34,51.5,34,42.56,34.5,21.17,25.5,46.23,48,,17.92,,,36,37.92,51.68,,,32.92,51.6,8.63,,,,,,7,06/10/01,38,7
Miami (Ohio),Buffalo,25.5,35.63,17.18,23.73,19.9,16.31,31.21,21.68,15.49,19,19.9,19,15.31,22,15.32,21,29.57,26,,6.91,,,11,20.78,16.82,17.03,14,23.35,23.8,24.43,,,,,,14,06/10/01,31,7
Middle Tenn.,Idaho,19,6.95,16.82,3.15,21.6,11.89,76.02,11.47,27.21,31,-1.5,28,22.4,16.5,27.61,26.5,18.69,24,,19.03,,,30,21.76,16.51,16.31,24,30.93,24.3,11.75,,,,,,58,06/10/01,70,7
Navy,Air Force,-15.5,-26.3,-18.63,-19.59,-27.7,-25.35,-35.35,-14.27,-20.39,-14,-14.6,-14,-20.53,-19.5,-16.33,-27,-22.76,-23,,-2,,,-30,-20.87,-26.51,-16.46,-14,-2.02,-24.7,-27.79,,,,,,24,06/10/01,18,7
Nebraska,Iowa St.,24,16.96,6.38,23.64,14.3,10.28,19.33,21.82,9.02,7,20.5,23,16.3,22.5,10.45,12,20.16,22,,14.47,,,3,15.79,16.09,14.16,19,24.4,22.2,4.39,,,,,,14,06/10/01,48,7
Nevada,UNLV,-11.5,-4.58,-1.22,-7.21,-8.2,-8.43,29.36,-13.95,10.35,-2,-5.3,5,-0.52,3,11.91,5,-14.15,-23,,10.15,,,-11,-2.85,-10.59,-8.01,5,-12.08,-16,8.34,,,,,,27,06/10/01,12,7
North Carolina,East Carolina,7,16.58,12.13,8.56,19.4,-5.12,12.28,5.91,13.08,11,10.2,13,14.79,7,17.32,21,6.83,-1,,7.06,,,2,10.87,17.69,14.52,8,3.65,13.1,18.93,,,,,,21,06/10/01,24,7
Northern Ill.,Marshall,-1.5,-5.77,1.09,-3.85,1.6,4.62,-1.7,-4.78,-3.34,11,-6.4,3,3.19,-4,-4.26,-4.5,6.2,6,,10.51,,,6,0.44,4.36,-4.26,-1,1.81,2.4,3.16,,,,,,37,06/10/01,15,7
Notre Dame,Pittsburgh,6,22.36,7.33,11.8,4.7,0.12,-9.15,2.8,4.14,6,10.5,7,8.52,8,6.67,8.5,9.39,16,,7,,,-11,6.76,9.31,8.58,3,1.95,6.2,19.52,,,,,,7,06/10/01,24,7
Ohio,Toledo,-13,-17.41,-22.2,-12.29,-17.3,-6.35,-56.89,-15,-31.99,-16,-8.1,-22,-19.42,-15.5,-31.27,-31.5,-14.76,-26,,-20.06,,,-28,-21.91,-23.64,-18.64,-21,-25.47,-16.6,-28.48,,,,,,48,06/10/01,41,7
Ohio St.,Northwestern,2.5,2.46,0.91,8.53,-1.6,0.87,-5.28,0.78,-4.86,1,1.2,3,-1.66,8,-3.26,3.5,4.55,5,,4.21,,,2,1.16,2.38,-2.43,1,1.63,1.5,-1.48,,,,,,20,06/10/01,38,7
Oklahoma St.,Missouri,6.5,15.97,14.04,7.91,9.3,6.34,24.09,8.25,9.21,22,6.4,8,16.74,7.5,9.92,18.5,15.25,4,,7.06,,,8,12.29,15.19,10.48,8,28.52,3.9,17.43,,,,,,41,06/10/01,38,7
Penn St.,Michigan,-10,-13.64,-15.8,-11.84,-11.4,-22.8,-43.42,-11.12,-23.31,-10,-11.1,-15,-11.5,-13,-23.51,-28.5,-10.72,-4,,-10.67,,,-20,-16.44,-13.61,-8.66,-13,-16.72,-13.4,-28.46,,,,,,20,06/10/01,0,7
Purdue,Iowa,3,3.36,1.83,8.03,4.6,15.38,7.36,8.77,5.03,5,12.3,12,8.77,15,6.62,12,7.94,9,,2.02,,,-17,7.28,2.3,11.01,11,6.44,5.8,12.15,,,,,,14,06/10/01,23,7
Rice,Boise St.,-4.5,-6.15,-5.25,-6.23,-12.1,0.52,19.63,-10.6,4.33,-3,-3.4,1,-6.16,0.5,6.28,-1.5,-11.58,-3,,6.52,,,-19,-4.05,-17.03,-1.2,2,-7.5,-15.1,-2.6,,,,,,14,06/10/01,45,7
Rutgers,Syracuse,-25,-34.92,-17.34,-21.75,-35.6,-19.4,-34.48,-27.63,-15.13,-14,-17,-19,-19.65,-15.5,-11.45,-25.5,-24.66,-21,,-0.95,,,-28,-23.05,-20.78,-23.46,-16,-35.05,-34.5,-21.33,,,,,,24,06/10/01,17,7
SMU,Hawaii,5,-2.56,-7.96,0.62,-3.2,-3.2,-18.71,-1.28,-7.4,8,1.4,-1,-6.08,-0.5,0.31,-9.5,-0.18,-15,,4,,,-14,-4.01,3.24,3.29,-5,-2.14,-3.2,-12.29,,,,,,38,06/10/01,31,7
South Carolina,Kentucky,22,31.06,30.37,20.93,27.6,31.04,67.08,25.13,32.73,28,22.8,31,31.71,20.5,34.3,46,24.88,28,,26.41,,,20,30.76,31.26,28.05,27,24.79,30,43.98,,,,,,6,06/10/01,42,7
Tennessee,Georgia,11.5,20.27,14.47,8.82,6.9,17.75,30.34,7.11,16.75,16,11.6,17,19.99,14,14.55,24.5,11.67,12,,19.63,,,15,15.54,12.72,9.55,19,28.87,10.1,13.97,,,,,,26,06/10/01,24,7
Texas,Oklahoma,3,-6.49,0.77,-2.66,-2,-6.47,-6,-0.53,-0.89,2,-9.5,-2,7.63,-3.5,-1.92,-2,-3.44,2,,-4.26,,,4,-1.55,7.65,-7.74,0.5,2.45,0,-9.13,,,,,,14,06/10/01,3,7
Texas A&M,Baylor,25,27.21,20.11,25.75,22.6,27.87,37.44,30.12,14.16,19,27.6,21,21.29,21,13.19,30.5,29.56,20,,10.6,,,22,23.73,16.1,22.47,0.5,50.46,33.1,16.55,,,,,,10,06/10/01,16,7
Texas Tech,Kansas,13.5,9.63,8.34,11.04,13.4,17.39,20.96,13.71,12.32,12,10.8,13,12.81,11,15.1,5.5,12.77,24,,18.97,,,-1,11.08,15.12,9.12,0.5,-1.63,14.8,5.27,,,,,,34,06/10/01,31,7
Tulsa,New Mexico St.,3.5,-4.46,-0.75,3.25,6.7,13.88,23.55,1.54,3.13,1,5,12,3.11,5.5,1.04,15,2.95,6,,8.5,,,19,5.43,-0.1,6.66,-1,2.36,8.3,-3.38,,,,,,24,06/10/01,7,7
Utah,South Florida,13.5,19.41,10.08,14.78,7.4,7.61,34.93,23.24,14.92,4,26.3,12,7.38,12,15.24,12.5,12.38,6,,6.55,,,-2,12.25,2.74,15.73,7,5.09,8.9,16.34,,,,,,21,06/10/01,52,7
Wake Forest,NC St.,-4,1.12,1.86,-5.89,-4.4,-10.47,5.37,-3.49,1.99,6,-4.2,-2,7.08,-1.5,-0.16,-11,-1.86,-9,,9.46,,,1,-0.65,3.22,-1.08,-1,4.89,-2.4,10.28,,,,,,17,06/10/01,14,7
Washington,USC,5.5,15.67,10.32,10.66,12.7,25.09,63,10.4,25.76,12,23,15,7.96,17,24.45,27,11.33,14,,21.88,,,8,17.11,2.73,21.46,16,0.71,10.9,25.55,,,,,,24,06/10/01,27,7
Washington St.,Oregon St.,11,19.71,16.33,11.35,17.9,4.41,58.8,9.07,18.09,22,6.7,21,21.87,11,20.46,19,15.2,11,,14.83,,,29,17.38,31.11,1.25,0.5,12.81,19.6,19.04,,,,,,27,06/10/01,34,7
West Va.,Virginia Tech,-15,-17.68,-13.73,-14.22,-22.9,-15.02,-31.79,-18.93,-12.4,-12,-15.1,-13,-19.04,-16,-13.6,-20.5,-20.07,-20,,-3.98,,,-31,-16.72,-18.19,-5.98,-13,-13.45,-23.5,-0.15,,,,,,35,06/10/01,0,7
Western Mich.,Akron,10,6.63,5.26,15.8,11,7.23,15.69,12.68,3.38,9,10.5,11,11.72,11,2.35,10.5,17.81,13,,2.47,,,13,9.48,12.44,8.52,7,6.59,13.3,-7.91,,,,,,14,06/10/01,31,7
Wisconsin,Indiana,14,22.19,20.08,16.32,19.1,20.14,57.84,16.51,28.67,18,16.5,17,20.3,23,23.74,31,20.91,20,,15.04,,,17,21.74,20.74,19.74,0.5,25.1,22,25.44,,,,,,63,06/10/01,32,7
Wyoming,New Mexico,-1,4.01,1.52,-1.83,-4.1,-11.31,25.62,-5.93,7.18,1,0.7,4,0.82,5,5.23,-4.5,-7.12,-9,,5.41,,,8,1.24,-4.89,1.78,3,8.2,-4.1,6.36,,,,,,30,06/10/01,29,7
Air Force,Wyoming,14.5,15.57,15.39,16.9,21.8,16.07,32.26,18.35,16.18,12,20.4,21,13.05,18,19.61,22,16.54,14,,17.11,12.61,16.81,8,17.01,18.41,22.64,16,-6.57,21.2,22.46,18.72,16.56,,,,13,13/10/01,24,8
Arkansas,South Carolina,-9,-19.52,-16.61,-6.55,-16.5,-17.58,-46.53,-13.79,-18.32,-10,-12.3,-13,-11.37,-7.5,-24.97,-27,-9.62,-12,,-21.77,-11.82,-14.01,-13,-15.65,-11.21,-16.97,-0.5,-15.04,-17.3,-26.67,-12.74,-8.82,,,,7,13/10/01,10,8
Arkansas St.,Louisiana-Lafaye,5,-0.05,1.29,7.34,6.3,4.84,-12.12,7.86,-4.09,7,10.7,-2,5.36,2,5.03,3,8.74,4,,4,6.93,0.62,1,2.56,4.28,2.51,-1,-3.83,6.6,-3.49,0.38,6.89,,,,20,13/10/01,26,8
Army,East Carolina,-13.5,-14.86,-11.13,-12.89,-16.1,-12.52,-13.12,-16.41,-4.77,-8,-7.6,-9,-12.36,-11.5,2.04,-13,-18.72,-17,,4.36,-15.49,-16.46,-24,-12.17,-12.85,-7.06,-0.5,-19.96,-16.9,-7.02,-11.4,-6.38,,,,49,13/10/01,26,8
Auburn,Florida,-20.5,-25.52,-14.04,-15.35,-24.7,-11.86,-11.92,-21.07,-5.95,-17,-13,-14,-19.39,-12.5,-6.51,-25,-20.45,-12,,-4.43,-25.11,-34.69,-29,-18.22,-24.75,-5,-12,-27.4,-26.5,-8.7,-28.43,-19.78,,,,20,13/10/01,23,8
Baylor,Nebraska,-33,-26.95,-19.96,-29.47,-33.4,-22.08,-42.47,-37.54,-14.96,-20,-29.1,-22,-25.78,-24.5,-18.5,-35,-36.83,-28,,-14.57,-25.22,-23.23,-29,-26.09,-22.65,-26.46,-0.5,-34.82,-41.4,-16.63,-18,-17.99,,,,48,13/10/01,7,8
Boise St.,Tulsa,12.5,20.23,16.04,16.49,7.4,8.22,23.41,17.1,16.3,16,12.1,14,18.88,15.5,19.22,16,24.99,13,,14.71,20.43,17.11,4,15.88,15.54,12.47,,13.96,12.1,23.02,19.41,15.64,,,,10,13/10/01,41,8
Buffalo,Marshall,-25.5,-34.22,-21.82,-26.71,-27.4,-18.68,-41.62,-28.36,-20.18,-16,-20.1,-24,-31.14,-22.5,-20,-32.5,-27.31,-21,,-18.92,-24.31,-38.94,-26,-25.92,-26.52,-18.11,-0.5,-33.8,-30.8,-29.28,-38.04,-24.58,,,,34,13/10/01,14,8
California,Oregon,-13.5,-27.16,-18.91,-11.84,-19,-29.98,-65.18,-17.35,-25.84,-20,-19.5,-22,-23.25,-24,-24.91,-29.5,-16.46,-20,,-21.68,-20.05,-14.7,-25,-21.35,-14.18,-20.77,-0.5,-14.7,-15.9,-22.08,-13.59,-18.89,,,,48,13/10/01,7,8
Central Mich.,Ohio,-8,-0.3,3.99,-5.4,-12.9,3.03,37.31,-14.49,15.62,8,-4.8,9,5.32,2.5,15.05,-16,-8.43,-4,,13.42,2.66,-6.66,4,1.04,-1.09,-2.24,0.5,2.09,-12.7,12.29,-4.35,11.09,,,,34,13/10/01,3,8
Colorado,Texas A&M,7.5,17.28,6.73,5.25,13.8,10.69,-1.72,10.06,0.89,15,1.2,9,8.15,1.5,0.23,2.5,12.02,11,,-2.48,16.96,19.1,3,8.85,24.39,1.55,1,7.49,17.3,8.3,16.26,10.74,,,,21,13/10/01,31,8
Colorado St.,Fresno St.,-7,-22.49,-11.5,-3.05,-17.2,-16.55,-28.59,-8.72,-20.43,-13,-7.6,-13,-13.37,-8,-20.61,-29,-4.68,-20,,-17.3,-13.32,-22.61,-11,-15.12,-12.55,-19.06,-0.5,-17.65,-11.3,-23.73,-18.6,-19.21,,,,25,13/10/01,22,8
Duke,Wake Forest,-8.5,-15.32,-9.29,-6.18,-12.7,-11.72,-21.02,-10.5,-7.88,-9,-1.2,-11,-12.38,-8,-6.27,-15,-12.28,-9,,-3.29,-14.34,-10.41,-24,-10.96,-10.81,-5.02,-11,-15.94,-9.6,-7.14,-9.04,-15.67,,,,42,13/10/01,35,8
Eastern Mich.,Ball St.,-8,-14.47,-5.31,-8.21,-11.7,1.36,23.31,-6.36,7.16,3,-0.1,-1,-3.43,3.5,5.3,1,-2.6,-10,,6.25,-0.45,-20.1,-13,-3.84,-9.5,3.05,3,-13.55,-11.7,-6.51,-16.27,-2.36,,,,35,13/10/01,14,8
Florida St.,Miami (Fla.),-7,0.46,-0.65,0.05,-15.4,-2.4,-3.22,-7.27,-2.03,-1,-4.2,-2,-3.68,1,-2.91,-3,-2.51,-18,,0.28,-1.77,-7.86,-12,-4.62,-13.2,-0.5,-1,-16.14,-8.7,3.58,-0.41,-10.27,,,,49,13/10/01,27,8
Georgia Tech,Maryland,9.5,-6.98,-3.54,8.42,0.5,-2.7,-4.91,5.61,-9.12,1,5.6,4,1.15,6,-8.72,-7,11.72,8,,-6.86,-1.39,-9.97,-1,-0.94,-10.58,-2.01,0.5,7.82,4.7,-12.83,-9.52,-6.2,,,,20,11/10/01,17,8
Hawaii,UTEP,7,9.6,7.7,1.73,-0.7,6.05,23.47,1.05,0.45,9,0.4,7,8.26,0,5.23,-6,3.53,1,,5.74,7.5,,8,4.44,1.44,-5.78,1,7.92,5.1,5.31,7.09,7.72,,,,7,13/10/01,66,8
Houston,Memphis,-4,-19.63,-14.45,-6.53,-21.5,-16.33,-31.92,-9.58,-18.88,-6,-2.3,-12,-7.98,-8,-14.76,-24,-6.42,-6,,-12.14,-8.62,-18.69,-16,-13.77,-15.44,-12.61,-7,-9.66,-15,-22.64,-19.96,-13.57,,,,52,13/10/01,33,8
Indiana,Illinois,-4,-4.21,-5.88,-1.22,-3.4,-2.91,-33.87,-2.55,-14.96,1,-2.3,-9,-6.03,-8.5,-15.29,-12.5,-3.04,-16,,-10.88,0.15,-1.35,-6,-6.87,1.17,-5.55,-11,-7.32,0.8,-11.2,-4.44,-9.11,,,,35,13/10/01,14,8
Kansas,Oklahoma,-21,-21.4,-16.02,-18.57,-26.7,-18.3,-28.48,-27.99,-13.59,-8,-27.7,-22,-26.43,-20.5,-17.45,-22,-22.43,-26,,-16.46,-11.91,-17.21,-23,-19.72,-17.65,-24.77,-0.5,-14.13,-27,-15.97,-16.73,-24.62,,,,38,13/10/01,10,8
Kent,Northern Ill.,-10.5,-12.6,-11.64,-8.26,-16.3,-2.51,-13.38,-9.74,-7.01,1,-6.4,-8,-7.92,-8,-9.79,-14,-13.84,-22,,-5.3,-7.6,-4.82,-16,-10.28,-4.84,-9.21,-11,-21.75,-12.2,-10.89,-8.75,-11.01,,,,34,13/10/01,44,8
Kentucky,LSU,-16,-16.19,-7.84,-12,-19.5,-13.78,-12.66,-16.28,-5.08,-10,-7.9,-12,-15.95,-8,-2.1,-12,-15.06,-17,,0.82,-14.55,-18.28,-22,-12.74,-18.99,-13.5,-7,-15.41,-17.5,-2.47,-10.97,-23.68,,,,29,13/10/01,25,8
Miami (Ohio),Akron,8.5,2.15,8.25,8.43,3.8,9.73,23.85,2.96,7.16,5,5.3,8,8.35,8.5,9.89,13.5,5.44,1,,9.97,3.85,-0.12,4,6.04,4.71,3.71,0.5,2.64,6.1,5.87,0.59,2.23,,,,27,13/10/01,30,8
Michigan,Purdue,11,6.13,5.7,12.29,12,7.45,-0.81,10.23,-1.47,7,7.9,7,12.42,9,-0.13,5.5,12.8,6,,1.27,7.7,9.12,7,7.32,10.75,4.07,7,9.9,14.8,-0.99,9.28,6.14,,,,10,13/10/01,24,8
Michigan St.,Iowa,5.5,-0.55,1.67,7.37,3,-1.72,-3.15,1.18,2.69,8,7,6,7.74,7.5,0.45,3.5,7.06,3,,5.11,2.02,-0.05,-3,3.62,8.94,5.76,3,14.6,5,1.98,-1.29,4.46,,,,28,13/10/01,31,8
Mississippi,Alabama,-6.5,-14.17,-8.01,-2.87,-11.3,-7.05,6.05,-6.56,-2.28,-1,1.1,-5,0.51,1,0.65,-8,-8.27,1,,3.85,-8.99,-12.99,-17,-5.83,-9.53,3.96,-0.5,-16.75,-13.8,-6.32,-11.32,-1.03,,,,24,13/10/01,27,8
Mississippi St.,Troy St.,25.5,17.72,19.71,26.47,17.3,,7.13,,11.02,7,29,16,23.6,17,10.14,16.5,18.45,31,,9.97,17.94,22.89,10,18.53,31.37,26.8,18,14.78,18,14.12,21.33,21.1,,,,21,13/10/01,9,8
Missouri,Iowa St.,-2.5,-10.93,-4.51,-2.41,-9.6,-10.06,-7.66,-7.22,-2.35,-7,-5.6,-2,-1.34,-3.5,-4.87,-5,-7.71,-1,,-1.16,-8.58,-2.92,-6,-5.47,-0.81,-14.07,2,-15.15,-4.2,-4.27,-1.06,-1.76,,,,20,13/10/01,14,8
NC St.,Clemson,-3.5,3.07,3.48,-3.42,-1.6,8.46,-3.57,-2.65,4.31,4,-1.3,7,0.06,0.5,1.9,-8,-4.26,-1,,-4.91,1.54,4.39,-2,0.48,2.47,-5.15,1,-3.93,-2.7,4.31,6.16,0.91,,,,45,13/10/01,37,8
Navy,Rice,-7,-18.95,-15.36,-7.31,-20.1,-24.51,-50.66,-8.78,-22.42,-14,-5.7,-19,-11.93,-15,-22.36,-22.5,-13.19,-6,,-13.01,-13.26,-4.43,-14,-15.17,-7.5,-7.65,-15,-12.49,-12.3,-21.03,-4.03,-13.91,,,,21,13/10/01,13,8
Nevada,Louisiana Tech,-10,-14.07,-7.51,-9.35,-6.1,-8.35,-5.05,-12.63,-4.71,-11,0.2,-11,-8.33,-7.5,-4.87,-7,-14.19,-9,,2.44,-13.16,-9.18,-24,-9.16,-12.74,-1.4,-8,-21.37,-12.2,-4.13,-0.71,-2.32,,,,45,13/10/01,42,8
New Mexico,BYU,-13.5,-17.06,-11.13,-7.34,-17.9,-9.44,-35.65,-16.16,-14.96,-10,-10.5,-16,-9.71,-11.5,-13.32,-5.5,-12.29,-14,,-3.8,-14.58,-15.42,-19,-13.2,-11.57,-14.64,-0.5,-6.74,-18.5,-10.26,-12.85,-11.17,,,,24,13/10/01,20,8
New Mexico St.,Idaho,12,13.32,7.15,4.76,11.4,20.24,33.16,13.89,9.65,18,5.1,16,7.89,8.5,9.05,7,11.63,8,,8.2,14.9,12.28,7,11.23,13.8,3.36,0.5,12.33,17.5,6.48,10.2,8.84,,,,39,13/10/01,46,8
North Carolina,Virginia,8,15.47,10.31,9.31,18.4,4.02,2.94,12.01,7.6,9,8.5,13,11.11,7,8.01,9.5,8.96,15,,8.02,12.52,11.11,9,9.96,6.25,2.82,7,8.33,18,11,12.69,6.83,,,,24,13/10/01,30,8
North Texas,Middle Tenn.,-14.5,-26.78,-19.59,-7.4,-17,-19.97,-70.66,-11.66,-29.88,-14,-4.2,-29,-19.31,-19.5,-28.23,-30.5,-14.72,-9,,-17.48,-10.6,-27.16,-25,-21.03,-25.72,-20.52,-0.5,-16.71,-12.9,-31.71,-25.7,-20.97,,,,21,13/10/01,24,8
Northwestern,Minnesota,12.5,13.3,11.69,9.1,7.7,16.5,28.41,11.16,15.31,18,12.1,17,14.61,11,15.06,15.5,9.93,19,,13,14.73,9.34,7,13.02,12.41,16.87,0.5,11.66,10.4,14.89,8.34,18.48,,,,17,13/10/01,23,8
Notre Dame,West Va.,12,-2.17,5.54,9.03,9,2.51,2.01,9.67,2.07,2,7.2,7,7.73,6,0.03,4,12.4,12,,3.28,0.74,-11.56,1,3.45,-4.04,1.77,,3.5,12.1,-1.23,-8.7,4.79,,,,24,13/10/01,34,8
Ohio St.,Wisconsin,10,23.48,16.94,11.19,13.2,16.51,16.64,9.77,15.55,20,7.5,17,10.77,9.5,16.99,21.5,11.9,3,,15.85,21.85,17.52,13,14.57,21.91,12.84,0.5,8.65,19.1,21.85,14.66,10.36,,,,20,13/10/01,17,8
Oklahoma St.,Texas,-19,-23.42,-14.42,-14.02,-21,-9.94,-17.56,-21.45,-13.91,-17,-19.6,-16,-15.33,-12.5,-16.45,-11.5,-18.05,-21,,-9.26,-21.59,-19.64,-13,-17.01,-15.56,-21.5,-13,-14.35,-21.9,-14.56,-20.9,-16.89,,,,45,13/10/01,17,8
Oregon St.,Arizona,6,11.09,3.54,5.27,7.4,-7.56,-11.78,12.37,-0.92,14,2.9,8,-2.38,3,-2.49,4,8.71,2,,-0.11,12.23,5.99,-1,4.42,8.74,5.46,0.5,8.65,13.9,5.04,2.67,-7.42,,,,3,13/10/01,38,8
Pittsburgh,Syracuse,-3.5,-19.73,-14.04,-7.53,-7.9,-7.79,-34.96,-4.29,-18.32,-9,-7.9,-9,-6.1,-8.5,-21.73,-23.5,-4.03,-9,,-15.71,-15.99,-19.66,-13,-13,-18.07,-10.2,-7,-4.48,-6,-23.22,-19.96,-6.71,,,,42,13/10/01,10,8
San Jose St.,SMU,7,14.98,8.59,8.32,4.7,-3.21,6.6,3.14,8.1,10,6.5,14,15.28,11,5.09,9,9.59,11,,3.25,10.87,13.73,0,8.75,17.2,9.27,0.5,14.69,3.5,14.14,9.79,16.52,,,,24,13/10/01,17,8
South Florida,Connecticut,18,21.21,12.09,14.51,22.6,,3.46,10.21,6.23,8,5.8,16,14.07,10,-2.46,9,16.71,34,,1.21,9.92,23.81,11,13.4,17.6,3.2,,8.83,23.2,14.43,21.48,17.3,,,,21,13/10/01,40,8
Stanford,Washington St.,3.5,7.01,7.16,4.06,3.5,8.97,-4,4.6,3.62,5,7,5,2.2,1,4.25,7.5,2.7,11,,13.18,11.44,12.02,11,5.75,7.07,2.66,-1,10.41,6.3,4.02,10.63,-1.66,,,,45,13/10/01,39,8
Temple,Rutgers,10,15.73,7.51,5.98,8.7,13.02,21.52,9.64,5.24,9,4.1,20,9.37,7,5.45,2.5,11.53,15,,5.29,7.25,19.05,13,11,7.06,11.7,8,13.44,8.5,13.85,23.92,16.94,,,,5,13/10/01,30,8
Texas Tech,Kansas St.,,-16.94,-7.76,-9.63,-13.3,-12.35,4.17,-10.1,-3.71,-3,-7.4,-11,-8.48,-10.5,-2.4,-9,-17.65,-2,,1.3,-13.83,-14.62,-25,-10.23,-15.41,-6.82,-11,-12.89,-15.9,-8.89,-10.78,-10.75,,,,19,13/10/01,38,8
Tulane,TCU,-11,-11.03,-7.4,-7.76,-2.2,-8.98,-25.64,-15.4,-5.64,-19,-12.3,-13,-10.36,-11,-22.15,-7.5,-19.51,-11,,-6.08,-18.64,-3.03,-15,-11.04,-5.2,-11.91,-10,-14.95,-5.8,-5.44,1.68,-6.39,,,,22,13/10/01,48,8
UAB,Cincinnati,8,5.85,2.32,4.08,3.8,10.85,-1.59,6.3,-3.09,9,4,8,11.21,3.5,-5.58,-5,13.93,15,,-0.11,7.76,3.71,12,4.92,5.1,6.64,7,0.87,8.7,-3.28,1.7,13.33,,,,31,13/10/01,17,8
UCLA,Washington,11.5,16.56,11.01,4.72,0.5,16.87,11.15,4.21,4.18,20,-7.4,10,8.63,3.5,8.32,17.5,6.99,-3,,12.94,20.67,10.36,11,9.1,14.62,-2.48,8,20.15,8.2,14.55,6.81,7.98,,,,13,13/10/01,35,8
UNLV,San Diego St.,4.5,4.71,0.29,3.7,29.5,6.72,-11.62,11.7,-2.03,14,2.9,5,3.46,1.5,-0.84,-2,8.24,9,,0.37,14.62,3.96,1,4.82,6.97,3.83,0.5,11.18,7.6,-5.03,1.39,0.39,,,,3,13/10/01,31,8
USC,Arizona St.,2.5,-1.93,-1.72,3.25,3.8,-7.97,-38.47,3.09,-7.5,1,2.4,0.25,2.86,1,-9.03,12,3.31,6,,-6.26,3.37,1.42,-2,-0.73,3.5,-1.6,1,2.84,4.5,-5.8,0.71,2.11,,,,17,13/10/01,48,8
Vanderbilt,Georgia,-7.5,-15.2,-14.8,-14.8,-14.6,-8.31,-24.37,-13.38,-17.63,-8,-16.4,-12,-12.49,-12.5,-19.8,-20.5,-11.75,-11,,-16.55,-3.44,-11.39,-11,-13.49,-9.5,-21.07,-11,-3.56,-12,-21.44,-12.42,-13.23,,,,30,13/10/01,14,8
Virginia Tech,Boston College,20,16.95,11.46,17.38,27,15.21,27.83,19.34,10.33,24,17.1,17,23.3,20.5,11.58,23,25.9,27,,14.2,23.42,17.83,32,19.65,19.01,11.53,17,24.64,28,5.97,16.14,24.23,,,,20,13/10/01,34,8
Western Mich.,Bowling Green,9.5,-5.32,-0.99,10.69,6.9,-7.1,-5.65,8.24,-2.1,1,9.4,3,5.64,8,-2.5,-5.5,15.19,8,,-0.2,0.83,-4.07,-5,1.38,-3.36,4.53,3,-5.67,8.9,-8.09,-0.73,3.29,,,,28,13/10/01,37,8
Akron,Bowling Green,-5.5,-4.21,-3.96,-0.35,-3.6,-7.88,-28.86,-3.42,-5.72,-3,2.5,-4,-3.63,-1,-6.81,-11,4,-2,-4.5,-5.24,-3.8,-5.53,-13,-5.01,-6.68,-1.02,-7,-8.57,-3.6,-1.4,-3.14,4.75,-4.56,,,16,20/10/01,11,9
Alabama,Tennessee,-1.5,-0.42,-4.43,-3.64,0.2,1.83,0.96,-3.61,-8.56,4,-2.8,-2,-1.69,-2.5,-8.04,-7.5,1,-5,1.84,-12.35,-0.5,-0.38,-5,-2.29,1.22,-11.03,-7,-1.95,3.2,-4.9,-3.59,-0.61,2.32,,,35,20/10/01,24,9
Arizona St.,Oregon St.,2,-6.3,-7.27,0.49,-2.5,10.15,41.54,-6.1,-5.33,3,-1.8,2,3.42,0,-4.57,-10,1,17,-2.48,-2.21,-0.65,-5.21,4,0.11,-2.86,-4.1,-2,0.54,1.5,-14.37,-6.88,1.75,-5.17,,,24,20/10/01,41,9
Auburn,Louisiana Tech,13.5,13.73,15.41,15.38,18.8,12.75,45.42,17.24,18.75,11,23.4,15,14.9,15.5,18.69,20.5,15,12,9.09,20.14,12.89,9.84,7,16.26,12.62,27,18,10.46,19.6,16.89,18.9,19.1,9.96,,,41,20/10/01,48,9
BYU,Air Force,12.5,17.67,8.59,6.17,8.7,15.7,24.86,11.71,12.36,20,0.4,21,10.07,11.5,9.87,11.5,15.08,12,12.94,8.86,19.92,5.44,7,12.27,7.27,5.36,17,23.15,12.9,7.07,8.25,6.82,12.21,,,33,20/10/01,63,9
Ball St.,Toledo,-23,-33.51,-20.71,-19.1,-28.8,-24.42,-68.98,-22.3,-26.83,-21,-14.5,-28,-30.09,-21,-20.8,-35.5,-25.04,-34,-27.46,-18.08,-23.49,-25.55,-26,-26.88,-27.58,-26.68,-0.5,-35.63,-28.3,-24.75,-25.99,-29.24,-29.97,,,20,20/10/01,24,9
Boston College,Pittsburgh,10,28.1,21.53,13.38,12.6,24.5,49.84,14.66,19.98,26,13.7,22,20.55,16.5,23.88,26,15.85,5,26.67,19.66,23.27,28.38,17,21.95,30.64,13.8,17,25.16,18.9,22.06,32.15,21.22,30.44,,,7,20/10/01,45,9
Central Florida,Louisiana-Monroe,31.5,28.82,18.45,31.8,40.4,20.65,28.39,34.18,19.01,23,26.4,25,28.59,23,9.4,28,36.74,31,30.09,10.84,28.66,21.56,31,26.1,29.15,19.31,0.5,29.71,41.1,15.58,21.23,20.56,36.31,,,6,20/10/01,38,9
Clemson,North Carolina,7,0.53,1.48,4.36,-1.8,8.3,24.63,4.44,2.03,7,3.7,6,0.33,4,3.75,7.5,7.03,1,2.55,10.69,3.51,0.36,4,4.06,3.35,7.28,2,5.07,2.9,-0.89,0.11,0.41,3.59,,,38,20/10/01,3,9
East Carolina,Memphis,10,8.99,4.18,10.11,6.9,6.66,-5.21,11.62,-2.1,10,9.7,6,1.53,6,-4.92,1.5,14.8,10,9.49,-5.39,12.22,10.14,7,6.67,12.99,-0.28,5,10.56,10.1,1.29,5.92,-3.86,14.3,,,11,20/10/01,32,9
Fresno St.,Boise St.,14.5,24.58,18.68,12.74,23.3,22.6,50.39,10.61,24.05,21,12.3,26,18.83,21,24.42,36.5,17.06,11,21.08,27.58,19.72,23.7,13,21.26,19.23,23.07,0.5,21.92,17.7,27.13,31.43,25.18,24.05,,,35,19/10/01,30,9
Georgia,Kentucky,23,28.05,23.3,20.79,26.2,26.33,49.34,23.26,26.05,25,24,30,23.44,23,24.54,39.5,23.23,25,23.58,24.91,23.38,18.76,22,25.59,23.12,25.9,18,23.97,28.4,24.3,23.24,24.7,24.46,,,29,20/10/01,43,9
Georgia Tech,NC St.,12,8.77,5.93,9.97,9.3,9.11,21.91,12.93,3.58,10,11.8,13,7.02,11.5,4.4,12.5,15.03,13,7.02,6.67,10.87,3.89,14,10.3,8.39,9.43,12,15.21,14.5,2.69,7.21,0.51,13.25,,,17,20/10/01,27,9
Houston,Cincinnati,-11.5,-22.29,-14.68,-10.31,-19.1,-11.67,-20.93,-13.48,-16.89,-16,-5.6,-17,-11.45,-11.5,-16.22,-23,-11.04,-4,-18.65,-10.37,-15.69,-19.36,-18,-14.74,-19.16,-5.47,-10,-3.05,-14.7,-18.67,-21.44,-10.83,-22.51,,,29,20/10/01,28,9
Idaho,Louisiana-Lafaye,10,8.56,11.12,17.84,10.5,-2.34,-9.54,10.1,3.84,7,10.5,13,9.69,15,8.06,14.5,8.74,8,9.2,4,8.63,6.22,4,8.55,13.51,8.04,5,2.18,10.4,11.12,12.73,10.28,12.33,,,54,20/10/01,37,9
Illinois,Wisconsin,4,10.94,9.83,2.6,7.4,11.45,22.44,6.48,13.2,10,3.7,16,5.75,7,13.1,14,5.03,2,14.02,12.37,9.97,12.18,9,9.37,11.76,6.26,0.5,6.87,14.4,10.37,7.93,-0.21,6.25,,,35,20/10/01,42,9
Iowa,Indiana,9.5,12.71,9.7,7.65,9,14.4,40.37,8.81,12.75,19,5.2,16,10.69,11,14.06,14.5,12.04,17,7.95,12.34,13.21,4.32,9,11.74,8.29,6.75,13,6.41,8.4,9.43,5.6,1.43,17.79,,,28,20/10/01,42,9
Iowa St.,Oklahoma St.,8,22.73,17.26,10.97,15.1,22.82,27.3,10.5,18.88,21,11.3,18,15.84,15,22.17,18,16.87,15,17.83,18.22,19.95,12.82,11,16.74,14.69,21.59,0.5,16.51,14.5,21.75,18.1,17.97,19.39,,,14,20/10/01,28,9
Kansas,Missouri,1,9.7,9.03,5.94,3.6,1.49,11.54,3.24,9.33,8,6.3,9,2.25,7,9.25,10.5,8.04,1,7.84,7.78,10.51,9.99,-5,7.66,11.97,9.73,0.5,15.48,3.2,14,16.76,-6.62,11.66,,,38,20/10/01,34,9
Kansas St.,Texas A&M,8,7.86,1.4,5.72,0.1,4.49,-32.94,5.35,-4.75,4,5,6,1.06,3,-6.89,-7,21.3,13,4.97,-6.41,10.73,5.64,2,2.63,6.33,-6.09,-1,3.1,13.3,-2.46,4.55,2.33,5.57,,,31,20/10/01,24,9
Kent,Buffalo,11.5,18.66,10.72,11.03,10.4,11.69,9.58,10.89,7.65,12,7.2,13,13.26,11,4.88,12,14.02,10,15.66,5.02,9.41,17.42,9,11.92,16.48,11.01,11,7.66,12.9,14.02,19.33,15.8,17.43,,,13,20/10/01,35,9
Louisville,Southern Miss.,4.5,11.5,12.23,3.03,5,7.66,25.22,3.95,9.91,7,6.9,6,5.02,5.5,12.16,4.5,2.87,3,11.56,11.65,10.59,10.19,-1,8.18,10.82,11.69,,-0.97,5,13.32,13.87,12.53,12.63,,,14,16/10/01,24,9
Marshall,Central Mich.,23.5,22.19,19.36,24.31,26.3,19.09,31.18,25.51,18.37,22,19.7,25,20.09,22.5,20.86,33.5,27.7,17,19.85,21.43,21.42,21.15,14,22.24,24.04,20.37,18,22.06,27.9,17.25,23.23,17.18,23,,,21,20/10/01,42,9
Maryland,Duke,25,40.74,31.37,23.72,31.6,39.83,82.94,30.49,38.96,37,23.4,36,28.55,30.5,40.31,49.5,30.19,30,33.04,37.45,34.66,26.43,32,35.09,29.83,31.96,30,36.09,32.7,36.92,34.72,27.57,36.21,,,17,20/10/01,59,9
Minnesota,Michigan St.,-4,-7.75,-7,-3.67,-6.4,-8.14,-9.21,-3.19,-15.08,-4,-5.1,-7,-6.92,-4.5,-14.62,-20,1.29,-3,-4.29,-14.81,-4.85,-4.7,-8,-6.6,-4.27,-8.22,-0.5,-4.74,-4.1,-12.41,-7.01,-4.64,-2.45,,,19,20/10/01,28,9
Mississippi,Middle Tenn.,12,9.06,9.07,18.19,17.4,2.87,-7.29,19.31,10.1,6,19.2,15,12.25,12,7.53,17,10.28,9,5.02,11.41,6.49,6.97,14,10.41,10.19,12.27,9,9.82,16.3,9.66,13.32,16.36,5.74,,,17,20/10/01,45,9
Mississippi St.,LSU,-2.5,-3.64,-1.57,-0.73,-11.3,-8.79,-3.57,-0.32,-5.85,-3,-2.2,-5,-4.91,-0.5,-5.63,3,1.01,1,-5.34,0.16,-4.63,-2.83,-12,-3.52,-0.48,-9.84,-4,-3.26,-4.7,-3.07,-1.13,-4.28,-0.27,,,42,20/10/01,0,9
Nebraska,Texas Tech,23.5,22.84,17.46,22.78,20.7,25.77,58.94,24.82,16.3,24,22.7,30,18.08,27.5,21.94,33.5,26.03,24,21.37,23.38,20.58,10.1,29,23.3,17.24,23.02,0.5,26.46,30,17.17,14.62,15.76,25.26,,,31,20/10/01,41,9
North Texas,Arkansas St.,6,5.86,5.27,5.97,7.9,4.79,8.08,3.25,2.16,7,-0.2,6,8.9,5.5,0.53,11,4.16,14,3.28,4.6,8.51,7.67,-5,5.6,7.49,4.95,7,8.42,8.1,3.94,6.59,5.54,2.24,,,0,20/10/01,45,9
Northern Ill.,Western Mich.,-8,-8,-4.86,-7.84,-9,-4.88,-16.22,-14.1,-10.37,-4,-7,-9,-3.12,-8,-12.97,-13,-6.39,4,-9.05,-7.31,-7.72,-11.87,-10,-8.27,-11.94,-9.93,-7,0.71,-7.1,-5.74,-14.01,-2.07,-13.53,,,12,20/10/01,20,9
Northwestern,Penn St.,11,17.06,18.07,6.15,2.4,34.62,49.01,5.55,26.24,18,7.4,20,10.49,13,24.19,25.5,9.08,15,13.57,23.17,13.86,12.92,18,16.71,13.23,14.34,18,21.75,6.2,21.49,15.48,9.79,11.11,,,38,20/10/01,35,9
Notre Dame,USC,0,-0.89,-1.2,1.15,-5.5,-0.45,17.49,-2.56,5.84,1,1.2,1,-3.22,3.5,6.51,2,-2,-4,-4.52,6.64,-3.17,-4.47,-9,-0.38,-4.97,4.91,1,-4.36,-5.5,6.18,-3.57,-2.41,-5.97,,,16,20/10/01,27,9
Ohio,Miami (Ohio),6.5,1.66,-3.17,5.72,12,2.19,-36.29,12.02,-11.85,3,5.8,-0.25,3.58,-4,-14.34,12.5,11.78,7,4.6,-8.42,5.8,2.71,4,1.6,7.51,-1.1,-7,11.17,16.4,-8.3,-2.69,-2.01,8.9,,,36,20/10/01,24,9
Ohio St.,San Diego St.,22,30.34,22.24,19.74,37.2,21.02,32.52,26.34,21.6,30,19.7,19,15.28,16,23.72,25.5,28.11,26,26.51,18.31,35.34,17.33,,24.05,21.55,13.91,17,32.73,23.8,20.55,22.33,14.54,30.17,,,12,20/10/01,27,9
Oklahoma,Baylor,35,36.2,28.98,31.7,39.5,37.7,50.51,41.98,22.31,33,44.7,30,28.75,30,26.37,42,38.93,41,29.88,27.64,33.8,27.76,29,33.82,31.92,38.85,0.5,40.77,44.2,28.09,33.76,23.31,38.64,,,17,20/10/01,33,9
Oregon,Stanford,7.5,6.03,6.65,6.01,9.7,7.31,15.26,7.35,8.04,13,15.3,17,0.26,21,9.77,7.5,8.99,-3,1.21,6.61,5.12,-4.81,1,7.15,-1.29,9.47,17,4.18,9.7,9.9,2.13,2.4,1.49,,,49,20/10/01,42,9
Rice,Nevada,13,16.78,16.54,13.69,17.6,18.48,49.86,15,24.44,20,16.6,21,15.97,20,25.05,20.5,20.09,13,13.25,17.8,13.72,5.87,8,17.15,11.83,18.28,0.5,10.45,19.1,21.77,12.6,15.2,16.41,,,30,20/10/01,33,9
Rutgers,Navy,1.5,1.07,2.05,2.01,-3.2,6.87,17.74,-0.53,8.49,8,0.6,7,3.03,6.5,7.74,3.5,3.31,1,-0.36,6.76,7.82,-1.98,-6,2.75,2.05,0.32,0.5,-1.75,-0.1,2.9,-5.36,-2.13,4.41,,,17,20/10/01,23,9
South Carolina,Vanderbilt,16.5,22.96,20.94,17.64,16.7,21.8,65.61,17.43,27.92,24,14.8,23,18.81,19.5,29.68,30,19.06,20,17.8,28.51,18.03,14.52,12,21.61,14.27,21.79,18,14.95,20.5,26.25,20.03,17.09,18.78,,,14,20/10/01,46,9
Syracuse,Temple,16,18.94,16.07,21.53,24.2,13.55,46.93,19.5,17.53,18,20.6,19,22.79,20,16.55,27,25.36,25,15.2,19,18.11,10.5,16,19.69,14.76,20.07,18,19.38,23,14.89,16.17,25.78,13.41,,,3,20/10/01,45,9
TCU,Army,14,14.54,11.53,15.45,5.7,15.16,40.09,19.62,11.01,22,18,16,9.31,18.5,18.26,16.5,28.41,21,7.27,12.16,21.4,8.27,13,15.67,7.4,13.99,17,22.65,14.1,11,4.68,2.91,9.68,,,20,20/10/01,38,9
Texas,Colorado,8.5,7.54,3.16,8.18,7,10.49,-4.68,10.13,1.2,10,7.18,11,8.06,7,0.3,6,9.91,11,4.88,-0.45,9.7,3.97,18,7.32,3.71,9.97,15,11.01,9.5,1.72,6.3,8.03,,3.63,8.73,7,20/10/01,41,9
Tulsa,Hawaii,-7,-15.49,-13.01,-3.65,-15.7,-6.28,-13.32,-8.2,-4.49,-12,-3.6,-6,-1.38,-3.5,-9.72,-12.5,-9.26,7,-16.94,-7.46,-18,-10.93,-20,-8.68,-10.37,1.41,-0.5,-13.28,-11.7,-8.08,-13.58,1.64,-8.1,,,36,20/10/01,15,9
UAB,Tulane,10.5,8.51,4.47,3.69,0.7,12.57,21.7,4.92,3.58,8,4.6,13,5.46,5.5,2.21,-1.5,16.26,20,4.59,2.35,5.88,4.14,10,6.11,0.96,-1.95,0.5,-7.08,6.5,3.22,4.55,5.47,4.08,,,27,20/10/01,34,9
UCLA,California,28,42.4,34.16,23.7,32.7,51.76,80.27,27.55,33.22,39,25.3,34,31.26,29.5,35.56,48.5,34.11,26,36.42,36.7,39.49,31.66,34,34.75,31.4,27.82,0.5,38.87,32.7,34.34,33.09,26.53,43.47,,,17,20/10/01,56,9
UNLV,Colorado St.,4,3.47,1.93,-1.18,6.9,6.89,-15.53,5.33,1.64,4,0,3,0.85,0,1.95,5.5,1.83,7,-0.59,3.85,4,2.03,,2.23,1.59,5.71,0.5,7.92,7.5,2.78,3.77,4.34,-3.59,,,26,20/10/01,24,9
UTEP,San Jose St.,3,3.76,4.13,4.06,3.8,12.41,32.45,6.06,11.07,2,1.4,10,8.31,9.5,7.89,12,-1.58,14,2.67,7.54,-5.14,2.99,2,7.1,8.17,5.54,10,-10.05,2.9,12.16,11.32,17.31,16.87,,,40,20/10/01,28,9
Utah,Wyoming,16,23.98,19.21,14.64,23.3,23.7,38.26,23.49,23.66,23,17.2,25,15.51,17.5,26.43,29.5,22.09,23,15.84,22.81,23.16,13.49,12,20.93,16.49,14.94,17,14.62,29.3,21.92,18.99,15.88,18.4,,,0,20/10/01,35,9
Virginia,Florida St.,-11.5,0.19,-0.31,-13.54,-4.4,-0.23,-5.65,-16.51,1,3,-13.3,-3,0.16,-4,0.31,7.5,-10.42,-8,1.89,1.36,1.5,-3.73,-8,-2.51,4.98,-0.81,-6,4.77,-10.4,5.59,1.37,0.8,5.34,,,43,20/10/01,7,9
Washington,Arizona,14,24.71,17.49,13.25,17.2,13.77,41.23,19.42,17.01,22,20.2,24,16.07,17.5,16.04,22,17.44,16,18.06,15.97,23.29,15.42,22,19.47,14.54,15.91,16,21.26,26.6,17.23,19.29,15.52,20.75,,,28,20/10/01,31,9
Arizona,USC,-6,-5.72,1.33,-6.04,-9.7,1.5,18.63,-10.73,4.19,-2,-1.1,-2,-5.17,2,5.9,-3.5,-14.5,-10,-5.87,4.78,-9.47,-2.71,-15,-3.33,-5.36,5.14,-11,-9.44,-14.6,6.84,-1.64,-3.29,,3.47,,41,27/10/01,34,10
Arizona St.,Washington,3,-4.2,-5.99,1.99,5.2,5.08,-7.17,2.41,-8.74,5,-9.9,-6,5.37,-6.5,-9.4,-7.5,-1.97,2,1.45,-6.62,0.45,-1.51,-4,-2.69,3.52,-12.95,6,0.39,3.7,-14.62,-8.84,-0.18,,-11.43,,33,27/10/01,31,10
Arkansas,Auburn,-1.5,-4.08,-3.59,-0.59,-2.3,-9.7,-26.96,-3.38,-7.74,-6,-6.4,-3,-1.56,-5,-12.56,-9,-2.37,-3,-2.77,-8.78,-3.61,-1.38,-3,-5.23,-0.59,-6.88,-6,-4.74,-2.1,-6.07,-2.51,3.85,,-4.69,,17,27/10/01,42,10
Arkansas St.,Idaho,-4,6.8,2.86,-1.08,1.6,11.29,20.5,0.34,6.25,8,-0.3,5,-7.02,0,11.04,1.5,1.31,-1,7.45,9.16,5.6,4.42,-4,3.53,5.12,-1.65,4,-2.44,-2.5,6.12,7.33,-3,,5.96,,31,27/10/01,34,10
Army,Tulane,-3,-4.66,-6.91,-3.96,-6.4,-5.62,-8.74,-4.94,-2.11,2,-0.5,-5,-0.62,-6,0.71,,-3.42,-5,-8.71,-0.53,-4.75,-7.5,-17,-5.04,-4.2,-7.16,-8,-4.16,-8,-2.74,-4.15,-0.37,,-3.52,,35,27/10/01,42,10
Baylor,Texas Tech,-11.5,-5.23,-2.68,-7.48,-15.2,-9.73,-9.41,-13.94,-0.58,-6,-6.8,-8,-9.09,-7,0.3,-4,-15.57,-9,-7.77,1.51,-8.42,-6.99,-18,-7.7,-6.71,-6.92,-13,-10.65,-12.7,2.75,-4.2,-6.29,,-1.3,,63,27/10/01,19,10
Boise St.,Nevada,20.5,17.07,15.27,11.86,12.5,14.59,45.28,22.3,19.64,16,17.8,23,16.13,21,19.17,18,18.58,19,8.22,15.91,10.61,5.82,12,16.98,10.61,14.84,15,12.87,19.7,21.27,15.37,11.54,,18.8,,7,27/10/01,49,10
Boston College,Notre Dame,3.5,9.13,6.78,9.26,0.4,15.23,24.02,4.61,5.32,13,2.4,9,10.79,6,7.46,9,5.97,5,8.78,6.52,9.69,9.97,7,8.56,8.47,5.95,15,12.97,5.8,5.14,9.71,15.15,,6.39,,17,27/10/01,21,10
Central Mich.,Northern Ill.,-8,-9.66,-8.02,-5.1,-12.2,-2.87,-7.9,-8.72,-4.63,1,-3.8,-5,-5.84,-5.5,-6.08,-16,-10.15,-6,-5.52,-6.41,-4.97,-10.38,-11,-7.07,-8.5,0.41,-9,-6.74,-8.3,-7.12,-9.31,-9.47,,-8.14,,33,27/10/01,24,10
Cincinnati,Louisville,-3.5,-4.65,-10.09,-5.74,-3.8,-3.55,-15.72,-7.15,-7.94,2,-7.6,-5,0.44,-6,-7.89,-7,-4.44,-4,-0.89,-8.63,-2.22,-4.72,-9,-6.01,-2.71,-11.31,-7,-9.71,-4.5,-6.91,-8.4,-4.56,,-8.68,,28,27/10/01,13,10
Colorado St.,Utah,-2.5,-9.33,-8.39,-2.81,-5.1,-8.64,-20.02,-1.15,-10.99,-7,-2.8,-5,-7.53,-2.5,-11.14,-15,-3,-6,-6.46,-8.96,-7.84,-4.73,-9,-7.01,-0.91,-2.52,-10,-9.31,-6.3,-9.18,-5.52,-5.34,,-5.16,,17,27/10/01,19,10
Connecticut,Ball St.,-10,-10.95,-9.72,-12.58,-12.8,,3.61,-15.52,-1.97,-2,-4.2,-5,-8.18,-1.5,-2.19,-6.5,-11.74,-4,-7.11,0.16,-7.43,-16.85,-12,-7.49,-13.6,7.84,-5,2.09,-10.3,-9.72,-17.57,-3.23,,-14.81,,10,27/10/01,5,10
Duke,Vanderbilt,-7.5,-5.25,-4.31,-3.9,-9.6,-6.63,-8.31,-7.43,-4.82,1,-3.4,-8,-8.51,-3,-1.12,-4,-20.47,-11,-4.68,2.8,-5.96,-1.64,-14,-5.74,-1.29,-0.24,-14,-8.62,-11.2,1.64,-0.16,-8.42,,2.31,,42,27/10/01,28,10
Eastern Mich.,Buffalo,3,-10.38,-4.09,-8.96,-5.3,3.76,13.91,5.93,1.61,-1,5.6,2,-11.71,3,3.4,-4.5,6.25,-4,-8.99,2.74,-3.16,-8.17,-7,-3.07,-17.55,3.55,-3,-10.3,-4,-7.14,-10.38,-14.39,,-8.5,,20,27/10/01,24,10
Florida,Georgia,19,11.48,3.08,10.56,11.8,10.37,1.39,10.18,-1.26,14,3.5,8,11.5,8,0.67,10.5,12.86,17,13.23,1.05,16.49,5.81,20,9.02,6.53,-1.19,23,17.32,15.8,0.23,1.45,3.57,,-0.64,,10,27/10/01,24,10
Florida St.,Maryland,8,-2.22,-4.11,3.4,2.4,0.93,-19.89,10.23,-8.8,1,6.6,-5,-1.75,-0.5,-9.3,14.5,8.63,6,-2.09,-9.26,1.8,-3.23,-8,-1.31,0.66,-4.8,-3,-0.58,6.9,-9.05,-8.41,-1.18,,-10.26,,31,27/10/01,52,10
Hawaii,Fresno St.,-5,-11.37,-9.83,-6.38,-5.8,-10.99,-7.67,-8.92,-17.36,-4,-9.3,-10,-7.54,-13.5,-15.05,-14.5,-6.1,-23,-6.92,-13.13,-7.28,-9.56,0,-10.31,-8.83,-25.92,4,-10.89,-5.1,-15.06,-15.44,-21.76,,-16.67,,34,26/10/01,38,10
Iowa,Michigan,-5.5,-6.93,-8.49,-7.89,-10,-4.75,-12.57,-11.73,-8.54,-2,-15.1,-7,-1.99,-11.5,-9.75,-11.5,-5.09,-11,-6.41,-10.91,-3.15,-2.31,-8,-8.01,-5.42,-11,-1,-8.44,-10.9,-10.43,-9.09,1.56,,-10.33,,32,27/10/01,26,10
Kansas St.,Kansas,21.5,10.47,6.84,11.75,9.4,18.03,3.71,15.47,2.93,10,11.5,15,4.22,14.5,4.13,3.5,24.83,23,9.23,4.63,12.05,5.68,13,10.27,4.78,5.03,17,14.54,17.9,1.78,4.73,-4.32,,2.86,,6,27/10/01,40,10
LSU,Mississippi,10.5,3.41,2.16,3.42,5.9,9.48,-4.72,10.28,0.55,4,6,7,5.15,2,-3.66,-8.5,5.92,10,5.95,-6.95,5.52,1.5,-2,3.37,2.51,9.76,1,7.46,9.1,-0.6,-0.16,4.15,,-0.57,,35,27/10/01,24,10
Louisiana Tech,Rice,3.5,0.85,-2.71,6.29,-1.1,-2.17,-27.87,4.61,-9,4,-2.3,1,3.32,-2.5,-10.18,-4,10.33,2,2.53,-7.79,5.65,1.12,1,-0.67,4.58,-6.93,6,12.45,4.8,-9.09,-3.8,2.9,,-8.39,,38,27/10/01,41,10
Louisiana-Lafaye,Louisiana-Monroe,7.5,3.46,4.4,9.42,9.4,9.2,22.76,12.45,4.66,6,8.9,12,10.31,9.5,-3.05,4.5,9.94,8,4.78,0.61,3.12,3.4,12,7.14,9.31,4,8,8.17,10.1,2.02,-0.82,-0.62,,1.17,,12,27/10/01,17,10
Marshall,Akron,15,14.39,14.29,16.56,15.3,17.73,54.32,14.44,19.31,19,8.9,21,15.25,17,20.33,25.5,12.63,17,13.58,23.2,14.16,10.24,12,17.47,16.34,11.27,21,16.65,19.7,16.06,16.05,14.38,,16.74,,33,27/10/01,50,10
Memphis,UAB,-1,1.01,8.04,3.87,6,2.49,25.53,1.08,8.9,8,2.5,5,14.82,6,10.13,-11.5,-3.21,3,1.83,10.96,2.46,2.12,-7,4.86,5.02,11.42,-2,12.89,3.1,7.15,5.66,15.86,,6.57,,17,27/10/01,14,10
Miami (Fla.),West Va.,34,29.21,23.1,29.67,34.8,32.65,60.82,37.42,24.29,29,33.2,31,30.64,22,22.64,32,33.58,34,23.29,23.56,26.44,30.3,25,30.13,30.12,19.58,36,29.21,37,22.64,30.5,31.85,,23.63,,3,25/10/01,45,10
Miami (Ohio),Western Mich.,4,3.43,7.48,2.24,2.6,9.94,20.71,-0.01,6.71,8,-0.3,5,6.59,4.5,8.78,3.5,-2.8,-7,2.15,6.91,4.11,0.5,-5,3.7,3.74,-2.23,,3.78,-0.2,9.22,2.85,11.39,,5.24,,11,27/10/01,25,10
Middle Tenn.,New Mexico St.,7.5,9,7.38,7.1,3.4,8.1,33.51,-2.61,8.64,12,-1.5,16,8.05,11,11.14,16.5,14.83,8,9.75,12.1,13.37,5.81,9,9.56,9.41,8.12,19,10.21,2,6.44,7.16,4.78,,6.46,,35,27/10/01,39,10
Missouri,Texas,-21.5,-21.84,-15.69,-19.36,-22.2,-17.49,-25.03,-27.38,-10.66,-18,-24,-20,-17.08,-18,-13.38,-18.5,-23.62,-22,-16.32,-12.65,-19.41,-15.55,-24,-19.56,-15.64,-19.47,-25,-24.94,-24.2,-10.62,-21.55,-19.45,,-16.23,,35,27/10/01,16,10
NC St.,Virginia,7,5.73,7.23,5.93,8.8,8.04,6.48,7.65,4.66,7,4.9,10,4.86,4.5,6.27,5,6.29,6,6.54,7,6.72,8.25,8,6.26,1.51,-0.49,11,7.03,10.1,2.98,5.93,1.8,,4.52,,0,27/10/01,24,10
Nebraska,Oklahoma,4,3.12,2.99,4.23,6.6,9.37,16.73,7.04,1.47,9,-2.8,8,-7.8,6,4.18,4.5,5.67,7,3.2,5.2,5.66,2.16,9,4.27,1.01,-2.9,11,4,9.9,0.32,-2.05,-3.56,,-2.85,,10,27/10/01,20,10
New Mexico,Air Force,2.5,0.23,-1.1,1.14,-4.2,1.75,-23.37,1.68,-6.02,4,-9.5,-0.25,-0.74,-5,-7.24,-5,2.66,-5,2.37,-3.32,3.71,-2.63,-3,-2.37,0.95,-14.3,2,12.88,-0.1,-6.24,-2.83,-2.27,,-5.64,,33,27/10/01,52,10
Ohio,Kent,13,4.45,2.66,8.39,12.5,4.95,-12.47,14.83,-2.31,3,10.9,8,10.98,5,-0.97,-2.5,17.54,23,4.4,0.16,10.35,0.98,6,6.52,2.94,4.86,12,20.25,17.6,-1.28,2.3,7.31,,0.75,,24,27/10/01,14,10
Oklahoma St.,Colorado,-9.5,-11.96,-9.29,-11.23,-15.7,-13.8,-34.78,-11.49,-14.71,-10,-13,-13,-10.96,-12,-16.55,-13,-10.38,-15,-8.68,-12.71,-9.85,-9.54,-11,-13.18,-12.76,-17.92,-11,-11.89,-12.8,-11.77,-14.36,-8.68,,-13.76,,22,27/10/01,19,10
Oregon St.,California,19,14.49,8.36,16.43,15.4,24.03,33.1,15.57,10.49,20,9.1,18,14.67,16,10.11,17,21.94,10,12.96,12.25,14.69,11.74,12,14.83,11.23,17.12,22,13.87,17,8.49,8.52,15.51,,5.79,,10,27/10/01,19,10
Penn St.,Ohio St.,-7,-4.41,-6.07,-7.05,-1.6,-18.29,-29.66,-1.25,-6.81,-2,-2.6,-6,-10.04,-6,-8.19,-9.5,-6.45,-8,-3.66,-5.63,-4.1,-9,-13,-7.19,-2.53,-2.92,-12,-12.61,-0.6,-3.75,-5.08,-14.76,,-5.33,,27,27/10/01,29,10
Purdue,Northwestern,5.5,12.94,10.39,10.22,10.4,10.95,26.47,8.9,12.35,12,9.6,14,8.09,10,13.9,20.5,10.11,8,13.3,16.3,12.06,8.44,7,11.42,11.46,4.02,9,5.98,11,16.37,11.21,6.06,,12.53,,27,27/10/01,32,10
SMU,UTEP,10,11.19,7.47,8.58,10.3,7.36,5.05,4.99,0.48,14,3.3,7,2.3,1,7.49,-5,17.05,-5,10.93,6.37,14.52,8.18,3,7.03,13.28,2.19,12,10.49,10.3,5.72,9.1,6.1,,6.5,,14,27/10/01,40,10
San Diego St.,BYU,-14,-25.22,-19.24,-15.26,-30.3,-20.52,-52.08,-20.05,-24.19,-23,-15.3,-27,-13.48,-20,-25.47,-25,-23.87,-14,-18.89,-17.57,-25.38,-14.37,-24,-21.53,-15.04,-11.53,-32,-20.5,-15.1,-17.7,-17.41,-12.35,,-18.36,,59,27/10/01,21,10
San Jose St.,Tulsa,6.5,8.76,5.79,11.88,8,-1.06,3.72,6.98,4.33,13,6.1,8,0.16,8,7.01,4,14.09,-1,10.31,6.76,13.97,7.12,-2,6.71,14.06,0.31,1,16.29,2.8,5.6,9.64,0.74,,7.73,,27,27/10/01,63,10
Southern Miss.,Houston,20,24.24,18.38,19.32,22.9,20.47,45.82,20.04,23.95,22,14.7,23,28.49,20,22.46,29,25.37,23,19.1,21.04,18.59,17.39,17,22.4,16.76,17.09,21,21.7,22.4,24.94,24.12,20.5,,26.42,,14,27/10/01,58,10
Stanford,UCLA,-7,-0.68,-2.1,-1.56,-2.3,-2.59,-12.9,-0.72,-0.78,1,-3.7,-7,-7.98,-7,-1.72,-0.5,-5.73,5,-1.37,4.09,-0.12,-1.62,-13,-2.86,2.05,-3.22,-1,-4.14,-2.2,-2.93,-0.6,-5.35,,-3.67,,28,27/10/01,38,10
Temple,Pittsburgh,2.5,7.83,7.41,7.26,-2.4,10.72,22.02,3.07,7.18,11,-1.5,9,10.96,4,11.57,6,6.46,-5,7.88,10.06,7.24,7.12,1,6.74,12.99,0.7,6,0.21,3.1,9.69,11.61,12.03,,12.21,,33,27/10/01,7,10
Tennessee,South Carolina,7.5,6.36,6.31,10.23,4.8,8.01,-2.61,5.13,3.99,5,7.3,6,8.92,5,5.29,10.5,14.25,4,7.94,11.38,9.7,5.33,5,6.8,10.13,6.16,6,12.99,5.1,6.12,7.66,4.7,,6.59,,10,27/10/01,17,10
Texas A&M,Iowa St.,6.5,-2.17,0.96,4.22,2.1,0.84,16.8,5.67,3.8,6,10.8,5,6.45,7.5,2.98,1.5,8.86,5,1.13,4.6,1.49,2.19,-2,3.94,3.72,4.02,,8.15,4.4,-1.06,1.28,9.19,,0.72,,21,27/10/01,24,10
Toledo,Navy,29,35.38,27.18,24.5,31.5,41.44,73.35,25.89,28.53,35,10,40,36.38,29.5,30.74,35.5,36.5,35,31.07,27.4,33.32,23.48,31,32.25,23.46,25.74,40,31.46,29.4,28.11,30.73,36.47,,30.99,,20,27/10/01,21,10
Utah St.,Central Florida,-5.5,-10.8,-5.99,-9.51,-18.4,-10.79,-34.02,-9.17,-9.14,-6,-1.5,-11,-8.62,-8.5,-12.73,-11,-8.46,-6,-9.3,-8.45,-6.06,-9.36,-42,-11.2,-10.98,-7.77,-10,-2.15,-14.6,-8.17,-12.21,-5.62,,-10.47,,27,27/10/01,30,10
Virginia Tech,Syracuse,18,15.77,10.96,19.67,16,18.08,15.6,11.98,9.03,15,17.7,15,22.16,12.5,10.27,16.5,21.14,25,16.95,12.52,16.21,19.24,21,16.64,19.78,9.93,25,22.08,18,9.5,21.06,19.06,,11.45,,22,27/10/01,14,10
Wake Forest,Clemson,-8,-2.54,-1.25,-3.36,-6.7,4.32,-10.37,-4.66,-5.22,1,-6.9,-2,-5.33,-5,-6.15,-4,-6,-7,-3.86,-7.19,-0.66,-1,-5,-3.76,-1.28,-12.42,-1,3.36,-3.4,-2.83,-4.53,-8.7,,-5.33,,21,27/10/01,14,10
Washington St.,Oregon,2.5,6.54,5.58,7.33,2.6,1.26,24.51,1.59,6.85,7,-1.1,8,4.68,4.5,7.36,11,2.66,3,7.42,9.28,3.79,12.86,0,6.44,14.78,1.69,6,1.1,-1.2,11.28,13.8,-0.76,,11.91,,24,27/10/01,17,10
Wisconsin,Michigan St.,4.5,1.82,4.75,3.27,7.4,5,4.04,7.61,1.21,2,5,2,-0.18,5.5,0.25,-1.5,2.95,-2,0.46,-1.37,1.74,-2.07,0,2.51,1.08,3.35,-2,7.1,2.2,3.1,4.28,1.16,,4.56,,42,27/10/01,28,10
Wyoming,UNLV,-7.5,-2.77,-0.75,-4.69,-14.1,-7.11,6.98,-16.49,2.34,-1,-3,-3,-3.63,-0.5,-0.14,-2,-14.52,-10,-1.1,2.14,-4.55,-4.2,-8,-4.83,-5.25,-6.12,-11,-8.55,-14.9,2.41,-3.66,-8.85,,-0.72,,47,27/10/01,26,10
Air Force,Army,12.5,14.88,12.91,12.19,10.3,16.01,42.08,4.75,15.32,9,23.2,18,16.03,18.5,12.76,15,9.04,18,8.82,11.59,10.02,9.96,7,13.46,8.53,12.49,12,3.69,10.2,17.03,13.51,11.29,,14.63,7.79,24,03/11/01,34,11
Alabama,LSU,4.5,5.89,5.75,6.65,5.6,6.34,-1.47,2.05,1.17,4,3.5,6,3.24,3.5,0.6,8,3.45,11,8.21,3.34,4.29,6.35,8,4.78,6.65,-5.38,7,7.32,8.9,4.38,7.17,-1.41,,4.6,0.73,35,03/11/01,21,11
BYU,Colorado St.,14.5,20.16,15.68,14.63,12.5,19.8,47.81,12.83,18.17,23,15.5,24,13.33,19.5,17.38,18.5,16.92,13,15.23,16.09,18.55,13.73,9,17.64,10.4,18.41,24,15.88,16.3,15.92,14.68,11.34,,13,21.39,34,01/11/01,56,11
Ball St.,Central Mich.,,9.14,8.6,8.54,8.8,8.99,21.98,14.4,9.64,13,10.2,12,9.06,8.5,18.23,17,13.89,4,4.81,15.64,13.04,5.71,1,10.5,10.52,7.16,11,5.52,8.4,9.71,8.24,2.92,,9.48,24.41,34,03/11/01,38,11
Baylor,Texas,-31.5,-27.86,-18.36,-24.79,-28.7,-30.23,-46.05,-33.68,-15.28,-25,-39.5,-25,-21.58,-22,-16.68,-29,-36.08,-31,-23.79,-16.49,-27.49,-21.35,-34,-27.32,-21.46,-21.07,-38,-24.08,-34.5,-15.64,-23.4,-16.1,,-19.54,-44.44,49,03/11/01,10,11
Bowling Green,Miami (Ohio),4,2.8,1.36,7.13,-2.1,5.34,-1.12,1.23,-1.13,5,0.5,5,4.38,0,-1.46,3,8.12,9,2.38,0.76,4.44,3.66,4,2.85,3.6,5,8,7.33,2.4,-1.01,1.54,3.92,,-0.82,-2.01,24,03/11/01,21,11
Buffalo,Ohio,-15.5,-13.09,-7.13,-14.22,-17.2,-5.95,-2.36,-18.31,-0.25,-2,-19,-9,-17.06,-6.5,-0.22,-3.5,-18.58,-23,-8.9,3.46,-9.6,-10.19,-16,-11.45,-14.3,-7.36,-10,-18.92,-20.2,-6.61,-13.84,-21.86,,-10.85,-19.47,0,03/11/01,44,11
California,Arizona,-3.5,-0.5,-0.04,-3.31,-2.5,-17.81,-15.82,0.36,-2.69,-1,-3.8,-3,-3.63,-4,-2.25,-1,-5.43,5,-2.99,-0.92,0.01,-4.47,-9,-3.28,-1.48,-3.94,-8,0,1.7,0.92,-3.6,-6.36,,-2.19,-4.03,38,03/11/01,24,11
Central Florida,Akron,14.5,8.65,4.81,9.52,17,14.14,29.87,14.69,9.91,13,14,15,12.61,11,7.51,9.5,13.41,17,9.31,8.2,12.5,3.61,15,11.72,6.96,3.14,15,13.78,20.7,3.96,5.27,14.6,,5,15.81,17,03/11/01,57,11
Cincinnati,Connecticut,24.5,27.72,20.88,21.61,23.3,20.58,37.44,24.59,19.79,16,31.8,24,16.73,18.5,15.37,22.5,26.06,28,24.51,13.75,18.22,25.46,17,22.82,20.75,13.25,15,17.19,25.8,25.09,25.65,11.39,,25.86,35.82,28,03/11/01,45,11
Clemson,Florida St.,-7.5,-6.62,-3.85,-7.63,-10.7,-9.47,5.48,-15.36,-0.39,-1,-21,-3,-7.95,-2,0.63,-1.5,-8.64,-1,-3.85,3.73,-5.4,-3.9,-10,-5.91,-6.92,-1.29,-11,-5.22,-13,-1.66,-5.86,-4.25,,-2.24,-12.98,41,03/11/01,27,11
Colorado,Missouri,13,16.35,13.3,14.42,14.6,20.32,46.45,13.95,15.32,17,16.8,19,11.18,17.5,16.78,18.5,18.44,22,13.17,19,14.14,11.33,10,16.5,12.06,18.49,15,17.71,13.8,13.87,14.34,5.15,,14.28,15.01,24,03/11/01,38,11
Duke,NC St.,-17,-24.1,-17.65,-16.86,-21.4,-23.8,-41.91,-20.16,-18.74,-21,-19.8,-23,-15.46,-18,-19.27,-23.5,-20.19,-13,-19.56,-14.24,-19.51,-13.21,-24,-20.11,-16.09,-10.96,-25,-21.53,-18.1,-17.26,-18.7,-22.49,,-18.12,-23.52,55,03/11/01,31,11
Florida,Vanderbilt,35.5,34.07,26.5,30.09,33.6,30.73,60.96,31.9,26.16,35,34.9,34,28.29,28.5,29.53,45.5,27.76,31,31.19,31.03,33,22.86,30,32.35,23.99,27.08,40,32.48,37.1,26.92,28.44,23.18,,28.13,40.69,13,03/11/01,71,11
Fresno St.,Rice,14.5,11.97,8.59,10.75,9.2,12.13,12.32,12.8,7.67,9,16.7,13,6.49,10.5,6.26,9,15.29,16,4.13,11.44,10.33,6.32,10,10.48,5.48,11.76,13,11.71,14.3,7.46,9.28,6.53,,8.47,14.45,24,03/11/01,52,11
Georgia Tech,North Carolina,3.5,-4.93,-2.7,-0.09,-3.7,3,8.96,2.83,-3.16,1,4.8,3,-1.23,0.5,-2.18,0,3.09,5,-3.65,-0.44,-0.96,-1.95,5,0.6,-5.03,1.96,12,2.65,0.1,-6.39,-0.7,-2.14,,-2.43,3.17,21,01/11/01,28,11
Hawaii,San Jose St.,12.5,19.58,16.98,14.82,18.4,18.76,50.94,10.75,13.83,16,11.8,20,20.56,15.5,16.75,26,11.16,18,15.89,19.69,14.26,12.85,20,17.67,13.7,13.55,24,12.93,17.8,17.1,18.02,18.53,,17.36,12.87,10,03/11/01,34,11
Idaho,Louisiana-Monroe,12,0.8,4.43,9.25,3.6,-1.21,-2.37,8.66,1.04,1,15.1,10,-4.68,9.5,-3.25,4.5,8.57,14,3.85,-1.43,2.49,0.31,12,4.46,1.68,3.8,3,8.13,9.1,-0.84,-1.43,-3.72,,-2.32,15.03,38,03/11/01,42,11
Indiana,Northwestern,-3,-5.24,-5.25,-1.75,-1,-8.15,-22.68,-4.75,-9.26,-5,-4.3,-5,-3.65,-6.5,-8.77,,-4.57,-2,4.62,-7.07,-1.38,2.56,-3,-4.23,-0.25,-5.51,-4,-0.44,-0.1,-5.11,-2.5,-1.82,,-5.4,-4.14,21,03/11/01,56,11
Iowa St.,Kansas St.,-6.5,4.89,4.48,3.48,4.1,6.07,27.08,-2.11,7.6,8,-9.8,5,9.59,3.5,10.09,-11.5,-4.35,-1,4.24,10.54,0.17,2.85,-3,3.35,6.36,11.79,0,1.85,-3.3,9.16,4.86,6.33,,8.49,-8.13,42,03/11/01,3,11
Kansas,Nebraska,-29,-29.07,-23.78,-23.05,-31.7,-32.4,-66.91,-32.8,-20.84,-28,-35.6,-30,-29.06,-30,-29.09,-35.5,-26.55,-28,-23.96,-30.56,-22.31,-18.47,-31,-29.68,-24.28,-32.67,-36,-27.91,-32,-20.97,-29.58,-25.62,,-26.2,-32.8,51,03/11/01,7,11
Kent,Marshall,-13,-11.08,-10.18,-6.92,-9.3,-6.83,-26.8,-10.94,-13.32,-5,-17.2,-12,-1.74,-10.5,-14.9,-17.5,-8.99,-13,-6.75,-14.24,-16.42,-7.05,-12,-11.63,-7.31,-8.79,-15,-16.13,-11,-11.75,-13.1,-0.66,,-14.55,-12.96,42,03/11/01,21,11
Louisiana Tech,Boise St.,1,1.41,1.12,2.43,-0.7,0.16,-2.33,-7.68,3,,-14.1,5,4.37,1,2.36,6,2.8,-1,0.63,3.58,3.99,1.85,,0.3,0.8,-4.41,-1,6.53,-3.8,1.04,0.32,1.86,,0.94,-2.44,42,03/11/01,48,11
Maryland,Troy St.,22,23.29,21.33,27.49,21.7,22.67,34.01,25.84,16.48,17,39.8,25,20.06,19.5,19.37,21,23.37,23,22.26,20.38,17.07,21.77,21,23.02,21.28,28.21,25,18.62,28.7,19.9,27.98,22.31,,23.03,14.98,14,03/11/01,47,11
Miami (Fla.),Temple,42.5,47.11,34.92,47.27,49.1,39.77,73.11,50.29,32.66,41,53.5,39,37.59,29.5,30.45,48.5,46.96,40,39.02,31.33,41.59,46.8,37,44.22,47.13,31.32,49,50.89,52.6,35.81,51.12,38.17,,39.82,63.65,0,03/11/01,38,11
Michigan St.,Michigan,-6,-10.47,-10.51,-7.08,-9.1,-9.99,-23.1,-11.51,-9.87,-2,-11.9,-10,-8.08,-11,-13.46,-16,-8.08,-10,-10.1,-13.13,-8.86,-6.22,-13,-10.18,-5.66,-10.3,-9,-6.33,-10.4,-13,-10.25,-6.98,,-12.4,-7.84,24,03/11/01,26,11
Middle Tenn.,Arkansas St.,21,22.78,16.97,19.78,17.7,19.3,54.82,15.91,18.57,22,17.4,30,22.23,24,16.46,28,23.02,20,18.9,17.05,23.25,17.26,19,21.75,19.39,16.33,25,23.86,21.8,17.46,19.44,20.28,,18.78,23,6,03/11/01,54,11
Minnesota,Ohio St.,-3,-0.58,-0.31,-2.81,2.5,0.11,-0.9,-3.67,-1.47,1,-7.6,1,5.08,-0.5,-0.57,3.5,-3.28,-6,1.14,3.19,-2.12,-4.34,-2,-0.63,1.13,-1.58,2,-3.7,3.1,-0.53,-2.41,8.94,,-2.32,7.15,31,03/11/01,28,11
Mississippi,Arkansas,6,6.65,5.43,6.07,8,10.97,28.07,4.52,7.4,14,5.7,10,9.86,9.5,11.01,10.5,6.7,,5.75,11.83,8.28,4.5,0,8.02,7.15,1.9,12,8.44,7.4,5.88,4.29,7.01,,5.55,7,58,03/11/01,56,11
Mississippi St.,Kentucky,7.5,1.82,0.54,2.82,-1.1,4.52,14.32,7.9,1.78,6,8.9,4,1.99,6.5,1.1,5.5,4.31,12,0.88,3.64,1.62,3.7,-9,3.39,2.01,5.74,3,0.94,3.9,0.17,1.76,-0.36,,-0.3,4.3,14,03/11/01,17,11
Nevada,SMU,1,4.42,3.3,5.92,1.2,-3.96,-5.84,-4.63,1.65,1,-6.7,3,6.42,3.5,-0.13,8.5,2.56,6,3.85,2.74,4,8.3,-5,1.87,6.64,3.32,-3,2.71,-0.1,5.77,8.15,4.93,,5.55,-10.34,14,03/11/01,35,11
New Mexico St.,North Texas,10,6.65,4.09,10,4.7,6.9,14.79,8.31,6.66,6,9.5,8,6.27,9,3.93,3.5,8.09,11,4.68,0.46,2.74,8.72,-1,6.48,6.66,7.64,-2,4.22,6.7,8,7.42,10.31,,6.98,6.17,22,03/11/01,20,11
Northern Ill.,Eastern Mich.,23,33.68,23.73,30.99,28.2,15.92,37.58,19.36,17.08,22,21,22,28.14,19,14.79,28.5,27.04,30,29.32,17.95,22.59,23.74,24,25.99,34.15,15.15,23,37.72,31.6,26.05,29.13,25.65,,28.3,35.92,17,03/11/01,40,11
Notre Dame,Tennessee,-7.5,-13.53,-13.04,-8.5,-6.3,-16.54,-24.61,-5.31,-12.85,-6,-2.6,-10,-5.48,-8,-15.68,-23,-4.95,-7,-8.08,-20.72,-11.09,-7.22,-15,-10.95,-4.92,-12.19,-11,-16.75,-7.3,-13.7,-12.17,-0.6,,-14.47,-11.13,28,03/11/01,18,11
Oklahoma,Tulsa,41.5,53.26,44.85,49.99,50.3,41.32,84.64,48.24,42.48,47,47.9,36,49.84,35.5,46.64,53,56.72,49,49.14,42.43,51.63,41.94,,49.68,55.08,46.81,42,56.85,52.6,45.73,56.95,46.63,,52.37,53.08,0,03/11/01,58,11
Oregon,Arizona St.,11,18.72,15.68,13.21,13.5,19.08,37.52,13.35,17.15,19,15.7,26,16.3,23,18.25,24.5,15.68,18,14.67,20.38,15.45,10.47,10,17.22,14.83,19.37,9,14.85,15.3,18.43,17.21,15.44,,17.95,14.43,24,03/11/01,42,11
Penn St.,Southern Miss.,2.5,5.1,5.24,4.22,4,-11.27,-11.51,2.84,3.88,-2,-0.4,-3,2.48,-2.5,0.36,-6,-1.59,4,3.87,0.31,1.78,3.13,-11,0.46,6.45,8.73,-11,-11.91,4.3,7.85,8.74,13.75,,8.96,0.1,20,03/11/01,38,11
Pittsburgh,Virginia Tech,-18.5,-21.4,-16.39,-19.88,-22.6,-24.57,-43.89,-20.54,-16.91,-22,-28.3,-21,-19.71,-18,-20.98,-26,-26.09,-29,-18.8,-20.51,-23.61,-15.85,-32,-22.84,-18.13,-16.96,-35,-25.76,-27,-14.29,-22.27,-23.13,,-18.64,-19.76,7,03/11/01,38,11
Purdue,Illinois,3,2.29,1.07,1.23,0.7,4.33,3.89,3.43,2.46,2,5.1,4,0.61,1.5,3.02,2,3.54,3,2.54,5.02,2.84,0.37,-2,2.38,1.36,4,1,-3.1,4.5,3.31,1.62,4.53,,2.51,8.15,38,03/11/01,13,11
San Diego St.,New Mexico,-2.5,-7.65,-4.79,-5.85,-15.8,-9.11,-6.8,-7.05,-5.33,-10,-4.2,-6,-1.88,-4,-7.19,-6.5,-7.82,-1,-7.75,-3.74,-9.63,-3.38,-12,-6.47,-8.49,1.16,-13,-14.46,-1.9,-1.75,-2.89,-4.1,,-2.25,-6.9,20,03/11/01,15,11
South Florida,Houston,11,19.76,15.25,16.89,19.2,19.77,52.14,4.56,20,21,-5.2,28,22.16,20,18.94,25,10.84,14,15.64,18.19,17.61,14.56,15,17.86,15.25,7.83,23,8.32,17.3,17.42,16.9,14.32,,17.59,27,6,03/11/01,45,11
TCU,East Carolina,-3,-4.92,-4.09,-8.57,-15.1,-3.07,5.85,-2.67,-2.35,2,0.4,-1,-13.01,0.5,6.22,-7.5,1.17,-7,-11.64,4.63,-1.85,-11.3,-8,-4.47,-11.15,1.09,-2,-2.87,-8.8,-2.68,-8.52,-15.8,,-5.09,-8.25,37,30/10/01,30,11
Texas Tech,Texas A&M,4,1.63,1.16,4.79,9.3,0.19,-25.94,5.65,-3.84,5,2.1,1,1.6,-2.5,-6.12,-6.5,5.47,6,5.12,-6.02,6.08,0,-4,0.51,4.46,-7.96,6,-0.08,10,-5.5,0.03,0.66,,-3.33,5.43,0,03/11/01,12,11
Tulane,Louisville,-11,-21.75,-18.62,-14.33,-15.6,-15.52,-55.08,-14.06,-24.9,-15,-19.2,-25,-10.59,-20,-28.5,-22.5,-11.96,-6,-10.48,-23.81,-13.47,-12.05,-19,-18.17,-12.67,-18.54,-17,-11.11,-10.5,-24.36,-20.48,-9.77,,-23.89,-12.78,52,03/11/01,7,11
UNLV,Utah,-1,-6.9,-4.31,-1.06,-1.1,-4.22,-24.66,0.96,-10.34,-5,-4.1,-6,-1.21,-5,-11.06,-13,-2.49,-1,-7.62,-9.8,-5.56,-2.4,-8,-5.16,-1.59,1.04,-6,-4,-2.5,-6.71,-3.19,-3.41,,-5.22,-2.59,42,03/11/01,14,11
USC,Oregon St.,6.5,7.1,6.26,9.77,8,10.74,-0.5,5.76,3.41,8,4.8,8,9.19,5,2.2,6,9.84,13,9.5,4.09,10.56,5.92,9,7.07,10.55,1.01,12,8.77,10.3,2.08,8.01,8.29,,4.58,3.17,13,03/11/01,16,11
Virginia,Wake Forest,3,2.93,0.21,0.72,0,3.12,4.18,0.9,3.07,4,5.6,2,0.08,4.5,1.84,0,3.16,9,1.32,2.23,1.43,-0.95,-7,1.76,3.64,7.66,-3,-4.68,1.3,4.67,1.45,2.47,,3.06,-1.28,34,03/11/01,30,11
Washington,Stanford,-1,-7.43,-6.77,-9.62,-12.1,-9.81,11.76,-7.48,-0.11,-2,0.8,-1,-4.88,5,-2.61,-10,-2.92,-3,-8.66,-8.48,-8.05,-7.22,-12,-4.71,-9.72,2.41,-8,-6.21,-6.6,-0.14,-6.19,-1.86,,-3.66,-4.96,28,03/11/01,42,11
Washington St.,UCLA,-3.5,-2.27,-0.74,-1.04,-1.3,-4.66,13.99,-0.4,-1.27,2,-2.3,-3,-5.7,0.5,0.93,-1,-3.12,-1,-0.17,2.86,-1.59,0.73,-10,-0.8,1.81,1.23,1,-5.92,-3.6,0.47,3.05,-5.24,,0.96,-1.61,14,03/11/01,20,11
West Va.,Rutgers,17.5,22.15,13.22,18.31,18,10.7,17.07,18.45,9.03,15,22.5,15,18.87,12,8.15,15.5,23.16,22,20.02,9.1,16.68,14.68,13,17.17,19.61,17.26,14,18.58,18.7,16.91,23.72,20.34,,21.63,21.09,7,03/11/01,80,11
Wisconsin,Iowa,-2,-5.81,-4.28,-3.11,-4.1,-7.11,-0.87,-1.31,-4.18,-1,2.9,-6,-2.81,1.5,-6.02,-9.5,-3.07,2,-6.67,-4.04,-7.32,-6.13,-12,-3.86,-5.54,4.34,-13,0.65,-4.3,-3.03,-2.83,2.37,,-3.02,-4.13,28,03/11/01,34,11
Alabama,Mississippi St.,11,16.28,11.18,14.36,17.7,21.04,13.55,9.92,8.07,14,13.7,15,12.31,11,7.62,14,16.63,21,21.03,7.9,17.06,12.16,20,14.78,11.92,4.47,21,22.6,23.4,10.79,12.84,7.45,,10.11,18.72,17,10/11/01,24,12
Arizona,Stanford,-8.5,-21.21,-15.57,-14.05,-15.3,-14.53,-22.55,-12.28,-18.02,-11,-10.5,-22,-14.71,-12.5,-18.21,-26,-17.58,-21,-12.23,-19.16,-17.87,-10.33,-24,-16.39,-10.22,-15.25,-17,-16.06,-14.7,-18.7,-17.27,-8.22,,-19.16,-11.87,51,10/11/01,37,12
Arizona St.,Washington St.,-2,-11.59,-9.28,-8.71,-10,-8.71,-36.42,-6.88,-14.49,-8,-4.9,-12,-8.71,-13,-14.51,-18,-4.97,-2,-11.07,-14.36,-7.81,-9.27,-11,-10.75,-8.13,-15.74,-6,-7.06,-4.3,-15.89,-13.6,-9.4,,-14.93,-5.52,28,10/11/01,16,12
Arkansas,Central Florida,6.5,12.64,14.03,9.97,7.7,3.3,22.87,8.13,18.51,5,13.2,10,12.28,7.5,16.64,17,6.47,3,7.22,16.78,7.06,9.14,-1,10.63,10.13,22.52,-1,8.39,4.6,20.86,17.69,15.52,,20.6,4.54,20,10/11/01,27,12
Army,Buffalo,16,11.07,6.95,8.99,7.6,2.67,12.41,15.86,6.9,,18.7,11,10.07,8.5,6.99,7,11.62,15,5.64,7.3,5.05,5.78,,9.52,9.1,13.04,-1,13.16,8.3,10.89,11,11.9,,12.1,12.23,26,10/11/01,19,12
Ball St.,Kent,6.5,1.51,4.2,-0.71,0,2.76,12.35,5.35,6.31,7,6.6,6,5.91,4,13.08,5.5,3.98,7,-0.74,10.63,5.92,-2.1,-2,4.03,-1.99,0.91,6,7.39,2.1,4.14,2.52,7.25,,4.93,3.12,31,10/11/01,18,12
Boston College,Miami (Fla.),-20,-17.33,-9.4,-23.29,-16.8,-10.77,-13.61,-17.49,-8.91,-9,-17.4,-14,-12.29,-7.5,-7.71,-18.5,-18.96,-14,-13.28,-6.2,-13.44,-25.63,-22,-15.7,-22.98,-13.68,-19,-16.51,-14.2,-13.97,-24.67,-9.03,,-14.57,-20.12,18,10/11/01,7,12
California,USC,-13.5,-16.1,-10.07,-13.24,-14.3,-22.89,-27.97,-14.08,-13.46,-14,-14.5,-15,-9.06,-12,-10.63,-15.5,-18.37,-18,-12.86,-8.84,-14.24,-10.32,-20,-14.67,-12.6,-5.96,-22,-13.5,-14.6,-9.54,-14.94,-15.48,,-15.38,-14.9,55,10/11/01,14,12
Central Mich.,Eastern Mich.,11,16.59,11.88,18.96,14.9,7.3,10.46,9.67,6.01,12,11,14,11.81,10.5,2.5,7.5,12.07,21,14.82,4,11.65,9.27,16,12.71,19.29,6.25,12,24.16,19.5,11.21,14.34,5.39,,12.25,12.41,30,10/11/01,35,12
Cincinnati,East Carolina,-7.5,-5.68,-1.24,-8.77,-9.9,-3.94,1.99,-9.93,2.27,-5,-10,1,-2.04,-0.5,3.64,-2,-8.73,-6,-6.11,4.45,-7.7,-4.7,-11,-5,-8.13,-1.52,-6,-14.06,-8.1,0.63,-3.59,-3.6,,-0.64,-14.25,28,10/11/01,26,12
Colorado St.,Air Force,8,7.7,5,6.81,12.5,1.89,-4.23,11.71,3.22,8,1.3,8,5.83,4,2.49,4.5,10.14,9,9.11,5.68,10.09,3.08,4,6.3,9.26,2.05,7,9.04,12.7,3.28,7.24,-3.08,,6.09,8.35,21,08/11/01,28,12
Connecticut,Utah St.,-14.5,-15.49,-9.73,-11.78,-15.4,-3.01,6.78,-14.71,-8.25,-2,-16.4,-12,-9.62,-8,-0.58,-10.5,-15.94,-12,-9.15,0.25,-11.84,-9.2,0,-9.73,-11.83,-7.33,-7,-13.45,-13.4,-11.88,-14.32,-6.78,,-13.57,-10.16,38,10/11/01,31,12
Florida St.,NC St.,18,15.85,11.17,15.28,16.8,14.26,29.51,18.69,12.85,14,25.5,16,13.09,14.5,12.32,15.5,20.37,20,10.93,16,13.41,7.09,8,15.4,15.19,18.04,13,8.59,19.4,13.56,14.46,5.79,,13.35,21.37,34,10/11/01,28,12
Georgia,Auburn,8,6.78,4.73,8.83,13.9,4.08,-2.02,12.03,1.82,7,11.7,8,5.42,2,0.38,4,5.95,7,11.83,-2,7.94,6.61,8,7.08,11.01,10.24,8,4.38,15,3.82,7.81,4.95,,5.58,10.44,24,10/11/01,17,12
Hawaii,Boise St.,4.5,3.11,4.86,2.42,8.6,4.56,27.92,0.24,3.07,4,-2.3,7,5.77,3.5,4.36,5,1.66,-3,6.39,5.92,2.69,1.53,6,3.93,0,-1.53,9,0.57,3.9,1.7,2,6.89,,3.09,1.91,28,10/11/01,21,12
Illinois,Penn St.,9.5,17.22,16.15,15.03,8.2,22.18,50.43,9.74,18.51,19,8.7,21,13.41,19.5,20.29,25,12.42,12,14.36,22.54,15.15,12.46,12,16.75,13.4,15.84,17,20.41,10.9,18.14,14.56,12.68,,16.49,12.98,28,10/11/01,33,12
Iowa St.,Colorado,-4,-4.85,-5.39,-4.78,-8.8,-2.19,-21.3,-4.87,-6.85,-2,-7.6,-5,-2.86,-5,-7.32,-8.5,-4.56,-2,-1.9,-10.34,-4.43,-5.17,-6,-5.74,-6.17,-6.41,-6,-3.7,-5.4,-5.6,-5.79,-3.04,,-5.92,-5.86,40,10/11/01,27,12
LSU,Middle Tenn.,17.5,12.79,9.68,15.58,21.4,10.25,-1.95,22.2,9.98,8,23.2,17,8.82,8,4.23,7.5,14.75,22,11.71,0.91,12.08,12.15,11,13.06,15.3,16.34,4,15.46,21.2,10.42,15.58,8.42,,13.52,19.48,14,10/11/01,30,12
Louisiana-Monroe,Troy St.,-8,-16.44,-10.86,-8.67,-11.9,-8.16,-46.58,-13.44,-18.53,-7,-5.1,-14,-14.52,-16,-12.63,-20,-16.06,-14,-14.44,-6.14,-13.05,-9.12,-13,-14.48,-12.88,-12.06,-7,-19.68,-7.8,-18.7,-14.86,-7.51,,-17.63,-20.41,44,10/11/01,12,12
Louisville,Houston,32,41.17,35.33,31.19,35.2,35.47,92.97,36.5,39.9,40,39.9,39,36.85,34,39.88,40,29.63,24,33.95,36.04,34.53,27.38,31,37.88,28.26,34.25,37,28.79,40.7,39.85,37.5,34.92,,39.98,52.19,10,10/11/01,34,12
Maryland,Clemson,7,13.04,12.5,11.41,9,17.73,33.57,9.54,13.07,16,6.8,20,10.54,15.5,13.18,16.5,11.75,16,10.13,15.64,12.36,6.64,11,13.56,9.77,12.44,19,14.47,14.3,13.5,12.72,12.03,,12.46,12.03,20,10/11/01,37,12
Miami (Ohio),Marshall,-3,-0.66,-0.51,-3.7,-0.9,2.07,4.81,-1.8,1.9,1,-10.6,3,-0.12,1.5,2.15,-1,-2.84,-3,-2.33,4.78,-1.64,-5.12,,-1.48,-4.85,-0.13,-7,-1.03,-3.3,2.21,-2.85,-0.8,,-0.21,-7.93,27,10/11/01,21,12
Michigan,Minnesota,15.5,23.26,22.1,19.05,12.5,21.53,48.48,17.99,25.78,23,22.5,23,21.04,21.5,26.96,28.5,20.85,22,19.47,27.7,20.91,14.52,13,21.29,16.57,22.18,15,20.12,16.4,25.23,20.75,21.95,,25.37,9.09,10,10/11/01,31,12
Michigan St.,Indiana,7.5,11.39,10.3,8.21,8.7,10.97,42.09,8.54,18.14,16,10.7,17,8.99,15.5,17.54,15.5,7.99,9,7.93,17.53,6.27,2.85,2,11.36,8.54,11.18,6,8.45,6.8,13.66,9.68,12.32,,13.67,7.17,37,10/11/01,28,12
Missouri,Baylor,15,8.29,4.67,6.48,12.3,12.13,18.8,12.64,3.66,11,15.3,13,6.38,8.5,2.55,9.5,12.09,9,8.03,3.37,10.67,5.68,16,9.56,7.66,4.56,16,6.05,17.1,3.38,3.86,4.51,,3.3,18.13,24,10/11/01,41,12
Navy,Tulane,-2.5,-6.47,-3.48,-0.51,3.2,-7.78,-14.58,2.45,-3.84,1,0.3,-10,-3.64,-8.5,-1.37,-7,-4.8,-6,-6.73,1.18,-2.63,-1.84,-18,-4.19,0.37,-1.51,-4,-4.56,4.1,-4.86,-4.36,-2.72,,-7.4,-3.27,42,10/11/01,28,12
Nebraska,Kansas St.,13.5,18.5,17.5,18.06,19.4,17.83,65.16,15.88,18.43,24,13.9,24,19.04,23.5,23.62,25,10.62,24,18.34,33.34,12.13,13.68,14,20.71,19.72,34.74,15,15.45,16.3,19.99,27.34,24.08,,23.78,12.48,21,10/11/01,31,12
New Mexico,UNLV,2.5,6.08,5.73,3.67,3.7,5.26,21.81,1.91,9.69,8,1,8,6.44,8.5,9.41,-10,-1.26,-4,5.63,11.2,2.86,2.4,-1,4.57,3.76,6.21,3,5.05,0.6,8.55,4.71,5.94,,6.71,4.59,17,10/11/01,27,12
New Mexico St.,Arkansas St.,18,14.15,11.02,15.86,18.2,14.47,20.25,20.9,7.7,16,19.1,18,12.96,14.5,3.74,10.5,19.32,24,13.96,2.83,16.34,12.54,16,15.13,13.73,7.75,18,20.83,27,7.27,10.32,11.97,,7.95,21.5,17,10/11/01,28,12
North Carolina,Wake Forest,14,17.14,12.41,14.83,18.5,13.85,19.69,18.08,15.27,14,19,17,12.96,16,14.64,17.5,18.61,24,16.03,18.43,16.55,11.03,11,15.88,13.95,13.87,14,15.98,21.4,14.9,15.66,6.03,,15.94,12.61,32,10/11/01,31,12
North Texas,Louisiana-Lafaye,10.5,12.66,10.23,10.72,11.8,8.52,11.04,10.19,8.44,14,11.5,10,8.72,9,11.22,10.5,16.32,15,12.41,12.01,15.7,6.04,7,11.03,10.43,6.72,13,15.15,16.6,8.39,8.92,4.44,,7.75,13.06,17,10/11/01,42,12
Northwestern,Iowa,0,-3.44,-3.65,-3.72,-5.7,-2.74,-0.49,-1.97,-2.07,1,0,-2,0.39,-0.5,-2.35,-8.5,-0.43,2,-0.81,-0.92,-5.57,-1.39,-13,-2.73,-2.98,3.81,-9,-3.03,-4.3,-1.24,-2.09,5.84,,-2.64,-5.39,59,10/11/01,16,12
Ohio,Bowling Green,-6,-16.34,-14.65,-10.44,-14.4,-11.88,-42.48,-6.26,-18.24,-13,-0.5,-15,-15.15,-13.5,-19.96,-23.5,-4.69,5,-14.43,-14.78,-11.14,-9.23,-15,-13.35,-11.47,-14.06,-13,-12.29,-7.9,-17.91,-14.8,-16.17,,-18.66,-5.68,17,10/11/01,0,12
Ohio St.,Purdue,6,0.89,-0.15,5.39,2.5,2.63,-0.68,4.29,-4.28,5,3.4,2,-1.67,2.5,-5.56,-3.5,6.02,2,0.31,-3.62,4.11,2.32,2,1.5,5.03,-5.77,5,5.91,5.9,-3.92,0.57,1.24,,-2.63,5.34,9,10/11/01,35,12
Oklahoma,Texas A&M,17.5,17.32,11.81,16.82,19.9,13.72,20.63,18.12,9.98,14,17.5,15,15.25,14.5,10.89,18.5,18.38,18,14.12,16,15.81,12.87,11,16.82,17.45,27.71,21,20.74,22.3,13.37,20.36,16.04,,15.36,22.29,10,10/11/01,31,12
Oklahoma St.,Texas Tech,-6.5,-13.75,-12.38,-11.74,-14.8,-11.45,-26.73,-12.1,-16.99,-14,-18.7,-13,-9.31,-13.5,-17.13,-13,-9.21,-11,-12.3,-13.37,-12.48,-8.96,-10,-13.55,-10.89,-15.3,-12,-18.81,-12,-11.72,-14.33,-9.04,,-14.51,-14.45,49,10/11/01,30,12
Oregon St.,Washington,-3.5,-11.99,-12.91,-2.8,-8,-7.15,-41.54,-4.31,-19.27,-7,-7.8,-11,-9.22,-10.5,-19.09,-17,-4.27,1,-6.67,-18.08,-6.21,-6.9,-11,-10.76,-6.42,-20.29,-8,-3.13,-4.5,-19.03,-14.05,-7.83,,-18.49,-5.12,24,10/11/01,49,12
Rice,Tulsa,18,29.34,23.26,29.54,23.8,22.72,59.47,19.03,26.37,29,15.9,27,28.08,25,30.87,34,29.79,20,33.49,25.57,27.83,22.65,16,27.06,27.94,16.72,24,29.65,22.3,31.46,32.12,27.51,,33.4,21.19,32,10/11/01,59,12
Rutgers,Pittsburgh,-20.5,-18.59,-12.23,-12.7,-25.9,-15.59,-12.79,-18.99,-8.25,-7,-21.3,-13,-12.63,-9,-5.93,-16.5,-19.64,-5,-14.24,-5.18,-14.99,-12.19,-26,-16.06,-14.68,-13.16,-21,-22.02,-26.8,-12.71,-15.79,-8.96,,-15.04,-38.11,42,10/11/01,0,12
SMU,Fresno St.,-16.5,-24.7,-22.42,-17.63,-20.7,-19.46,-46.49,-19.81,-25.52,-17,-23,-22,-16.74,-23,-23.49,-30,-17.9,-22,-15.74,-24.35,-18.43,-16.04,-21,-21.56,-13.73,-20.42,-18,-19.4,-23.3,-23.5,-22.13,-16.91,,-24.33,-18.94,38,10/11/01,13,12
San Jose St.,Nevada,4,-2.06,-4.06,-6.12,-2.1,1.84,5.41,3.52,0.87,3,10.8,5,1.26,3.5,-0.94,-6,4.78,1,-5.06,-0.35,-0.17,-6.18,,0.3,-6.18,1.83,1,0.13,4.7,-3.33,-7.56,3.89,,-3.99,13.86,45,10/11/01,64,12
South Carolina,Florida,-12,-6.99,-5.32,-8.66,-13.1,-3.93,-0.62,-8.4,-0.38,-7,-13.5,-3,-1.63,-3.5,-0.77,-11.5,-17.87,-5,-9.01,-0.71,-10.24,-4.93,-14,-7.69,-6.95,-4.32,-19,-10.75,-14,-0.71,-4.11,5.12,,-2.83,-18.57,54,10/11/01,17,12
Syracuse,West Va.,14.5,21.33,15.85,16.93,19.1,18.06,58.28,19.05,21.74,22,14.6,21,19.64,19,22.69,27.5,17.93,21,17.24,26.89,17.35,14.06,13,20.19,18.99,18.25,15,21.62,15.8,21.47,20.11,22.45,,22.11,15.07,13,10/11/01,24,12
Temple,Virginia Tech,-23.5,-21.4,-14.53,-18.01,-21.4,-19.59,-41.05,-24.12,-15.15,-19,-28,-21,-15.72,-17.5,-16.24,-25.5,-28.54,-33,-18.41,-15.29,-21.45,-12.14,-30,-21.94,-13.95,-15.56,-33,-32.87,-24.3,-13.89,-17.71,-13.66,,-16.94,-28.17,35,10/11/01,0,12
Tennessee,Memphis,24,30.46,30.34,26.34,24.4,21.73,43.37,26.3,30.27,22,28.6,24,26.21,19.5,30.51,31,25.4,25,23.13,26.71,26.64,20.18,19,26.81,24.05,28.2,18,28.72,27.2,32.07,30.45,21.72,,34.15,27.22,28,10/11/01,49,12
Texas,Kansas,34.5,32.62,24.42,29.91,34,35.58,65.79,37,23.73,40,37.6,36,28.95,30,27.24,31,36.34,36,27.81,30.43,30.37,22.28,31,32.88,26.41,29.36,42,29.73,38,22.05,29.7,25.05,,26.77,44.76,0,10/11/01,59,12
Toledo,Western Mich.,10.5,9.54,8.64,7.08,13.1,13.66,39.23,12.15,11.67,14,11.3,13,10.74,8,12.18,12.5,11.58,13,8.05,11.47,9.31,6.2,4,11.44,5.06,15.3,15,14.9,12.5,7.93,7.53,15.57,,8.54,7.55,35,06/11/01,41,12
UAB,TCU,6,5.44,0.77,1.14,10.4,7.23,1.26,-1.96,5.79,1,-3.3,7,4.6,2.5,-0.92,4,1.05,6,8.94,3.64,0.53,4.56,4,3.04,3.71,3.35,4,-14.17,7.1,5.39,5.93,3.11,,5.35,0.62,17,10/11/01,38,12
UCLA,Oregon,3,1.92,1.71,3.91,-0.4,1.45,-8.99,0.27,-0.01,1,-0.1,4,0.22,-0.5,-2.33,0.5,5.96,9,3.27,-6.71,3.91,3.55,5,1.55,2.01,-2.23,1,6.66,2.8,1.1,0.78,-2.01,,-0.62,,21,10/11/01,20,12
UTEP,Louisiana Tech,-13.5,-25.95,-21.09,-21.21,-24.3,-12.45,-31.91,-18.82,-18.9,-19,-10.9,-23,-13.84,-17,-22.29,-27,-22.66,-13,-20.66,-16.01,-23.1,-18.13,-24,-20.97,-22.28,-17.54,-24,-26.11,-22.3,-23,-24.09,-4.73,,-24.18,-16.24,53,10/11/01,30,12
Utah,San Diego St.,17.5,26.93,21.53,21.25,35.5,28.49,60.32,25.28,26,34,24.5,23,22.46,21,28.04,28.5,23.3,23,25.14,24.94,29.75,14.04,23,25.64,22.94,9.02,32,30.45,27.6,19.58,19.17,22.22,,20.58,22.75,3,10/11/01,17,12
Vanderbilt,Kentucky,0,2.89,2.9,2.34,4.5,8.29,17.71,2.43,3.88,3,4,7,3.74,4.5,1.91,-1,9.86,7,1.66,2.38,2.2,1.04,1,3.97,3.53,3.29,3,6.53,3.3,2.79,2.07,0.91,,1.43,2.4,56,10/11/01,30,12
Virginia,Georgia Tech,-14,-12.43,-11.61,-12.13,-17.8,-11.4,-32.65,-17.11,-13.1,-11,-18.1,-15,-12.44,-11.5,-15.69,-19,-15.74,-10,-11.92,-14.09,-11.56,-11.53,-22,-14.86,-9.14,-11.9,-22,-16.63,-17.8,-9.15,-13.95,-11.27,,-13.93,-17.58,38,10/11/01,39,12
Wyoming,BYU,-23,-26.44,-21.18,-20.29,-29.9,-24.02,-69.07,-28.69,-26.99,-29,-30.3,-37,-22.33,-29.5,-28.56,-27.5,-27.4,-24,-19.83,-24.68,-23.1,-17.46,-24,-27.18,-18.68,-28.62,-33,-19.39,-29.6,-21.83,-21.72,-24.21,,-22.01,-33.93,41,10/11/01,34,12
Air Force,UNLV,2,4,4.74,1.02,-1.4,5.11,35.52,-0.45,8.7,6,8.7,8,2.36,9,9.86,-9.5,-3.54,-7,1.79,10.48,0.25,2.58,-1,3.59,0.06,6.83,0,-2.66,0.6,7.19,2.78,5.67,,4.88,3.17,34,17/11/01,10,13
Arkansas,Mississippi St.,8,15.98,15.31,12.97,21.6,17.41,35.44,12.49,18.84,13,12.5,17,18.05,15,21.82,24.5,13.6,18,16.9,23.5,15.01,10.8,18,17.38,16.57,20.57,17,14.14,19.1,21.12,16.09,18.78,,19.19,13.34,21,17/11/01,24,13
Arkansas St.,Louisiana-Monroe,6,5,7.15,5.15,6.1,6.43,20.83,6.55,8.11,6,9,10,5.7,9,8.96,5,5.91,6,5.65,7.06,4.5,2.74,1,6.33,2.88,7.47,2,1.77,5.6,7.16,6.31,10.12,,6.98,5.08,16,17/11/01,7,13
Auburn,Alabama,3,8.37,9.23,2.92,4.9,7.04,45.7,3.38,16.33,9,8.2,10,10.61,12,19.64,16,2.3,-2,4.12,22.99,5.13,0.86,-4,8.73,2.65,17.3,1,3.73,1,16.72,9.11,13.31,,14.61,6.04,31,17/11/01,7,13
BYU,Utah,7,7.31,6.52,3.99,7.2,5.01,30.49,3.96,8.55,10,9.6,12,8.41,11,8.38,5,5.27,10,3.66,10.69,5.6,5.3,-6,7.62,4.51,22,9,-2.31,5.2,8.04,7.73,11.02,,8.26,5.01,21,17/11/01,24,13
Baylor,Oklahoma St.,-6.5,0.04,1.92,-0.54,-5.9,-3.85,5.66,-7.73,6.78,3,0.7,1,-1.74,2.5,7.75,-3.5,-7.81,-4,-2.79,6.07,-2.11,-1.61,-16,-1.37,-0.39,4.97,-9,-1.85,-6.7,5.45,2.31,2.87,,3.87,-11.56,38,17/11/01,22,13
Boise St.,San Jose St.,14.5,16.99,15.04,16.37,13.8,15.59,38.55,16.95,16.4,16,15.4,23,19.56,21.5,18.02,25.5,18.34,21,12.2,19.66,15.76,9.21,14,18.24,18.56,19.9,19,18.2,19.6,19.44,16.68,18.14,,17.89,18.74,6,17/11/01,56,13
Buffalo,Akron,-6.5,-5.98,-2.78,-5.16,0.5,6.05,9.01,-2.45,-1.66,2,-2,-1,-0.73,-2,-1.32,-5,-3.35,-15,-2.04,0.88,-2.39,-3.51,,-2.42,-5.66,-2.27,5,-6.8,3.1,-7.7,-6.87,0.74,,-7.69,,41,17/11/01,14,13
East Carolina,Louisville,1.5,-1.02,-3.49,-2.39,2.7,0.28,-18.5,0.6,-7.29,3,-3.3,-7,-3.62,-5.5,-7.64,-3,1.46,4,0.16,-7.58,1.26,-1.42,-8,-2.99,2.17,-9.13,-4,0.37,0.5,-5.52,-4.02,-7.54,,-6.35,-4.87,39,15/11/01,34,13
Florida,Florida St.,15,13.13,13.92,16.03,18.7,12.26,28.9,13.54,12.7,19,11.3,24,14.43,17.5,12.02,24,18.7,9,19.63,11.98,16.75,10.72,21,16.12,3.34,12.9,25,15.57,25,11.91,10.66,8.39,,12.38,19.75,13,17/11/01,37,13
Hawaii,Miami (Ohio),7.5,0.01,0.29,0.34,1.9,1.97,0.73,7.42,-5.66,-2,11.5,2,3.26,-1.5,-5.78,-2.5,1.66,5,-2.36,-4.28,-1.18,-1.7,6,1.18,-3.3,2.9,10,0.58,7.9,-2.85,-1.38,0.97,,-1.77,4.02,51,17/11/01,52,13
Houston,UAB,-16,-16.47,-10.2,-12.87,-19.5,-17.27,-38.55,-20.72,-14.84,-19,-12.9,-20,-12.74,-14.5,-15.92,-15.5,-17.69,-12,-14.6,-12.2,-15.16,-11.26,-21,-16.66,-9.65,-14.2,-22,-1.06,-20.5,-17.67,-16.22,-15.83,,-18.54,-27.21,43,17/11/01,21,13
Idaho,North Texas,-3,-10.29,-7.51,-5.48,-13.3,-9.78,-29.66,-10.45,-8.99,-8,-4.3,-11,-12.82,-9,-11.62,-13.5,-9.49,-9,-10.23,-11.51,-10.51,-8.37,-14,-10.62,-9.04,-6.8,-15,-8.08,-11,-10.05,-9.88,-7.9,,-11.15,-10.2,50,17/11/01,27,13
Iowa,Minnesota,12,14.41,14.71,13.49,7.5,15.85,28.62,11.54,15.22,18,11.4,19,14.38,14,15.74,16.5,18.02,8,12.05,15.49,17.89,9.28,12,14.09,7.39,8.6,16,16.42,11.8,14.25,12.57,14.18,,15.34,12.75,24,17/11/01,42,13
Kansas,Iowa St.,-9,-4.47,-4.44,-0.87,-6.4,-15.37,-16.83,-7.74,-2.48,-6,-5.8,-6,-3.24,-5,-4.82,-3.5,-4.17,-9,-6.18,-1.88,-3.24,-2.35,-10,-5.77,-1.66,-5.83,-13,-5.44,-8.3,-0.11,-0.72,-6.14,,-1.28,-8.89,49,17/11/01,7,13
Kansas St.,Louisiana Tech,21,12.66,10.52,15.25,16.8,12.62,-5.02,18.3,7.29,9,13.5,18,11.14,12.5,2.18,3.5,28.79,19,13.82,-0.23,18.89,10.27,13,12.86,14.12,5.97,12,21.28,26.8,7.63,12.74,7.96,,10.34,,7,17/11/01,40,13
Kentucky,Tennessee,-18,-19,-20.49,-16.04,-18.1,-24.22,-56.26,-15.32,-23.43,-20,-17.5,-26,-17.41,-21.5,-27.91,-33.5,-18.42,-23,-15.56,-27.26,-17.23,-13.94,-25,-21.82,-18.33,-24,-19,-21.83,-17.6,-23.37,-20.56,-20.58,,-24.67,-15.49,38,17/11/01,35,13
Louisiana-Lafaye,New Mexico St.,-8.5,-5.56,-7.53,-8.06,-7.1,-2.16,-2.16,-9.69,-5.14,-6,-6.4,-5,-5.17,-7,-6.75,-5.5,-9.08,-9,-7.13,-1.07,-8.09,-6.95,-7,-6.22,-3.37,-0.37,-6,-9.25,-9,-4.6,-5.74,-3.37,,-5.56,,49,17/11/01,46,13
Marshall,Ohio,25,28,26.85,27.11,28.9,25.33,89.25,20.99,36.32,34,18.3,37,27.78,32.5,39.54,42,19.04,12,28.12,37.57,24.95,21.92,20,30.5,27.72,28.23,25,24.4,26.9,37.08,30.53,24.07,,37.51,37.82,18,17/11/01,42,13
Memphis,Army,14,15.3,14.51,12.94,17.5,17.27,40.65,14.73,16.77,15,9.5,22,17.6,17,15.96,19.5,14.95,14,13.86,15.55,16.08,10.3,12,16.42,8.86,15.73,15,17.84,18.5,16.75,15.69,20.59,,16.71,19.97,10,17/11/01,42,13
Miami (Fla.),Syracuse,21,14.32,11.87,21.44,14.3,15.2,16.54,16.81,9.14,18,15.1,17,13.52,8.5,8.04,14,23.72,18,14.45,3.79,16.52,17.43,17,16.33,21.02,14.37,21,22.57,15.5,13.52,19.21,14.37,,14.39,27.44,0,17/11/01,59,13
Middle Tenn.,Connecticut,25,22.81,21.32,18.14,20.3,24.76,59.5,19.42,23.8,23,20.4,32,19.76,26.5,22.65,25,22.81,22,18.96,20.65,20.69,15.08,19,23.04,18.14,18.07,22,16.81,24.4,25.23,21.15,16.74,,24.4,,14,17/11/01,38,13
Mississippi,Georgia,2.5,2.82,2.32,3.19,6.5,4.95,15.31,1.89,2.26,8,-0.3,6,4.3,5.5,4.37,7.5,-2.16,3,4.04,5.56,4.76,3.54,-1,3.57,0.16,0.67,7,5.01,2.8,1.25,1.09,-1.92,,0.98,1.48,35,17/11/01,15,13
NC St.,Maryland,-3,-4.02,-4,-2.02,0.7,-3.78,-23.33,0.35,-6.33,-3,-1.3,-5,0.51,-7,-7.22,-7.5,-2.1,-3,-1.07,-9.95,-2.77,-1.53,-7,-4.3,-4.33,-10.1,-8,-0.73,-2.4,-6.38,-4.2,-5.9,,-5.67,3.09,23,17/11/01,19,13
Nevada,Fresno St.,-19.5,-18.69,-19.84,-14.66,-17.6,-22.31,-56.17,-20.87,-24.17,-22,-20.5,-26,-13.22,-26,-24.83,-25.5,-17.11,-18,-15.74,-26.45,-17.29,-13.75,-21,-20.99,-6.95,-21.23,-20,-17.99,-22,-20.46,-17.73,-15.09,,-22.56,-25.64,61,17/11/01,14,13
New Mexico,Colorado St.,3,2.12,1.34,2.82,2.6,8.07,4.03,0.83,2.04,6,-0.2,3,2.13,2.5,1.29,1,0.69,-1,3.56,0.49,1.92,1.23,-2,2.14,0.44,1.3,3,6.24,0.9,2.15,1.35,4.66,,1.12,3.6,24,17/11/01,17,13
North Carolina,Duke,27.5,33.07,26.78,29.22,29.5,33.29,68.14,28.93,31.5,35,23.5,37,27.56,32.5,31.22,40,31.03,36,30.82,32.95,34.14,23.94,29,32.5,31,18.67,34,32.33,32.5,32.73,32.74,23.6,,34.29,34.46,17,17/11/01,52,13
Northern Ill.,Ball St.,10.5,11.66,10.51,12.42,12,11.03,26.47,7.62,9.89,9,8.7,14,10.26,11.5,5.95,14,13.53,10,10.35,8.38,8.08,7.88,9,11.18,8.97,9.73,10,12.99,12.7,11.59,10.77,9.42,,11.67,13.17,29,17/11/01,33,13
Northwestern,Bowling Green,7.5,0.84,0.83,-1.28,-1,-4.59,-21.42,3.29,0.04,-3,5.8,-1,-1.08,-4,-3.8,-9.5,3.28,14,3.87,-3.5,-1.77,1.88,,-0.41,2.61,5.43,-11,,1.8,2.6,3.62,2.91,,2.46,,43,17/11/01,42,13
Notre Dame,Navy,27.5,30.5,27.46,23.77,31.3,22.2,55.57,27.73,31.28,25,22.4,27,26.49,24,28.78,27,31.94,26,30.15,22.24,27.49,18.01,21,28.07,21.28,22.17,23,25.99,29.2,34.19,32.94,26.24,,38.73,29.53,16,17/11/01,34,13
Ohio St.,Illinois,2.5,-3.41,-4.28,-1.38,1.5,0.96,-18.18,-0.37,-8.25,1,-1.5,-5,-5.08,-6.5,-10.82,10,0.91,1,-2.5,-11.27,-1.59,-0.94,-4,-2.98,-5.1,-8.13,-1,-3.09,2.1,-8.58,-4.2,-1.16,,-8.4,5.43,34,17/11/01,22,13
Penn St.,Indiana,3,1.89,2.04,0.45,1.4,-4.86,10.12,6.69,4.85,1,4.8,3,-1.93,3,4.36,-1,2.46,9,0.35,4.24,0.33,-2.9,-4,1.94,3.03,1.33,-2,-1.02,4,2.92,2.46,-2.91,,3.96,2.59,14,17/11/01,28,13
Purdue,Michigan St.,0,2.23,2.08,-0.07,-2.7,3.87,12.64,-1.02,3.89,3,1.4,4,-0.2,3,5.32,1.5,3.27,8,1.59,3.61,0.97,0.74,-5,1.93,-2.25,4.37,0,-3.45,-0.7,4.75,2.09,4.73,,3,1.53,14,17/11/01,24,13
Rice,UTEP,22,24.32,23.72,24.54,24.5,21.03,59.02,17.98,24.1,27,15.5,28,27.02,26,29.03,-31.5,30.82,24,27.04,24.76,25.25,20.52,19,23.61,24.86,19.1,25,24.05,25.2,28.36,26.4,26.28,,29.39,19.02,17,17/11/01,27,13
Rutgers,Boston College,-29,-24.92,-21.08,-22.54,-35.5,-29.72,-44.07,-32.27,-19.8,-20,-25,-24,-23.48,-18.5,-19.6,-25.5,-26.87,-26,-26.32,-14.84,-26.23,-14.67,-31,-26.56,-18.76,-17.87,-35,-33.13,-38.2,-23.15,-25.62,-16.88,,-26.96,-41,38,17/11/01,7,13
San Diego St.,Wyoming,6,2.33,1.05,3.24,-2.3,2.78,6.49,4.37,2.19,2,4.4,3,4.43,2.5,2,3,5.82,9,2,3.1,1.11,2.57,-5,3.01,3.24,8.67,0,-1.51,8.2,4.1,3.5,-6.6,,3.57,3.45,16,17/11/01,38,13
South Carolina,Clemson,4.5,6.87,7.62,6.55,8.7,14.18,26.71,9.46,11.88,8,9.4,13,4.49,8,10.19,8,0.51,17,7.27,8.83,8.17,3.81,6,8.99,5.02,6.93,11,5.29,14.3,7.28,6.43,3.8,,8.23,9.48,15,17/11/01,20,13
Southern Miss.,Tulane,17.5,15.16,10.19,10.91,17.6,16.5,28.51,15.53,15.22,19,17.1,22,13.79,13.5,16.55,16,22.08,18,8.28,14.71,14.42,6.29,14,15.82,10.39,12.77,17,19.06,18.4,15.63,14.89,16.16,,16.9,18.83,6,17/11/01,59,13
Stanford,California,24,33.24,29.39,29.48,31.3,43.82,78.37,28.27,34.47,37,26.5,48,31.22,36,35.83,44,29.38,34,29.78,37.48,32.18,22.64,33,34.5,25.49,30.83,37,28.34,32.6,34.31,32.65,24.82,,35.98,30.07,28,17/11/01,35,13
Texas Tech,Oklahoma,-7.5,-5.4,-5.15,-4.85,-6.1,-5.43,-21.24,-6.14,-4.92,-6,-6.9,-10,-11.18,-11.5,-7.47,-12,-6.34,-4,-3.63,-10.22,-3.74,-8.2,-15,-8.49,-6.38,-21.27,-8,-4.78,-6.1,-9.95,-10.4,-11.87,,-10.06,-12.5,30,17/11/01,13,13
Toledo,Eastern Mich.,33,31.68,30.25,29.7,35.2,25.91,69.48,33.27,31.21,35,29,35,29.51,28.5,31.77,36,34.67,42,31.21,25.48,28.92,23.56,26,33.63,32.76,33.07,33,34.84,39.5,32.81,32.42,30.99,,35.51,37.15,7,17/11/01,28,13
Tulsa,SMU,-8.5,-5.41,-3.64,-9.2,-5.5,-2.83,-4.03,-6.79,-1.29,-5,-2.1,-2,-4.84,-0.5,-5.75,-2,-7.95,-8,-10.4,-2.57,-8.1,-7.41,-12,-5.71,-11.94,2.83,-9,-8.64,-4,-6.32,-9.6,-7.23,,-8.44,-1.5,24,17/11/01,14,13
USC,UCLA,-3.5,-5.86,-5.45,-5.14,-3.2,-5.1,-13.08,-0.7,-7.07,-3,-2.6,-4,-5.61,-5,-7.95,-11.5,-3.1,-6,-4.57,-6.65,-4.45,-4.51,-8,-5.37,-4.55,-9.43,-3,-5.65,-1.5,-8.89,-5.92,-6.54,,-7.99,1.62,0,17/11/01,27,13
Virginia,Virginia Tech,-14.5,-5.62,-7.54,-9.34,-9.7,-14.3,-27.88,-13.97,-9.14,-17,-11.4,-15,-7.21,-10,-10.95,-11,-17.94,-26,-10.24,-10.49,-11.53,-3.55,-24,-11.64,-3.41,-6.17,-26,-11.5,-13.9,1.34,-2.78,-6.69,,-2.54,-10.78,31,17/11/01,17,13
Wake Forest,Georgia Tech,-7.5,-0.99,-1.33,-5.17,-4.2,-5.34,-3.22,-7.23,-0.04,1,-8.1,-4,-2.25,-2.5,-0.41,-3.5,-9.91,-11,-3.66,0.16,-3.44,-2.55,-13,-4.46,-5.82,-1.73,-13,-5.11,-7.6,2.31,-2.73,-6.55,,-1.42,-7.78,38,17/11/01,33,13
Washington,Washington St.,-1.5,-4.3,-4.24,-6.9,-8.2,-7.06,-10.62,-5.29,-1.66,-3,0.4,-3,-5.27,-5.5,-2.66,-6.5,-2.59,-2,-7.51,-2.12,-5.09,-6.52,-11,-4.88,-0.87,-1.4,-8,-4.35,-4.2,-4.41,-6.04,-0.25,,-4.33,-4.39,14,17/11/01,26,13
West Va.,Temple,16,14.84,11.89,16.07,21,15.39,20.55,17.71,9.29,15,14,17,17.29,13,8.87,15.5,19.76,14,15.85,8.77,16.02,9.62,18,15.84,13.34,8.3,19,23.69,26.5,12.12,13.79,15.94,,12.4,25.39,17,17/11/01,14,13
Western Mich.,Central Mich.,18,15.57,12.92,18.39,15.6,12.04,23.61,17.97,12.62,14,14.8,21,16.73,15,13.34,19.5,25.9,19,14.5,11.83,17.51,13.57,13,16.49,14.42,17.03,15,11.97,20.3,14.55,15.02,13.19,,14.39,25.43,17,17/11/01,20,13
Wisconsin,Michigan,-4.5,-6.86,-6.26,-7.9,-8.1,-9.02,-19.38,-9.62,-9.07,-9,-9.2,-11,-10.17,-9.5,-10.88,-14,-8.64,-14,-8.49,-12.17,-7.86,-7.67,-12,-9.59,-8.53,-9.3,-13,-5.03,-12.8,-6.85,-5.22,-6.52,,-6.89,-11.38,20,17/11/01,17,13
Akron,Eastern Mich.,17,24.62,18.18,24.24,19.9,9.49,,17.25,12.98,15,13.5,19,19.65,16.5,13.05,19,19.46,23,21.29,9.76,17.59,17.44,14,18.85,24.1,18.96,13,25.59,22.3,21.92,22.01,21.77,,22.73,20.81,62,24/11/01,65,14
Arizona St.,Arizona,7.5,9.59,7.79,5.92,10,9.55,,9.93,5.91,10,6.2,15,11.45,7.5,6.25,9.5,7.78,14,9.18,8.59,11.55,7.17,12,8.97,5.81,3.53,16,9.78,12.9,5.87,7.93,8.07,,6.53,5.51,34,23/11/01,21,14
Boise St.,Central Mich.,27,25.22,19.92,20.52,26.7,18.16,,32.17,21.03,23,27,30,22.89,22.5,23.2,27,28.03,26,20.01,22.72,,13.95,,24.07,18.37,24.53,22,19.28,31.9,26.2,21.78,15.82,,25.33,33.25,10,24/11/01,26,14
Bowling Green,Toledo,-3,4.98,3.08,7.98,-1.3,4.65,,-1.6,-0.43,3,-2.9,3,3.64,4.5,-0.34,0.5,1.55,-4,2.33,0.91,4.16,2.49,-1,1.81,5.33,-2.64,-1,6.06,-1,4.11,2.89,0.76,,2.23,2.33,21,23/11/01,56,14
Central Florida,Louisiana-Lafaye,28.5,24.31,17.74,23.31,30.3,17.03,,28.35,17.23,24,19.8,26,25.51,21,18.21,22.5,29.96,28,23.95,16.15,25.82,16.99,21,23.02,22.2,15.21,24,22.43,33.4,18.88,21.31,23.3,,19.75,29.49,0,24/11/01,31,14
Colorado,Nebraska,-10,-9.34,-6.04,-7.76,-12.6,-8.05,,-14.38,-2.81,-8,-11.7,-14,-11.97,-13.5,-6.2,-10.5,-14.93,-14,-6.17,-10.55,-7.82,-8.01,-18,-11.22,-8.55,-23.32,-14,-13.72,-15.2,-6.43,-14.03,-11.05,,-9.76,-14.59,36,23/11/01,62,14
East Carolina,Southern Miss.,2,5.62,3.33,6.16,1.5,2.48,,2.91,3.22,4,0.8,1,7.61,7,4.26,6.5,1.42,9,5.02,5.56,4.54,7.04,-8,3.66,7.34,3.84,-1,1.24,0.1,6.07,5.92,6.97,,5.7,1.64,28,23/11/01,21,14
Fresno St.,San Jose St.,28,30.77,28,25.05,23.8,29.51,,25.55,27.88,31,23.4,37,27.37,32,29.7,37,28.38,26,25.27,36.22,27.13,17.74,26,28.16,19.64,24.57,31,27.91,33.2,26.81,26.57,21.97,,29.22,39.12,21,23/11/01,40,14
Georgia Tech,Georgia,2.5,1.39,0.93,0.67,-1.5,5.56,,-0.2,-6.68,6,1.3,3,-1.29,5.5,-3.03,-1,4.07,4,1.81,0.7,3.8,0.14,3,1.18,1.74,0.93,6,9,-0.9,-3.98,-0.77,-4.17,,-3.73,-1.48,31,24/11/01,17,14
Hawaii,Air Force,9,10.95,9.3,8.34,14.3,9.76,,16.06,8.66,14,4.3,16,14.48,12.5,12.76,17,7.99,12,8.01,16.45,10.14,2.95,11,11.05,6.93,6.13,18,12.2,15.9,10.27,8.97,13.9,,12.08,9.39,30,24/11/01,52,14
Illinois,Northwestern,18,23.9,21.33,18.52,25.9,21.63,,24.52,27.88,27,21.5,34,18.03,29,29.92,31.5,16.22,20,20.25,33.01,20.41,12.65,19,23.21,20.93,28,20,19.41,27.7,26.1,20.53,13.1,,26.68,20.51,28,22/11/01,34,14
Indiana,Purdue,1.5,-0.17,-3.12,3.72,3.2,-0.56,,2.43,-9.29,1,-3.3,-0.25,3.31,-3,-10.53,-4,3.15,4,4.7,-8.84,4.45,1.25,3,0.35,4.28,-3.1,3,4.65,6.1,-4.64,-0.89,0.62,,-4.49,5.12,7,24/11/01,13,14
Iowa St.,Iowa,-4,-0.21,0.92,-2.04,-4.1,0.38,,-2.74,3,-1,-1,-1,1.64,0.5,-0.09,-3.5,-5.39,-1,-0.59,-2.66,-4.63,-0.31,-7,-1.22,-0.53,4.04,-8,-2.65,-3.5,3.61,2.36,6.64,,3.43,-5.9,14,24/11/01,17,14
Kansas,Wyoming,4,9.09,8.82,10.14,7,0.72,,6.56,15.89,3,5,13,5.63,9.5,13.19,10,11.14,14,7.14,9.79,8.06,8.71,-2,8.31,10.32,10.02,-3,9.02,4.3,14.18,13.55,3.6,,15.79,2.36,14,24/11/01,27,14
Kansas St.,Missouri,20,17.99,14.17,16.87,18.9,20.33,,21.86,10.3,18,17,20,12.41,17.5,10.91,18,30,20,13.41,14.02,19.85,10.62,15,17.15,13.73,10.1,22,26.63,27.9,11.03,13.52,4.95,,12.13,,3,24/11/01,24,14
Kent,Miami (Ohio),-5,-6.24,-4.76,-2.18,-5.6,-1.94,,-5.17,-7.21,-2,-4.2,-6,-1.59,-5,-8.35,-8.5,-4.71,-6,-4.05,-8.12,-4.25,-3.01,-6,-4.97,-0.38,-3.26,-5,-11.41,-4.1,-6.98,-5.7,0.97,,-7.91,-2.52,20,24/11/01,24,14
LSU,Arkansas,9.5,5.26,4.17,7.15,6.5,8.57,,6.82,1.21,8,5.4,7,1.03,2.5,-0.16,2.5,9.74,6,5.75,-0.2,8.46,4.46,3,5.3,6.14,0.43,10,11.06,10,-1.31,2.18,1.33,,0.26,11.68,38,23/11/01,41,14
Memphis,Cincinnati,3,3.09,2.69,3.27,5.4,6.61,,3.8,2.48,5,1,6,5.08,5,0.87,1.5,4.28,5,2.27,3.31,4.91,-0.56,2,3.85,2.18,5.03,4,8.66,8.2,1.47,3.07,2.13,,2.05,7.44,36,24/11/01,34,14
Miami (Fla.),Washington,26,17.89,10.9,26.76,23.5,22.46,,26.76,6.87,22,17.2,25,23.66,13.5,8.43,21.5,27.59,22,21.47,9.79,24.08,19.65,31,21.34,26.27,16.4,32,28.6,29.5,7.15,18.81,18.79,,9.37,38.58,7,24/11/01,65,14
Michigan,Ohio St.,9,13.62,12.9,10.65,7.6,10.56,,7.69,14.77,15,10.9,14,12.63,14.5,16.76,20,10.85,14,11.68,22.48,11.67,6.79,8,12.2,10.35,15.04,10,12.94,11.2,14.22,11.19,13.65,,14.54,9.79,26,24/11/01,20,14
Michigan St.,Penn St.,3,2.04,1.24,2.45,-7.9,9.23,,-5.3,2.18,5,3,5,-2.2,4.5,2.38,7,4.86,6,0.45,6.64,1.74,1.85,-2,1.96,-1.34,4.09,3,5.13,-1.2,2.29,1.43,3.34,,0.65,1.27,42,24/11/01,37,14
Minnesota,Wisconsin,-3,-5.96,-6.9,-3.39,-2.9,0.14,,-4.14,-7.58,-1,-4.5,-1,-2.95,-5,-7.73,-5.5,-2.45,5,-1.97,-5.69,-3.16,-1.49,-4,-3.5,-2.3,-4.04,2,-7.07,2.2,-8.09,-6.41,-2.59,,-9.8,-1.63,31,24/11/01,42,14
Mississippi St.,Mississippi,-3,-7.96,-4.92,-5.41,-7.4,-12.19,,-2.15,-10.41,-7,-4.7,-11,-8.69,-8.5,-12.84,-16,-5.86,-12,-5.94,-12.26,-6.5,-5.49,-16,-8.34,-3.25,-9.9,-13,-7.63,-5.8,-10.15,-7.41,-10.12,,-9.49,-4.4,28,22/11/01,36,14
NC St.,Ohio,24.5,28.64,24.9,23.08,34.2,22.47,,30.86,26.17,29,24.1,27,27.85,23,27.72,28,24.24,24,27.5,25.42,23.74,19.6,20,26.89,26.21,31.48,19,30.94,31.2,29.34,28.41,20.97,,31.86,35.42,7,24/11/01,27,14
New Mexico,New Mexico St.,10.5,11.7,9.39,11.5,16.3,8.29,,13.56,8.14,9,10.8,11,11.47,8,6.13,6.5,11.04,9,12.68,7.36,8.11,7.79,6,10.49,11.42,11.65,9,8.75,12.9,12.1,14.32,11.93,,13.19,14.4,0,24/11/01,53,14
Oklahoma,Oklahoma St.,27,29.66,23.58,26.88,30.4,28.42,,28.66,28.55,34,33.1,30,26.73,30,32.52,35,30.92,28,26.27,37.93,25.73,22.31,22,29.96,26.76,45.23,29,31.04,32.1,29.94,32.08,26.37,,32.27,37.68,16,24/11/01,13,14
Rutgers,California,-13.5,-10.69,-7.86,-6.26,-13.6,3.12,,-9.88,-1.62,1,-6.7,-4,-8.04,-5.5,-0.63,-3,-11.13,-8,-8.93,4.36,-7.35,-2.96,-20,-7.78,-3.89,-2.36,-3,-17.11,-14.4,-11.2,-9.32,-4.06,,-10.77,-21.57,20,23/11/01,10,14
SMU,Rice,-6,-10.85,-9.54,-6.91,-9.1,-5.71,,-5.03,-14.13,-7,-5.9,-10,-6.35,-12.5,-14.11,-19,-6.02,-7,-6.77,-12.17,-6.98,-9.48,-11,-9.36,-6.08,-11.65,-6,-8.09,-6.3,-14.52,-11.49,-10.14,,-14.41,-9.39,20,24/11/01,37,14
South Florida,Utah St.,5.5,6.85,6.59,13.83,8.4,9.19,,1.05,6.13,11,-0.1,16,9.55,11,8.93,11.5,8.8,9,10.66,9.04,6.64,8.41,32,9.12,8.22,0.49,15,6.62,11.6,5.42,7.45,13.55,,5.19,,13,24/11/01,34,14
Stanford,Notre Dame,7.5,18.56,16.68,10.11,8.6,18.65,,5.17,19.09,17,11.5,21,11.94,17.5,20.81,21,7.66,11,11.14,21.64,12.89,5.94,6,13.56,8.71,22.38,10,10.8,8,22.68,15.37,13.74,,20.47,2.56,13,24/11/01,17,14
Syracuse,Boston College,4.5,8.12,5.05,5.19,5,2.02,,3.05,8.66,7,2.9,7,10.9,7,9.63,10.5,8.65,9,6.71,15.79,4.91,5.07,-2,5.74,8.39,9.84,-1,0.55,2.9,10.14,6.55,12.94,,7.67,-2.97,28,24/11/01,39,14
TCU,Louisville,-7.5,-18.68,-16.45,-15.57,-16.7,-10.58,,-9.57,-22.48,-11,-10.9,-17,-19.34,-16.5,-18.26,-20,-7.39,-10,-17.15,-19.1,-10.34,-16.11,-16,-15.27,-14.96,-16.07,-11,-10.56,-12.1,-22.18,-20.3,-17.91,,-23.4,-12.28,22,23/11/01,37,14
Temple,Connecticut,19.5,15.99,15.11,12.91,16.3,10.8,,18.08,16.78,8,14.8,15,10.7,11,13.1,8,15.17,15,13.93,9.64,9.62,12.3,,13.33,12.55,18.85,2,-2.7,15.9,17.91,17.66,12.67,,18.72,19.85,7,24/11/01,56,14
Tennessee,Vanderbilt,25,34.43,29.56,27.1,31,32.22,,29.28,33.32,36,26.8,37,29.71,30.5,38.98,48,24.14,29,26.9,41.5,29.02,22.21,26,31.21,25.51,32.38,30,26.34,32.4,36.02,32,19.42,,37.67,31.65,0,24/11/01,38,14
Texas A&M,Texas,-13,-12.16,-7.8,-14.5,-17.3,-8.75,,-16.87,-5.12,-13,-10.9,-12,-10.56,-10,-5.74,-10,-11.47,-16,-11,-7.52,-13.36,-9.93,-20,-12.8,-10.86,-12.82,-23,-13.2,-19.9,-4.96,-12.29,-5.15,,-9.02,-28.61,21,23/11/01,7,14
Tulsa,Louisiana Tech,-19,-26.53,-17.67,-23.76,-21.3,-15.34,,-20.71,-20.69,-24,-13.3,-27,-19.35,-23.5,-23.17,-24.5,-20.7,-23,-23.43,-19.16,-22.53,-18.78,-24,-21.93,-23.61,-15.58,-22,-22.78,-21.5,-25.87,-26.24,-14.88,,-27.59,-17.63,19,24/11/01,7,14
UTEP,Nevada,-5.5,-7.61,-4.78,-7.45,-3.2,3.37,,-0.15,-1.84,1,3.3,-2,1.24,-3,-5.11,-6,-3.48,-7,-6.79,-2.36,-6.78,-7.64,-7,-3.81,-8.32,1.93,-3,-12.68,0.8,-7.87,-9.85,5.9,,-9.08,8.4,48,24/11/01,31,14
Wake Forest,Northern Ill.,10.5,8.85,6.52,7.94,12.3,2.9,,14.46,1.44,7,10.8,7,8.95,3.5,0.07,0,10.38,7,10.46,-1.07,10.19,8.88,3,7.94,11.04,12.86,0,15.8,12.8,7.04,9.71,7.93,,6.56,12.82,35,24/11/01,38,14
West Va.,Pittsburgh,-3,-2.01,-1.44,-2.36,-5.9,-0.41,,-1.79,-2.36,1,2.1,-0.25,-3.63,0,-1.88,-7,3.44,-1,-0.79,-2.39,0.55,-6.59,-5,-2.2,-4.82,-3.76,-1,-6.62,1.3,-3.11,-2.02,0.34,,-1.4,-7.14,23,24/11/01,17,14
Western Mich.,Ball St.,10,12.22,8.1,10.04,9.1,9.45,,9.41,10.6,8,10.5,14,12.46,10.5,6.83,12.5,15.29,14,10.19,7.81,9.47,6.06,,10.41,7.17,12.6,10,9.32,13.4,10.14,9.82,11.52,,10.03,,35,24/11/01,31,14
Air Force,Utah,-13,-16.77,-12.33,-14.82,-16.6,-11.62,-21.95,-18.42,-13.83,-16,-7.37,-14,-13.39,-11,-14.09,-18.5,-17.7,-15,-15.81,-13.34,-16.66,-9.01,-19,-14.97,-15.59,-0.9,-18,-19.16,-18.7,-12.53,-13.27,-4.72,,-13.3,-23.72,37,01/12/01,38,15
Alabama,Southern Miss.,6.5,6.15,7.81,6.26,6.2,5.42,3.15,6.73,9.54,-2,0.34,4,7.92,3.5,4.41,5,1.17,7,7.02,3.49,4.4,6.13,-3,4.96,5.25,7.18,-1,2.73,7.6,9.64,11.33,11.19,,11.27,-2.28,15,29/11/01,28,15
Army,Navy,1.5,5.44,1.1,-0.34,-2.6,3.56,16.19,-5.14,4.13,4,0.8,8,1.74,7,5.89,5,-1.01,-2,3.78,4.89,1.22,-1.48,4,2.57,0.62,4.41,3,0.9,-5.1,6.57,4.71,5.64,,6.93,-4.35,17,01/12/01,26,15
Cincinnati,Louisiana-Monroe,26,23.07,18.44,20.53,26.5,16.44,55.81,29.63,20.5,22,25.42,24,20.74,23,19.83,24,29.22,26,23.75,17.17,21.19,18.69,,24.36,20.87,23.24,22,22.51,30.5,21.01,24.19,18.84,,20.99,32.46,10,01/12/01,42,15
Clemson,Duke,27,30.39,22.6,23.27,26.8,28.5,64.4,23.41,26.44,31,20.06,36,22.68,28.5,26.4,33.5,26.09,24,25.52,27.94,25.53,17.7,25,27.47,23.88,20.79,28,21.71,27,27.82,29.02,19.79,,27.54,30.67,31,01/12/01,59,15
Florida,Tennessee,18,12.89,6.9,14.31,18.7,8.11,6.36,18.36,2.55,16,12.82,11,15.15,7.5,2.29,12.5,20.51,12,16.86,3.46,16.49,8.02,15,12.43,12.02,4.88,23,11.98,23.6,4.89,8.05,11.14,,4.92,25.17,34,01/12/01,32,15
Florida St.,Georgia Tech,11,9.2,5.21,8.37,8.6,7.53,10.79,10.93,6.53,11,8.92,10,4.86,5,6.37,4.5,10.49,11,7.61,6.22,9.48,3.71,1,7.61,8.6,5.74,5,5.72,12.1,7.04,5.99,-0.86,,6.56,10.39,17,01/12/01,28,15
Fresno St.,Utah St.,22,26.12,22.82,23.27,21.6,29.61,59.25,25.5,23.66,26,24.19,33,19.56,29,27.52,27,20.72,21,22.62,32.17,17.08,16.17,37,25.25,14.52,14.46,22,14.05,26.1,26.38,26.58,18.21,,28.57,32.31,21,01/12/01,70,15
Georgia,Houston,31.5,42.25,34.85,34.76,41.4,37.34,76.94,39.09,42.29,38,32.56,38,36.65,32,39.79,41.5,32.6,38,36.85,36.22,33.59,27.35,26,38.83,33.95,36.46,32,27.79,42.8,46.26,46.05,31.53,,46.87,50.91,7,01/12/01,35,15
Indiana,Kentucky,6,12.99,11.1,9.14,11.3,20.48,23.72,5.24,8.41,14,9.23,18,10.43,14.5,10.11,16,12.65,19,8.94,12.37,11.62,8.48,11,11.93,8.54,13.41,12,10.18,11.2,11.43,10.01,8.16,,9.3,5.42,15,01/12/01,26,15
LSU,Auburn,7,6.4,5.9,6.4,14.4,7.56,3.1,12.79,1.65,8,5.4,8,2.9,5,1.02,3.5,6.66,10,8.64,1.66,8.88,5.14,6,6.74,8.64,5.42,12,7.5,13.9,0.63,3.89,3.07,,1.95,10.88,14,01/12/01,27,15
Michigan St.,Missouri,7.5,4.73,5.38,6.87,6.6,2.7,3.7,7.31,1.2,10,9.03,8,5.22,5.5,4.52,8,11.53,14,3.48,9.28,6.59,4.99,4,6.31,3.9,9.97,7,11.19,10.4,2.66,3.2,3.19,,1.03,6.59,7,01/12/01,55,15
Mississippi,Vanderbilt,15,19.8,14.94,16.44,19.4,17.53,40.92,17.29,18.4,24,14.92,28,20.74,22.5,20.17,32.5,11.23,20,16.01,22.15,18.31,14.71,19,19.93,14.87,13.19,25,17.19,21.4,20.08,20.81,14.92,,19.79,18.69,27,01/12/01,38,15
Mississippi St.,BYU,-4,-16.05,-10.81,-7.75,-7.3,-16.9,-55.86,-4.03,-14.2,-19,-13.01,-22,-11.57,-23,-17.74,-17.5,-8.85,-18,-9.05,-21.62,-10.63,-8.46,-19,-14.67,-5.17,-21.7,-23,-5.9,-7.8,-14.85,-10.91,-8.79,,-13.5,-6.67,41,01/12/01,38,15
North Carolina,SMU,23.5,25.09,19.1,21.69,24.9,15.86,38.58,23.79,18.25,20,19.26,20,23.76,18.5,16.72,21.5,33.25,34,20.94,16.9,27.41,18.13,21,22.86,19.89,17.44,18,31.65,29,19.86,23.12,20.86,,21.75,23.24,10,01/12/01,19,15
Oregon,Oregon St.,10.5,19.07,16.03,13.88,10.5,26.45,48.98,10.47,20.8,21,16.73,23,14.75,21,23.61,21,17.2,20,11.66,26.2,17.29,8.12,10,18.12,12.42,23.17,16,14.2,13.2,20.98,18.04,15.74,,21.1,12.85,14,01/12/01,17,15
Pittsburgh,UAB,6.5,5.8,7,8.45,9.4,-1.58,9.26,4.6,8.63,3,2.39,4,8.96,4.5,5.05,4.5,5.48,10,7.88,4.54,6.59,8.69,-2,6.36,7.42,6.97,0,15.11,7.9,7.1,8.74,4.33,,7.91,8.93,6,01/12/01,24,15
Purdue,Notre Dame,1.5,5.67,5.08,1.86,1.8,8.94,27.24,-1.98,7.73,9,3.34,5,4.55,6.5,10.37,8,3.82,2,2.79,12.85,3.2,0.44,-2,4.75,1.36,9.14,2,-1.14,1.3,8.4,2.99,8.85,,4.78,0.36,24,01/12/01,18,15
San Jose St.,Stanford,-20,-27.15,-23.44,-21.89,-20.8,-23.03,-50.74,-20.59,-27.87,-17,-20.94,-30,-18.59,-23.5,-28.23,-29,-23.94,-26,-20.15,-26.6,-21.67,-16.52,-26,-24.62,-17.29,-32.68,-18,-23.66,-23,-28.68,-27.35,-15.88,,-28.84,-22.19,41,01/12/01,14,15
Texas,Colorado,10,9.44,6.78,6.71,7,4.89,-2.18,10.53,1.84,10,10.3,8,8.19,6,2.73,3,12.41,18,8.06,3.79,10,6.77,6,6.6,0.89,6.31,0.5,2.76,9.9,1.05,7.47,13.8,11.04,,,39,01/12/01,37,15
Toledo,Marshall,-3,-7.66,-4.06,-6.75,-8.4,0.21,-18.77,-4.25,-4.81,-4,-0.32,-3,-1.8,-6.5,-6.03,-8,2.81,-4,-6.63,-5.69,-4.66,-6.49,,-5.37,-10.21,2.37,-3,-1.84,-6.1,-9.93,-8.79,-1.33,,-9.42,-5.69,36,30/11/01,41,15
Troy St.,North Texas,4,8.68,6.12,6.61,1.9,4.29,28.31,1.12,10.29,7,-2.5,6,5.07,8,6.51,12,10.55,-1,4.94,2.98,,5.01,,7.09,7.78,9.52,0,12.81,-0.9,13.35,9.82,8.81,,10.19,6.91,16,01/12/01,18,15
UCLA,Arizona St.,10,17.26,12.7,14.41,11.5,15.53,31.57,11.78,16.97,16,12.4,19,12.93,16.5,15.91,19.5,15.25,16,13,16.87,15.64,8.52,12,14.92,13.6,10.75,10,13.22,15,16.77,14,14.41,,14.84,,42,01/12/01,52,15
Virginia,Penn St.,-5,-7.86,-7.72,-8.09,-10.3,-1.23,-12.15,-8.93,-9.84,-8,-5.82,-7,-9.83,-5,-9.54,-6,-4.03,-11,-9.4,-7.16,-5.97,-5.89,-10,-7.32,-9.06,-1.5,-6,-3.61,-10.5,-5.89,-5.65,-7.03,,-7.2,-6.68,14,01/12/01,20,15
Virginia Tech,Miami (Fla.),-13.5,-18.67,-12.89,-19.1,-21,-11.16,-22.69,-18.93,-10.97,-9,-15.42,-16,-14.47,-14,-11.74,-21.5,-12.95,-11,-18.53,-12.62,-14,-17.94,-20,-17.19,-20.63,-20.13,-14,-18.17,-23.8,-19.35,-24.13,-13.64,,-19.29,-24.35,26,01/12/01,24,15
Hawaii,BYU,-3,-10.98,-7.3,-6.32,-4.3,-5.15,-20.57,-4.25,-13.67,-11,-8.64,-15,-3.94,-13.5,-9.89,-6.5,-8.57,,-6.57,-9.47,-8.16,-9.43,,-9.08,-7.02,-20.51,-4,-8.3,-3.7,-11.2,-10.2,-5.48,,-9.86,-5.7,45,08/12/01,72,16
Southern Miss.,TCU,10,10.85,7.03,8.14,14.9,12.3,10.26,6.53,10.43,8,8.3,12,11.08,8.5,4.55,8,12.55,,11.63,4.54,8.85,7.92,,9.26,7.05,-0.96,10,7.3,14.4,9.57,11.12,14.26,,10.1,8.74,14,08/12/01,12,16
Tennessee,LSU,10,28.44,14.88,10.39,4.8,11.95,,5.32,,13,11.7,14,15.07,15.5,12.93,18.5,15.48,14,,20.65,,,,12.89,10.34,5.81,13,19.85,10.7,,,,,,,31,08/12/01,20,16
Alabama,Iowa St.,6.5,-1.15,0.13,2.31,5.2,0.8,-2.79,6.51,-0.3,-1,2.98,1,2.47,0.5,-0.34,5,6.03,5,-0.93,1.8,2.12,3.17,,2.08,0.81,2.96,5,6.25,6,-0.44,0.82,0.85,,-0.93,3.15,13,15/12/01,14,17
Clemson,Louisiana Tech,6.5,1.53,1.72,2.35,10.2,-2.96,-2.52,7.95,-1.14,-1,6.09,-0.25,1.21,-1.5,-1.06,-1.5,9.13,7,3.49,-1.8,4.49,2.38,,3.25,3.49,18.34,-1,4.58,7.9,0.59,3.58,1.52,,1.56,9.61,24,15/12/01,49,17
Colorado,Oregon,2.5,0.8,0.8,3.32,5.3,-4.19,9.53,0.42,-0.84,3,-3.84,-1,5.43,1,-0.72,1,0.54,-1,6.53,3.06,0.81,5.6,,1.6,9.01,-11.52,0,1.67,3.2,-2.39,2.84,1.55,,0.75,10.33,38,15/12/01,16,17
Colorado St.,North Texas,11,12.04,11.13,9.4,10.5,3.31,23.22,9.34,11.58,3,12.38,7,8.5,8,9.36,10,10.35,8,9.45,8.04,6.22,7.95,,10.26,7.8,30.46,2,6.26,8.2,14.31,15.1,8.61,,15.56,7.03,20,15/12/01,45,17
East Carolina,Marshall,2,-6.12,-4.38,-4.15,3.7,-5.25,-36.78,4.94,-9.67,-9,2.86,-7,-5.88,-10,-11.38,12.5,3.33,-1,-4.09,-13.14,-3.16,-2.88,,-4.73,-4.93,-13.89,-5,3.46,3,-10,-7.06,-6.7,,-9.7,0.35,64,15/12/01,61,17
Florida,Maryland,16,9.29,5.83,11.28,12.7,7.23,-1.33,13.88,2.06,5,10.44,7,4.14,6.5,1.45,13.5,15.71,16,13.84,0.81,12.91,7.68,,9.01,7.78,-4.26,15,12.5,19.6,1.56,6.83,3.42,,4.91,22.41,23,15/12/01,56,17
Fresno St.,Michigan St.,5.5,10.37,7.76,5.85,2.5,14.14,53.34,3.37,11.05,12,5.81,13,5.25,16,13.86,19,2.77,1,4.24,20.13,5.41,4.63,,9.68,2.8,10.05,12,3.14,1,11.55,8.7,5.73,,11.31,8.68,44,15/12/01,35,17
Georgia,Boston College,4,5,3.89,2.84,5.1,-0.02,11.89,2.9,6.25,2,4.63,4,4.35,4.5,6.28,8,5.82,2,2.07,8.4,0.86,3.28,,5.18,5,23.65,0,0.21,6,10.17,6.92,2.19,,8.54,4.06,20,15/12/01,16,17
Kansas St.,Syracuse,5.5,2.61,0.57,1.9,4.6,5.98,-25.45,3.08,-3.88,-2,1.27,1,-2.75,-0.5,-7.1,-2.5,11.3,5,-0.17,-11.55,3.74,-0.47,,0.17,-0.1,-30.63,7,10.85,11.9,-2.61,-0.47,-2.84,,-1.77,14.66,26,15/12/01,3,17
LSU,Illinois,3,-2.68,-2.03,-1.52,4.3,-3.5,-5.48,1.35,-2.29,-4,-2.8,-5,1.23,-4.5,-4.38,-0.5,-1.79,-4,-0.42,-3.24,-1.6,0.83,,-1.93,-0.29,-20.7,0,0.1,2.6,-2.51,0.19,2.79,,-0.63,4.11,34,15/12/01,47,17
Louisville,BYU,3,-4.09,-3.49,-0.25,-2.8,-1.57,-11.55,0.69,-5.48,-3,-0.73,-1,-0.83,-2.5,-2.77,-1.5,2.07,-7,-0.83,-5.64,-0.47,-0.12,,-2.76,1.35,-29.11,-2,6.95,-0.3,-5.67,-3.87,-0.63,,-5.08,4.86,10,15/12/01,28,17
Miami (Fla.),Nebraska,9.5,7.72,3.22,8.36,11.7,8.84,0.38,11.02,1.83,7,8.31,12,8.94,8,2.5,10,11.89,8,8.84,1.35,9.77,7.94,,8.91,5.66,36.78,12,8.81,12.5,6.19,6.78,7.66,,4.39,17.8,14,15/12/01,37,17
North Carolina,Auburn,2,2.6,-0.68,3.48,7,2.74,-3.63,6.58,-6.17,1,2.08,2,-0.63,1.5,-4.44,0.5,4.97,7,2.95,-3.6,4.96,3.83,,1.74,4.5,-5.71,7,7.59,5.7,-3.28,0.09,-2.47,,-2.24,-0.82,10,15/12/01,16,17
Oklahoma,Arkansas,13,12.71,8.78,12.07,11.7,15.64,20.29,11.25,6.86,14,12.92,13,6.92,13.5,6.79,10.5,18.47,15,12.22,12.54,10.68,7.8,,13.13,12,36.33,16,18.3,14.4,4.97,11.28,8.81,,9.01,17.51,3,15/12/01,10,17
Pittsburgh,NC St.,0,-4.55,-4.79,-2.67,-1.9,-3.93,-3.95,-2.9,-2.67,-2,-4.99,-3,-2.89,-3,-3.89,-4,-0.56,-1,-0.93,-3.42,-2.49,0.03,,-3.1,-0.61,-8.08,-2,-5.11,0,-7.39,-6.53,-3.61,,-7.2,3.05,19,15/12/01,34,17
South Carolina,Ohio St.,2,2.61,1.07,0.04,-4.9,-0.11,19.85,-3.01,5.33,-1,0.5,2,1.47,2.5,5.77,4,-3.84,-23,0.92,4.47,1.68,1.38,,1.09,-2.33,2.82,2,1.93,-2,6.52,5.1,3.81,,6.83,-2.4,28,15/12/01,31,17
Stanford,Georgia Tech,3.5,10.36,11.25,6.09,5.3,7.54,27.45,2.87,16.15,9,6.83,12,5.34,12,15.67,11,0.3,6,6.14,14.67,4.34,4.01,,9.57,6.4,46.65,1,0.93,4.2,15.26,9.81,5.41,,13.73,-0.19,24,15/12/01,14,17
Tennessee,Michigan,4,5.53,4.92,2.47,3.2,6.41,21.37,2.24,6.17,4,2.13,5,6.24,6.5,7.71,7,-0.19,3,2.66,10.2,2.84,1.68,,6.36,2.65,38.58,1,6.56,2.1,9.1,7.88,6.4,,9.97,5.69,17,15/12/01,45,17
Texas,Washington,12.5,13.11,6.84,15.31,14.9,21.92,15.93,14.48,2.82,12,8.69,17,5.84,14.5,2.71,8,15.15,21,15.83,5.37,16.84,10.78,,13.08,13.2,17.51,25,17.72,22.6,1.06,10.32,6.02,,5.07,17.68,43,15/12/01,47,17
Texas A&M,TCU,6.5,13.63,12.69,9.12,10.1,8.49,15.29,4.12,16.38,1,5.05,7,10.64,6,7.72,6,4.62,12,16,3.66,6.32,11,,9.02,8.23,6.98,1,4.18,8.9,17.01,19.27,10.52,,19.5,-6.52,9,15/12/01,28,17
Texas Tech,Iowa,1,5.03,5.38,2.39,10,2.33,15.2,3.18,6.55,2,4.71,3,4.93,4.5,5.23,6,-1.18,5,7.03,3.93,-0.83,3.83,,5.54,4.78,24.88,-1,6.08,5.1,5.67,7.22,5.45,,7.04,6.56,19,15/12/01,16,17
Toledo,Cincinnati,3.5,6.81,5.74,4.38,-1,6.78,22.12,-0.63,8.38,5,0.03,7,5.17,7.5,7.98,10,5.79,-1,3.32,10.41,4.51,1.26,,5.31,1.84,13.59,6,3.71,-1.9,8.22,7.15,5.71,,9.63,-3.51,16,15/12/01,23,17
USC,Utah,3.5,3.92,5.55,3.66,13.7,1.47,-11.36,13.4,4.8,1,5.26,2,3.74,0.5,1.6,-2.5,4.64,8,5.1,-3.39,2.9,4.9,,5.02,4.38,28.67,-3,5.48,12.2,5.34,6.99,3.56,,6.28,6.93,10,15/12/01,6,17
Virginia Tech,Florida St.,2.5,-2.44,-0.3,1.79,2.3,3.61,-1.95,1.52,-0.99,4,-1.97,3,-1.42,2,-1.1,-3.5,4.98,2,0.17,-1.98,1.38,-1.27,,0.69,-0.05,4.85,8,3.79,1.8,-5.77,-2.99,-0.67,,-5,3.52,30,15/12/01,17,17
Washington St.,Purdue,8,13.6,11.18,10.2,8.1,12.68,33.85,9.4,11.88,12,10.34,11,7.38,12,12.94,15.5,7.37,8,8.19,11.73,9.19,5.29,,13.17,7.62,54.38,14,11.47,8.5,17.54,13.89,7.48,,15.91,8.61,27,15/12/01,33,17
