Home,Road,line,linesag,linematthews,linemassey,linebemiss,linepfz,linelaz,linemore,linesagelo,linemarsee,linenutshell,lineargh,linecpa,linehow,linesagpred,linecparetro,linekam,linebass,lineavg,lineelo,lineborn,linesuper,linedunk,linebill,linecovers,linebihl,linethompson,linemassbcs,lineimes,lineclaa,linemedian,linewolf,lineharm,lineanderson,linecoll,linemaas,linefox,lineopen,linepig,linenutshellretro,linecons,linecong,linesportrends,linetsrslots,linel2,linebenson,lineash,linegupta,lineca,lineburdorf,linesprs,linekeep,linekerns,linel2hf,linetsrelo,linelog,linestd,vscore,hscore,week,actual,total,linetrexler,linedokter
Alabama,Hawaii,17,16.52,13.22,,,25.74,14.35,18.99,16.52,23,24.53,21,,18,16.52,,25.56,21.09,19.13,15.22,22.55,29.81,20.31,19.89,,,,,22.67,25.82,19.89,,1,,,,24,17,13,,23.74,18,,26.1,,14.62,21,,17,14.3,16,17.48,,,33.2,,5.44,17,25,1,8,42,21,12.81
Arizona,BYU,7,0.39,-0.17,,,-3.77,-1.51,6.39,0.39,1,4.18,4,,-2,0.39,,0.58,3.87,0.66,5.84,3.55,-0.44,1.35,0.66,,,,,0.16,-4.66,0.76,,-15,,,,3,9,4,,0.76,6,,4.29,,-4.23,0.01,,5.5,5.2,1,-6.99,,,0.4,,4.22,13,16,1,3,29,2,3.14
Arkansas,USC,-8,-17.48,-20.89,,,-31.95,-15.8,-14.26,-17.48,-26,-15.51,-9,,-25.5,-17.48,,-22.85,-16.93,-16.94,-21.55,-23.95,-18.65,-13.72,-27.35,,,,,-15.76,-26.37,-15.8,,-9,,,,-20,-7,-11,,-11.69,-10,,-38.57,,-7.39,-13,,-9,-6.4,-11,-12.35,,,-29.3,,7.07,50,14,1,-36,64,-14,-4.18
Arkansas St.,Army,-5,-0.01,0.01,,,2.64,-1.98,-11.12,-0.01,-1,-16.6,-0.25,,6,-0.01,,-4.38,-5.57,-3,-9.46,-9.55,-1.13,-1.44,1.76,,,,,-1.72,-0.01,-1.72,,-2,,,,-4,-7,-3,,-1.59,-1,,-1.46,,-5.03,0.01,,-5,-8.2,-4,-3.95,,,4.4,,4.47,6,14,1,8,20,1,-5.94
Auburn,Washington St.,15,12.64,18.2,,,21.68,9.95,13.75,12.64,18,5.36,21,,19.5,12.64,,18.44,18.41,16.29,10.67,16.45,25.55,19.76,16.59,,,,,20.64,19.92,18,,14,,,,19,18,20,,21.82,14,,16.25,,13.06,18,,15,5,18,18.61,,,20.8,,4.61,14,40,1,26,54,18,12.54
Ball St.,Eastern Mich.,4.5,5.26,1.05,,,-3.54,3.08,0.16,5.26,1,8.28,10,,7.5,5.26,,2.23,4.46,3.73,3.27,0.85,6.98,3.68,6.69,,,,,8.7,5.42,4.46,,-2,,,,1,5,5,,4.82,5,,-9.08,,-2.77,7,,4.5,5.9,3,-1.55,,,11.1,,3.75,20,38,1,18,58,2,11.88
Baylor,TCU,-7,-7.69,-7.26,,,-16.05,-8.57,-15.01,-7.69,-14,-31.58,-6,,-12,-7.69,,-12.87,-5.03,-12.67,-6.03,-18.75,-23.33,-11.03,-9.95,,,,,-14.26,-15.15,-12.87,,-19,,,,-10,-6.5,-14,,-16.25,-15,,-21.98,,-7.73,-11,,-7.5,-15.2,-13,-16.84,,,-11.5,,5.73,17,7,1,-10,24,-16,-2.41
Bowling Green,Wisconsin,-9.5,-5.4,-9.82,,,-5.9,-7.1,-13.27,-5.4,15,-23.44,14,,-6.5,-5.4,,-4.72,-13.7,-9.75,-12.72,-14.55,-22.03,-10.79,-9.41,,,,,-12.12,-14.47,-10,,-4,,,,-8,-13,-13,,-15.26,-9,,-35.81,,-7.54,-10,,-9.5,-13.3,-14,-18.19,,,-20.3,,8.00,35,14,1,-21,49,-6,-18.81
Buffalo,Temple,6,-4.65,-1.99,,,11.1,-3.67,1.95,-4.65,6,3.82,6,,-4.5,-4.65,,1.01,1.39,3.5,3.74,2.25,0.87,6.49,4.87,,,,,4.63,0.01,3.82,,1,,,,4,6,3,,3.58,11,,16.79,,4.39,10,,6,5.5,6,9.16,,,7.3,,4.81,3,9,1,6,12,9,13.23
Central Mich.,Boston College,-13,-18.66,-13.83,,,-13.48,-16.4,-16.72,-18.66,-9,-4.55,-11,,-15,-18.66,,-16.91,-16.44,-15.82,-8.8,-20.25,-36.74,-13.48,-16.41,,,,,-12.36,-11.57,-16,,-4,,,,-16,-13.5,-20,,-19.68,-15,,-13.02,,-9.83,-21,,-13,-13.5,-22,-32.84,,,-14,,6.60,31,24,1,-7,55,-9,-14.15
Clemson,Florida Atlantic,34,30.95,24.79,,,25.51,30.18,47.37,30.95,37,60.97,27,,22,30.95,,35.97,35.45,35.91,37.49,48.95,52.98,38.03,29.62,,,,,29.9,34.91,35.97,,27,,,,37,34,40,,41.13,36,,23.56,,23.27,36,,34,47.8,38,41.45,,,33.1,,8.72,6,54,1,48,60,31,34.27
Florida,Southern Miss.,20.5,15.81,13.33,,,17.84,13.83,21.32,15.81,17,24.85,18,,13.5,15.81,,17.93,18.41,18.5,12.83,24.35,27.96,20.43,20.76,,,,,16.32,14.65,17.93,,13,,,,21,23.5,22,,21.78,12,,21.58,,13.65,21,,20.5,22,25,32.07,,,19.2,,4.86,7,34,1,27,41,18,11.21
Fresno St.,Nevada,11.5,16.49,10.68,,,16.37,16.3,12.71,16.49,11,8.79,14,,16.5,16.49,,26.14,16.23,11.87,10.35,12.35,25,10.8,-2.45,,,,,1.32,4.43,12.35,,3,,,,15,13.5,7,,14.76,14,,22.17,,8.56,18,,11.5,4.2,7,3.52,,,8.2,,6.44,19,28,1,9,47,9,7.92
Georgia Tech,Notre Dame,-7,-0.68,-1.07,,,-5.51,-0.42,-6.89,-0.68,-7,-15.12,0.25,,1,-0.68,,-3.48,-5.76,-5.46,-9.52,-8.45,-8,-7.93,-1.02,,,,,-5.18,-4.66,-5.51,,-7,,,,-4,-8,-12,,-7.02,-1,,-16.68,,-6.6,-4,,-7,-11.4,-7,-3.02,,,-1.7,,4.12,14,10,1,-4,24,-5,-7.16
Indiana,Western Mich.,5.5,8.35,9.7,,,0.72,7.56,3.25,8.35,2,-12.33,10,,5,8.35,,12.14,14.64,3.76,3.18,5.35,4.93,8.19,5,,,,,-3.34,-0.01,4,,4,,,,4,0,5,,1.56,1,,6.1,,-0.63,6,,5.5,-8.7,4,2.84,,,4.7,,5.75,20,39,1,19,59,1,-6.93
Iowa St.,Toledo,8,5.99,4.62,,,11.1,4.86,12.6,5.99,7,30.54,11,,3,5.99,,15.02,13.84,9.95,12.43,16.45,10.98,12.9,6.61,,,,,8.57,4.97,10,,5,,,,10,7.5,10,,10.52,3,,22.72,,7.01,13,,8,13.3,10,11.56,,,15.3,,5.28,43,45,1,2,88,4,13.14
Kent,Minnesota,-16,-21.32,-26.54,,,-19.87,-23.36,-32.77,-21.32,-27,-47.78,-19,,-22.5,-21.32,,-30.42,-25.11,-25.5,-29.62,-33.95,-42.03,-22.82,-21.75,,,,,-21.73,-32.4,-23,,-17,,,,-24,-17,-23,,-27.4,-18,,-40.61,,-13.02,-23,,-17.5,-26.3,-22,-27.34,,,-40.5,,7.22,44,0,1,-44,44,-19,-21.86
LSU,Louisiana-Lafaye,30.5,33.73,29.98,,,28.31,32.15,33.95,33.73,30,36.77,27,,28.5,33.73,,37.39,36.47,31.94,23.44,39.25,56.21,42.52,36.63,,,,,23.67,28.33,32.15,,17,,,,36,31,33,,37.28,27,,38.47,,23.86,35,,30.5,25.2,31,29.88,,,34.3,,7.13,3,45,1,42,48,27,22.8
Louisville,Kentucky,22,21.43,20.91,,,42.04,18.78,27.44,21.43,33,37.52,26,,28.5,21.43,,29.84,26.14,26.87,24.66,32.65,42.12,25.63,18.24,,,,,21.28,26.49,26.49,,14,,,,32,22.5,21,,34.22,26,,54.77,,16.95,27,,22.5,29.3,24,29.67,,,27.3,,6.58,28,59,1,31,87,27,28.91
Miami (Fla.),Florida St.,3,6.42,5.63,,,13.13,5.58,13.83,6.42,10,13.96,10,,9,6.42,,12.59,6.29,7.76,12.98,7.05,4.65,4,12.41,,,,,9.07,9.26,7.05,,2,,,,7,6.5,2,,7.71,7,,17.49,,4.06,9,,4,6,4,7.5,,,10.9,,3.25,13,10,1,-3,23,8,5.58
Miami (Ohio),Northwestern,-4.5,2.57,-2.04,,,-0.35,4.49,-5.21,2.57,6,-15.71,-4,,3.5,2.57,,-1.23,1.39,-3.08,-12.83,-2.45,-4.43,-2.37,-6.25,,,,,-2.48,-4.87,-2.48,,-3,,,,5,0,-4,,-4.82,-3,,-14.04,,-0.6,-2,,-4.5,-11.6,-7,-12.54,,,-12.4,,5.58,21,3,1,-18,24,3,-13.41
Michigan,Vanderbilt,26,22.74,18.99,,,21.63,23.13,19.81,22.74,20,32.18,23,,24.5,22.74,,22.18,17.46,22.37,24.62,22.65,41.98,24.5,9.8,,,,,21.53,17.66,22.18,,21,,,,18,25.5,25,,29.64,22,,19.49,,19,21,,25,19.5,24,22.45,,,11.1,,5.14,7,27,1,20,34,20,19.68
Michigan St.,Idaho,29.5,26.76,25.75,,,23.86,27.86,30.7,26.76,30,41.23,27,,27.5,26.76,,35.45,31.07,28.83,27.61,35.85,43.28,34.44,23.66,,,,,20,29,27.86,,24,,,,32,31.5,29,,30.7,24,,25.19,,20.7,28,,29.5,22.1,29,29.96,,,33.1,,5.54,17,27,1,10,44,25,23.27
Middle Tenn.,Florida Intl.,10.5,14.98,8.55,,,9.41,15.74,4.66,14.98,10,11.94,10,,10.5,14.98,,14.79,9.19,8.38,6.79,7.95,11.11,13.21,1.51,,,,,2.98,5.57,8.52,,-3,,,,8,9,6,,7.5,7,,-5.52,,8.52,9,,10.5,5.6,6,2.7,,,2,,4.53,6,7,1,1,13,7,0.23
Mississippi,Memphis,3,4.74,-3.73,,,-10.38,4.34,-3.91,4.74,-8,-8.29,0.25,,-1.5,4.74,,-1.42,2.94,-2.35,-5.76,-4.05,-0.71,3.29,2.39,,,,,-6.87,-8.21,-2,,-3,,,,0.01,5,3,,-5.14,-9,,-5.37,,0.86,-1,,2,-16.2,1,-2.19,,,-4.8,,5.02,25,28,1,3,53,-2,-5.23
Mississippi St.,South Carolina,-7,-7.29,-12.46,,,-10.91,-10.29,-2.24,-7.29,-10,-23.68,-1,,-10,-7.29,,-10.81,-7.73,-8.98,-11.82,-8.45,-24.91,-9.89,-4.3,,,,,-10.3,-15.62,-8.45,,-10,,,,-7,-7.5,-12,,-12.56,-1,,-8.48,,-5.6,-4,,-7,0.8,-8,-5.5,,,-14.3,,5.45,15,0,1,-15,15,-7,-5.94
Navy,East Carolina,12,12.15,17.48,,,15.37,15.97,21.5,12.15,14,17.56,11,,14.5,12.15,,9.58,14.36,13.51,8.33,19.75,18.2,12.9,15.82,,,,,6.71,9.38,13,,3,,,,15,10,13,,19.84,17,,5.35,,8.54,13,,12,20,12,12.24,,,1.9,,4.23,23,28,1,5,51,14,6.93
Nebraska,Louisiana Tech,21,17.16,12.15,,,5.56,15.07,15.47,17.16,12,23.82,17,,13.5,17.16,,17.49,15.73,17.08,9.35,15.35,30.64,19.29,9.04,,,,,15.47,12.56,17,,17,,,,18,22,22,,22.84,13,,23.01,,13.62,18,,20,19.3,23,25.95,,,17.9,,5.37,10,49,1,39,59,15,28.22
North Carolina,Rutgers,6,9.68,5.03,,,3.77,4.9,3.78,9.68,1,-11.89,10,,9.5,9.68,,7.13,2.5,4.27,3.43,2.25,14.9,9.4,8.33,,,,,4.97,6.93,4,,-3,,,,4,6.5,1,,5.62,-2,,3.41,,-3.46,4,,6,-3.7,3,2.16,,,15.8,,5.27,21,16,1,-5,37,4,11.5
Ohio St.,Northern Ill.,18,21.43,20.13,,,19.2,19.94,25.05,21.43,23,41.69,21,,20.5,21.43,,24.85,27.7,23.03,25.31,30.75,31.53,26.9,24.66,,,,,18.02,23.46,22.49,,10,,,,21,20.5,27,,22.49,21,,27.24,,14.78,23,,19,20.2,23,24.75,,,28.9,,5.72,12,35,1,23,47,20,13.59
Oklahoma,UAB,21.5,27.32,23.09,,,19.17,25.49,24.65,27.32,18,17.04,24,,26.5,27.32,,22.13,22.11,23.26,15.26,24.45,42.53,18.22,21.78,,,,,21.99,23.78,23.09,,14,,,,23,24.5,26,,29.7,17,,8.76,,15.94,25,,21.5,20.8,26,29.23,,,25,,5.50,17,24,1,7,41,17,28.83
Oregon,Stanford,11,9.25,11.86,,,16.75,12.17,14.98,9.25,18,22.92,11,,15,9.25,,14.88,16.15,14.37,13.12,16.05,19.84,17.33,12.2,,,,,12.26,17.48,15.5,,,,,,18,8,16,,16.57,14,,10.98,,8.9,16,,11.5,12,16,22.44,,,14.6,,5.02,10,48,1,38,58,18,-5
Penn St.,Akron,16.5,24.14,22.8,,,29.92,22.07,24.85,24.14,29,38.43,22,,18.5,24.14,,33.42,30.03,25.38,28.86,30.55,41.29,27.84,30.3,,,,,22.66,33.61,24.85,,17,,,,25,23.5,18,,27.4,20,,48.73,,13.07,30,,17.5,15.6,20,26.37,,,36.1,,7.28,16,34,1,18,50,21,7.96
Pittsburgh,Virginia,3.5,-1.91,-4.41,,,-2.41,-1.76,-3.36,-1.91,-1,15.84,2,,-2,-1.91,,-1.1,2.29,-0.2,0.17,-0.95,-8.07,-0.77,-3.54,,,,,0.87,-4.55,-1,,3,,,,2,4,5,,-2.36,-4,,17.93,,-2.94,2,,2.5,-2.3,4,4.01,,,-0.7,,4.09,13,38,1,25,51,3,-0.5
Rice,Houston,-13.5,-1.04,-6.13,,,-14,-3.3,-10.16,-1.04,-8,-10.35,-4,,-4,-1.04,,-8.98,-6.28,-8.46,-8.23,-7.95,-11.03,-11.36,-2.59,,,,,-9.98,-9.75,-9.51,,-16,,,,-10,-11,-16,,-9.51,-12,,-11.23,,-9.8,-8,,-12,-5.5,-12,-7.33,,,-18.5,,4.01,31,30,1,-1,61,-12,-10
San Diego St.,UTEP,1,9.85,2.26,,,-0.22,11.65,9.11,9.85,5,23.14,-0.25,,3,9.85,,4.61,10.05,5.57,7.05,15.15,7.74,3.98,2.34,,,,,2.98,1.65,4.61,,2,,,,5,0,-2,,3.22,2,,11.09,,1.81,10,,1.5,12,1,5.15,,,3.1,,5.52,34,27,1,-7,61,-1,-3.36
Tennessee,California,2,2.02,-1.75,,,-9,-1.94,-6.52,2.02,-3,-11.38,-0.25,,1.5,2.02,,-7.77,0.77,-3.41,-7.52,-5.25,-3.53,1.21,-3.15,,,,,-4.51,-0.26,-3,,-3,,,,-2,1.5,-2,,-6.04,-5,,-11.25,,-0.88,-5,,1,-13.3,-1,-3.76,,,-5.3,,4.02,18,35,1,17,53,1,-10.27
Texas,North Texas,41,41.47,40.95,,,51.03,39.5,61.96,41.47,61,89.55,39,,39,41.47,,57.65,58.76,50.78,54.68,72.15,60.34,51.65,65.1,,,,,42.51,55.75,49,,33,,,,58,43,45,,45.92,42,,72.2,,33.22,49,,41.5,54.4,48,56.94,,,65.6,,12.88,7,56,1,49,63,45,28.52
Texas Tech,SMU,26.5,29.05,24.44,,,28.82,28.22,25.72,29.05,20,19.28,25,,28,29.05,,35.14,31.35,25.17,17.22,27.05,46.86,24.93,18.4,,,,,15.09,9.8,25.08,,,,,,31,26.5,24,,29.92,20,,32.75,,18.73,26,,26.5,15.9,25,25.16,,,29.7,,6.89,3,35,1,32,38,25,20.64
UCLA,Utah,3,5.4,0.82,,,-0.9,2.5,3.32,5.4,13,1.77,8,,6,5.4,,6.2,4.77,5.47,12.42,-0.95,8.91,4.08,11.66,,,,,8.4,16.59,5.4,,4,,,,1,5,1,,4.92,7,,24,,-2.67,8,,3,0.5,3,5.95,,,26.8,,4.40,10,31,1,21,41,9,5
Wake Forest,Syracuse,14.5,7.49,10.27,,,13.59,7.7,18.87,7.49,14,29.3,18,,9.5,7.49,,15.64,10.43,14.11,15.36,11.25,17.5,17.3,9.23,,,,,15.65,17.4,15.36,,6,,,,13,19,17,,18.83,17,,8.66,,-11.58,18,,14.5,20.3,20,29.69,,,28.7,,7.23,10,20,1,10,30,15,17.17
Washington,San Jose St.,19,16.95,11.07,,,0.36,18.17,23.36,16.95,15,46.02,14,,14,16.95,,19.47,18.04,17.48,20.12,24.95,23.62,20.87,14.75,,,,,9.92,10.96,16.95,,2,,,,19,16,18,,15.41,13,,12.13,,13.08,24,,19,26.8,19,22.03,,,8.9,,7.76,29,35,1,6,64,12,15.69
West Va.,Marshall,22,18.81,25.04,,,30.37,18.3,37.31,18.81,35,58.84,20,,18.5,18.81,,29.66,28.14,28.96,28.23,40.15,40.4,32.33,35.59,,,,,31.93,31.27,28.23,,20,,,,33,24,33,,35.69,26,,30.7,,17.61,22,,22.5,38.8,27,25.66,,,36.3,,8.75,10,42,1,32,52,25,24.14
Wyoming,Utah St.,12,14.28,16.8,,,15.33,14.57,15.23,14.28,16,18.73,12,,13.5,14.28,,20.5,18.8,13.81,12.35,16.95,17.71,16.14,15.43,,,,,6.97,12.24,14.28,,3,,,,18,14,13,,12.26,12,,27.37,,8.79,15,,12,15.7,12,10.31,,,19.8,,3.98,7,38,1,31,45,11,4.18
Alabama,Vanderbilt,15.5,13.63,13.42,,,25.8,12.77,16.2,16.7,10,-8.5,18,,20,10.96,,12.79,11.44,16.55,12.4,15.05,34.7,16.14,19.02,24.47,,,,17.01,21.4,17,,10,,,,17,16.5,18,8.4,25.28,17.49,,11.19,,11.73,17,,15.5,18.3,18,20.57,15.81,,17.3,,6.70,10,13,2,3,23,20,19.04
Arizona St.,Nevada,14.5,13.3,11.91,,,18.72,14.88,15.67,16.4,8,6.5,16,,17,10.22,,23.75,11.22,13.63,11.76,10.95,31.33,13.39,6.59,23.71,,,,9.31,7.56,12.6,,4,,,,19,14,10,3.85,16.69,10.97,,23.8,,11.15,19,,14.5,5.9,10,5.27,29.23,,14.7,,5.90,21,52,2,31,73,15,15.15
Arkansas,Utah St.,28.5,23.5,23.79,,,17.91,25.81,39.7,24.6,26,54,23,,20.5,22.83,,31.32,36.34,26.62,25.08,36.65,40.05,28.51,20.38,8.52,,,,18.16,16.91,25.38,,13,,,,29,29,29,55.5,25.69,24.59,,19.75,,19.28,30,,28.5,36.9,30,32.18,29.29,,25.4,,8.19,0,20,2,20,20,20,24.25
Arkansas St.,Oklahoma St.,-14,-11.44,-14.22,,,2.14,-14.77,-8.79,-7.67,2,18,10,,-7,-15.5,,-7.62,-12.34,-7.82,-3.72,-12.45,-24.15,-10.7,-9.42,-16.27,,,,3.25,-1.6,-8.67,,-20,,,,-14,-14,-13,-2.6,-6.19,-8.54,,16.5,,-9.88,-16,,-13.5,-5.8,-9,-0.53,-2.12,,2.9,,8.28,35,7,2,-28,42,-5,-7.47
Army,Kent,6,6.14,6.65,,,8.94,2.42,16.15,1.53,17,7.5,11,,7,11,,10.66,9.73,9.94,13.57,17.45,9.94,10.71,7.32,5.79,,,,8.42,21.05,9.36,,3,,,,16,4,12,33,9.09,9.62,,17.65,,-1.19,4,,6.5,14.6,9,7.84,19.17,,29.1,,5.18,14,17,2,3,31,9,16.33
BYU,Tulsa,5.5,3.93,4.49,,,-0.21,1.71,-0.01,4.65,-4,0.5,2,,1,3.11,,3.93,1.1,0.26,0.56,3.25,6.44,2.28,-4.15,3.05,,,,-5.46,-2.93,1,,-11,,,,1,6,0.01,2,-4.72,-2.04,,-5.65,,-0.56,7,,4.5,-5,3,3.55,2.62,,-4.4,,4.09,24,49,2,25,73,-2,-7.8
Ball St.,Indiana,-3.5,-3.74,-1.32,,,-2.53,-4.66,-1.54,-3.83,1,-13.5,2,,1,-3.63,,-4.22,-6.01,-1.88,-1.37,-3.65,-4.63,-5.9,0.68,-5.11,,,,5.07,0.9,-2.06,,2,,,,-2,-2.5,-6,2.25,-1.17,0.25,,-10.08,,-2.12,-3,,-3.5,9.3,-3,0.5,-12.47,,0.1,,4.50,24,23,2,-1,47,1,6.96
Boise St.,Oregon St.,7.5,0.97,-0.24,,,13.55,1.3,12.89,1.14,15,14,8,,10,0.69,,12.86,3.75,8.29,6.02,7.85,13.8,5.91,11.93,6.06,,,,11.18,9.63,8.5,,3,,,,9,10,8,14,9.9,10.25,,-9.89,,7.86,14,,7.5,12.9,8,9.99,2.89,,8.4,,4.44,14,42,2,28,56,11,5.05
Boston College,Clemson,-2.5,3.52,-6.72,,,7.13,-3.2,-1.99,9.49,9,17.5,7,,6,-2.59,,1.43,0.12,2.73,2.94,-0.25,6.44,-1.7,6.68,-1.97,,,,2.71,7.33,2.34,,-3,,,,2,0,-1,10.4,2.68,0.25,,7.35,,-1.45,4,,-2,-1.3,2,10.01,9.53,,4.8,,4.89,33,34,2,1,67,1,3.38
Bowling Green,Buffalo,21.5,19.48,13.93,,,27.08,19.25,23.98,19.1,26,20.5,18,,22.5,19.92,,31.09,24.36,20.71,17.67,22.05,32.14,23.7,21.11,28.07,,,,9.89,25.54,21,,21,,,,25,22.5,19,20.5,14.87,22.36,,8.93,,13.46,21,,21.5,22.9,18,14.59,22.65,,29.1,,5.53,40,48,2,8,88,14,6.84
California,Minnesota,7.5,-1.21,-7.39,,,11.66,-3.04,1.73,2.23,-5,-17,4,,1.5,-5.38,,-1.9,10.15,1.47,-3.39,-2.35,9.53,0.91,5.46,8.54,,,,-7.02,-0.71,1.62,,10,,,,4,6,8,1.35,-0.84,2.26,,0.41,,5.26,4,,6.5,6.5,7,4.62,-3.15,,-1,,6.03,17,42,2,25,59,1,-3.03
Cincinnati,Pittsburgh,-8.5,-9.93,-11.72,,,-8.62,-11.86,-14.31,-9.87,-14,-35.5,1,,-2.5,-10.08,,-8.03,-10.18,-9.25,-11.45,-15.55,-12.54,-15.2,-3.36,-10.43,,,,0.77,-3.96,-9.97,,-10,,,,-8,-7.5,-11,-26.15,-11.77,-5.38,,14.69,,-5.84,-8,,-8.5,-11.2,-6,2.39,-7.77,,3.3,,6.65,33,15,2,-18,48,-3,-5.96
Colorado,Colorado St.,-2.5,-4.01,-9.72,,,12.52,-2.78,14.96,-3.46,9,8,1,,0.01,-4.55,,9.9,-5.35,1.57,6.53,-0.5,14.03,-6.61,4.6,-13.29,,,,-2.55,7.53,0.4,,-22,,,,9,-1,0.01,8,-0.94,-0.79,,,,0.25,8,,-2,1.9,-1,0.54,14.94,,12.9,,7.68,14,10,2,-4,24,8,3.33
Florida,Central Florida,23,24.7,30.27,,,26.25,24.81,25.46,24.21,19,17.5,20,,21,25.22,,29.35,22.44,22.39,17.71,28.85,41.85,26.27,27.1,16.31,,,,12.96,17.15,23,,14,,,,23,23.5,22,13.75,26,17.67,,28.11,,14.78,25,,23,23.4,23,22.66,27.65,,20.4,,5.98,0,42,2,42,42,18,9.89
Florida St.,Troy St.,29.5,32.16,19.69,,,20.27,26.32,31.53,36.77,37,45,21,,19.5,27.85,,38.14,21.04,30.82,34.12,32.25,51.95,34.59,35.43,40.72,,,,15.42,28.22,32.38,,22,,,,29,30,37,34.5,34.16,27.6,,47.62,,19.8,34,,29.5,32.5,35,37.69,31.51,,32,,8.19,17,24,2,7,41,20,34.79
Fresno St.,Oregon,-4.5,-7.21,-9.96,,,-1.04,-9.01,-11.67,-2.16,-9,-36,1,,0.5,-12.64,,-3.43,-13.01,-7.28,-9.22,-13.55,-5.32,-9.7,-4.73,-1.66,,,,-4.58,-7.94,-6.44,,-5,,,,-7,-2.5,-7,-25.1,-5.86,-0.82,,-2.25,,-4.59,-4,,-4.5,-11.1,-8,-12.11,-7.3,,-13.3,,6.47,31,24,2,-7,55,-3,-2.79
Houston,Tulane,14,9,10.47,,,12.56,9.84,16.51,12.84,15,18.5,15,,14,5.38,,10.67,13.49,15.32,13.87,15.55,16.06,13.39,10.04,19.09,,,,25,17.08,15.28,,10,,,,11,13.5,18,27.9,17.31,15.75,,4.85,,8.08,22,,14,16.8,21,30.42,17.23,,12.4,,5.20,7,45,2,38,52,17,23.66
Iowa St.,UNLV,15,12.46,6.24,,,35.7,7.02,35.75,19.29,29,30,21,,16.5,5.67,,25.39,11.27,21.45,23.89,21.35,35.59,20.94,23.92,20.59,,,,6.78,28.21,21.18,,13,,,,28,16,18,49.15,26.73,23.44,,43.28,,10.41,29,,15.5,26.4,18,20.85,30.7,,35,,9.16,10,16,2,6,26,12,31.84
Kansas,Louisiana-Monroe,22.5,24.34,25.68,,,18.01,24.96,30.77,22.48,20,49,17,,13.5,26.27,,28.63,32.4,25.02,25.68,33.75,35.93,26.67,30.05,24.75,,,,9.93,22.61,24.69,,20,,,,25,21,28,49,24.63,21.81,,28.39,,15.38,24,,22.5,33.9,24,20.67,32.97,,30.9,,7.41,19,21,2,2,40,17,22.66
Kansas St.,Florida Atlantic,21,24.05,16.77,,,11.02,23.57,34.45,24.98,24,49.5,20,,19.5,24.15,,29.2,28.27,25.74,27.61,36.25,43.49,27.19,22.66,23.57,,,,16.92,23.74,24.57,,26,,,,29,23.5,27,57,25.71,22.74,,17.36,,16.64,27,,22,27.1,23,19.86,32.63,,29.4,,7.37,0,45,2,45,45,23,27.26
LSU,Arizona,14.5,16.03,10.69,,,26.56,20.09,18.6,11.75,22,21,17,,21.5,20.37,,18.19,16.66,19.29,9.3,15.45,33.87,23.36,27.33,11.01,,,,17.54,27.9,19.12,,17,,,,23,14.5,19,16.5,22.33,19.24,,16.69,,12.38,24,,15.5,17.2,20,27.56,17.29,,31.6,,5.46,3,45,2,42,48,20,11.12
Maryland,Middle Tenn.,22,21.58,17.85,,,8.02,20.8,19.77,20.41,20,19,18,,12.5,23.03,,25.32,19.28,19.46,21.36,19.55,36.75,20.24,25.08,27.76,,,,8.18,18.44,20.12,,17,,,,22,20.5,26,13,21.35,17.37,,12.14,,-12.47,19,,22,15.7,25,26.57,26.2,,19.6,,7.71,10,24,2,14,34,17,23.62
Michigan,Central Mich.,28,25.2,20.72,,,17.69,26.26,23.78,28.43,12,22.5,21,,25,22,,30.5,22.96,24.12,22.08,28.55,47.35,26.6,24.94,26.19,,,,14.48,15.27,24.47,,14,,,,24,26,27,29.6,29.19,25.48,,27.86,,18.23,26,,27.5,18.6,30,34.96,25.41,,16.2,,6.69,17,41,2,24,58,24,18
Michigan St.,Eastern Mich.,25.5,23.11,23.79,,,14.41,26.17,18.94,25.78,13,5.5,20,,23.5,20.78,,25.21,26.02,21.53,18.57,25.75,39.29,24.98,24.01,29.26,,,,11.01,16.68,22.5,,20,,,,21,24,26,16.75,26.25,20.57,,5.94,,16.5,26,,25.5,10.8,22,14.61,32.09,,16.5,,6.31,20,52,2,32,72,23,20.85
Mississippi St.,Auburn,-20,-23.74,-28.32,,,-23.56,-24.02,-18.48,-23.3,-22,-41,-13,,-21.5,-24.21,,-28.81,-25.49,-23.54,-21.97,-25.65,-43.89,-24.81,-17.89,-21.73,,,,-11.92,-22.58,-23.65,,-18,,,,-22,-20.5,-24,-32,-31.35,-16.41,,-24.28,,-16.14,-24,,-20.5,-20,-24,-27.05,-16.02,,-22.5,,6.46,34,0,2,-34,34,-20,-24.25
Missouri,Mississippi,10,3.64,10.09,,,17.41,3.91,15,-0.6,14,-1,14,,9,7.7,,12.44,7.51,12.31,12.68,7.65,19.29,7.13,16.28,17.65,,,,12.6,20.4,14,,6,,,,18,8.5,11,9.85,15.21,18.1,,24.49,,-7.97,15,,10,19.6,16,27.15,20.17,,22.6,,7.33,7,34,2,27,41,15,22.89
NC St.,Akron,9.5,15.61,18.12,,,17.16,14.23,13.41,18.46,3,-2.5,12,,15,12.99,,15.47,11.41,12.39,8.79,13.95,28.64,13.24,16.51,1.42,,,,9.56,15.63,13.68,,3,,,,18,10.5,7,10.6,18.16,5.68,,28.62,,8.12,17,,10,6.3,9,9.06,14,,18.5,,5.92,20,17,2,-3,37,14,15.6
New Mexico St.,New Mexico,-9,-2.18,0.7,,,-20.34,-7.45,-21.67,-2.04,-21,-34,-5,,-5.5,-2.31,,-18.83,5.27,-10.84,-16.81,-12.85,-24.43,-8.09,-7.36,-0.8,,,,-0.3,-22.81,-9.15,,2,,,,-14,-13.5,-8,-34,-4.7,-11.25,,-35.53,,-7.7,-17,,-9,-10.2,-11,-16.66,-21.46,,-42.1,,9.05,34,28,2,-6,62,-3,-18.83
North Carolina,Virginia Tech,-12,-15.5,-14.41,,,-25.13,-12.44,-16.31,-15.07,-21,-15.5,-7,,-15.5,-16.03,,-22.08,-20.97,-15.89,-13.22,-17.75,-22.85,-16.54,-6.69,-17.16,,,,-10.08,-15.21,-15.77,,-17,,,,-22,-10,-13,-23,-18.38,-17.96,,-9.57,,-11.74,-17,,-12.5,-16.3,-12,-10.97,-10.78,,-11.1,,4.41,35,10,2,-25,45,-15,-10.83
North Texas,SMU,-5,3.47,2.19,,,-3.24,3.45,-11.89,5.58,-1,20,1,,4,1.46,,-3.95,-1.86,-3.74,-14.85,-9.55,-3.12,-6.05,-6,-16.9,,,,-0.42,-13.36,-3.6,,-5,,,,-5,-4.5,-5,-19.75,-2.37,-11.65,,-20.51,,-5.27,1,,-5,-13.4,-4,-2.22,-10.4,,-12.2,,7.06,6,24,2,18,30,-4,-2.88
Northern Ill.,Ohio,15,21.79,11.91,,,18.94,17.65,25.87,21.91,27,47.5,12,,13.5,21.68,,24.68,18.72,18.57,16.69,24.05,28.5,20.6,14.01,22.03,,,,1.76,16.82,18.8,,12,,,,19,14,19,35.5,17.47,12.56,,20.29,,9.67,14,,15.5,29.2,18,18.88,29.53,,14,,8.26,35,23,2,-12,58,8,5.03
Notre Dame,Penn St.,8.5,8.78,1.77,,,-2.42,3.39,2.94,9.77,5,1.5,5,,5,8.09,,7.86,7.3,5.04,0.33,4.25,3.35,5.3,1,7.82,,,,0.83,-5.82,5,,3,,,,6,11.5,11,-0.75,4.59,2.27,,-8.14,,5.33,6,,8,7.4,10,9.08,-2.43,,-9.5,,4.83,17,41,2,24,58,5,22.05
Oklahoma,Washington,17,19.21,22.58,,,35.15,18.12,16.33,20.21,21,25,21,,27,18.92,,20.28,16.04,20.33,12.48,12.55,38.68,18.24,24.55,28.71,,,,15.07,28.05,19.71,,12,,,,21,15,22,2.5,25.16,19.2,,0.76,,12.23,19,,17,11.9,21,22.59,22.91,,29,,6.18,20,37,2,17,57,16,13.43
Purdue,Miami (Ohio),17,9.17,8.4,,,7.45,6.47,16.48,9.56,14,30.5,15,,10.5,8.84,,15.59,17.57,13.89,17.66,12.15,19.09,11.27,15.45,16.42,,,,11.98,4.81,14.5,,8,,,,17,17.5,18,30.85,16.73,12.53,,16.51,,12.54,18,,17,16.8,15,9.99,14.4,,9.3,,5.05,31,38,2,7,69,15,21.26
Rutgers,Illinois,11.5,12.16,12.59,,,22.06,9.82,18.34,13.75,24,19,8,,9.5,10.65,,18.68,13.96,13.86,14.02,18.25,10.77,10.17,22.98,10.95,,,,10.28,15.12,13.38,,13,,,,16,13,13,26.5,19.58,14.85,,21.24,,8.13,10,,11.5,17.2,9,3.67,12.1,,16.8,,4.69,0,33,2,33,33,11,15.62
San Jose St.,Stanford,-9.5,-6.67,-30.48,,,-9.64,-5.82,-15.08,-12.87,-6,23.5,-10,,-10.5,-0.93,,-12.12,-0.8,-10,-14.63,-8.85,-27.59,-10.4,-18.77,-12.75,,,,-2.85,-16.52,-10.45,,7,,,,-10,-9.5,-10,-17.75,-10.55,-11.34,,-25.12,,-5.8,-15,,-9.5,-11.3,-10,-11.16,-17.89,,-21.2,,9.41,34,35,2,1,69,-4,-17.76
South Carolina,Georgia,-3,-3.83,-6.05,,,-9.48,-7.69,-11.46,-1.85,-7,-23,0.25,,-6.5,-5.93,,-10.63,-11.27,-6.68,-5.17,-7.55,-15.7,-8.91,-7.2,-2,,,,0.69,-6.49,-6.5,,4,,,,-11,-3.5,-5,-14.35,-5.09,-9.45,,-4.08,,-5.02,-7,,-4,-10.2,-5,-5.65,-7.79,,-3.2,,5.01,18,0,2,-18,18,-1,-0.36
South Florida,Florida Intl.,20,22.25,20.55,,,15.19,22.22,17.35,24.21,18,24,20,,17.5,20.57,,30.54,23.4,21.84,23.72,25.65,31.59,22.68,20.91,25.04,,,,12.25,19.5,22.47,,3,,,,23,20,25,30,25.51,22.05,,33.89,,15.39,23,,20,18.3,23,25.18,32.19,,25.1,,5.62,20,21,2,1,41,21,28.59
Syracuse,Iowa,-18.5,-14.36,-23.73,,,-24.58,-16.92,-23.86,-14.05,-16,-16,-12,,-14,-14.79,,-12.77,-16.7,-20.12,-26.1,-22.25,-36.74,-24.28,-15.76,-29.2,,,,-7.94,-22.22,-21,,-20,,,,-21,-17.5,-24,-28,-26.58,-16.45,,-24.8,,-15.13,-19,,-18.5,-21.7,-23,-25.6,-19.2,,-28.9,,5.64,20,13,2,-7,33,-21,-22.96
Temple,Louisville,-40.5,-28.6,-30.94,,,-47.7,-27.31,-40.72,-28.76,-31,-60,-30,,-30.5,-28.52,,-40.59,-45.16,-37.71,-31.47,-47.55,-51.31,-39.59,-29.92,-38.13,,,,-19.98,-31.94,-37.9,,-46,,,,-40,-38,-38,-58.5,-35.44,-41.51,,-25.23,,-26.76,-45,,-40.5,-37.8,-43,-51.77,-36.7,,-28.9,,8.94,62,0,2,-62,62,-34,-35.95
Tennessee,Air Force,20.5,16.29,24.15,,,13.7,15.78,19.39,17.65,17,41.5,17,,17.5,15.1,,18.76,18.58,19.11,12.09,18.45,24.86,23.96,26.81,19.86,,,,19.47,13.39,18.39,,24,,,,21,20.5,24,18.25,24.68,14.01,,12.03,,12.8,21,,20.5,11.4,21,17.64,17.68,,13.3,,5.82,30,31,2,1,61,17,18.33
Texas,Ohio St.,2,6.69,5.16,,,15.04,7.45,11.23,3.96,3,-11,11,,12.5,10.08,,10.35,10.99,7.73,7.05,12.75,3.83,5.94,5.19,3.23,,,,6.28,10.85,7.25,,1,,,,17,3,2,5.15,4.66,6.87,,15.6,,2.89,14,,3,7.7,7,15.46,12.62,,21.1,,5.36,24,7,2,-17,31,9,10.27
Texas A&M,Louisiana-Lafaye,21.5,18.54,19.74,,,20.5,17.25,17.45,15.49,16,21,19,,21,21.57,,31.84,27.95,20.84,17.18,23.45,38.4,26.61,16.32,31.93,,,,11.75,23.11,20,,20,,,,23,20.5,21,15,24.32,15.98,,23.55,,15.57,20,,21.5,10.7,19,14.33,28.92,,22.6,,5.53,7,51,2,44,58,22,19.91
UAB,East Carolina,6.5,12.2,11.91,,,12.36,11.91,8.21,11.77,8,6.5,6,,11.5,12.88,,13.28,12.21,7.51,6.9,9.45,8.64,8.33,4.17,9.95,,,,1.73,1.84,8.11,,-5,,,,10,4.5,5,8.35,9.37,9.1,,-11.08,,4.59,8,,6.5,6.2,5,3.17,9.18,,-5.6,,4.23,12,17,2,5,29,5,-0.54
UCLA,Rice,28,31.97,31.89,,,33.34,26.11,35.31,33.85,33,32.5,26,,31,30.1,,33.75,34.52,30.26,27.16,29.95,46.52,32.5,36.64,37.89,,,,22.41,37.56,31.45,,7,,,,31,27,31,25.35,35.6,30.28,,46.16,,18.34,24,,28.5,33.8,26,21.05,34.69,,47.5,,6.81,16,26,2,10,42,29,24.2
UTEP,Texas Tech,-7,-8.83,-7.53,,,-11.94,-14.48,-21.43,-7.28,-5,-14,-3,,-11.5,-10.36,,-12.46,-8.46,-10.87,-10.24,-18.85,-32.27,-10.97,-10.13,-0.98,,,,-5.41,-0.01,-10.3,,-14,,,,-16,-4.5,-6,-22.65,-11.45,-13.54,,-3.35,,-5.14,-12,,-7,-15.8,-8,-9.85,-22.62,,-9.5,,6.45,38,35,2,-3,73,-6,-2.69
Virginia,Wyoming,9.5,6.15,-6.31,,,14.31,4.25,12.54,9.89,4,-6.5,13,,11,2.54,,11.96,0.96,8.13,10.93,6.45,30.3,5.91,16.1,17.2,,,,-1.65,16.15,7.57,,2,,,,11,10,9,14.5,7.14,11.95,,19.18,,4.96,10,,9.5,7,8,6.87,19.56,,24.5,,6.91,12,13,2,1,25,2,4.51
Wake Forest,Duke,19.5,23.93,25.68,,,23.05,20.45,21.23,25.25,18,30,20,,17.5,22.73,,14.73,28.93,22.72,14.57,22.45,26.09,20.35,22.4,35.76,,,,16.1,19.31,22.59,,28,,,,17,20.5,18,42,26.32,26.99,,24.29,,11.77,26,,20,25.8,23,30.78,24.37,,19.6,,4.73,13,14,2,1,27,21,27.43
Washington St.,Idaho,17,19.54,13.53,,,20.77,18.31,25.63,23.33,12,-3,20,,23.5,15.85,,21.8,13.5,19.62,22.42,21.85,38.19,23.26,19.8,19.2,,,,11.2,22.34,20,,14,,,,28,17,22,35.65,19.24,18.76,,10.57,,10.85,24,,17.5,20.6,20,21.67,40.53,,32.1,,7.05,10,56,2,46,66,14,18.49
Western Mich.,Toledo,-10.5,-9.9,-12.66,,,-10.8,-9.9,-14.02,-7.41,-14,-48.5,-2,,-10.5,-12.59,,-14.05,-10.02,-10.39,-4.83,-10.45,-15.63,-11.64,-10.55,-4.32,,,,-2.91,-4.6,-10,,-10,,,,-10,-10,-10,-3.9,-10.9,-8.75,,4.45,,-6.84,-8,,-10.5,-14,-8,-2.06,-17.72,,4.5,,7.64,10,31,2,21,41,-7,-6.72
Alabama,Louisiana-Monroe,24.5,29.12,24.9,,,24.37,25.4,27.6,37.32,10,-8.68,20,,17.5,22.32,,25.16,26.5,25.08,17.3,29.65,,32.58,37.13,29.17,,,,14.92,30.34,27,,28,,,,23,24.5,28,26.9,31.76,28.32,,33.36,,14.02,29,,24.5,27.2,27,29.73,8.7,,34.6,,8.99,7,41,3,34,48,23,26.4
Auburn,LSU,3,3.01,-6.07,,,1.66,3.22,-3.31,0.61,5,-15.12,6,,3,7.12,,0.51,-4.57,1.25,7.28,0.65,,-0.96,1.53,4.63,,,,0.87,-1.02,1.66,,6,,,,2,2.5,1,2.3,2.99,-0.28,,0.46,,-1.31,4,,3,-1.9,2,2.37,7.21,,-3.7,,4.37,3,7,3,4,10,2,6.8
Boston College,BYU,7,12.21,3.67,,,13.94,5.63,7.83,19.4,10,-22.31,15,,15,6.4,,9.3,8.07,9.41,6.68,3.25,,9.33,21.7,6.71,,,,12.67,22.55,9.3,,7,,,,8,6,7,2.8,13.72,14.2,,13.73,,4.9,12,,7,3.8,7,6.26,-2.96,,21.6,,7.67,23,30,3,7,53,11,16.26
Central Florida,South Florida,2,-4.52,1.95,,,-4.71,-2.81,-0.89,-7.04,3,-4,-0.25,,-4,-2.03,,-5.69,-1.69,-2.55,-0.5,-9.25,,-3.15,-4.97,7.27,,,,-2.86,-7.63,-2.81,,1,,,,-5,1,1,0.5,-5.22,-2.67,,-2.82,,-1.23,-6,,1,2.7,-1,-6.88,-19.53,,3.6,,3.53,24,17,3,-7,41,4,-0.99
Central Mich.,Akron,-1.5,-2.95,-1.46,,,2.75,1.67,0.27,-6.9,-1,-5.75,2,,-1.5,0.71,,4.22,0.91,-1.35,0.64,-0.25,,0.01,-9.26,-1.82,,,,0.43,-1.43,-0.7,,1,,,,-2,-2.5,-9,3,-3.48,-1.31,,13.92,,-0.31,2,,-1.5,-0.7,-8,-12.29,-3.3,,7.1,,4.15,21,24,3,3,45,-1,2.22
Colorado,Arizona St.,-11,-10.37,-15.07,,,-2.79,-8.07,-8.95,-11.67,-7,-13.76,-8,,-6.5,-9.05,,-3.83,-8.94,-10.24,-8.22,-13.85,,-13.88,-7.72,-21.23,,,,-8.07,-27.81,-8.95,,-9,,,,-3,-8.5,-10,-6.8,-16.75,-7.93,,-4.36,,-6.95,-6,,-11,-16.1,-9,-5.52,-7.71,,7.3,,5.17,21,3,3,-18,24,-12,-18.08
Connecticut,Wake Forest,6,5.8,11.25,,,7.83,5.27,0.15,-0.39,9,23.5,2,,1.5,12.15,,3.91,32.75,6.24,6.14,11.95,,4.8,8.56,-4.34,,,,1.54,-2.95,6,,6,,,,7,3.5,6,-6,6.21,3.82,,4.47,,7.05,7,,6,7.1,5,3.23,25.16,,-4.6,,7.00,24,13,3,-11,37,10,-4.98
East Carolina,Memphis,1,2.71,-2.57,,,-8.87,-1.3,-2.75,1.26,11,16.95,2,,-5.5,4.27,,-2.6,2.86,0.93,6.93,-0.65,,0.57,1.11,-3.26,,,,-0.47,-0.95,-0.47,,3,,,,-5,1.5,2,3.7,-1.87,-3.58,,-8.54,,-1.43,-1,,1,4.5,4,7.07,9.03,,-5.7,,5.14,20,35,3,15,55,-2,8.01
Florida Intl.,Bowling Green,-5,-5.1,-4.22,,,-10.32,-7.64,-4.02,-17.35,17,27.25,-4,,-11,6.31,,-1.38,5.61,-2.6,2.39,1.25,,-5.76,-11.09,-15.41,,,,-4.41,-12.01,-3,,-3,,,,0.01,-5,-2,3.5,-7.04,-8.7,,2.14,,-2.42,0.01,,-5,5.3,-1,3.6,6.77,,3.4,,8.85,33,28,3,-5,61,-3,3.1
Florida St.,Clemson,4.5,6.67,5.43,,,5.84,3.6,-8.27,11.5,1,-10.07,8,,10.5,2.02,,3.25,0.6,3.12,1.11,-1.55,,2.84,6.21,10.29,,,,11.1,12.28,3,,1,,,,3,6,6,0.1,7.6,-0.92,,11.7,,2.31,4,,4.5,-12,3,-0.59,-5.5,,3.2,,5.67,27,20,3,-7,47,6,-1.65
Georgia,UAB,16,20.75,25.18,,,18.61,19.94,27.8,20.76,26,23.31,17,,17.5,20.78,,23.74,27.51,22.79,20.48,28.05,,22.95,31.66,24.47,,,,21.81,18.03,22.95,,14,,,,30,17.5,24,26.95,26.32,19.7,,20.35,,16.12,25,,17.5,22.5,22,25.94,14.86,,25.2,,4.14,0,34,3,34,34,20,24.28
Georgia Tech,Troy St.,17,15.8,5.63,,,12.46,15.87,28.4,18.92,15,22.5,13,,9.5,12.46,,22.82,8.62,19.85,28.94,22.05,,27.87,27.97,27.23,,,,13.94,16.18,22,,17,,,,24,17.5,24,32.65,23.6,21.96,,36.74,,11.63,22,,17,24.9,23,27.54,7.54,,29.9,,6.96,20,35,3,15,55,11,29.9
Hawaii,UNLV,11,6.52,3.42,,,10.38,3.07,17.1,8.71,14,3.24,9,,9,4.13,,12.67,4.61,9.1,10.85,8.75,,10.7,12.33,5.76,,,,2.22,4.22,9.4,,9,,,,12,9.5,11,18.45,10.08,13.97,,26.04,,-0.51,10,,11,9.4,15,18.11,6.59,,15.9,,5.07,13,42,3,29,55,-1,16.9
Illinois,Syracuse,3,1.74,1.93,,,-5.15,-5.42,-4.74,7.7,3,-49,11,,3.5,-4.2,,-2.88,2.32,1.13,-0.79,-11.45,,4.64,2.1,16.42,,,,12.78,10.08,2.1,,5,,,,-2,1,5,-21,3.35,1.19,,8.33,,-0.42,4,,3,-6.7,9,18.49,-1.14,,18.7,,10.99,31,21,3,-10,52,8,-0.5
Iowa,Iowa St.,13.5,15.5,10.43,,,10.05,16.04,8.51,11.25,14,16.43,9,,9.5,18.95,,17.11,20.63,10.97,18.38,12.15,,12.96,6.25,10.42,,,,0.53,-0.6,10.62,,10,,,,16,8.5,12,11.7,10.62,8.03,,8.38,,4.84,11,,13,7.3,12,12.37,26.57,,8.3,,4.98,17,27,3,10,44,5,8.39
Kansas St.,Marshall,10,11.23,15.31,,,8.51,14.2,21.97,13.06,17,-6.5,12,,11,9.61,,22.1,7.87,12.33,15.73,15.15,,13.51,17.23,10.43,,,,12.84,14.52,12.84,,9,,,,14,10.5,11,16.4,17.62,12.85,,22.1,,12.08,10,,10,9,7,0.63,2.14,,21.5,,5.57,7,23,3,16,30,12,19.91
Kentucky,Mississippi,4,5.82,-5.74,,,-2.95,4.82,4.88,-1.47,17,17.93,8,,1,13.16,,3.29,16.16,6.44,2.49,13.85,,5.2,4.88,3.49,,,,3.71,0.98,5.81,,6,,,,8,2,7,8.4,5.81,7.04,,7.4,,-4.96,9,,4,12.4,9,17.7,12.29,,6.8,,6.30,14,31,3,17,45,3,13.69
Louisville,Miami (Fla.),4.5,17.76,17.52,,,2.76,9.4,6.91,15.53,24,28.38,7,,3.5,24.91,,7.19,22.83,11.06,7.63,16.05,,8.18,5.51,6.5,,,,6.72,15.47,8.18,,6,,,,8,2.5,7,18.8,11.17,6.13,,20.02,,-5.54,10,,5.5,11.6,8,12.48,24.65,,2.6,,7.32,7,31,3,24,38,12,19.16
Miami (Ohio),Kent,11,17.51,14.31,,,16.96,19.36,23.53,15.6,32,7.7,12,,17.5,19.43,,21.57,17.38,17.78,17.35,23.85,,24.13,18.88,18.53,,,,20.3,16.61,17.5,,15,,,,23,11,18,31.5,15.76,15.16,,20.57,,10.63,18,,12,15.7,15,17.99,23.44,,30.3,,5.08,16,14,3,-2,30,14,7.55
Minnesota,Temple,41,29.1,16.88,,,32.41,29.56,36.88,25.27,31,23.19,30,,26.5,33.42,,43.55,16.7,33.39,29.85,40.15,,39.53,31.27,29.46,,,,43.71,26.49,32.41,,37,,,,41,40,37,48,29.78,41.3,,58.16,,27.71,44,,40.5,32.9,40,41.17,36.6,,47.2,,7.73,0,62,3,62,62,36,30.32
Mississippi St.,Tulane,11,7.6,15.39,,,4.49,14.22,24.05,2.26,13,17.87,10,,2,13.11,,12.55,7.83,12.17,10.59,22.25,,13.93,13.51,14.24,,,,7.3,10.97,13,,12,,,,13,10,13,25.85,8.62,14.01,,10.17,,8.98,14,,11,17.8,13,16.95,10.85,,9.1,,4.88,32,29,3,-3,61,8,14.14
Nevada,Colorado St.,2.5,-5.49,-8.62,,,1.44,-6.86,4.27,-8.61,2,-26.05,0.25,,-5.5,-2.51,,-1.96,-1.87,-1.95,-2.36,-1.25,,0.28,9.7,-2.14,,,,-3.2,-8.84,-1.25,,-2,,,,1,1.5,2,5.8,-5.67,2.61,,6.5,,-0.13,-2,,1.5,6.1,1,-0.87,2.42,,8.4,,6.05,10,28,3,18,38,1,0.8
New Mexico,Missouri,-13.5,-9.85,-12.47,,,1.74,-7.15,-12.11,-7.89,-10,-26.26,-5,,-3.5,-11.71,,-4.37,-6.14,-10.48,-8.03,-9.35,,-10.3,-9.98,-19.89,,,,-6.99,-15.75,-9.98,,-10,,,,-7,-12.5,-12,-13.2,-16.12,-5.07,,-9.45,,-9.86,-9,,-13,-14.8,-14,-17.89,-22.89,,-12.5,,5.21,27,17,3,-10,44,-13,-16.84
Northern Ill.,Buffalo,23,14.95,6.33,,,23.2,16.35,25.44,10.86,26,5.13,18,,18,19.22,,24.65,24.23,19.75,13.91,20.35,,23.51,16.55,23.26,,,,13.03,12.46,19.51,,28,,,,25,23.5,24,38.7,16.79,21.18,,24.81,,15.16,25,,23,19.1,26,30.47,22.42,,34.7,,6.41,13,31,3,18,44,15,19.51
Northwestern,Eastern Mich.,17,24.5,32.37,,,15.54,23.23,25.99,22.98,26,22.25,16,,19.5,26.05,,29.3,35.39,21.62,29.11,24.85,,21.69,26.07,27.11,,,,10.94,17.31,22.51,,12,,,,23,17,20,30.9,23.85,17.49,,20.63,,13.31,21,,17.5,14.4,16,11.82,23.56,,27.3,,6.03,6,14,3,8,20,17,22.51
Notre Dame,Michigan,6.5,10.17,16.23,,,1.08,2.92,7.47,13.64,15,12.81,7,,3.5,7.46,,9.05,8.32,8.51,7.1,8.05,,7.66,13.52,8.75,,,,12.48,10.8,8.5,,5,,,,10,7,12,1,7.68,2.13,,-3.63,,-4.91,9,,6.5,8.5,10,10.6,10.67,,3.5,,4.52,47,21,3,-26,68,8,15.33
Ohio St.,Cincinnati,30,27.95,27.38,,,25.44,26.92,45.65,30.36,40,16.56,22,,24.5,25.94,,38.37,22.89,31.82,44.28,42.85,,40.11,26.58,28.2,,,,28.74,32.25,30.36,,36,,,,34,34,41,53.85,33.39,31.46,,41.33,,22.86,30,,30,41.4,34,30.89,20.94,,34.2,,7.58,7,37,3,30,44,27,26.64
Oklahoma St.,Florida Atlantic,30,31.57,38.8,,,9.77,29.42,27.7,25.02,21,36.88,22,,21,39.43,,32.48,32.46,28.24,27.13,42.05,,29.6,20.13,23.81,,,,26.56,36.21,27.7,,24,,,,33,27,33,50.3,30.44,24.63,,7.26,,22.9,30,,30,32.1,27,20.59,29.92,,24.9,,6.73,8,48,3,40,56,31,27.38
Oregon,Oklahoma,4.5,7.08,3.51,,,-2.98,4.45,10.59,-1.02,20,15.2,4,,-1.5,11.79,,11.22,16.49,7.32,12.93,13.95,,8.85,10.2,2.62,,,,7.83,2.15,7.29,,5,,,,8,4.5,5,22.5,5.22,8.58,,8.74,,-4.79,7,,4.5,11,5,5.06,14.58,,1.5,,5.64,33,34,3,1,67,8,13.96
Pittsburgh,Michigan St.,2.5,20.69,21.24,,,4.79,10.61,5.89,19.44,18,13.7,7,,7,21.87,,10.48,19.37,9.33,9.38,9.65,,7.88,9.14,8.25,,,,9.83,14.85,9,,3,,,,9,2,6,13.5,12.82,0.5,,2.42,,3.24,7,,3.5,9.5,3,0.77,24.96,,1.1,,6.71,38,23,3,-15,61,4,6.51
Purdue,Ball St.,16.5,10.6,3.7,,,21.91,16.04,19.85,14.61,12,-5.24,14,,20,6.79,,27.44,14.87,15.3,10.42,16.55,,18.67,25.24,22.99,,,,7.12,6.02,16,,18,,,,28,14.5,20,17.3,18.93,16.73,,11.88,,12.44,24,,16.5,5.1,14,7.54,8.68,,11,,7.84,28,38,3,10,66,16,9.86
Rice,Texas,-31,-18.47,-15.98,,,-37.19,-21.93,-40.98,-24.06,-10,-3.12,-22,,-25.5,-12.04,,-36.85,-25.92,-28.04,-27.01,-38.05,,-31.39,-25.95,-32.83,,,,-30,-24.75,-28.3,,-31,,,,-42,-28.5,-33,-37,-29.91,-32.53,,-41.1,,-20.18,-32,,-31,-28.3,-32,-33.33,-13.82,,-57.7,,10.29,52,7,3,-45,59,-28,-21.59
Rutgers,Ohio,15.5,12.23,13.84,,,9.74,16.16,21.91,11.86,4,-17,10,,8.5,12.61,,19.91,22.03,13.99,8.86,21.55,,17.89,16.67,22.61,,,,10.9,13.86,14,,14,,,,16,17,16,17.85,18.21,14.22,,27.48,,11.51,13,,15.5,21.2,18,21.98,11.32,,19.3,,7.38,7,24,3,17,31,14,5.49
Southern Miss.,NC St.,2.5,2.02,0.01,,,-1.76,0.54,-5.38,-3.3,10,-6.26,4,,2.5,8.13,,-0.5,7.46,1.12,0.52,0.01,,-1.4,-5.86,-0.11,,,,8.45,3.83,0.54,,6,,,,1,2.5,4,-7.2,3.04,5.05,,-16.38,,-0.45,5,,2.5,-4.8,1,-2.6,7.37,,-6.9,,4.30,17,37,3,20,54,1,-0.01
Stanford,Navy,2.5,-3.7,-22.78,,,-2.89,-0.9,-3.67,-8.33,-2,-2,4,,-3,0.29,,-2.16,-5.12,-2.55,2.22,0.85,,-4.19,0.67,-6.17,,,,-1.12,-16.48,-2,,-1,,,,-1,0,-3,1.35,-7.92,0.01,,-5.74,,-0.59,4,,1.5,2.9,-1,-2.61,10.37,,4.7,,5.59,37,9,3,-28,46,-5,1.05
TCU,Texas Tech,-1,4.55,5.36,,,1.04,2.57,1.09,-0.61,13,-6.82,3,,1,8.3,,3.28,4.01,3.07,4.21,4.45,,0.01,7.58,2.14,,,,10.59,7.71,3,,-2,,,,2,0,3,8.4,3.11,-1.34,,5.76,,-0.01,2,,0,11.2,3,7.98,11.23,,8.6,,4.36,3,12,3,9,15,1,-1.11
Tennessee,Florida,-3.5,8.07,1,,,-3.99,-0.68,-6.84,14.35,4,-32.5,-1,,-1,-0.81,,-3.18,-6.07,-4.1,-1.6,-9.45,,-1.75,-0.5,-0.61,,,,-8.52,-2.48,-3,,-1,,,,-7,-2.5,-4,-11,-2.13,-7.76,,3.01,,-2.21,-6,,-3.5,-14.3,-7,-14.82,1.1,,-9.6,,7.61,21,20,3,-1,41,-3,-6.26
Texas A&M,Army,27.5,26.36,28.33,,,18.9,23.49,25.29,21.28,38,39.5,13,,20,31.89,,31.02,20.37,25.11,22.63,29.25,,28.66,21.14,27.31,,,,12.24,26.87,26,,26,,,,26,27,29,24.2,28.06,18.82,,8.61,,22.52,29,,27.5,25.1,29,28.89,28.02,,18.2,,6.11,24,28,3,4,52,25,17.6
Toledo,Kansas,4,1.51,-12.36,,,3.26,-2.14,-2.23,-2.28,-1,5.82,1,,-0.5,5.14,,4.49,-1.41,0.01,1.77,-5.65,,0.62,-7.55,0.92,,,,-7.93,-13.91,0.62,,3,,,,-1,6,-3,-9,-5.68,5.52,,4.08,,-0.91,2,,3.5,2.5,6,16.89,18.59,,-0.6,,5.92,31,37,3,6,68,1,7.59
Tulsa,North Texas,19.5,5.42,3.67,,,13.66,9.47,20.13,-0.67,6,-26.25,16,,11,11.28,,18.99,15.47,14.69,13.05,16.65,,20.7,11.53,24.15,,,,20.29,1.26,16,,23,,,,23,19.5,20,23.6,15.98,19.11,,32.24,,13.47,16,,19.5,22.2,22,25.52,9.21,,22.9,,10.57,3,28,3,25,31,22,15.33
USC,Nebraska,18.5,19.68,13.2,,,27.68,17.24,22.15,21.57,16,13.5,17,,22,16.84,,26.83,9.09,17.93,23.16,21.75,,20.18,10.9,11.07,,,,11.41,14.52,17,,20,,,,23,17,12,25.9,11.31,16.67,,17.69,,14.82,25,,18.5,19.1,16,16.76,22.17,,21.6,,5.46,10,28,3,18,38,20,9.92
Utah St.,Utah,-20,-16.71,-22.52,,,-20.73,-18.22,-25.93,-14.64,-1,-2.12,-11,,-15.5,-18.94,,-21.02,-18.62,-18.03,-14.35,-21.35,,-24.95,-20.55,-15.67,,,,-16.19,-21.28,-18.22,,-16,,,,-25,-20,-24,-31,-20.91,-17.9,,-17.43,,-14.1,-15,,-20,-26.1,-21,-18.01,-19.97,,-14.5,,5.72,48,0,3,-48,48,-17,-16.9
Vanderbilt,Arkansas,-5.5,0.73,3.38,,,-5.11,-2.06,-4.58,-3.9,9,26.44,-1,,-4.5,5.23,,0.73,1.99,-0.52,1.89,-1.05,,-0.79,5.48,3.29,,,,-5.67,0.48,-1.4,,-8,,,,0.01,-7,-5,-3.4,-4.93,-2.9,,-7.51,,-3.09,-4,,-5,-1.4,-6,-7.68,3.05,,3.6,,6.27,21,19,3,-2,40,-2,-0.01
Virginia,Western Mich.,9,12.33,8.89,,,16.78,12.15,11.25,16.51,4,-23.82,10,,12.5,8.91,,14.35,6.61,8.02,-0.26,10.35,,11.57,17.93,9.51,,,,2.26,5.04,9.51,,7,,,,12,10,8,-6.2,11.94,9.99,,22.49,,2.53,15,,9,1.2,7,3.71,5.25,,15.2,,8.00,17,10,3,-7,27,6,-4.99
Virginia Tech,Duke,35,33.98,30.53,,,39.84,29.02,35.8,36.31,30,14,25,,28,32,,38.09,36.77,34.18,26.51,37.55,,37.69,44.32,36.96,,,,29.78,43.8,35.8,,32,,,,39,35,33,38.4,41.42,39.8,,34.94,,24.66,40,,35,36,32,29.16,15.04,,39.3,,6.69,0,36,3,36,36,37,31.42
Washington,Fresno St.,-4,1.47,-8.22,,,-15.02,-2.9,-6.21,6.84,-7,-40.45,-2,,-5.5,-2.92,,-6.31,-4.36,-6.39,-6.35,-8.55,,-6.58,-10.94,-12.66,,,,-1.3,-1.45,-6,,-2,,,,-6,-3.5,-6,-4.3,-8.25,-13.55,,-21.49,,-1.65,-4,,-4,-4.4,-3,-0.49,6.3,,-13,,7.62,20,21,3,1,41,-2,-11.52
Washington St.,Baylor,13.5,13.41,5.31,,,12,12.72,10.17,11.99,9,0.57,4,,9,15.8,,12.38,8.36,8.96,8.02,9.55,,9.31,2.71,4.92,,,,-4.26,2.27,9.55,,10,,,,10,13.5,9,16.85,11.09,8.5,,-15.41,,11.5,13,,12.5,9.8,13,16.51,20.77,,-4.4,,4.36,15,17,3,2,32,9,6.96
West Va.,Maryland,17,12.26,14.63,,,15.52,13.31,19.79,5.47,28,18.5,10,,9.5,19.17,,15.37,20.56,17.1,15.99,27.15,,20.55,15.9,18.25,,,,15.38,11.81,17,,17,,,,20,13,22,38,17.18,16.35,,4.52,,9.16,16,,17,28.1,20,22.18,28.64,,17.7,,5.26,24,45,3,21,69,18,18.42
Wisconsin,San Diego St.,14,22.35,26.17,,,13.63,14.84,20.85,28.38,14,14,17,,20,17.12,,20.14,9.16,17.78,23.39,16.55,,15.34,24.3,15.97,,,,17.76,26.75,17.5,,19,,,,26,16,14,9.9,26,14.72,,20.87,,10.72,14,,14.5,19.5,10,0.77,3.5,,26,,5.94,0,14,3,14,14,19,17.5
Wyoming,Boise St.,-7.5,-12.1,-12.75,,,-8.69,-9.56,-18.02,-13.44,-3,-27.75,-4,,-11,-10.67,,-3.08,-4.31,-11.41,-9.47,-15.35,,-10.03,-13.33,-15.03,,,,-11.12,-12.47,-11.12,,-6,,,,-12,-7.5,-14,-21.45,-16.27,-11.34,,1.74,,-8.22,-12,,-8,-15.4,-10,-8.02,-1.07,,-4.8,,5.15,17,10,3,-7,27,-9,-21.57
Akron,North Texas,17.5,11.5,10.5,,,10.96,8.91,17.86,10.78,14,13.82,11,,8.5,12.23,,19.97,14.06,14.56,15.36,17.85,,17.03,13.22,13.79,,3.4,,7.4,9.32,14.06,,16,,,,18,14,16,22.9,14.82,16.87,,19.08,,,11,,17,18.6,22,33.84,21.54,,13.5,,5.23,13,33,4,20,46,15,14.14
Arizona,USC,-22,-27.32,-23.81,,,-37.65,-29.42,-27,-20.99,-25,-24.32,-13,,-23.5,-32.87,,-35.25,-27.31,-25.84,-25.05,-37.85,,-29.85,-21.07,-9.63,,-26.3,,-20.9,-29.17,-25,,-18,,,,-29,-14,-21,-30.4,-19.65,-21.77,,-36.41,,-21.51,-25,,-22.5,-26.3,-24,-30.66,-26.7,,-14.6,,8.05,20,3,4,-17,23,-19,-18.08
Arkansas,Alabama,1.5,-3.56,-3.82,,,-9.6,-1.84,-1.11,1.7,-3,-4.45,-3,,-4.5,-7.75,,-3.28,-0.32,-3.99,1.84,-2.35,,-4.88,-10.82,-10.69,,-5.8,,-6.76,-9.81,-3.42,,-1,,,,-1,1,-2,-0.25,-6.69,-3.72,,-21.55,,-1.55,1,,0,-0.9,-2,-4.79,1.51,,-11.2,,3.36,23,24,4,1,47,-3,-5.96
Auburn,Buffalo,42,41,42.72,,,35.41,39.12,47.04,43.05,37,34.35,28,,28.5,39.08,,48.25,39.47,41.35,39.11,52.55,,47.45,43.14,35.05,,39.2,,37.71,46.21,40.37,,39,,,,47,45,47,60.85,45.38,38.38,,33.22,,39.55,43,,42,42.7,46,47.23,38.85,,37.6,,5.59,7,38,4,31,45,39,39.73
BYU,Utah St.,28.5,25.29,34.14,,,37.38,25.81,34.39,22.64,32,23.95,21,,20,28.08,,30.77,37.53,29.48,31.86,39.25,,31.89,19.69,20.04,,23.7,,33.78,32.17,30.25,,31,,,,29,30,31,49.45,29.74,22.76,,37.04,,29.57,27,,28.5,36.3,35,41.88,39.42,,26,,5.63,0,38,4,38,38,27,25.84
Baylor,Army,11,13.78,16.88,,,16.9,14.97,11.65,10.66,17,15.45,10,,8,17.08,,9.4,17.62,13.54,16.71,16.55,,17.96,19.59,10.04,,5.2,,8.83,13.04,13.82,,14,,,,16,10,16,21.15,13.87,7.49,,6.83,,8.43,16,,11,12.7,12,9.35,17.76,,5.7,,4.65,27,20,4,-7,47,10,6.93
Boise St.,Hawaii,14,14.68,8.4,,,17.8,12.6,14.87,18.89,7,2.64,15,,19,9.47,,22.62,13.12,13.85,12.41,12.85,,17.6,19.12,12.92,,7.5,,16.65,12.12,13.06,,11,,,,22,10.5,12,16.2,17.05,14.56,,7.7,,11.66,19,,14,11.9,13,12.56,1.53,,22.2,,4.73,34,41,4,7,75,18,17.68
Bowling Green,Kent,7,12.25,18.83,,,13.34,10.26,16.79,17.55,10,4.49,16,,18.5,7.31,,17.24,11.62,13.1,8.14,13.45,,11.91,19.88,17.53,,13.8,,18.8,22.29,13.39,,10,,,,19,8.5,9,20.5,16.89,14.37,,-8.38,,8.24,11,,8,8.1,8,9.12,12.87,,15.7,,4.80,38,3,4,-35,41,14,3.08
California,Arizona St.,7.5,4.71,8.98,,,-2.07,8.72,4.67,5.11,2,5.46,4,,1.5,4.1,,5.84,7.99,5.96,1,9.15,,10.88,1.61,2.7,,10,,-2.33,10.56,5.17,,6,,,,6,7.5,5,4.9,3.68,2.15,,16.01,,7.29,6,,7,8.8,6,5.23,13.2,,9.9,,6.78,21,49,4,28,70,3,0.35
Clemson,North Carolina,17,19.8,18.91,,,30.51,16.62,17.31,18.35,21,8.38,21,,16,21.16,,16.92,20.43,18.81,19.76,19.05,,20.05,11.55,14.68,,23.4,,19.13,21.07,19.44,,18,,,,16,17,24,15.35,22.69,22.8,,26.42,,12.8,20,,17,26.1,21,21.57,31.17,,14,,4.87,7,52,4,45,59,18,17.53
East Carolina,West Va.,-21,-17.57,-23.8,,,-17.44,-17.56,-23.56,-16.41,-10,-0.47,-12,,-16,-19.26,,-20.02,-18.07,-18.84,-11.97,-26.25,,-20,-23.65,-21.2,,-14.8,,-15.72,-19.63,-18.64,,-18,,,,-27,-17.5,-23,-26.3,-24.57,-18.69,,-14.19,,-17.45,-17,,-21,-20.9,-20,-17.09,0.4,,-26.3,,5.75,27,10,4,-17,37,-19,-18.59
Eastern Mich.,Central Mich.,-4.5,-10.8,-20.82,,,-9.19,-8.46,-7.95,-15.54,-4,0.23,-8,,-6,-6.32,,-0.55,-7.05,-8.06,-7.27,-11.65,,-10.09,-12.74,-6.49,,-0.8,,-7.45,-25.88,-7.27,,-1,,,,-4,-3.5,-10,-14.15,-12.6,-4.41,,-19.45,,-5.15,-4,,-5,-8,-2,7.14,-8.53,,-18.7,,7.44,24,17,4,-7,41,-4,-7.28
Florida,Kentucky,24,25.43,25.69,,,24.28,21.27,25.09,26.74,22,20.32,23,,23,24.21,,27.13,26.56,25.32,23.28,21.15,,26.24,24.52,21.21,,20.1,,24.45,32.49,24.37,,21,,,,26,24,24,30.7,27.76,23.57,,34.54,,21.48,23,,24,24.6,29,37.56,38.83,,31.3,,6.06,7,26,4,19,33,25,17.48
Florida St.,Rice,30.5,23.63,14.98,,,24.69,18.37,22.11,26.23,14,4.92,21,,23.5,21.2,,25.71,18.06,22.08,13.83,22.85,,28.36,28.91,28.33,,9.7,,18.39,19.52,23.09,,32,,,,32,28,32,11.55,28.59,28.12,,-12.29,,22.02,24,,29,14.2,28,22.53,14.76,,15.8,,6.58,7,55,4,48,62,27,23.32
Georgia,Colorado,27,27.64,47.5,,,31.52,23.9,24.66,31.19,31,37.78,19,,18.5,23.77,,23.48,29.77,28.49,30.74,31.85,,30.54,23.24,25.61,,24.1,,29.29,55.12,27.31,,24,,,,21,24,24,32.9,37.49,19.95,,34.28,,28.86,21,,27,31.2,26,26.97,21.24,,45.7,,8.00,13,14,4,1,27,29,20.57
Georgia Tech,Virginia,17,7.41,10.96,,,21.7,9.71,11.93,4.47,17,10.3,11,,7.5,10.59,,10.76,12.26,13.26,19.31,13.35,,15.98,9.49,9.69,,7,,12.46,15.17,12.36,,13,,,,14,13.5,15,14.75,16.59,8.28,,29.4,,15.98,11,,16.5,10.8,16,17.18,7.92,,24,,4.78,7,24,4,17,31,15,22.7
Houston,Oklahoma St.,-1,-5.82,-8.83,,,-2.27,-4.72,1.89,-0.66,4,0.91,2,,-1.5,-10.75,,-0.28,2.9,-1.45,-2.33,2.55,,1.2,-3.69,-0.22,,-9.7,,-0.41,-1.77,-0.94,,3,,,,-5,0,-1,2.6,-1.78,1.59,,8.69,,-0.87,0.01,,-1,-3.7,2,7.86,-3.92,,2.6,,3.93,25,34,4,9,59,1,-3.95
Illinois,Iowa,-21,-20.47,-22.31,,,-19.24,-20.09,-25.9,-24.57,-13,-3.79,-12,,-17,-17.35,,-25.81,-19.63,-19.49,-21.14,-26.85,,-20.81,-19.98,-8.92,,-19.2,,-13.31,-24.15,-20.28,,-22,,,,-25,-18,-22,-34,-28.04,-17.78,,-1.33,,-21.16,-16,,-21,-22.1,-18,-9.56,-20.03,,-21,,5.29,24,7,4,-17,31,-18,-24.35
Indiana,Connecticut,1,2.42,16.37,,,-2.78,-0.38,0.87,6.7,20,19.25,3,,2.5,-1.75,,5.78,-0.7,1.1,18.47,-8.45,,0.33,-8,-0.95,,-3.2,,2.45,9.52,-0.54,,-2,,,,-7,3,-2,13.75,6.43,-6.33,,4.79,,3.87,-6,,1,-5.6,-4,-10.63,-8.29,,12.4,,8.42,14,7,4,-7,21,-1,3.06
Kansas,South Florida,5.5,3.13,-2.76,,,-4.77,3.33,8.78,-0.01,1,0.91,1,,1,6.54,,5.05,4.44,0.88,-0.37,0.25,,4.65,7.35,5.6,,0.2,,-3.91,-9.45,1,,6,,,,5,3.5,0.01,3,-2.42,2.07,,-17.35,,-3.8,0.01,,5,4.3,1,-1.74,-3.67,,-13,,4.39,7,13,4,6,20,2,-8.02
Kansas St.,Louisville,-14,-4.31,-5.06,,,-9.56,-9.65,-14.58,-0.13,-9,1,-6,,-5.5,-9.74,,-13.66,-11.38,-10.43,-12.61,-21.05,,-13.38,-8.13,-13.21,,-9,,-9.7,-1.19,-10.1,,-11,,,,-15,-8.5,-14,-18.15,-7.89,-15.57,,-16.29,,-10.16,-15,,-14,-16.7,-13,-10.05,-12.54,,2.3,,5.10,24,6,4,-18,30,-10,-11.49
LSU,Tulane,36,32.87,35.12,,,32.06,37.7,47.75,26.5,34,26.01,25,,24,39.52,,43.35,53.11,37.67,35.7,49.25,,46.33,28.12,29.63,,39.8,,37.3,30.88,37.78,,39,,,,45,35.5,40,61.7,38.14,37.86,,32.88,,34.27,38,,36,44,43,53.03,50.69,,18.7,,7.98,7,49,4,42,56,34,31.25
Maryland,Florida Intl.,18,22.6,18.52,,,7.99,19.4,18.72,30.27,13,15.13,18,,18.5,15.42,,23.39,16.9,19.04,12.62,26.95,,19.88,28.28,21.29,,27.2,,18.97,20.9,18.62,,15,,,,20,20.5,23,17,25.28,17.77,,-7.7,,16.25,17,,18,15.8,19,16.72,3.61,,25.8,,4.95,10,14,4,4,24,16,22.3
Michigan,Wisconsin,14,12.31,22.49,,,19.74,15.38,12.98,16.26,18,38.03,11,,6.5,10.42,,10.74,17.07,14.74,19.39,20.75,,12.98,5.62,10.55,,9.5,,11.85,20.48,13.02,,11,,,,0.01,13,16,25.15,11.34,13.04,,9.18,,12.15,13,,14,17.5,15,15.13,21.36,,-5.2,,6.83,13,27,4,14,40,11,14.67
Michigan St.,Notre Dame,-3.5,0.78,-3.23,,,11.82,-0.23,-6.62,3.68,8,8.98,1,,0.5,-1.38,,-1.05,-1.84,-1.3,-1.75,-2.55,,-3.89,-2.63,-6.31,,5.3,,-3.34,2.98,-1.56,,1,,,,-11,-3.5,-5,-12.4,-0.3,-3.09,,0.47,,-3.79,-3,,-3.5,-0.3,-3,-0.25,-1.71,,0.1,,5.44,40,37,4,-3,77,3,-10.82
Mississippi,Wake Forest,2,-9.2,-12.5,,,-19.06,-7.78,-13.11,-9.05,-2,4.18,-8,,-5,-9.5,,-7.64,-10.94,-9.58,-11.16,-13.55,,-1.95,-4.79,-5.73,,-9.4,,-6.58,-24.88,-8.5,,-1,,,,-4,1,-8,-15.05,-17.14,-12.34,,-21.02,,-2.33,-9,,0.5,-15.5,-4,-7.77,-3.05,,-30.4,,7.61,27,3,4,-24,30,-4,-17.55
Missouri,Ohio,21.5,18.3,6.81,,,17.81,15.54,21.82,14.87,6,2.46,11,,15,21.54,,22.51,14.14,15.34,6.93,16.55,,15.38,15.93,18.87,,15.4,,11.44,9.24,15.47,,24,,,,20,19.5,15,10.3,16.11,15.37,,18.18,,16.6,14,,20.5,15.9,22,29.37,24.94,,10.7,,6.44,6,31,4,25,37,22,15.23
NC St.,Boston College,-7,-11.97,-23.53,,,-13.11,-7.27,-11.44,-17.8,-13,-10.17,-10,,-9,-8.65,,-9.93,-4.52,-11.14,-15.22,-12.85,,-5.84,-12.94,-7.65,,-9.3,,-11.25,-36.77,-9.7,,-5,,,,0.01,-7,-9,-3,-20.69,-9.46,,-12.56,,-8.89,-9,,-7.5,-14.8,-8,-8.88,-11.26,,-23.6,,6.61,15,17,4,2,32,-8,-11.45
Navy,Tulsa,4.5,4.89,4.82,,,7.38,6.26,9.04,12.79,15,8.25,6,,8,-2.48,,4.53,3.23,5.41,10.98,5.45,,5.56,11.64,1.59,,4.5,,6.77,19.59,5.36,,5,,,,3,4.5,1,0.4,11.4,5.27,,16.58,,-5.72,3,,4.5,3.6,1,-4.33,-0.17,,33.8,,5.67,24,23,4,-1,47,6,8.02
Nebraska,Troy St.,23.5,25.64,26.38,,,20.72,22.36,32.16,26.54,22,18.12,16,,14.5,25.69,,27.38,26.02,25.07,22.44,32.15,,33.56,32.91,24.54,,21,,25.73,25.53,25.59,,24,,,,26,18,30,41.5,30.4,22.53,,37.86,,18.9,21,,23.5,31.8,26,25.02,32.1,,25.7,,5.05,0,56,4,56,56,20,22.3
Nevada,Northwestern,6.5,6.58,2.32,,,-1.39,-0.01,-4.45,2.34,5,12.56,4,,-0.5,10.71,,-3.82,3.53,2.59,-4.04,4.55,,9.55,4.69,-7.78,,8.8,,5.73,3.1,3.31,,4,,,,-4,4.5,10,-6.15,1.26,2.89,,1,,-4.45,1,,6,6.2,7,5.29,15.97,,6.9,,4.74,21,31,4,10,52,4,-1.15
New Mexico,UTEP,-9,1.86,-10.62,,,-0.85,0.46,-2.9,3.19,-10,-6.41,-6,,2,0.38,,0.42,-6.24,-4.06,-9.03,-6.75,,-9.76,-2.29,-13.93,,13.9,,-0.38,-3.13,-5.21,,-6,,,,3,-9,-9,-8.1,-5.42,-0.77,,-13.43,,-7.78,-2,,-8.5,-7.7,-8,-4.52,-12.21,,7.6,,4.30,13,26,4,13,39,-5,-11.45
Ohio St.,Penn St.,17,14.85,17.17,,,15.73,16.47,19.57,16.26,21,23.4,14,,17.5,13.75,,18.42,11.73,16.97,26.21,18.35,,17.85,12.62,14.12,,18.9,,16.41,24.55,16.34,,21,,,,16,16,16,22.15,15.1,12.13,,37.79,,18.5,14,,17,24.9,14,9.02,16.16,,20.9,,3.97,6,28,4,22,34,15,14.33
Oklahoma,Middle Tenn.,28.5,28.25,27.52,,,9.2,25.76,29.9,33.28,19,41.32,15,,18.5,23.34,,29.96,21.36,24,26.42,27.45,,27.8,30.71,22.26,,8.6,,11.37,29.08,25.73,,25,,,,21,28,30,31.25,31.45,23.83,,7.57,,26.87,21,,28.5,26.1,28,25.51,19.35,,16.7,,7.21,0,59,4,59,59,20,25.7
Oregon St.,Idaho,23,25.43,8.33,,,25.71,22.2,22.48,19.78,4,13.18,19,,20,31.66,,26.77,32.09,21.87,11.08,29.45,,29.83,23.58,21.47,,31,,19,5.8,22.34,,20,,,,30,21,26,30.35,19.97,21.04,,13.66,,19.55,23,,23,19.9,25,28.3,33.78,,9.8,,6.98,0,38,4,38,38,22,23.5
Purdue,Minnesota,-3,-8.13,2.8,,,-9.84,-5.58,2.85,1.66,-13,5.43,1,,4.5,-22.2,,-5.21,-11.1,-3.07,3.8,-6.05,,-1.46,4.63,2.78,,-15.1,,1.05,3.22,-1.73,,1,,,,4,-1,-2,7.35,2.05,-2.02,,7.87,,-2.47,-2,,-3,-0.6,-3,-4.58,-13.18,,19.9,,7.83,21,27,4,6,48,3,-3.76
SMU,Arkansas St.,5,2.66,-4.64,,,2.22,3.69,12.62,1.28,3,0.01,6,,3,4.03,,8,1.19,3.84,-2.34,7.05,,6.04,10.08,10.11,,-1.4,,1.06,-12.58,3.34,,11,,,,9,7,8,17.3,-1.15,11.42,,29.53,,-3.4,10,,5,13.6,7,7.15,1.22,,6.8,,5.78,9,55,4,46,64,1,-2.05
San Diego St.,Utah,-6.5,-12.94,-6.93,,,-22.77,-7.85,-9.3,-10.9,-4,-2.37,-5,,-9,-17.13,,-10.64,-9.61,-9.01,-1,-10.25,,-7.39,-9.17,-5.27,,-5.1,,-5.4,-10.09,-9.08,,-6,,,,-12,-5,-12,-8,-13.05,-6.98,,-2.69,,-5.34,-5,,-6.5,-11.2,-11,-13.85,-7.86,,-19.7,,4.28,38,7,4,-31,45,-9,-7.19
South Carolina,Florida Atlantic,30,21.34,19.68,,,34.75,23.97,37.95,15.81,26,38.62,18,,16.5,27.24,,32.5,32.69,27.55,30.6,39.05,,35.5,26.8,26.03,,26.1,,22.34,20.48,26.98,,30,,,,34,30.5,34,56.75,25.24,25.69,,23.54,,27.16,26,,30,29.3,29,22.45,11.82,,22.5,,6.29,6,45,4,39,51,29,24.65
Stanford,Washington St.,-9.5,-9.39,-26.2,,,-25.11,-12.71,-6.84,-10.84,-18,-4.86,-7,,-7,-8.45,,-9.58,-9.84,-11.2,-8.28,-14.55,,-8.53,3.98,1.42,,-11.6,,-9.13,-25.54,-9.12,,-7,,,,-5,-9.5,-9,-8.9,-16.72,-4.13,,-2.01,,-10.56,-8,,-9.5,-9.9,-9,-9.11,-14.24,,-20.3,,9.87,36,10,4,-26,46,-11,-0.92
Syracuse,Miami (Ohio),6.5,18.57,24.18,,,17.57,6.77,4.96,19.83,14,10.55,11,,3.5,17.32,,5.21,14.87,10.35,10.39,10.55,,6.95,4.76,-3.79,,14.9,,9.86,32.12,10.2,,3,,,,-1,6.5,10,8.1,13.75,0.2,,-6.72,,-5.37,5,,6.5,11.7,6,1.87,20.66,,21.5,,8.77,14,34,4,20,48,6,12.05
Tennessee,Marshall,22,20.61,30.77,,,17.81,23.64,26.14,19.82,25,19.63,17,,14.5,21.45,,24.33,16.66,23.03,25.85,24.85,,27.76,24.05,23.57,,16.6,,12.85,30.03,21.67,,26,,,,17,24,25,26.1,28.55,17.06,,7.45,,21.9,18,,22,20.4,23,20.04,21.55,,19.3,,8.80,7,33,4,26,40,20,18.49
Texas,Iowa St.,25,18.03,19.08,,,13.76,22.3,26.24,11.5,26,38.82,17,,18,27.08,,25.9,21.01,21.5,25.66,28.35,,23.23,11.51,12.53,,22.5,,18.28,9.26,21.06,,20,,,,28,20,21,32.15,16.58,21.1,,25.53,,23,24,,24.5,20.2,26,33.29,23.75,,-8.7,,6.60,14,37,4,23,51,21,10.94
Texas A&M,Louisiana Tech,23,10.36,11.74,,,18.28,13.29,14,11,11,19,19,,15.5,10.03,,23.06,21.53,16.64,8.67,16.95,,20.39,2.05,15.65,,22.5,,13.75,19.91,17.5,,26,,,,22,23.5,17,12.5,21.01,14.68,,30.62,,21.11,18,,22,12.7,20,18.93,27.85,,25.2,,5.87,14,45,4,31,59,25,26.5
UAB,Mississippi St.,10,16.26,18.77,,,20.11,11.33,6.32,20.15,25,17.18,9,,12,12.55,,15.59,15.88,13.35,22.88,10.15,,14.61,5.27,3.5,,15.3,,16.53,19.52,13.39,,15,,,,9,9.5,10,15.85,18.06,6.93,,19.28,,10.42,8,,10,14.4,11,14.23,17.39,,21.8,,5.03,16,10,4,-6,26,12,11
Virginia Tech,Cincinnati,26,24.79,19.86,,,26.42,22.05,34.28,24.67,33,12.56,18,,22.5,25.01,,37.6,25.21,26.63,32.05,29.85,,29.82,21.41,17.79,,24.8,,18.28,22.17,26,,30,,,,36,27.5,26,26.2,31.14,28.59,,55.47,,26.87,26,,26,31.1,25,22.69,13.2,,25.6,,6.38,13,29,4,16,42,27,27.77
Washington,UCLA,-3.5,-5.21,-7.56,,,-10.94,-8.25,-7.69,-3.26,-7,3.67,-4,,-8.5,-6.95,,-8.67,-6.8,-8.05,-6.15,-1.95,,-9.54,-14.11,-10.97,,-16.5,,-5.79,-7.02,-7,,-4,,,,-5,-5,-5,-0.7,-8.37,-11.14,,-18.42,,-3.38,-6,,-4.5,-7.6,-5,-7.49,-4.22,,-4.3,,7.26,19,29,4,10,48,-7,-6.83
Western Mich.,Temple,28.5,27.36,33.41,,,41.89,19.38,28.09,22.46,31,37.27,23,,21,32.74,,26.76,23.75,28.87,27.32,38.05,,36.45,26.94,16.25,,19.1,,35.65,35.44,28.04,,28,,,,25,27,34,46.65,28.07,33.01,,29.55,,26.23,26,,28.5,30.9,30,27.05,26.66,,37,,5.34,7,41,4,34,48,29,26.4
Wyoming,Air Force,1,-2.67,-14.35,,,-4.38,-0.46,2.74,-2.94,-13,2.53,6,,2.5,-2.73,,3.77,3.8,-0.16,-7.05,4.95,,2.45,11.84,-2.16,,3.5,,4.01,-2.88,2.52,,-1,,,,5,0,3,-3.85,-1.63,4.97,,4.73,,-0.82,5,,1,2.9,5,11.41,0.15,,1.7,,9.40,31,24,4,-7,55,6,0.45
Air Force,New Mexico,13.5,11.22,12.72,,,11.25,10.74,5.61,8.46,10,7.84,8,,5,14.46,,7.5,12.83,8.22,16.53,8.25,,11.66,0.01,10.56,,13.1,,1.24,6.02,9.5,,10,,,10.78,4,10.5,6,16.3,11.53,1.16,-10.5,-0.77,,-8.93,8,,12.5,12,9,10.65,29.43,,-5.6,,5.39,7,24,5,17,31,10,8.02
Arizona,Washington,3.5,-0.48,1.21,,,-5.61,-2.17,4.65,-1.08,10,-1.87,1,,-0.5,-0.17,,1.24,-7.27,0.54,4.06,0.55,,-0.24,-3.55,10.35,,4,,-1.89,-11.81,0.77,,2,,,-4.39,12,4,0.01,6.7,-2.27,4.52,1.4,0.29,,-2.57,3,,3,2.5,2,2.61,-2.31,,-3.5,,4.55,21,10,5,-11,31,1,3.12
Arizona St.,Oregon,1,-4.38,-8.27,,,-5.19,-3.26,-8.23,-8.85,5,6.83,-2,,0.01,-0.71,,4.2,-4.42,-3.44,0.79,-10.05,,-5,-6.09,-0.68,,-3.5,,-6.52,-17.81,-3.21,,1,,,-13.04,1,-2.5,-1,-17.25,-5.89,-3.35,-1.7,22.64,,-3.15,0.01,,0.5,-6.6,-1,0.86,-3.23,,-4.5,,4.94,48,13,5,-35,61,-1,-3.07
Army,Rice,10.5,8.9,10.58,,,17.86,5.19,11.81,5.93,19,8.33,12,,10.5,11.89,,9.1,12.99,10.34,5.08,17.05,,12.85,5.53,5.83,,12.1,,12.99,15.39,11.2,,7,,,13.05,16,9.5,13,7,11.92,12.44,-3.5,34.4,,8.84,5,,10.5,9.6,9,2.68,5.61,,19.4,,4.04,48,14,5,-34,62,14,13.78
Ball St.,Northern Ill.,-6,-2.71,0.16,,,-0.01,-0.82,-3.87,-3.62,7,24.38,-5,,-8,-1.88,,-2.43,-6.71,-2.2,11.5,1.25,,-2.69,-5.95,-3.14,,1.8,,-4.6,-9.82,-3.38,,-5,,,-11.79,-7,-8,-3,7.6,-3.94,-6.14,-8.6,3.06,,-3.75,-8,,-5.5,2.4,-4,-3.15,0.42,,-10.4,,6.49,40,28,5,-12,68,-6,3.08
Baylor,Kansas St.,-1,-6.78,-8.18,,,-3.97,-3.81,-6.83,-12.92,-6,-0.59,-2,,-5,0.22,,-8.03,5.57,-5.14,-3.37,-4.55,,-0.76,-5.19,-1.23,,-1,,-4.97,-11.9,-4,,-1,,,-12.69,-2,2,-4,1.65,-11.72,-2.88,-18.5,-12.33,,-18.21,-1,,-1.5,2.3,-4,-10.03,3.97,,-20.1,,4.78,3,17,5,14,20,-3,-7.19
Central Florida,Southern Miss.,-5.5,-14.5,-13.61,,,-13.7,-10.08,-5.77,-15.85,-14,2.5,-4,,-7,-13.2,,-9.4,-5.17,-8.44,-15.93,-13.35,,-4.49,-4.71,5.73,,-13.2,,-6.06,-17.06,-6.53,,-4,,,-10.38,-6,-3.5,-4,1.5,-16.31,-4.66,-6,13.7,,-5.65,-6,,-5.5,-1.2,-4,-2.83,-19.54,,-7,,5.55,19,14,5,-5,33,-8,-10.85
Cincinnati,Miami (Ohio),10.5,11.26,19.17,,,11.64,5.08,8.13,10.09,11,29.34,13,,6.5,12.84,,4.96,13.43,10.98,4.93,15.45,,10.94,15.35,3.42,,12,,15.83,16.79,11.45,,4,,,21.19,7,7.5,11,11.45,14.12,3.48,-0.2,19.59,,-6.57,8,,10.5,11.8,13,20.79,14.97,,14.9,,6.24,10,24,5,14,34,11,13.63
Clemson,Louisiana Tech,34,26.55,31.91,,,35.28,27.63,32.29,21.19,25,17.76,26,,21,32.48,,30.25,33.25,28.52,29.94,37.55,,33.55,16.11,16.2,,26.1,,22.3,31.09,30.12,,34,,,19.68,26,33,32,22.4,32.07,27.9,0.01,31.9,,29.99,29,,33.5,30.8,37,45.35,44.86,,25,,6.35,0,51,5,51,51,31,40.56
Connecticut,Navy,2.5,8.5,3.94,,,10.73,2.55,-5.94,6.99,6,-12.45,6,,1.5,9.99,,-4.21,11.71,3.01,1.8,1.05,,-2.14,1.94,-0.65,,13.4,,6.79,5.05,2.28,,1,,,4.89,0.01,0,-2,-5.55,2.02,1.25,-3,7.49,,1.74,9,,2.5,-4.3,4,10.4,14.89,,5.1,,5.38,41,17,5,-24,58,5,-1.03
Duke,Virginia,-5.5,-5.25,-0.01,,,4.12,-4.77,-5.41,-8.3,13,-14.05,-3,,-7,-2.2,,-9.47,0.47,-4.54,11.46,-4.75,,-7.33,-18.76,-7.77,,-4.5,,-3.03,-3.46,-4.88,,-8,,,-5.3,-4,-6.5,-5,-5.7,-3.05,-16.07,-12.6,3.19,,-3.04,-10,,-5.5,-4.3,-7,-9.15,7.51,,-2.3,,6.84,37,0,5,-37,37,-5,9.03
Florida,Alabama,15,18.43,21.08,,,18.44,12.97,8.06,19.91,14,10.81,12,,10.5,17.37,,10.84,15.22,12.51,14.38,12.25,,14.17,9.72,9.86,,14.5,,17.8,21.88,13.64,,9,,,18,11,13.5,15,14.2,13.9,-5.74,-1.5,19.39,,-9.39,11,,15,8.7,14,13.38,24.01,,21.2,,6.59,13,28,5,15,41,16,10.93
Florida Intl.,Arkansas St.,7.5,2.75,3.16,,,11.09,7.7,16.81,-8.35,5,18.8,3,,1.5,13.36,,17.7,11.54,6.83,10.51,23.35,,15.16,2.74,1.65,,1.2,,-1.56,-7.61,6.25,,6,,,-10.27,18,6.5,9,10.95,1.15,6.49,1.1,11.13,,-8.2,12,,7.5,17.3,13,21.48,15.68,,-12.9,,8.55,31,6,5,-25,37,3,-3.12
Fresno St.,Colorado St.,12.5,10.98,16.84,,,4.09,11.14,19.31,12.69,3,19.95,8,,6.5,9.25,,14.52,12.57,11.88,10.74,18.85,,13.81,6.91,8.48,,12.3,,6.04,18.06,11.72,,14,,,8.33,13,10,10,18.55,15.2,14.8,1.9,3.54,,12.36,11,,12.5,18.4,11,10.68,19.88,,11.8,,4.81,35,23,5,-12,58,5,17.27
Indiana,Wisconsin,-10.5,-8.02,-8.13,,,-10.99,-7.29,-14.73,-9.05,2,-0.95,-7,,-11,-7.1,,-8.33,-1.52,-10.13,-8.09,-16.15,,-14.91,-22.22,-6.82,,-5.8,,-7.49,-6.36,-8.69,,-14,,,-7.5,-16,-11,-15,-6.4,-11.42,-13.72,-15.2,10.63,,-11.25,-10,,-10.5,-19.4,-16,-21.91,-5.57,,-7.3,,5.95,52,17,5,-35,69,-7,-8.02
Iowa,Ohio St.,-7,-6.58,-7.85,,,-4.28,-5.66,-15.01,-4.28,-7,-20.49,-3,,-5.5,-8.29,,-8.61,-4.27,-7.96,-22.61,-17.75,,-13.55,-9.61,-3.34,,-5.3,,-6.05,-5.26,-6.32,,-3,,,-1.29,-5,-7,-13,-19.15,-3.06,-9.58,-2.1,-32.72,,-9.2,-5,,-7,-16.4,-9,-8.36,-1.7,,-0.8,,5.29,38,17,5,-21,55,-2,-3.57
Kent,Akron,-1,-2.63,-10.51,,,0.82,-3.04,-10.46,-6.58,4,-5.62,-2,,-1.5,1.18,,-5.84,-2.54,-3.52,-1.99,-3.45,,2.82,-8.86,-0.55,,4.4,,0.31,-4.74,-3.24,,-1,,,-4.17,-7,-4,-7,-25.9,-6.84,-5.4,-7.7,-47.15,,-1.61,-1,,-1,-2.8,-5,-5.02,-6.67,,-26.4,,3.75,15,37,5,22,52,1,-7.07
Kentucky,Central Mich.,8,7.99,-1.21,,,9.76,6.38,0.84,6.44,7,7.32,6,,4,9.43,,7.96,9.83,4.94,-0.01,8.35,,10.51,-0.37,4.16,,4.4,,1.48,0.74,5.02,,3,,,4.49,9,7,9,-3.5,4.16,1.94,-6.9,36.84,,5.17,8,,8,3.2,7,4.87,6.02,,5.3,,3.39,36,45,5,9,81,8,3.67
LSU,Mississippi St.,33,29.9,28.63,,,39.28,29.66,33.96,24.5,34,45.17,19,,21.5,35.78,,39.13,28.81,31.84,32.77,37.05,,37.43,28.01,19.87,,34.6,,32.77,30.73,32.77,,34,,,24.3,36,31,35,42,37.1,28.95,18.4,14.78,,27.28,31,,33,36,35,38.88,32.4,,25.2,,5.63,17,48,5,31,65,32,28.44
Louisiana-Lafaye,Eastern Mich.,8,8.17,1.93,,,2.4,1.68,1.66,11.52,2,-5.14,14,,11.5,4.93,,-1.48,5.4,5.05,-6.49,-1.55,,6.96,8.97,3.04,,0.4,,28.14,12.47,3.85,,3,,,24.38,6,3.5,7,2.1,8.75,6.31,-6.6,41.9,,1.66,10,,7.5,3.7,4,0.21,-2.56,,35.5,,6.95,14,33,5,19,47,10,2.83
Louisiana-Monroe,Florida Atlantic,14.5,4.45,4.17,,,27.2,8.88,19.35,-0.01,16,22.45,12,,10,9.76,,13.12,12.76,12.78,20.32,25.45,,16.72,6.21,9.24,,17.9,,15.49,10.79,12.94,,17,,,13.21,18,13,14,33.6,8.94,13.43,-9.9,12.95,,12.11,11,,14.5,16.6,12,8.48,3.55,,10.3,,6.07,21,19,5,-2,40,17,7.65
Memphis,Tennessee,-13.5,-17.63,-36.67,,,-18.4,-19.58,-14.69,-19.61,-19,-21.65,-11,,-9,-15.6,,-16.45,-19.79,-17.65,-25.39,-19.55,,-16.63,-14.78,-9.64,,-16.7,,-12.7,-38.14,-16.54,,-10,,,-22.24,-5,-13.5,-18,-21.2,-28.23,-5.14,-6.2,17.6,,-15.34,-11,,-14,-13.3,-16,-16.34,-26.46,,-24.4,,8.57,41,7,5,-34,48,-11,-22.6
Miami (Fla.),Houston,16,5.36,-9.07,,,-1.25,9.55,16.07,-0.43,2,5.18,6,,8,11.44,,16.51,12.54,5.97,0.01,8.55,,17.94,14.57,8.07,,4.7,,0.76,-16.58,7.45,,11,,,-16.86,21,14.5,13,9.05,-3.06,17.05,6.9,35.62,,-12.77,15,,15.5,9.5,15,15.78,14.21,,-7.7,,9.20,13,14,5,1,27,2,-1.01
Michigan St.,Illinois,26.5,19.61,22.91,,,22.06,19.85,23.99,20.09,25,32.47,19,,20,19.19,,26.9,20.07,22.25,29.38,26.95,,25.1,24.1,8.32,,23,,15.49,21.29,23,,26,,,21.64,23,24.5,23,29.75,29.5,21.35,7.4,13.4,,24.67,19,,25.5,23.7,25,24.83,19.06,,19.8,,3.63,23,20,5,-3,43,24,24.1
Minnesota,Michigan,-9.5,-7.15,-31.46,,,-15.23,-5.52,-14.22,-17.47,-8,-32.68,-10,,-10.5,1.81,,0.49,0.6,-11.42,-22.64,-15.25,,-10.22,-9.21,-4.15,,-3.8,,-19.88,-25.46,-10.11,,-5,,,-22.49,0.01,-8.5,-12,-19.7,-15.2,-6.75,-4.1,7.24,,-7.76,-2,,-9.5,-18.2,-11,-12.36,-7.85,,-32.5,,8.55,28,14,5,-14,42,-8,-17.5
Mississippi,Georgia,-18,-16.41,-16.14,,,-22.8,-18.83,-28.71,-14.42,-14,-41.56,-14,,-16,-18.31,,-29.34,-20.9,-20.34,-25.06,-28.25,,-20.49,-21.22,-11.68,,-13.1,,-15.3,-19.15,-19.08,,-16,,,-16.22,-26,-17,-24,-38.05,-26.22,-23.91,-15.1,-35.36,,-18.53,-19,,-18,-27.3,-20,-17.63,-3.53,,-33.3,,5.84,14,9,5,-5,23,-20,-19.51
Missouri,Colorado,15,23.44,31.46,,,28.87,11.54,6.32,28.3,15,9.8,17,,14,18.44,,8.59,17.93,18.21,15.55,7.85,,13.93,14.59,16.55,,24.3,,22.23,48.16,15.78,,15,,,40.74,6,14.5,12,9.55,32.13,9.48,-4.9,5.24,,12.91,11,,15,10.4,16,22.22,17.9,,41.7,,9.49,13,28,5,15,41,20,24.38
Nebraska,Kansas,23,14.6,16.33,,,16.99,19.79,15.36,11.25,27,48.91,14,,9.5,19.59,,23.69,29.11,18.61,26.61,31.75,,20.83,10.11,10.61,,17.2,,14.87,10.83,17.9,,18,,,9.94,18,16,19,33.35,20.29,13.82,-2.3,33.29,,20.49,15,,22,17.8,19,16.61,35.33,,13.1,,8.24,32,39,5,7,71,18,18.75
North Texas,Middle Tenn.,4,2.78,6.42,,,-5.31,2.17,-0.01,6.44,13,15.54,2,,1,-0.86,,3.53,2.45,2.77,4.7,3.55,,8.41,8.08,1.72,,3.1,,-0.78,1.63,2.31,,-1,,,0.33,-3,0,4,3.3,2.44,0.01,-5.6,48.87,,-2.93,0.01,,4,-1.5,4,4.3,11.45,,19.6,,4.74,35,0,5,-35,35,-1,9.85
Notre Dame,Purdue,14.5,14.09,23.5,,,5.77,9.11,10.87,12.25,9,9.76,19,,9,15.6,,12.14,17.85,13.12,15.71,13.05,,16.27,9.43,9.02,,17.1,,15,15.46,13.03,,13,,,11.86,10,16.5,14,9.8,15.65,10.84,-3.1,9.51,,12.57,13,,14.5,14.5,18,23.01,35.88,,12.4,,4.08,21,35,5,14,56,8,17.46
Ohio,Bowling Green,6,8.78,16.9,,,8.12,4.37,0.66,7.33,18,10.72,10,,1.5,10.22,,6.99,6.82,8.52,15.51,10.15,,4.01,5.41,-3.15,,9.5,,13.88,13.72,8.38,,3,,,14.2,4,6.5,9,9.45,14.65,2.13,-11.1,10.39,,8.64,8,,6,10.6,6,3.89,14.25,,34.7,,5.97,21,9,5,-12,30,6,20.93
Oregon St.,California,-9.5,-3.65,-15.58,,,-0.15,-10.11,-16.03,-2.38,-5,-16.42,-3,,-4.5,-5.56,,-10.18,-3.1,-8.27,-14.96,-15.85,,-8.82,-4.33,-2.26,,-2.3,,-4.03,-14.68,-7.54,,-13,,,-1.41,-10,-10.5,-8,-12.55,-10.58,-7.08,-9,25.82,,-10.37,-7,,-9.5,-18,-5,1.63,-9.03,,5.2,,5.73,41,13,5,-28,54,-3,-13.17
Penn St.,Northwestern,18.5,18.43,24.22,,,18.06,14.26,14.45,20.29,6,19.06,14,,9,16.76,,14.4,23.6,16.37,11.92,22.75,,19,12.49,3.98,,20.6,,18.93,23.09,17.83,,13,,,20.99,19,16.5,22,16.55,22.32,14.78,-0.01,7.62,,13.82,17,,18.5,17.6,20,19.88,25.52,,32.1,,4.67,7,33,5,26,40,13,8.39
Pittsburgh,Toledo,16,7.77,6.65,,,13.16,12.66,4.39,6.51,15,6.46,12,,8,9.41,,13.47,13.14,10.21,12.81,14.05,,12.57,5.61,9.28,,18.5,,9.63,11.77,10.64,,8,,,9.6,9,11.5,7,22.35,15.12,2.63,-10.2,22.21,,11.72,11,,15,8.1,12,15.65,9.9,,10.1,,3.75,3,45,5,42,48,16,10.27
San Jose St.,San Diego St.,-2.5,6.97,4.15,,,22.71,2.24,-2.95,12.39,3,4.05,8,,5,1.62,,-6.22,8.43,4.02,7.22,3.55,,-2.96,-3.3,-3.2,,0.4,,12.04,28.24,2.02,,1,,,31.21,-1,-3,1,4.45,12.31,-6.41,-10.1,1.62,,-4.35,-6,,-2,1.8,-1,-1.76,3.48,,23.3,,7.83,10,31,5,21,41,1,4.96
South Carolina,Auburn,-13.5,-15.2,-13.89,,,-12.86,-12.88,-11.08,-12.51,-10,-17.77,-8,,-8.5,-17.54,,-15.7,-7.2,-13.28,-15.94,-17.65,,-14.03,-9.04,-6.77,,-14.2,,-12.58,-20.77,-12.94,,-11,,,-10.99,-8,-13.5,-13,-16.45,-16.25,-13.25,-9.8,-5.24,,-9.01,-12,,-13.5,-18.9,-13,-13.48,-13.54,,-20.5,,4.26,24,17,5,-7,41,-11,-17.01
South Florida,Rutgers,-4,-4.41,-10.73,,,-0.84,-3.81,-5.39,-6.69,-10,-22.27,-1,,1,-2.2,,2.05,1.26,-4.93,-14.7,-4.95,,-2.75,-4.1,-4.54,,-0.9,,-4.78,-11.18,-4.25,,-4,,,-6.18,0.01,-3,-3,-1.75,-12.08,-1.68,-3.7,3.47,,-4.46,1,,-4,-5.2,-1,2.27,-1.68,,-13.3,,5.68,22,20,5,-2,42,-5,-6.83
Syracuse,Wyoming,5,9.84,8.06,,,8.71,4.15,5.02,13.77,4,-11.68,8,,7,5.49,,7.99,11.76,5.67,3.5,4.05,,2.64,3.56,3.98,,1.2,,9.05,17.38,5.71,,3,,,16.03,6,4.5,6,9.5,11.11,1.2,-2,27.09,,5.93,5,,5,6,3,-2.83,2.16,,27.1,,5.10,34,40,5,6,74,7,10.35
TCU,BYU,5.5,12.55,15.59,,,17.97,7.47,9.2,13,6,27.36,12,,12.5,12.08,,10.03,7.87,11.4,7.48,10.35,,10.14,23.64,5.02,,8.6,,20.35,18.63,10.25,,6,,,16.02,12,5.5,9,14.1,15.14,12.41,-1.5,34.99,,8.12,9,,6.5,8.2,7,7.64,7.59,,29.5,,5.11,31,17,5,-14,48,11,8.02
Texas A&M,Texas Tech,1.5,-1.35,1.86,,,0.87,-0.95,-1.67,0.99,7,-10.3,6,,2.5,-4.26,,3.91,-4.8,-0.36,-3.17,-4.05,,-2.72,-3.26,3.55,,1,,6.06,7.15,-1.51,,-2,,,13.85,-7,0,-2,-8.95,3.95,-6.98,-4.5,-9.51,,-1.81,-3,,1.5,-1.1,-2,-3.54,-5.16,,20.3,,4.52,31,27,5,-4,58,4,3.59
Tulane,SMU,-3,2.94,-0.33,,,-9.31,-3.28,-10.6,8.96,2,30.98,2,,0.5,-2.79,,1.78,-7.92,-1.4,4.56,-11.75,,-0.77,5.43,-4.57,,-5.9,,-2.46,4.44,-1.73,,-6,,,8.44,-7,-2.5,-3,-17.25,2.64,-11.41,0.1,-19.76,,-0.36,-3,,-3,-11.7,-1,1.94,4.47,,17.2,,8.30,33,28,5,-5,61,-5,-3.62
UAB,Troy St.,5.5,5.26,9.56,,,7.16,6.23,11.6,6.32,1,-15.7,4,,4.5,4.15,,14.23,4.06,6.4,-0.16,9.75,,11.38,9.89,9.3,,7.8,,2.17,6.75,7.04,,12,,,3.1,9,9.5,7,16.6,7.14,11.11,1.6,8.06,,8.96,7,,5.5,8.5,9,11.66,9.87,,-1.3,,5.34,3,21,5,18,24,7,7.07
UCLA,Stanford,23,18.42,21.27,,,32.13,19.5,19.58,20.88,24,19.83,20,,20.5,16.87,,19.38,16.39,20.46,20.16,19.55,,22.54,14.92,14.21,,21.6,,18.35,27.88,20,,20,,,25.45,16,20.5,18,13.8,28.87,16.65,3,5.06,,21.07,18,,22.5,23.1,23,26.24,29.95,,22.3,,4.36,0,31,5,31,31,27,13.73
UNLV,Nevada,-4,-1.4,-8.84,,,2.18,-1.25,-14.71,-5.81,-2,-17.53,-0.25,,-5,3.5,,-8.71,4.41,-6,-11.12,-8.95,,-5.43,-14.76,2.04,,-2.3,,,-9.14,-6.02,,-3,,,-2.36,-9,-4,-7,-17.9,-8.39,-12.01,-8.3,38.52,,-6.02,-3,,-4,-8.1,-9,-15.94,-6.08,,9.3,,6.25,31,3,5,-28,34,-1,-17.49
UTEP,New Mexico St.,16.5,13.48,3.22,,,7.17,11.11,24.2,11.65,13,50.32,15,,12.5,15.69,,22.1,12.51,15.21,14.75,18.65,,18.94,17.59,17.76,,16,,6.14,-1.53,15.34,,21,,,-4.21,18,20,19,35.95,11.27,16.77,6.4,11.72,,14.26,17,,16.5,29.1,19,21.06,15.42,,-3.9,,9.08,38,44,5,6,82,4,24.58
Utah,Boise St.,5.5,-0.35,-5.04,,,-0.38,-0.01,1.23,-5.8,3,-7.43,2,,-1,6.67,,4.43,2.07,-0.28,-4.87,3.65,,5.5,1.37,1.36,,0.01,,-5.67,-10.55,0.62,,6,,,-8.31,8,3.5,4,0.8,-6.46,2.28,-4.7,39.79,,-0.73,-1,,4.5,5.5,4,4.31,3.85,,3.7,,4.95,36,3,5,-33,39,2,-6.96
Utah St.,Idaho,-3,-0.1,-0.67,,,-5.38,1.5,2.4,-1.83,1,9.97,-0.25,,0.01,1.69,,0.43,0.24,0.3,-7.31,4.05,,3.15,4.01,5.29,,9.7,,-7.86,-4.85,0.38,,2,,,-5.2,1,0,2,2.15,0.38,1.65,-3,-40.98,,,3,,-2.5,3.3,-1,0.16,-0.92,,-24.8,,3.61,41,21,5,-20,62,-5,-2.88
Vanderbilt,Temple,34,22.01,28.21,,,27.18,23.68,34.48,16.92,28,43.29,21,,17,27.52,,31.92,27.35,26.67,27.85,32.65,,34.82,25.17,13.8,,19.8,,23.18,26.7,27.44,,31,,,19.64,37,31,29,45.15,21.04,33.97,-2.5,24.23,,28.36,31,,33,27.3,29,24.64,24.93,,30.1,,6.10,14,43,5,29,57,28,27.33
Virginia Tech,Georgia Tech,10.5,14.8,14.99,,,11.01,9.85,13.84,12.9,17,19.25,10,,12,17,,19.08,18.38,12.32,12.74,14.15,,11.85,14.83,6.71,,12.1,,9.36,9.06,12.05,,10,,,8.97,16,8.5,12,12.8,13.2,12.31,3.6,21.46,,9.72,13,,10.5,14.1,9,5.93,11.72,,10,,3.15,38,27,5,-11,65,12,10.94
Washington St.,USC,-17,-17.75,-23.3,,,-22,-15.92,-22.24,-18.11,-17,-34.09,-11,,-19,-17.41,,-25.23,-22.75,-17.88,-23.58,-19.85,,-21.3,-15.68,-12.97,,-13.1,,-18.34,-19.22,-17.29,,-13,,,-13.49,-21,-14.5,-15,-26.4,-11.61,-14.76,-14.7,7.76,,-16.35,-16,,-17,-18.6,-15,-13.06,-17.74,,-16.7,,4.78,28,22,5,-6,50,-11,-17.17
Air Force,Navy,2.5,6.16,6.92,,,8.42,5.25,-6.37,3.97,11,0.55,1,,0.01,8.48,,-0.28,-0.66,1.61,11.62,-0.01,,-0.82,-5.93,0.01,,5.6,,0.26,5.17,0.4,,-1,,,1.71,-5,2,0.01,-0.95,3.75,-5.04,-4,3.98,,6.53,3,,2.5,-5.8,-1,-6.57,15.57,,-4.9,,5.17,24,17,6,-7,41,3,-1.27
Alabama,Duke,29,26.31,27.54,,,29.13,23.71,27.95,27.47,24,20.79,20,,20,25.18,,24.83,26.12,27.62,19.77,30.75,,31.89,35.75,22.82,,28.6,,29.31,35.42,27.51,,32,,,33.12,27,28.5,27,33.8,33.07,32.36,14.8,18.3,,25.22,28,,29,30.3,32,41.44,17.46,,22.9,,4.94,14,30,6,16,44,27,22.88
Arkansas St.,Louisiana-Monroe,5.5,13.21,13.35,,,6.61,7.09,0.74,17.39,14,-8.46,6,,6,9.25,,4.58,11.3,8.1,10.37,5.95,,13.78,5.34,4.07,,5.4,,11.56,19.59,8.85,,3,,,12.86,0.01,5,12,4.25,11.34,5.84,-3.6,21.69,,8.02,4,,5.5,10,9,8.69,9.91,,16.1,,5.41,6,10,6,4,16,9,13.18
Auburn,Arkansas,15,18.87,16.63,,,25.55,17.08,12.25,13.36,24,22.55,17,,17.5,22.72,,23.22,14.79,17.64,17.39,13.45,,20.75,17.18,16.2,,30.8,,18.49,18.52,17.44,,20,,,11.84,19,17.5,18,16,16.11,9.84,3.7,14.55,,19.95,15,,15.5,13.1,15,11.62,21.94,,11.4,,3.96,27,10,6,-17,37,18,19.68
BYU,San Diego St.,28,23.93,34.96,,,33.97,20.69,27.9,25.17,28,2.79,21,,18,22.7,,19.8,31.19,23.39,33.36,31.65,,31.01,17.05,12.02,,27.2,,26.13,31.93,25.09,,22,,,30.83,22,23.5,22,20.05,32.32,14.58,6.3,32.38,,-12.4,19,,28,34.4,25,25.75,28.18,,29.5,,9.53,17,47,6,30,64,26,23.47
Boise St.,Louisiana Tech,35.5,29.05,31.13,,,45.42,30.96,31.27,24.88,40,37.75,27,,26.5,33.21,,32.78,41.47,32.23,34.33,43.65,,41.53,16.72,20.3,,33.7,,26.26,37.84,32.02,,28,,,26.77,27,32,31,35.3,37.74,25.91,13.2,50.67,,30.1,30,,35.5,36.3,34,34.5,34.39,,33.8,,6.73,14,55,6,41,69,35,37.15
Buffalo,Ball St.,-4,3.08,3.55,,,-0.45,-3.47,-8.84,5.14,7,-8.28,5,,0.01,1.11,,-2.31,-1.11,-0.97,-4.99,-4.55,,-2.63,1.94,-2.01,,0.5,,6.16,9.95,-1.06,,-10,,,12.68,-5,-6,-6,-24.4,3,-5.04,-4.6,-19.71,,-0.15,-1,,-4,-9.5,-3,2.57,7.37,,-3.3,,5.22,55,25,6,-30,80,1,-5.99
California,Oregon,4.5,0.83,1.02,,,-0.56,4.21,0.93,-3.89,10,4.29,1,,2,6.42,,3.56,6.09,1.52,4.34,3.65,,4.99,-6.22,1.58,,1.6,,-3.08,-5.18,1.8,,6,,,-8.82,6,5.5,3,-8.3,1.42,-0.79,-5.4,10.77,,5.71,4,,4.5,5.5,1,-7.55,-2.14,,-7.1,,3.97,24,45,6,21,69,4,0.78
Cincinnati,Akron,6,2.81,3.06,,,3.97,7.62,4.85,-1.56,3,13.78,5,,4,7.59,,5.32,10.06,5.24,1.13,11.25,,5.77,9.39,1.13,,9.3,,6.02,2.75,5,,3,,,1.94,6,6.5,5,0.85,3.82,1.77,1.4,13.92,,8.08,9,,6,5,7,10.13,4.42,,-2.5,,3.31,14,20,6,6,34,5,0.5
Colorado,Baylor,5,-2.58,-10.91,,,-9.45,0.01,4.89,-3.52,8,-11.62,-4,,1,-2.16,,4.82,-0.45,-1.03,5.72,-0.75,,-1.9,0.72,-1.94,,-6.1,,-3.13,-14.45,-0.6,,1,,,-12.53,9,4,3,-0.8,-3.57,6.41,-2.6,-17.79,,1.7,5,,4.5,0.5,6,10.57,3.09,,-26.5,,6.47,34,31,6,-3,65,-2,3.09
Colorado St.,UNLV,17.5,17.47,18.36,,,17.4,14.26,16.25,20.62,25,-3,14,,15,14.33,,20.59,17.04,16.66,22.4,17.55,,18.39,19.08,6.24,,11.9,,16.19,23.12,17,,17,,,19.83,21,14,16,22.45,22.67,18.81,10.7,3.19,,13.94,17,,17.5,16.7,16,14.56,17.05,,29.7,,5.04,7,28,6,21,35,17,26.01
East Carolina,Virginia,6.5,-0.91,-0.62,,,3.79,-2.44,-3.42,-3.58,4,9.76,1,,-3,1.99,,-3.87,6.06,0.37,1.72,-1.65,,0.51,-6.53,-0.51,,3.2,,1.16,0.81,0.91,,5,,,1.1,-5,3.5,2,2.95,-0.66,-6.67,-3.2,8.76,,-0.01,-5,,5,1,4,3.96,5.88,,-4.2,,3.84,21,31,6,10,52,4,1.85
Florida,LSU,1.5,8.91,11.41,,,7.41,3.23,-2.72,14.8,4,2.31,10,,8.5,3.27,,-0.14,5.35,4.51,2.72,0.15,,-2.02,7.88,2.4,,9,,11.44,14.44,3.63,,-2,,,15.14,-1,0,1,-2.2,7.32,-2.04,-5.8,-1.02,,2.34,4,,1.5,-1.2,2,6.16,11.38,,23.1,,4.84,10,23,6,13,33,4,7.21
Georgia,Tennessee,-2.5,3.43,-7.47,,,-1.3,-1.11,4.22,5.05,-1,15.44,6,,7.5,2.03,,4.3,3.88,1.17,-8.35,-2.35,,-0.27,12.52,3.5,,-4.3,,0.42,-2.77,1.99,,1,,,2.39,9,-2.5,4,11.05,2.37,7.57,1.2,-18.73,,-1.01,6,,-2,-2.7,-3,-11.18,-13.58,,0.3,,6.60,51,33,6,-18,84,3,1.95
Georgia Tech,Maryland,14,10.3,11.64,,,19.69,11.95,15.35,8.72,15,6.82,11,,9.5,11.62,,13,12.58,13.2,24.13,18.65,,18.43,11.71,13.59,,11.9,,10.7,11.65,12.79,,11,,,8.15,14,14,14,18.8,15.94,13.34,5.1,-0.68,,13.21,12,,14,17.2,15,16.98,18.22,,6.4,,3.54,23,27,6,4,50,11,16.16
Hawaii,Nevada,11.5,5.54,2.87,,,2.05,6.34,3.01,0.66,6,20.48,6,,3,11.45,,7.89,9.11,5.12,4.87,5.55,,8.49,-5.28,4.88,,13.2,,-0.3,2.67,5.27,,9,,,0.47,6,9.5,-2,5,2.01,1.1,-3,42.09,,10.42,6,,10.5,4.3,5,6.36,10.6,,7.5,,4.63,34,41,6,7,75,8,2.22
Houston,Louisiana-Lafaye,17,21.98,21.04,,,18.59,19,13.43,19.15,27,44.82,17,,14.5,25.07,,21.58,19.51,19.03,20.41,23.65,,21.96,16.35,13.13,,16.5,,12.01,24.5,19,,15,,,15.96,15,16,18,18.4,24.35,12.04,0.4,51.91,,19.89,15,,17,7.7,19,21.1,34.31,,28,,6.53,31,28,6,-3,59,19,21.21
Idaho,New Mexico St.,1,5.24,-0.62,,,-0.85,2.08,7.89,10.7,-1,1.82,5,,3,-0.24,,1.54,-3.56,1.61,1.62,-2.25,,-0.42,5.73,3.23,,3.7,,2.67,0.5,1.58,,1,,,4.3,3,-1,0.01,-0.6,3.54,0.23,-4.4,-76.68,,-1.15,4,,1,3.8,1,1.39,0.03,,5.4,,3.56,20,28,6,8,48,-3,6.14
Illinois,Indiana,8,8.6,6.04,,,7.64,4.56,2.44,8.65,6,-10,9,,4.5,8.68,,-2.07,6.34,6.38,3.98,10.45,,6.97,7.72,4.15,,2.6,,8.48,9.6,7.05,,3,,,10.52,4,7,10,-4.8,7.36,3.65,-7.4,12.76,,7.63,8,,8,11.8,14,24.61,19.18,,13.1,,5.35,34,32,6,-2,66,7,7.1
Iowa,Purdue,11,14.93,17.39,,,14.06,11.16,7.78,12.44,7,-3.94,14,,9.5,16.87,,10.84,18.09,11.08,8.5,9.45,,16.45,6.34,11.16,,17.3,,12.28,15.61,11.16,,8,,,9.53,10,11.5,10,2.4,12.92,6.36,-1.7,30.41,,13.16,9,,11,10.4,12,15.4,38.42,,8.6,,4.43,17,47,6,30,64,8,11.44
Iowa St.,Nebraska,-6.5,-5.65,-4.25,,,-12.02,-10.25,-4.88,0.89,-8,-29.36,-7,,-4.5,-12.57,,-4.32,-8.2,-7.99,-12.88,-15.65,,-10.12,-0.68,-6.77,,-10.5,,-7.02,-9.24,-7.57,,-4,,,-6.34,-7,-6.5,-9,-15.1,-8.47,-7.13,3.6,24.49,,-9.03,-4,,-6.5,-8.9,-8,-6.64,-8.39,,4.4,,5.56,28,14,6,-14,42,-8,-2.74
Kansas,Texas A&M,-2,-2.39,-4.93,,,-4.13,-3.56,-0.92,-1.57,-4,-8.84,-4,,-1.5,-3.41,,0.73,-0.85,-2.61,-2.74,-2.75,,1.09,5.26,-2.02,,-9,,-3.88,-9.1,-2.74,,-6,,,-5.16,1,-2,-4,-5.5,-6.18,-1.43,-1.9,-19.7,,-2.23,-1,,-2,2.6,2,10.52,-6.84,,-4.1,,4.23,21,18,6,-3,39,-3,-3.91
Kansas St.,Oklahoma St.,-2.5,1.9,-2.17,,,-2.22,1.44,7.94,3.09,-2,13.91,2,,0.5,0.38,,5.18,4.67,1.2,-6.6,2.75,,3.97,7.15,0.67,,-0.01,,0.9,0.01,0.79,,-6,,,-2.4,3,-1,-2,8.7,-2.4,2.81,3.2,-10.89,,-2.53,0.01,,-2,1.1,2,12.26,0.77,,8.4,,4.61,27,31,6,4,58,-3,-2.33
Kentucky,South Carolina,-4.5,3.67,4.19,,,1.48,0.73,-6.28,4.7,4,3.16,3,,-1.5,2.71,,-6.16,0.21,-0.25,2.14,0.85,,-1.55,-3.53,-3.18,,-4.2,,4.64,4.96,0.66,,-8,,,6.03,-5,-3.5,-1,-5.6,2.92,-2.61,-5.6,36.23,,-1.48,1,,-4,0.6,-5,-8.31,4.28,,7.8,,3.92,24,17,6,-7,41,-3,2.95
Marshall,Central Florida,4,9.48,0.68,,,1.17,4.17,-4.13,11.48,13,22.57,5,,5,7.46,,6.36,6.69,3.42,3.01,0.25,,0.92,2.52,-2.79,,7.9,,1.44,3.43,2.89,,-1,,,2.77,2,1.5,-1,-0.55,4.04,-2.89,4.5,53.85,,4.84,4,,4,-2.9,1,1.27,13.54,,20.9,,5.36,23,22,6,-1,45,4,-4.11
Miami (Fla.),North Carolina,18.5,16.71,14.33,,,22.81,15.42,14.4,14.92,23,4.07,15,,13.5,18.4,,17.17,13.64,16.39,12.26,21.75,,22.77,9.13,10.27,,14.9,,14.73,18.09,16.26,,15,,,15.8,20,20,19,19.05,20.69,21.67,9.7,38.84,,17.89,20,,18.5,13.1,19,18.15,20.96,,22.3,,4.13,7,27,6,20,34,17,15.44
Miami (Ohio),Northern Ill.,-14,-3.71,-14.01,,,-12.34,-1.38,-9.78,-5.58,-5,7.91,-11,,-7.5,-1.91,,-2.54,-2.68,-6.87,-4.5,-6.85,,-6.32,-1.06,-5.83,,,,-10.24,-18.12,-6.07,,-11,,,-19.55,-5,-11.5,-8,-8.3,-11.13,-3.97,-1.5,-16.08,,,-2,,-13,-10.3,-3,1.08,3.11,,-27.9,,5.37,28,25,6,-3,53,-13,-13.69
Michigan,Michigan St.,15.5,20.84,27.21,,,26.69,17.11,22.53,28.56,27,27.51,25,,23.5,15.21,,21.49,21.25,20.93,27.13,23.65,,16.88,22.41,15.53,,19.1,,24.56,27.07,21.37,,19,,,25.48,20,17.5,17,28.25,21.93,17.35,-2.8,-7.51,,16.3,16,,16.5,21.9,18,20.06,32.73,,18.9,,3.92,13,31,6,18,44,19,23.05
Middle Tenn.,Louisville,-30,-22.8,-22.06,,,-20.6,-23.05,-28.67,-16.98,30,-28.82,20,,-14.5,-28.97,,-31.96,-27.09,-22.49,-26.14,-50.75,,-24.33,-23.81,-20.58,,-26.9,,-20.81,-24.85,-24.62,,-30,,,-16.11,-26,-31,-26,-36.3,-24.38,-29.51,-11.6,-21.17,,-28.39,-22,,-29.5,-19.1,-26,-20.23,-27.17,,-18.6,,14.22,44,17,6,-27,61,-25,-34.56
Minnesota,Penn St.,-3,0.68,-5.87,,,-2.9,4.42,-5.34,-2.52,7,6.42,4,,1,3.9,,7.09,0.79,-0.5,0.87,-3.25,,5.04,-3.47,3.76,,4.5,,-1.17,-2.61,-0.79,,-5,,,-3.11,-1,-3,-6,-2.35,-2.57,0.67,-2.8,30.77,,-0.59,2,,-3,-3.7,-8,-14.83,-2.32,,-4.9,,4.78,28,27,6,-1,55,-1,1.07
Mississippi,Vanderbilt,-1.5,2.24,-3.79,,,-10.55,-3.07,-8.17,6.44,-3,-10.2,-4,,-0.5,-1.92,,-6.53,-1.94,-3.25,-10.92,-1.85,,-3.12,-3.76,2.55,,-4.2,,-1.74,-3.41,-3.59,,1,,,-2.95,-8,-2.5,1,-13.3,-3.93,-7.25,-3.8,-22.04,,-2.47,-4,,-1.5,-8.5,3,10.25,4.25,,-1.3,,4.80,10,17,6,7,27,-4,-5.66
Mississippi St.,West Va.,-21,-20.66,-21.02,,,-29.15,-19.22,-23.58,-18.08,-18,-30.81,-17,,-17.5,-23.31,,-24.14,-21.82,-22.21,-21.95,-27.55,,-27.1,-23.54,-18.66,,-20.7,,-12.38,-22.42,-21.97,,-22,,,-20.16,-27,-24,-26,-31,-28.89,-18.9,-12.1,-48.05,,-24,-17,,-21,-29.6,-23,-16.69,-13.81,,-20.3,,4.50,42,14,6,-28,56,-25,-21.86
NC St.,Florida St.,-10.5,-7.09,-1.79,,,-12.33,-8.25,-3.02,-2.99,-8,1.04,-5,,-5,-10.95,,-6.15,-7.24,-7.12,-7.09,-9.65,,-8.69,-1.94,-11.17,,-9.9,,-6.16,-8.51,-7.17,,-10,,,-6.13,-4,-10.5,-8,5.75,-9.88,-8.96,-2.5,-27.83,,-10.29,-7,,-10,-5.3,-8,-6.79,-8.04,,3.3,,3.27,20,24,6,4,44,-8,-6.35
New Mexico,Wyoming,-1.5,4.89,5.99,,,1.64,-1.04,1.02,9.2,7,-8.37,4,,6,0.01,,1.3,1.5,1.57,1.41,-0.75,,-2,7.29,0.01,,2.6,,7.56,7.32,1.57,,1,                                                                                                                                                                                                                                                                                                                                                                                                                                                                                                                                                                                                                                                                                                                                                                                                                                                                                                                                                                                                                                                                                                                                                                                                                                                                                                                                                                                                                                                                                                                                                                                                                                                                                                                                                                                                                                                                                                                                                                                                                                                                                                                                                                                                                                                                                                                                                                                                                                                                                                                                                                                                                                                                                                                                                                                                                                                                                                                                                                                                                                                                                                                                                                                                                                                                                                                                                                                                                                                                                                                                                                                                                                                                                                                                                                                                                                                                                                                                                                                                                                                                                                                                                                                                                                                                                                                                                                                                                                                                                                                                                                                                                                                                                                                                                                                                                                                                                                                                                                                                                                                                                                                                                                                                                                                                                                                                                                                                                                                                                                                                                                                                                                                                                                                                                                                                                                                                                                                                                                                                                                                                                                                                                                                                                                                                                                                                                                                                                                                                                                                                                                                                                                                                                                                                                                                                                                                                                                                                                                                                                                                                                                                                                                                                                                                                                                                                                                                                                                                                                                                                                                                                                                                                                                                                                                                                                                                                                                                                                                                                                                                                                                                                                                                                                                                                                                                                                                                                                                                                                                                                                                                                                                                                                                                                                                                                                                                                                                                                                                                                                                                                                                                                                                                                                                                                                                                                                                                                                                                                                                                                                                                                                                                                                                                                                                                                                                                                                                                                                                                                                                                                                                                                                                                                                                                                                                                                                                                                                                                                                                                                                                                                                                                                                                                                                                                                                                                                                                                                                                                                                                                                                                                                                                                                                                                                                                                                                                                                                                                                                                                                                                                                                                                                                                                                                                                                                                                                                                                                                                                                                                                                                                                                                                                                                                                                                                                                                                                                                                                                                                                                                                                                                                                                                                                                                                                                                                                                                                                                                                                                                                                                                                                                                                                                                                                                                                                                                                                                                                                                                                                                                                                                                                                                                                                                                                                                                                                                                                                                                                                                                                                                                                                                                                                                                                                                                                                                                                                                                                                                                                                                                                                                                                                                                                                                                                                                                                                                                                                                                                                                                                                                                                                                                                                                                                                                                                                                                                                                                                                                                                                                                                                                                                                                                                                                                                                                                                                                                                                                                                                                                                                                                                                                                                                                                                                                                                                                                                                                                                                                                                                                                                                                                                                                                                                                                                                                                                                                                                                                                                                                                                                                                                                                                                                                                                                                                                                                                                                                                                                                                                                                                                                                                                                                                                                                                                                                                                                                                                                                                                                                                                                                                                                                                                                                                                                                                                                                                                                                                                                                                                                                                                                                                                                                                                                                                                                                                                                                                                                                                                                                                                                                                                                                                                                                                                                                                                                                                                                                                                                                                                                                                                                                                                                                                                                                                                                                                                                                                                                                                                                                                                                                                                                                                                                                                                                                                                                                                                                                                                                                                                                                                                                                                                                                                                                                                                                                                                                                                                                                                                                                                                                                                                                                                                                                                                                                                                                                                                                                                                                                                                                                                                                                                                                                                                                                                                                                                                                                                                                                                                                                                                                                                                                                                                                                                                                                                                                                                                                                                                                                                                                                                                                                                                                                                                                                                                                                                                                                                                                                                                                                                                                                                                                                                                                                                                                                                                                                                                                                                                                                                                                                                                                                                                                                                                                                                                                                                                                                                                                                                                                                                                                                                                                                                                                                                                                                                                                                                                                                                                                                                                                                                                                                                                                                                                                                                                                                                                                                                                                                                                                                                                                                                                                                                                                                                                                                                                                                                                                                                                                                                                                                                                                                                                                                                                                                                                                                                                                                                                                                                                                                                                                                                                                                                                                                                                                                                                                                                                                                                                                                                                                                                                                                                                                                                                                                                                                                                                                                                                                                                                                                                                                                                                                                                                                                                                                                                                                                                                                                                                                                                                                                                                                                                                                                                                                                                                                                                                                                                                                                                                                                                                                                                                                                                                                                                                                                                                                                                                                                                                                                                                                                                                                                                                                                                                                                                                                                                                                                                                                                                                                                                                                                                                                                                                                                                                                                                                                                                                                                                                                                                                                                                                                                                                                                                                                                                                                                                                                                                                                                                                                                                                                                                                                                                                                                                                                                                                                                                                                                                                                                                                                                                                                                                                                                                                                                                                                                                                                                                                                                                                                                                                                                                                                                                                                                                                                                                                                                                                                                                                                                                                                                                                                                                                                                                                                                                                                                                                                                                                                                                                                                                                                                                                                                                                                                                                                                                                                                                                                                                                                                                                                                                                                                                                                                                                                                                                                                                                                                                                                                                                                                                                                                                                                                                                                                                                                                                                                                                                                                                                                                                                                                                                                                                                                                                                                                                                                                                                                                                                                                                                                                                                                                                                                                                                                                                                                                                                                                                                                                                                                                                                                                                                                                                                                                                                                                                                                                                                                                                                                                                                                                                                                                                                                                                                                                                                                                                                                                                                                                                                                                                                                                                                                                                                                                                                                                                                                                                                                                                                                                                                                                                                                                                                                                                                                                                                                                                                                                                                                                                                                                                                                                                                                                                                                                                                                                                                                                                                                                                                                                                                                                                                                                                                                                                                                                                                                                                                                                                                                                                                                                                                                                                                                                                                                                                                                                                                                                                                                                                                                                                                                                                                                                                                                                                                                                                                                                                                                                                                                                                                                                                                                                                                                                                                                                                                                                                                                                                                                                                                                                                                                                                                                                                                                                                                                                                                                                                                                                                                                                                                                                                                                                                                                                                                                                                                                                                                                                                                                                                                                                                                                                                                                                                                                                                                                                                                                                                                                                                                                                                                                                                                                                                                                                                                                                                                                                                                                                                                                                                                                                                                                                                                                                                                                                                                                                                                                                                                                                                                                                                                                                                                                                                                                                                                                                                                                                                                                                                                                                                                                                                                                                                                                                                                                                                                                                                                                                                                                                                                                                                                                                                                                                                                                                                                                                                                                                                                                                                                                                                                                                                                                                                                                                                                                                                                                                                                                                                                                                                                                                                                                                                                                                                                                                                                                                                                                                                                                                                                                                                                                                                                                                                                                                                                                                                                                                                                                                                                                                                                                                                                                                                                                                                                                                                                                                                                                                                                                                                                                                                                                                                                                                                                                                                                                                                                                                                                                                                                                                                                                                                                                                                                                                                                                                                                                                                                                                                                                                                                                                                                                                                                                                                                                                                                                                                                                                                                                                                                                                                                                                                                                                                                                                                                                                                                                                                                                                                                                                                                                                                                                                                                                                                                                                                                                                                                                                                                                                                                                                                                                                                                                                                                                                                                                                                                                                                                                                                                                                                                                                                                                                                                                                                                                                                                                                                                                                                                                                                                                                                                                                                                                                                                                                                                                                                                                                                                                                                                                                                                                                                                                                                                                                                                                                                                                                                                                                                                                                                                                                                                                                                                                                                                                                                                                                                                                                                                                                                                                                                                                                                                                                                                                                                                                                                                                                                                                                                                                                                                                                                                                                                                                                                                                                                                                                                                                                                                                                                                                                                                                                                                                                                                                                                                                                                                                                                                                                                                                                                                                                                                                                                                                                                                                                                                                                                                                                                                                                                                                                                                                                                                                                                                                                                                                                                                                                                                                                                                                                                                                                                                                                                                                                                                                                                                                                                                                                                                                                                                                                                                                                                                                                                                                                                                                                                                                                                                                                                                                                                                                                                                                                                                                                                                                                                                                                                                                                                                                                                                                                                                                                                                                                                                                                                                                                                                                                                                                                                                                                                                                                                                                                                                                                                                                                                                                                                                                                                                                                                                                                                                                                                                                                                                                                                                                                                                                                                                                                                                                                                                                                                                                                                                                                                                                                                                                                                                                                                                                                                                                                                                                                                                                                                                                                                                                                                                                                                                                                                                                                                                                                                                                                                                                                                                                                                                                                                                                                                                                                                                                                                                                                                                                                                                                                                                                                                                                                                                                                                                                                                                                                                                                                                                                                                                                                                                                                                                                                                                                                                                                                                                                                                                                                                                                                                                                                                                                                                                                                                                                                                                                                                                                                                                                                                                                                                                                                                                                                                                                                                                                                                                                                                                                                                                                                                                                                                                                                                                                                                                                                                                                                                                                                                                                                                                                                                                                                                                                                                                                                                                                                                                                                                                                                                                                                                                                                                                                                                                                                                                                                                                                                                                                                                                                                                                                                                                                                                                                                                                                                                                                                                                                                                                                                                                                                                                                                                                                                                                                                                                                                                                                                                                                                                                                                                                                                                                                                                                                                                                                                                                                                                                                                                                                                                                                                                                                                                                                                                                                                                                                                                                                                                                                                                                                                                                                                                                                                                                                                                                                                                                                                                                                                                                                                                                                                                                                                                                                                                                                                                                                                                                                                                                                                                                                                                                                                                                                                                                                                                                                                                                                                                                                                                                                                                                                                                                                                                                                                                                                                                                                                                                                                                                                                                                                                                                                                                                                                                                                                                                                                                                                                                                                                                                                                                                                                                                                                                                                                                                                                                                                                                                                                                                                                                                                                                                                                                                                                                                                                                                                                                                                                                                                                                                                                                                                                                                                                                                                                                                                                                                                                                                                                                                                                                                                                                                                                                                                                                                                                                                                                                                                                                                                                                                                                                                                                                                                                                                                                                                                                                                                                                                                                                                                                                                                                                                                                                                                                                                                                                                                                                                                                                                                                                                                                                                                                                                                                                                                                                                                                                                                                                                                                                                                                                                                                                                                                                                                                                                                                                                                                                                                                                                                                                                                                                                                                                                                                                                                                                                                                                                                                                                                                                                                                                                                                                                                                                                                                                                                                                                                                                                                                                                                                                                                                                        ,USC,-27.5,-31.57,-31.65,,-10.9,-42.85,-27.22,-29.46,-36.13,-28,-27.7,-28,,-24,-29.12,,-33.79,-23.84,-29.98,-27.53,-33.55,-46.75,-22.72,-18.95,-22.39,-29.63,-28.8,-32.11,-22.78,-37.18,-29.46,-36.1,-25,-35.1,-34.51,-31.37,-30,-28.5,-28,-35.15,-37.54,-24.29,-17,-40.94,-35.81,-30.89,-25,-47,-27.5,-29.3,-32,-38.59,-32.37,-43.84,-47.9,-34.87,6.42,42,0,10,-42,42,-29,-21.01
Temple,Central Mich.,-18.5,-19.01,-17.18,,-16.8,-23.96,-17.61,-21.98,-16.75,-16,-14.36,-21,,-13.5,-21.41,,-19.88,-14.28,-18.26,-12.79,-20.35,-26.58,-13.66,-19.85,-13.77,-17.51,-18.7,-16.78,-13.82,-21.55,-17.51,-16.16,-16,-16.87,-18.96,-14.54,-17,-17.5,-21,-33.6,-22.21,-22.33,-6.5,-13.37,-24.16,-18.99,-15,-13.5,-18.5,-16.4,-20,-19.39,-20.03,-18.27,-16.5,0.49,3.56,42,26,10,-16,68,-17,-18.59
Tennessee,LSU,-3.5,4.76,5.8,,-6.6,-2.65,-1.71,-3.92,13.99,2,-0.69,5,,9.5,-4.22,,-6.96,-7.1,1.43,2.57,-6.35,7.14,3.09,8.33,4.7,-0.36,0.5,11.74,7.48,7.62,1,12.05,-3,8.93,9.92,10.53,-3,-2.5,0.01,-5.4,4.34,-8.26,-11.8,11.73,-5.18,-3.15,-2,12,-3,-3,1,-10.6,0.01,12.07,17.8,21.55,6.45,28,24,10,-4,52,1,2.24
Texas,Oklahoma St.,18,20.12,14.18,,13.3,20.08,12.92,23.75,22.9,16,-7.38,24,,18.5,16.45,,23.76,21.69,17.69,12.7,22.15,23.39,30.33,17.1,13.57,15.49,10.1,17.87,18.36,17.85,16.88,20.12,13,15.1,16.88,16.3,28,17.5,21,32.6,16.65,23.13,9.2,30.38,16.28,17.93,21,15,18,15.3,16,11.23,26.75,21.05,24.4,28.29,5.86,10,36,10,26,46,15,16.37
Texas A&M,Oklahoma,-2.5,-4.45,-0.77,,-4.6,-5,-5.2,-8.7,-2.01,1,-15.9