Home,Road,line,linesag,linematt,linemass,linepfz2,linepfz,lineperry,linemore,linesage,linemars,lineray,lineargh,linecpa,linehow,linesagp,linecpa2,linekam,linebass,lineavg,lineelo,linetsr,lineborn,lineswt,linebmc,linefly,linebill,linenyt,linebihl,linemont,linem2,lineroth,lineclaa,linedunk,linewolf,lineharm,linesea,linecoll,linecrain,linefox,lineopen,linepig,lineray2,linecons,linecong,linebmc2,linetsr2,linel2,linehank,linebenson,linestd,vscore,hscore,week,actual,total
Akron,Kent,11.5,10.23,8.05,11.06,11.21,6.81,5.19,19.75,10.23,17,34.5,17,14.62,10,10.24,15.32,19.34,16.62,14.07,14.13,8,24.7,20.05,19,,4,,,,,,6,18.7,,19,,,,19,10,10,,11.47,12,,,,,,6.49,41,38,2,-3,79
Alabama,South Florida,16.5,17.06,7.56,15.99,12.52,12.35,25.54,17.07,17.06,12,16.4,12,13.62,13,17.05,13.42,17.22,13.05,14.03,8.6,10,20.4,18.92,10,,8.67,,,,,,7.88,13.4,,17,,,,13,17,10,,16.52,13,,,,,,4.04,17,40,2,23,57
Arizona,UTEP,21.5,21.73,19.88,24.11,18.75,16.38,25.1,28.71,21.73,28,29.1,22,23.42,17.5,21.72,23.62,28.65,34.13,23.45,23.94,18,33.5,20.41,21,,17.33,,,,,,17.66,31.3,,32,,,,28,21,20,,19.91,16,,,,,,5.28,7,42,2,35,49
Auburn,USC,4,-0.78,-3.48,-4.56,-13.33,-6.07,-0.53,-11.05,-0.78,-12,-12.8,-1,-3.88,-1,-0.78,-2.68,-12.28,-9.37,-4.61,-4.9,-4,-9,8.2,1,,0.33,,,,,,-12.69,-9.5,,-9,,,,-5,4,4,,-0.55,1,,,,,,5.53,23,0,2,-23,23
BYU,Georgia Tech,3.5,-4.81,-8.37,-8.14,1.61,-1.47,8.49,-7.59,-4.81,-7,-5.8,-0.25,1.42,-4.5,-4.81,0.42,-8.99,-10.45,-4.21,-7.23,-10,-5.6,-2,3,,-3.33,,,,,,-11.94,-6.9,,-8,,,,-4,3,2,,-6.75,4,,,,,,4.86,13,24,2,11,37
Baylor,UAB,-9,-1.71,-0.35,-6.83,-7.12,-6.74,-6.08,-12.63,-1.71,-10,-5.3,-6,1.72,-4,-1.72,0.72,-8.61,-9.5,-6.3,-6.63,-12,-5.7,-11.03,-7,,-3,,,,,,-5.73,-6.5,,-4,,,,-10,-10,-1,,-5.38,-18,,,,,,4.31,24,19,2,-5,43
Boston College,Wake Forest,12,10.15,13.88,12.47,10.32,10.03,9.91,11.82,10.15,13,24.3,11,7.72,11,10.15,8.52,10.92,11.3,11.15,9.21,4,14.5,18.38,10,,6.67,,,,,,5.62,11.5,,14,,,,14,11,7,,13.33,7,,,,,,3.88,32,28,2,-4,60
California,Southern Miss.,3.5,3.61,8.99,3.78,3.34,2.04,13.98,12.56,2.39,16,9.3,4,1.19,0,4.9,-0.98,12.61,16.25,7.29,10.15,6,18.6,1.99,-3,,12.72,,,,,,3.78,17,,20,,,,4,3.5,1,,5.25,-1,,,,,,6.49,2,34,2,32,36
Cincinnati,East Carolina,8.5,3.33,6.05,4.31,14.37,10.99,9.33,13,3.33,17,13.9,9,12.12,7,3.33,11.02,11.06,12.77,10.41,10.89,,16.1,3.59,4,,11,,,,,,10.88,14.6,,18,,,,14,8.5,12,,11.63,14,,,,,,4.37,3,40,2,37,43
Clemson,Georgia,-3,-5.32,-6.78,-8.33,-13.47,-6.94,-17.07,-19.44,-5.32,-19,-33.6,-9,-9.08,-8,-5.32,-8.58,-12.68,-16.69,-13.48,-9.32,-16,-24.7,-9.34,-23,,-13,,,,,,-18.02,-18.7,,-14,,,,-16,-4,-11,,-14.68,-7,,,,,,6.60,30,0,2,-30,30
Colorado St.,Colorado,1.5,-5.68,-3.7,-9.1,-6.39,-6.39,3.08,-7.04,-5.68,-5,-20.9,-4,-1.4,-3.5,-5.68,-1.4,-7.43,-10.51,-5.52,-9.47,-10,-14.1,8.1,3,,-19,,,,,,-2.98,-12.7,,-12,,,,-9,0,1,,-3.5,2,,,,,,6.32,42,35,2,-7,77
Connecticut,Indiana,6,-6.17,-0.72,-4.76,9.44,7.7,8.7,18.89,-6.17,22,36.5,1,5.72,-1.5,-6.16,6.22,7.24,16.7,9.11,13.41,8,22.1,16.36,11,,9,,,,,,6.46,15.3,,16,,,,14,6.5,4,,10.19,10,,,,,,9.56,10,34,2,24,44
Florida,San Jose St.,24.5,29.41,21.09,31.18,27.02,22.37,-1.04,21.69,29.11,24,24.5,23,23.63,27,29.72,25.12,31.3,12.38,22.41,17.2,20,29.4,14.7,22,,17.15,,,,,,13.98,21,,28,,,,24,25,25,,27.09,14,,,,,,6.92,3,65,2,62,68
Houston,Rice,5,0.66,1.03,0.2,1.34,-2.28,-3.19,6.42,0.66,8,3.8,7,6.02,0.5,0.67,5.42,7.31,3.54,4.1,6.95,6,7.1,13.72,12,,-1.33,,,,,,4.88,4.9,,3,,,,9,4,4,,4.11,3,,,,,,3.95,14,48,2,34,62
Illinois,Missouri,-3.5,3.56,9.4,4.5,4.9,4.9,0.64,0.07,3.56,1,-4.5,1,3.8,6.5,3.56,3.8,3.98,-4.39,1.18,0.65,-1,-2.1,2.08,-6,,-2,,,,,,0.66,2.2,,-1,,,,3,-3.5,-5,,1.27,-1,,,,,,3.56,22,15,2,-7,37
Iowa,Miami (Ohio),11,13.07,20.66,15.81,20.27,18.92,25.7,23.72,13.07,25,36.7,19,11.12,12,13.08,11.92,18.38,22.75,19.28,19.8,14,28.4,6.36,20,,21.33,,,,,,17.17,30.3,,28,,,,17,11,13,,20.51,14,,,,,,6.62,3,21,2,18,24
Kansas,Northwestern,-6,-2.14,-7.94,-5.47,-4.5,-1.91,-11.42,-7.78,-2.14,-5,-14,-4,-1.98,-3.5,-2.14,-2.08,-3.87,-3.78,-5.68,-6.58,-10,-5.3,-11.06,-7,,-5,,,,,,-8.71,-9.3,,-5,,,,-4,-5.5,0,,-5.19,-6,,,,,,3.30,28,20,2,-8,48
Kansas St.,Troy St.,37,31.25,31.29,36.68,32.14,29.4,60.12,41.18,32.16,53,63,26,33.35,27,30.42,35.42,43.43,45.44,38.63,31.9,32,52.2,40.69,36,,30.58,,,,,,40.73,46.2,,52,,,,30,37,34,,42.08,36,,,,,,9.69,5,41,2,36,46
Kentucky,Louisville,5.5,1.35,-3.56,1.88,2.24,-0.28,5.66,12.27,1.35,9,23.8,2,2.92,-3,1.34,3.92,1.72,4.8,6.56,9.16,6,20.6,13.52,7,,14,,,,,,3.23,17.3,,14,,,,9,5.5,6,,4.03,3,,,,,,6.65,40,24,2,-16,64
LSU,Louisiana-Monroe,35,32.53,35.37,35.22,31.83,26.22,26.6,33.38,32.53,32,24.8,31,38.02,28,32.53,37.42,39.69,43.7,31.58,20.41,22,39.6,30.23,21,,23.67,,,,,,25.3,31.8,,38,,,,35,35,43,,36.33,26,,,,,,6.34,7,49,2,42,56
Louisiana Tech,Miami (Fla.),-28,-28.44,-35.17,-34.78,-26,-24.48,-28.73,-38.6,-28.44,-43,-47.3,-33,-30.88,-32,-28.44,-30.98,-36.95,-46.54,-32.81,-30.73,-26,-39.1,-26.87,-27,,-23.33,,,,,,-34.8,-36.4,,-41,,,,-39,-28,-32,,-33.46,-19,,,,,,6.75,48,9,2,-39,57
Michigan,Central Mich.,33.5,33.25,31.89,35.63,28.68,23.31,39.75,39.24,33.25,41,44.8,32,36.62,30,33.25,36.92,37.96,39.67,35.3,25.94,20,43.6,43.8,36,,33.33,,,,,,32.38,36.7,,38,,,,41,33.5,43,,41.6,28,,,,,,6.18,7,45,2,38,52
Michigan St.,Western Mich.,13.5,10.45,5.62,11.57,3.97,7.54,5.17,10.7,10.45,5,9.9,17,5.22,8,10.45,5.02,6.68,4.98,7.96,5.25,4,7.9,4.78,12,,10.67,,,,,,4.82,7.3,,11,,,,6,13,11,,8.3,5,,,,,,3.15,21,26,2,5,47
Minnesota,Tulsa,31,25.9,23.39,30.1,22.99,20.57,38.89,30.26,25.9,36,35,29,35.02,25,25.9,35.72,31.23,43.16,28.92,27.5,22,32.9,29.28,22,,27.33,,,,,,28.92,29.8,,27,,,,30,29,33,,30.59,20,,,,,,5.50,10,49,2,39,59
Mississippi St.,Oregon,-4.5,-7.78,-13.93,-8.25,-16.9,-13.79,-13.14,-1.2,-7.78,-11,2.7,-7,-10.58,-10.5,-7.79,-10.18,-14.41,-7.2,-8.3,-2.07,-6,-0.9,-20.66,3,,-14.67,,,,,,-14.14,-0.9,,-10,,,,-5,-4.5,-5,,-12.9,-3,,,,,,5.80,42,34,2,-8,76
Nebraska,Oklahoma St.,7.5,15.62,9.81,13.24,10.49,10.25,24.01,-1.82,15.62,-1,-8.5,7,7.82,14,15.62,6.62,11.6,4.3,5.39,-0.27,1,-0.9,8.43,-8,,-1,,,,,,-3.42,-4.1,,2,,,,5,7.5,1,,5.61,3,,,,,,7.71,7,17,2,10,24
North Carolina,Florida St.,-16.5,-14.01,-10.74,-16.88,-17.3,-14.71,-21.07,-22.61,-14.01,-22,-28.1,-5,-8.98,-16,-14.01,-8.58,-20.65,-23.93,-16.8,-14.2,-16,-23.3,-11.09,-10,,-12,,,,,,-22.36,-20.1,,-21,,,,-20,-16,-13,,-21.99,-12,,,,,,5.54,37,0,2,-37,37
Northern Ill.,Maryland,-7.5,-8.7,-10.02,-11.81,-4.65,-5.96,1.09,-15.13,-8.7,-9,-4.6,-17,-5.08,-8.5,-8.7,-4.88,-8.78,-13.17,-10.48,-4.67,-14,-12.9,-16.31,-23,,-11,,,,,,-11.39,-13.2,,-9,,,,-10,-8.5,-12,,-14.7,-13,,,,,,4.75,13,20,2,7,33
Ohio St.,Washington,9,9.3,7.4,10.19,15.24,16.13,36.61,21.58,9.3,25,9.3,21,11.62,13,9.3,11.42,8.76,14.43,14.84,10.98,12,14.9,17.64,20,,10.33,,,,,,19.93,13.8,,10,,,,16,9,12,,12.75,22,,,,,,6.21,9,28,2,19,37
Oklahoma,North Texas,33,29.28,28.65,31.37,24.73,21.46,51.84,31.82,29.28,31,40.3,25,33.12,23.5,29.27,32.32,32.02,35.85,29.49,16.15,22,38,35.89,18,,23,,,,,,20.22,30.4,,32,,,,35,31,27,,29.16,30,,,,,,7.17,3,37,2,34,40
Penn St.,Temple,25,20.89,13.69,22.36,20.13,19.33,43.55,23.84,20.89,33,33.4,21,20.02,19,20.88,19.82,27.18,29.42,24.42,21.85,18,30.9,24.61,21,,28,,,,,,22.38,26.5,,30,,,,28,24,21,,28.39,19,,,,,,6.04,10,23,2,13,33
Rutgers,Buffalo,12.5,9.42,9.89,8.5,-1.3,-2.7,-5.04,12.14,9.42,10,17,5,13.82,9,9.42,14.52,11.47,8.1,7.42,3.56,2,16.7,-10.25,4,,3.33,,,,,,6.75,15.9,,13,,,,11,10,16,,5.17,4,,,,,,6.61,10,24,2,14,34
South Carolina,Louisiana-Lafaye,24,26.04,29.32,27.64,21.7,17.46,11.35,22.83,26.04,20,23.8,23,22.52,20.5,26.04,21.62,23.5,31.12,21.76,15.18,14,28.2,19.93,11,,16,,,,,,15.76,24.2,,25,,,,27,24,24,,21.97,16,,,,,,5.23,7,14,2,7,21
Tennessee,Fresno St.,20,14.17,5.86,13.99,10.81,10.89,-2.93,10.66,14.17,11,18,16,9.62,11,14.17,9.82,19.17,14.15,11.63,8.21,14,17.1,9.52,11,,5.33,,,,,,3.61,12.1,,20,,,,19,17.5,11,,13.66,2,,,,,,5.19,6,24,2,18,30
Texas,New Mexico St.,29,29.51,26.22,33.27,30.43,25.58,28.98,37.86,29.51,33,41.6,32,33.82,28.5,29.5,34.32,38.09,43.89,32.42,22.76,26,43.3,28.3,30,,26.33,,,,,,23.19,37.9,,39,,,,41,29,35,,34.49,31,,,,,,5.83,7,66,2,59,73
Texas A&M,Arkansas St.,29,29.62,26.71,30.91,23.76,19.37,15.72,24.75,29.62,24,21.5,24,24.32,22.5,29.62,24.42,35.28,40.22,25.07,14.72,22,32.8,21.22,20,,13,,,,,,17.59,25,,35,,,,31,29,29,,25.91,18,,,,,,6.42,11,26,2,15,37
Texas Tech,SMU,25,25.64,26.11,29.92,29.07,22.35,36.82,37.89,25.64,41,41.8,25,26.12,25.5,25.65,26.22,35.34,41.96,30.73,31.08,24,43.8,25.19,25,,28.33,,,,,,28.55,40.8,,37,,,,34,25,22,,33.49,22,,,,,,6.80,10,58,2,48,68
Tulane,TCU,-7,-4.72,-8.93,-5.56,-6,-4.83,-3.53,-4.07,-4.72,-3,-0.2,-2,-8.88,-6,-4.72,-7.78,-4.15,-5.82,-4.07,-1.65,,-1.6,7.17,-7,,-1.67,,,,,,-10.12,1.5,,-1,,,,-4,-7,-8,,-8.36,-2,,,,,,3.60,38,35,2,-3,73
UNLV,Toledo,0,-5.49,-3.91,-6.13,-5.68,-4.8,-2.54,-5.45,-5.49,-8,-17.2,-4,-7.48,-9.5,-5.49,-6.58,-10.24,-12.31,-6.88,-7.88,-8,-3.9,-7.58,-8,,-7.33,,,,,,-10.77,-3.2,,-6,,,,-5,-1.5,-1,,-9.16,-8,,,,,,3.18,18,28,2,10,46
Utah,Utah St.,20,14.07,12.39,16.91,18.02,16.17,10.55,17.9,14.07,18,13.7,13,18.02,13.5,14.06,17.52,15.83,17.52,14.93,9.84,6,19.9,23.68,18,,11.67,,,,,,8.17,17,,19,,,,14,19,21,,14.88,6,,,,,,4.16,20,40,2,20,60
Vanderbilt,Mississippi,-13,-9.66,-10.02,-10.69,-10.24,-10.94,-22.38,-9.2,-9.66,-14,-2.7,-15,-8.78,-12,-9.66,-9.58,-10.88,-11.44,-11.59,-9.51,-10,-7.9,-13.44,-18,,-16,,,,,,-15.56,-12.7,,-7,,,,-8,-13,-11,,-16.67,-13,,,,,,3.77,24,21,2,-3,45
Virginia,Duke,15,22.08,23.09,20.54,17.9,20.28,34.35,21.34,22.08,28,35.5,17,21.72,22.5,22.08,21.52,17.7,24.03,22.82,19.21,10,29.1,15.09,19,,34.33,,,,,,22.96,27,,22,,,,26,17,24,,29.03,14,,,,,,5.86,0,27,2,27,27
Virginia Tech,Central Florida,20,19.34,18.2,18,12.2,14.76,26.34,16.05,19.34,17,23.7,25,14.42,19,19.34,14.82,18.59,19.74,18.11,7.69,12,16.6,26.51,24,,15.67,,,,,,14.29,13.3,,17,,,,10,17,19,,23.2,25,,,,,,4.80,28,49,2,21,77
Washington St.,Idaho,28,24.57,32.77,27.92,27.18,27.18,49.86,38.46,24.57,36,40.3,30,27.7,27.5,24.57,27.7,30.4,40.68,33.68,28.48,20,38.9,18.93,36,,95,,,,,,33.68,38,,39,,,,29,28,29,,35.2,26,,,,,,13.47,0,25,2,25,25
West Va.,Wisconsin,-3,-0.12,-0.26,0.33,0.97,5.26,5.75,2.59,-0.12,8,0.2,-4,-2.38,-0.5,-0.12,-1.88,7.19,5.27,1.72,3.44,1,2.6,6.8,4,,6,,,,,,0.68,1.8,,7,,,,-2,-1.5,-2,,-0.53,-7,,,,,,3.66,24,17,2,-7,41
Alabama,Oklahoma,-7.5,2.47,-5.3,-5.65,-0.59,-0.68,-20.06,-6.5,3.62,-2,-15.7,-5,-10.9,-4.5,1.37,-12.38,-6.5,-2.5,-5.26,0.27,,-6,-5.85,-11,,0.67,,,,,,-2.39,-8.4,,-1,,,-10.62,-7,-8,-10,,-1.85,-11,,,,,,5.54,20,13,3,-7,33
Arizona,LSU,-11.5,-0.43,-4.22,-6.53,-8.8,-9.15,-7.01,-7.52,0.05,-16,-8.9,-10,-17.54,-7,-0.92,-18.18,-14.47,-15.76,-9.33,-5.39,,-9.8,-20.98,-10,,-7.76,,,,,,-11.31,-8.3,,-8,,,-14.13,-7,-12,-15,,-15.77,-3,,,,,,5.40,59,13,3,-46,72
Arkansas,Tulsa,38,24.76,30.1,34.33,28.86,27.24,46.79,32.48,24.9,41,29.3,32,39.42,29.5,24.63,39.32,42.73,47.45,33.07,26.04,,36.8,36.19,32,,26.33,,,,,,34.12,29.3,,33,,,35.76,31,38,33,,37.9,32,,,,,,6.15,13,45,3,32,58
Army,Connecticut,-15.5,-10.5,-18.92,-9.72,-10.01,-7.69,-16.78,-28.9,-10.69,-25,-38.5,-14,-23.32,-10,-10.31,-20.55,-22.09,-28.24,-19.55,-17.66,,-32.4,-24.58,-21,,-12.85,,,,,,-28.07,-30.3,,-24,,,-21.21,-19,-14.5,-14,,-18.15,-19,,,,,,7.80,48,21,3,-27,69
Ball St.,Missouri,-14,-15.63,-5.27,-9.86,-0.67,-1.24,21.32,-16.63,-16.87,-8,-18.6,-13,-10.05,-3,-14.75,-10.52,-11.5,-6.93,-10.7,-8.08,,-16.8,-15.61,-9,,-9.81,,,,,,-10.78,-14.2,,-15,,,-24.24,-5,-14,-19,,-13.23,-19,,,,,,8.25,35,7,3,-28,42
California,Colorado St.,2.5,4.6,4.81,4.46,-4.54,0.94,-4.88,10.51,5.96,12,23.3,2,0.1,0.5,2.67,-4.45,9.39,17.22,5.79,10.51,,18.8,5.05,-4,,5.76,,,,,,4.33,17.5,,9,,,10.98,6,2.5,-1,,2.97,-7,,,,,,7.49,23,21,3,-2,44
Colorado,UCLA,3,4.9,3.92,5.81,-2.39,5.09,4.13,3.69,7.16,9,4.4,6,3.26,8.5,3.09,4.06,1.68,8.78,4.39,7.14,,7.6,0.58,-2,,6.68,,,,,,6.53,-2.7,,11,,,-1.78,8,3,6,,6.21,9,,,,,,3.61,14,16,3,2,30
East Carolina,West Va.,-9.5,-1.08,-3.17,-6.12,-3.07,-7.05,-16.29,-19.47,3.05,-18,-29.3,-8,-11.92,-3,-6.18,-8.78,-15.41,-12.71,-12.75,-8.8,,-22.1,-9.12,-22,,-20.13,,,,,,-17.01,-22.6,,-19,,,-21.64,-8,0,-15,,-14.54,-12,,,,,,7.68,48,7,3,-41,55
Florida St.,Maryland,15,20.43,12.73,16.4,2.64,3.69,2.61,6.22,23.43,15,6.2,9,12.49,16.5,17.17,9.62,18.29,23.73,11.2,9.32,,10.4,13.52,6,,6.49,,,,,,11.05,10.2,,8,,,10.63,7,13.5,10,,10.79,5,,,,,,5.69,10,35,3,25,45
Fresno St.,Oregon St.,-8.5,10.2,-8.71,-3.65,1.07,0.2,-1.16,-7.11,7.82,-9,-4.4,-0.25,1.59,-1,12.88,2.04,-8.23,-9.74,-2.75,-1.64,,-6.9,-8.14,1,,1.14,,,,,,-7.63,-3.4,,-15,,,-5.68,-10,0,-1,,-7.04,4,,,,,,6.31,14,16,3,2,30
Georgia,Middle Tenn.,29,49.49,39.45,39.08,21.12,21.47,35.41,34.21,54.05,46,44.6,28,37.88,27.5,45.55,42.57,34.02,52.61,37.2,26.6,,52.9,30.04,32,,36.22,,,,,,49.46,46.4,,37,,,26.66,32,28.5,30,,41.12,28,,,,,,9.43,10,29,3,19,39
Georgia Tech,Auburn,-8.5,1.81,-4.99,-1.05,-2.94,-0.42,-15.62,-14.74,2.91,-16,-32.1,-3,-5.45,2,0.24,-8.08,0.39,-7.97,-8.74,-13.26,,-18.6,-4.52,-18,,-11.49,,,,,,-12.04,-21.3,,-8,,,-13.45,-7,-8.5,-12,,-11.88,-5,,,,,,8.07,3,17,3,14,20
Iowa,Buffalo,36,33.56,42.14,41.82,31.11,33.32,53.54,46.88,35.38,55,55.4,29,36.48,32.5,31.8,36.22,45.05,49.44,41.29,40.75,,55.1,32.1,31,,41.69,,,,,,49.19,53,,52,,,33.09,43,37,39,,43.98,31,,,,,,8.64,7,56,3,49,63
Iowa St.,Ohio,19,15.4,15.53,17.27,19.28,16.12,9.12,16.84,15.61,17,10.3,19,24.73,14,15.37,27.41,20.5,13.64,15.2,10.15,,9.7,11.38,13,,12.58,,,,,,10.43,8,,21,,,13.45,14,19,16,,18.37,23,,,,,,4.69,20,48,3,28,68
Kansas,UNLV,-11.5,-9.99,-13.46,-6.4,-14.19,-9.35,-12.74,-12.38,-15.13,-26,-14,-0.25,-6.93,-7,-4.82,-5.76,-16.83,-17.9,-11.2,-12.77,,-14.1,-0.03,-4,,-15.52,,,,,,-24.27,-12.6,,-9,,,-8.25,-12,-11.5,-6,,-12.95,-6,,,,,,5.99,24,46,3,22,70
Louisiana-Lafaye,Louisiana Tech,-4.5,-5.25,-3.76,-4.59,1.67,-2.11,-8.3,0.61,-5.79,6,2.6,-9,5.97,-8,-4.78,1.22,0.94,,-2.39,5.88,,4.6,-11.74,-4,,-5.21,,,,,,-5.45,1.4,,1,,,-10.09,1,-4.5,-1,,-2.47,-7,,,,,,5.00,34,3,3,-31,37
Memphis,Mississippi,-8,-11.78,-4.6,-7.55,-0.49,-4.09,-18.59,-8.39,-15.59,-8,-6.4,-12,-5.91,-7,-8.93,-9.58,-8.16,-0.89,-8.88,-7.32,,-6.2,-5.21,-10,,-13.55,,,,,,-15.14,-12.2,,-10,,,-10.23,0,-8,-12,,-14.39,-13,,,,,,4.51,34,44,3,10,78
Miami (Fla.),Florida,14,8.01,6.03,11.74,14.92,15.68,31.27,15.03,11.23,5,16.7,16,14.68,16.5,4.07,16.42,13.22,9.56,12.68,15.09,,6,14.75,14,,11.8,,,,,,5.95,14.4,,17,,,10.51,16,14.5,14,,8.5,10,,,,,,5.26,33,38,3,5,71
Michigan,Houston,27.5,13.9,22.27,27.25,23.66,25.57,36.25,24.32,13.84,17,22.1,29,31.23,27.5,13.95,34.64,23.1,22.66,24.13,16.6,,23.2,18.18,21,,27.79,,,,,,17.07,24.4,,32,,,25.41,29,28,36,,30.47,25,,,,,,6.33,3,50,3,47,53
Michigan St.,Rutgers,19,22.11,14.23,23.07,19.3,22.06,21.09,11.63,22.13,13,11.9,17,13.96,19.5,22.36,14.56,17.43,17.59,15.9,15.2,,13.9,12.92,6,,16.11,,,,,,12.6,13.5,,19,,,10.25,17,18.5,12,,16.33,8,,,,,,4.42,28,44,3,16,72
Minnesota,Troy St.,25,3.12,19.48,20.73,12.14,12.13,38.88,20.78,3.75,18,24.4,19,20.22,18.5,2.43,20.52,16.64,17.83,19.08,19.11,,24.1,25.72,20,,19.29,,,,,,21.77,22.5,,20,,,33.22,9,24,23,,25.7,22,,,,,,7.79,7,48,3,41,55
Nebraska,Utah St.,32,21.05,28.54,30.84,25.86,22.65,35.66,29.59,23.77,33,33.9,29,33.07,28,18.41,32.29,28.06,31.78,28.58,21.93,,36.7,34.48,24,,19.58,,,,,,25.48,33.2,,27,,,35.22,25,32,36,,34.07,23,,,,,,5.34,7,31,3,24,38
North Carolina,Syracuse,-1.5,-1.18,-2.46,-3.69,-5.46,-2.13,3.29,-4.85,-3.69,-7,-6.5,10,-1.68,-2.5,1.67,3.32,-4.59,-14.94,-2.16,-1.02,,-7.1,2.4,11,,2.47,,,,,,-3.54,-4.6,,-3,,,-10.21,-4,-2,0,,-3.43,4,,,,,,5.31,49,47,3,-2,96
North Texas,Baylor,14.5,20.03,9.89,13,21.71,19.63,17.71,23.59,23.08,28,26.3,14,16.7,10.5,17.08,15.38,17.71,27.23,18.68,21.01,,20.9,4.63,21,,18.9,,,,,,15.46,21.2,,20,,,14.42,23,16,14,,18.13,23,,,,,,5.25,14,52,3,38,66
Northwestern,Air Force,-7.5,5.3,-5.53,-0.7,-5.27,-8.44,-4.25,-5.29,10.38,-13,-1.1,4,0.04,-3,0.72,1.1,-10.83,-24.82,-5.7,-1.13,,-16.1,-4.81,-7,,-2.93,,,,,,-11.84,-8.7,,-7,,,-13.87,-11,-7,-8,,-9.14,-2,,,,,,6.98,22,21,3,-1,43
Notre Dame,Washington St.,6,10.83,0.53,1.67,-2.44,-1.36,7.36,-5.4,9.36,4,-6.5,10,9.63,3.5,12.16,9.12,1.98,3.18,2.91,-1.79,,-3.3,9.85,4,,2.07,,,,,,2.04,-3.3,,-3,,,3.21,-2,5.5,12,,4.15,2,,,,,,5.42,26,29,3,3,55
Ohio St.,San Diego St.,31.5,26.15,29.75,28.53,24.8,26.43,63.46,41.34,24.3,41,47.6,27,36.2,23.5,27.94,34.32,29.38,33.53,32.95,23.34,,37.4,32.11,32,,32.17,,,,,,33.3,35.4,,32,,,33.85,28,32.5,35,,35.99,34,,,,,,8.05,13,16,3,3,29
Oklahoma St.,Wyoming,20,21.23,20.1,20.93,20.49,18.32,14.73,25,16.58,25,31.3,21,26.79,13.5,26.44,24.98,25.41,22.59,21.94,15.67,,26.8,18.15,21,,22.29,,,,,,10.25,22.5,,28,,,28.46,21,20,25,,23.78,24,,,,,,4.76,24,48,3,24,72
Oregon,Nevada,22,31.93,28.26,28.06,18.15,20.5,14.18,18.04,32.34,18,12,24,27.82,23.5,32.62,23.62,23.51,26.44,21.77,11.01,,27,23.81,20,,15.32,,,,,,13.71,20.2,,24,,,24.14,20,21.5,21,,22.89,9,,,,,,6.22,23,31,3,8,54
Penn St.,Boston College,9.5,10.14,6.17,6.64,2.93,3.81,9.55,6.35,15.66,9,11.2,8,9.38,9.5,3.91,9.86,10.85,11.37,9.03,8.26,,10.9,6.79,11,,6.51,,,,,,13.33,8.1,,13,,,13.45,9,10,11,,12.05,4,,,,,,3.14,27,14,3,-13,41
Pittsburgh,Kent,28,17.19,23.74,29.66,13.31,21.76,43.53,46.3,13.12,33,57.9,26,31.95,20.5,20.98,30.62,32.33,30.06,30.9,27.55,,49,29.73,36,,26.87,,,,,,21.47,44.1,,43,,,35.77,36,30,14,,35.36,36,,,,,,10.97,3,43,3,40,46
Purdue,Bowling Green,10.5,15.02,10.93,13.59,3.33,3.07,-4.08,19.55,16.38,4,22.6,21,15.02,8.5,13.61,17.62,10.07,-4.62,11.37,11.3,,8,11.75,23,,10.32,,,,,,0.54,11.1,,13,,,14.54,7,10.5,18,,14.24,19,,,,,,7.16,27,26,3,-1,53
South Carolina,Virginia,-3,-2.26,-0.66,-3.18,3.46,1.03,-27.88,-17.52,-0.27,-15,-33.9,-9,-7.9,0,-4.14,-5.68,-6.76,-11.95,-10.66,-11.71,,-12.8,-31.15,-17,,-11.06,,,,,,-9.24,-14.5,,-3,,,-10.48,-8,-3.5,-13,,-14.36,-17,,,,,,9.07,7,31,3,24,38
Stanford,San Jose St.,14,14.28,10.52,14.22,20.59,8.39,-11.5,12.5,13.13,21,9.8,17,13.35,12,15.4,12.82,18.81,12.28,10.92,6.65,,20.3,9.5,-7,,3.72,,,,,,1.2,11.9,,13,,,17.56,10,14,13,,8.05,7,,,,,,7.24,10,31,3,21,41
TCU,Navy,23,28.39,22.36,21.83,16.03,24.76,43.38,18.76,31.38,35,8.6,16,19.98,23,26.36,21.72,19.47,27.02,23.12,21.37,,19.8,6.64,18,,28.23,,,,,,25.47,15.6,,20,,,28.88,22,0,27,,29.16,26,,,,,,7.28,3,17,3,14,20
Tennessee,Marshall,19,13.67,10.95,14.32,13.14,10.09,-8.47,9.87,13.57,7,5.9,20,18.99,9,13.8,18.1,18.2,2.06,11.89,8.12,,13.9,22.93,14,,3.89,,,,,,6.47,8.9,,19,,,24.47,8,19,14,,14.1,15,,,,,,6.66,24,34,3,10,58
Texas A&M,Utah,9.5,2.62,6.97,8.57,7.36,6.79,16.13,9.11,3.43,7,15.5,15,11.52,9,1.87,13.82,6.41,3.46,9.5,8.01,,12.2,5.75,15,,7.1,,,,,,4.41,10.7,,15,,,14.58,13,9,14,,10.95,14,,,,,,4.33,26,28,3,2,54
Texas Tech,New Mexico,13,13.18,8.67,17.09,18.66,11.38,27.73,18.54,14.01,22,18.8,13,11.54,14.5,12.32,9.52,20.79,9.91,15.21,14.94,,19.5,7.14,11,,15.73,,,,,,14.92,19.2,,19,,,21.24,12,12,4,,16.3,14,,,,,,5.02,28,42,3,14,70
UAB,Southern Miss.,-2.5,3.66,7.05,-3.88,3.16,-1.55,2.01,0.38,8.45,7,-10.7,3,4.05,0.5,-0.61,-1.03,-1.16,-5.59,0.58,-1.54,,-0.8,5.22,7,,-0.49,,,,,,5.53,-3.5,,-3,,,-1.04,-3,0,-7,,0.58,3,,,,,,4.48,17,12,3,-5,29
USC,BYU,22,17.67,23.48,22.91,24.99,23.96,22.87,39.76,18.4,36,56.7,20,22.25,19,17.2,19.62,37.45,45.09,28.19,23.8,,44.6,24.61,25,,23.53,,,,,,24.93,39.1,,39,,,24.75,34,21.5,25,,25.43,16,,,,,,9.93,18,35,3,17,53
Wake Forest,NC St.,-7.5,13.83,-4.9,-3.99,-9.76,-3.22,-17.29,-5.76,17.64,1,-11.4,-5,-4.89,-3,10.87,-3.94,-3.92,-1.65,-3.55,1.49,,-1.5,-11.96,-11,,-3.32,,,,,,-0.07,1.6,,-6,,,-13.44,-13,-7.5,-7,,-6.46,-1,,,,,,7.65,24,38,3,14,62
Washington,Indiana,24.5,23.99,24.79,21.21,13.5,15.53,26.08,27.76,22.46,33,39.3,17,24.55,20,25.85,23.99,24.58,28.22,24.71,20.28,,30,24.13,21,,27.02,,,,,,19.72,29.1,,29,,,28.86,24,24,29,,29.62,17,,,,,,5.46,13,38,3,25,51
Wisconsin,Akron,24.5,35.65,26.48,28.36,14.95,15.27,21.44,29.07,43.04,46,38.5,22,29.08,25,29.36,31.14,29.93,32.17,28.98,27.77,,35.2,13.84,23,,31.78,,,,,,33.33,38.4,,26,,,33.65,26,26.5,32,,34.23,19,,,,,,7.76,31,48,3,17,79
Air Force,North Texas,9,8.27,10.62,8.31,10.3,7.27,14.69,1.2,10.11,14,-4,7,8.46,12,6.49,9.76,7.04,9.54,7.38,0.95,-1,15.2,17.65,4,,5.64,,,,,,9.95,-0.3,,10,,,3.56,7,8,6,,9.38,2,,,,,,4.97,21,34,4,13,55
Akron,Eastern Mich.,19,8.96,9.53,15.07,9.97,8.49,-0.73,18.13,3.87,29,14,16,13.97,11,14.12,9.81,21.86,3.76,12.82,3.13,10,17.4,21.5,16,,6.19,,,,,,6.68,12.6,,24,,,17.01,13,20,18,,9.12,13,,,,,,6.52,17,24,4,7,41
Alabama,Kentucky,13.5,16.65,19.23,17.09,10.75,15.46,31.43,21.84,16.22,35,19.8,17,21.26,16.5,17.22,19.08,18.21,19.78,19.15,24.24,15,22.8,17.25,14,,16.76,,,,,,18.32,21.1,,15,,,17.22,15,14,20,,25.07,25,,,,,,4.96,17,27,4,10,44
Arizona,Oregon,-11.5,-7.98,-9.34,-5.26,-8.49,-6.9,-15.25,-3.59,-10.78,-18,9.6,-12,-7.13,-12.5,-5.75,-8.48,-11.73,-12.94,-8.17,-3.04,-4,0.8,-16.35,-7,,-7.66,,,,,,-20.6,-1.2,,-6,,,-14.54,-6,-11.5,-7,,-12.46,-2,,,,,,6.00,48,10,4,-38,58
Arizona St.,Utah St.,25.5,7.35,23.65,20.9,18.05,16.82,30.76,32.95,9.16,26,24.8,26,28.72,19.5,5.5,30.41,22.94,25.67,23.22,21.34,13,37.7,29.55,21,,21.62,,,,,,21.44,31.1,,31,,,23.58,28,25.5,34,,28.54,16,,,,,,7.78,16,26,4,10,42
Army,Rutgers,-6.5,-5.89,-10.49,-1.82,-5.23,-0.39,-3.35,-7.6,-6.36,-5,-6.2,-6,-9.6,-4,-5.43,-8.48,-5.6,-8.4,-5.76,-4.23,-1,-10.7,1.63,-10,,0.55,,,,,,-14.52,-8.8,,-7,,,-11.32,-2,-6.5,-7,,-1.98,-5,,,,,,3.74,36,21,4,-15,57
Baylor,SMU,2,-3.89,6.47,1.55,7.21,5.03,0.6,-0.09,-6.73,1,1.3,-0.25,3.26,2,-1.04,5.41,0.24,1.96,0.77,4.18,-4,7.8,2.92,-2,,1.36,,,,,,-7.42,-1.9,,5,,,-2.87,3,2,7,,1.48,-10,,,,,,4.35,7,10,4,3,17
Clemson,Middle Tenn.,14,23.75,17.25,22.01,3.41,7.97,19.91,8.79,31.25,-12,3.1,13,18.97,15.5,16.92,33.37,9.39,19.31,13.1,6.27,8,23.5,-1.44,13,,18.75,,,,,,20.79,17.9,,20,,,3.49,10,14,11,,16.17,7,,,,,,9.43,14,37,4,23,51
Colorado,Washington St.,4.5,8.09,7.66,3.93,0.98,1.39,-1.03,-0.28,11.31,11,-2,9,4.52,9.5,5.16,8.41,0.94,7.78,4.41,1.44,-2,2.5,-1.47,4,,1.47,,,,,,17.19,1.6,,3,,,1.49,4,5,8,,7.19,6,,,,,,4.54,47,26,4,-21,73
Connecticut,Boston College,-4,-10.35,-10.81,-15.39,-8.03,-3.68,-8.18,-8.61,-9.04,-7,-3.9,-4,-5.17,-9,-11.71,-7.52,-10.9,-10.35,-7.93,-6.21,-8,-2.9,-3.3,-6,,-9.58,,,,,,-6.7,-13.2,,-8,,,-10.75,-7,-4.5,-6,,-10.16,-4,,,,,,3.05,24,14,4,-10,38
Duke,Rice,11,7.51,12.48,4.59,13,11.83,6.94,18.32,6.56,3,13.1,16,17.64,2,8.48,12.95,7.52,21.91,11.18,9.95,6,15.9,12.32,20,,-0.2,,,,,,6.94,14,,7,,,17.99,15,10.5,16,,8.49,15,,,,,,5.54,24,27,4,3,51
Florida St.,Georgia Tech,24,16.12,15.85,17.67,17.87,16.56,20.39,22.35,15.88,21,30.4,14,20.5,17,16.38,12.86,17.88,29.93,18.84,16.93,8,28.4,19.34,23,,14.95,,,,,,16.23,17.5,,16,,,21.32,22,24,17,,18.75,16,,,,,,4.72,13,14,4,1,27
Georgia,South Carolina,14,14.33,6.79,16.45,9.59,10.77,33.05,24.75,13.57,36,21.8,12,13.06,14,15.06,11.97,17.31,20.41,17.65,15.96,9,34,24.47,19,,12.03,,,,,,4.08,16.5,,24,,,20.45,21,14,15,,18.22,17,,,,,,7.51,7,31,4,24,38
Idaho,Boise St.,-21.5,-12.54,-31.07,-24.66,-21.95,-20.72,-45.49,-30,-13.52,-27,-30.4,-17,-25.22,-23,-12.01,-24.04,-27.6,-45.69,-26.44,-20.71,-13,-31.4,-24.09,-24,,-29.31,,,,,,-35.97,-34.8,,-32,,,-28.24,-30,-20,-24,,-29.87,-28,,,,,,8.17,24,10,4,-14,34
Iowa St.,Iowa,-4,-1.46,-3.18,-6.25,-0.3,-5.58,-30.57,-12.14,-0.59,1,-6.8,-4,-4.27,-2,-2.3,0.22,-6.61,-16.68,-8.24,-8.53,-9,-21.3,-3.9,-11,,-12.6,,,,,,-9.67,-17.1,,-13,,,-6.11,-5,-4.5,-9,,-11.24,-8,,,,,,6.83,40,21,4,-19,61
Louisiana-Lafaye,Houston,-7,-7.6,-3.43,-7.57,-0.53,-0.57,-10.07,-14.33,-10.23,-2,-19.4,-6,-5.29,-8,-4.99,-0.23,-8.05,-15.42,-8.13,-11.57,-7,-9.9,-24.46,-7,,-5.04,,,,,,-14.34,-9.3,,-3,,,-3.45,-9,-7.5,-4,,-7.31,-5,,,,,,5.46,21,14,4,-7,35
Marshall,Toledo,7,12.89,12.4,8.78,6.34,2.57,14.6,10.35,13.7,36,12.9,7,11.66,7.5,12.03,11.23,7.92,13.01,10.81,15.96,-1,12.2,10.66,11,,12.58,,,,,,11.59,9.1,,1,,,17.66,9,0,12,,12.01,1,,,,,,6.38,24,17,4,-7,41
Miami (Fla.),East Carolina,41,31.22,44.91,35.97,36.17,36.92,51.14,40.48,31.02,71,56.4,36,46.81,38.5,31.51,35.31,48.12,58.14,41.24,33.81,23,47.1,36.3,36,,36.27,,,,,,47.18,44.5,,40,,,34.25,44,41,39,,43.52,38,,,,,,9.41,3,38,4,35,41
Michigan,Notre Dame,10,-0.3,5.9,7.66,13.43,9.2,-0.38,11.02,-4.01,15,16.4,6,15.33,9.5,3.45,11.37,11.28,8.21,8.19,4.24,3,13,7.81,10,,0.29,,,,,,4.2,10.6,,7,,,7.64,19,10,12,,7.1,12,,,,,,5.33,0,38,4,38,38
Michigan St.,Louisiana Tech,11.5,4.34,8.99,11.14,8.32,9.34,8.82,11.39,6.4,-13,11.4,9,9.44,12,2.47,12.03,7.76,8.14,8.21,4.44,6,15,3.94,9,,6.94,,,,,,10.52,11.2,,17,,,13.46,10,11,12,,9.78,1,,,,,,5.29,20,19,4,-1,39
Mississippi,Louisiana-Monroe,28,23.16,20.11,27.57,23.33,18.51,26.32,25.4,26.63,9,21.6,25,24.25,27.5,19.8,22.99,25.55,29.36,23.79,11.99,17,34.6,24.62,23,,18.19,,,,,,23.77,22,,31,,,28.34,25,27.5,29,,23.22,29,,,,,,5.26,14,59,4,45,73
Nebraska,Penn St.,10,9,13.45,10.02,13.78,12.84,10.26,-2.56,10.77,8,-6.4,10,14.74,10.5,7.32,14.04,5.55,4.81,5.76,9.92,1,-2.6,10.73,7,,-3.06,,,,,,11.91,0.7,,-7,,,-11.87,3,10,9,,8.86,3,,,,,,6.94,10,18,4,8,28
New Mexico,BYU,-2.5,-5.64,-2.56,-1.89,3.24,5.12,-6.69,4.48,-8.24,-5,2.5,0.25,0.51,0.5,-2.69,-2.12,4.71,9.04,0.82,-3.89,1,14.4,3.07,11,,-2.25,,,,,,-8.61,3.8,,9,,,-11.34,10,-3,3,,-1.31,-1,,,,,,6.09,10,7,4,-3,17
Northwestern,Miami (Ohio),-3,-2.12,13.36,1.87,7.84,9.67,-0.95,-3.18,-1.54,6,-1,5,5.1,1,-2.76,3.15,-7.17,-10.76,-0.33,-0.11,-2,-8.4,6.16,4,,-3.72,,,,,,1.42,-3.5,,-4,,,-6.85,-9,-3.5,0,,-2.28,-2,,,,,,5.59,44,14,4,-30,58
Ohio,Minnesota,-19.5,-7.83,-20.3,-15.09,-9.97,-9.8,-22.58,-19.38,-5.42,-22,-18.5,-16,-25.88,-11.5,-10.4,-20.67,-11.23,-23.1,-16.16,-11.15,-14,-12,-16.36,-17,,-14.84,,,,,,-24.1,-17.3,,-7,,,-21.98,-11,-20,-24,,-23.16,-22,,,,,,5.82,42,20,4,-22,62
Ohio St.,NC St.,9.5,13.87,15.58,10.21,10.83,14.4,23.17,15.72,17.42,1,9.5,18,12.32,15.5,10.53,17.31,8.64,6.61,12.29,5.74,8,13.2,14.1,14,,10.52,,,,,,20.36,12.7,,11,,,3.45,4,0,17,,13.26,18,,,,,,5.08,38,44,4,6,82
Oklahoma,Fresno St.,28.5,15.58,21.18,22.59,25.65,20.05,44.04,28.35,17.42,21,36.9,19,23.87,21,14.26,21.43,31.26,34.67,24.68,25.04,17,36.8,18.88,23,,17.52,,,,,,23.46,26,,28,,,32.11,31,29,21,,22.63,21,,,,,,7.00,28,52,4,24,80
Oregon St.,New Mexico St.,21,6.64,20.48,22.1,21.4,16.53,16.97,26.18,2.57,21,25.5,15,21.79,14.5,10.78,19.03,33.85,38.47,20.53,12.48,17,33.6,26.32,14,,14.33,,,,,,10.6,25.1,,34,,,17.54,29,21.5,26,,21.19,21,,,,,,8.25,16,28,4,12,44
Pittsburgh,Ball St.,30.5,14.94,28.13,25.23,17.12,18.82,22.2,33.78,13.69,49,30.8,20,31.09,17,16.26,25.82,25.29,24.6,25.25,21.88,13,33.6,35.81,22,,22.47,,,,,,22.21,30.6,,27,,,35.89,24,31,14,,32.11,35,,,,,,8.22,21,42,4,21,63
Southern Miss.,Memphis,5.5,6.03,-5.29,5.69,2.53,2.18,12.15,-0.73,6.06,-2,0,3,2.55,7,6.04,3.39,7.44,0.57,2.31,-1.03,-2,2.8,-1.05,3,,-0.99,,,,,,-12.28,-1.9,,9,,,-3.06,3,5.5,8,,3.49,9,,,,,,4.93,6,23,4,17,29
Syracuse,Louisville,3.5,2.61,-4.94,2.52,-3.33,0,5.05,1.52,4.19,-9,4.3,7,4.35,0.5,1.42,11.56,-3.96,-6.32,-0.29,-6.24,-9,0.4,7.14,3,,0.34,,,,,,-9.73,-2.3,,4,,,-2.75,-1,3,0,,-2.47,4,,,,,,5.10,30,20,4,-10,50
Texas,Arkansas,13,13.58,17.47,15.1,19.09,17.6,11.75,19.62,11.48,27,31,10,17.66,15,16.29,15.72,23.08,23.89,17.24,14.77,14,28.3,9.12,10,,14.83,,,,,,10.83,23.2,,15,,,14.33,26,13,20,,14.12,13,,,,,,5.71,38,28,4,-10,66
Tulane,Mississippi St.,-3,-3.41,4.82,-1.12,7.58,12.34,16.32,4.78,-1.17,15,15.3,-4,0.19,5.5,-6.02,4.62,3.47,4.16,5.04,14.61,1,6.9,3.81,4,,16.26,,,,,,9.26,5.7,,5,,,-6.76,9,-3,6,,7.72,-5,,,,,,6.56,28,31,4,3,59
UAB,Troy St.,11.5,5.53,7,9.09,15.01,11.22,29.85,9.35,4.6,-1,5,9,10.23,10,6.45,7.15,6.77,6.52,8.51,5.97,-2,5.3,14.75,14,,3.39,,,,,,6.37,7.4,,7,,,13.78,1,11,8,,9.58,16,,,,,,5.85,20,9,4,-11,29
UCLA,Illinois,10.5,13.93,12.39,10.21,-2.59,4.21,15.04,5.64,12.79,21,4.2,5,10.2,8.5,15.57,6.64,11,7.04,8.64,12.48,-1,9.5,1.68,6,,8.52,,,,,,8.72,7.8,,8,,,8.45,6,10.5,10,,11.76,7,,,,,,4.80,3,6,4,3,9
USC,Hawaii,21,23.27,25.86,25.32,22,23.51,18.24,32.45,24.52,25,47.5,27,23.59,19.5,22.27,20.74,27.93,22.69,25.4,20.04,19,39.8,22.65,22,,23.57,,,,,,20.71,36.3,,32,,,20.76,26,21.5,22,,24.46,22,,,,,,6.39,32,61,4,29,93
UTEP,San Diego St.,-19,-16.89,-24.16,-20.08,-16.75,-11.85,-9.61,-21.67,-18.04,-39,-26.7,-13,-25.78,-11.5,-15.83,-14.94,-26.92,-36.15,-20.82,-26.27,-14,-19.1,-35.25,-18,,-12.84,,,,,,-38.31,-27.7,,-17,,,-21.38,-19,-19,-16,,-14.82,-11,,,,,,8.19,34,0,4,-34,34
Utah,California,1.5,1.29,-0.85,-0.06,1.5,6.25,-9.89,-7.42,2.67,-1,-15.3,0.25,-3.89,3,-0.5,-0.93,-8.59,-13.23,-3.59,0.42,-12,-15.1,-0.91,3,,-3.91,,,,,,-0.49,-7.3,,-9,,,-3.2,0,2,-4,,-5.46,-4,,,,,,5.59,24,31,4,7,55
Vanderbilt,Auburn,-12,-10.24,-5.02,-9.85,-0.69,-1.48,-33.08,-12.8,-11.43,-9,-17.1,-7,-5.66,-5.5,-9.03,-9.83,-11.03,3.37,-10.07,-7.08,-5,-16.1,-6.48,-9,,-20.13,,,,,,-7.72,-6.3,,-19,,,-8.02,-10,-12,-9,,-14.77,-18,,,,,,6.80,45,7,4,-38,52
Wake Forest,Purdue,1,14.57,17.58,4.05,6.94,9.2,15.55,6.91,19.7,26,4.3,-0.25,13.4,7,9.3,15.98,7.49,12.22,7.95,16.66,3,2.9,-3.02,-2,,8.41,,,,,,18.44,10.8,,-2,,,-1.21,-1,1,4,,11.48,-2,,,,,,7.58,16,10,4,-6,26
West Va.,Cincinnati,7,6.2,1.6,7.33,-0.26,5.67,12.29,8.6,5.32,11,13.2,10,9.15,6,7.38,9.67,6.7,10.05,7.66,2.34,3,4.3,3.08,18,,16.45,,,,,,-1.95,14.5,,12,,,11.92,4,7,9,,8.05,5,,,,,,4.70,15,13,4,-2,28
Western Mich.,Virginia,-7.5,-1.69,-0.46,-4.22,-1.21,0.14,-23.46,-20.76,-3,20,-28.4,-12,-2.53,-3,-0.25,-7.26,-6.64,5.83,-8.99,-1.02,-7,-22.1,-17.48,-21,,-20.37,,,,,,-8.25,-10.2,,-14,,,-11.87,-6,-8,-13,,-13.65,-22,,,,,,10.20,59,16,4,-43,75
Wisconsin,UNLV,20,17.33,18.67,19.52,15.34,14.4,16.97,21.96,20.07,32,25.1,23,22.84,20.5,15.3,22.35,17.59,31.93,21.24,24.59,10,19.3,21.36,21,,19.26,,,,,,23.26,29.7,,19,,,20.77,23,20,24,,27.42,22,,,,,,4.84,23,5,4,-18,28
Wyoming,Kansas,4,1.44,-15.2,-0.34,8.31,6.71,10.06,1.96,3.48,-1,0.1,0.25,-3.02,2,-0.66,-1.43,7.81,9.86,2.53,-2.3,5,13,8.91,3,,0.44,,,,,,-6.19,-0.3,,10,,,1.92,13,4.5,-2,,0.6,-1,,,,,,5.96,42,35,4,-7,77
Air Force,Wyoming,20,18.68,28.85,17.13,23.77,21.1,29.14,20.55,20.34,22,26.5,22,22.59,26,17.07,20.58,21.09,30.19,21.87,20.38,1,24.7,16.65,21,,27.22,,,,,,29.23,20.9,,18,,,23,16,20,21,,29.99,20,,,,,,5.64,29,35,5,6,64
Alabama,Northern Ill.,14,11.4,7.25,15.7,9.55,11.37,7.54,13.41,7.56,-1,0.7,11,5.5,11.5,14.81,1.66,18.82,10.05,9.25,5.38,-24,18.9,3.78,11,,8.31,,,,,,3.81,10.2,,23,,,14,11,14,9,,10.91,17,,,,,,8.19,19,16,5,-3,35
Arkansas,North Texas,21.5,19.74,21.41,21.74,16.7,16.14,27.58,16.74,25.4,34,15.5,21,19.99,17.5,15.26,25.51,22.37,24.74,20.11,19.48,18,18.7,28.37,14,,19.73,,,,,,22.24,17.3,,20,,,18,13,22,15,,25.81,18,,,,,,4.73,7,31,5,24,38
Army,Tulane,-17,-17.22,-21.48,-16.28,-18.45,-14.01,-31.4,-23.39,-18.09,-17,-12.9,-14,-19.82,-22.5,-16.33,-20.57,-18.62,-28.29,-19.64,-18.86,-19,-21.6,-15.46,-19,,-21.22,,,,,,-28.5,-23,,-21,,,-20,-22,-16.5,-22,,-16.66,-11,,,,,,4.47,50,33,5,-17,83
BYU,Stanford,7,7.26,-1.6,2.62,5.76,5.04,23.04,6.1,8.21,37,13,8,14.58,7,6.35,16.93,2.64,8.19,9.88,9.79,12,10.7,13.54,13,,8.32,,,,,,8.29,7.4,,7,,,10,7,7,10,,10.02,16,,,,,,6.86,18,14,5,-4,32
Ball St.,Central Mich.,5.5,5.52,3.05,9,7.2,5.32,21.52,14.33,2.78,-8,13.4,3,4.93,3.5,8.26,6.28,9.25,0.89,6.86,7.74,2,13.1,16.19,7,,5.54,,,,,,-9.59,13.9,,11,,,7,7,5.5,8,,3.84,9,,,,,,6.20,14,27,5,13,41
Boston College,Miami (Fla.),-12.5,-11.75,-10.89,-13.45,-12.29,-7.33,-11.1,-2.97,-11.3,-16,-1.6,-9,-13.68,-17.5,-12.19,-17.04,-13.47,-12.82,-10.71,-2.91,-36,-0.8,-4.82,-12,,-6.74,,,,,,-14.58,-1.5,,-13,,,-14,-10,-12.5,-13,,-7.55,-7,,,,,,6.59,33,14,5,-19,47
Buffalo,Connecticut,-24,-14.56,-20.07,-20.51,-27.83,-16.97,-17.07,-27.28,-14.66,-3,-23.3,-16,-29.42,-18.5,-14.52,-21.35,-20.24,-32.49,-20.97,-21.25,-21,-35.5,-22.62,-12,,-19.03,,,,,,-26.37,-30.7,,-23,,,-21,-19,-25,-23,,-17.11,-21,,,,,,6.47,38,7,5,-31,45
Cincinnati,Temple,14,18.63,21.89,15.03,23.89,23.32,29.14,11.31,23.05,17,14.6,15,22.01,17.5,13.93,22.98,16.73,12.66,18.67,15.62,27,16.1,17.32,13,,27.42,,,,,,29.74,13.5,,12,,,17,15,14,17,,26.79,17,,,,,,5.35,24,30,5,6,54
Colorado St.,Miami (Ohio),6.5,4.05,0.62,5.65,-3.25,5.78,14.07,4.89,6.02,-11,2.7,6,1.97,9,2.08,5.96,3.32,5.41,3.08,-3.64,-37,2.8,6.09,15,,8.25,,,,,,-6.62,5.4,,11,,,3,8,6.5,11,,6.84,5,,,,,,9.22,41,21,5,-20,62
Duke,Northwestern,3,-0.69,-8.05,-3.76,2.35,6.87,2.83,8.53,0.73,-13,2.7,6,-1.38,0,-2.1,0.4,-0.14,11.9,1.02,-9.39,-20,7.8,0.44,10,,0.49,,,,,,-8.6,6.4,,4,,,6,10,3,3,,0.54,7,,,,,,7.11,28,10,5,-18,38
Florida,Tennessee,3.5,4.79,3.1,9.28,10.96,5.22,-5.52,2.01,-0.02,33,0,-1,8.85,4.5,11.66,0.76,15.47,17.81,6.71,8.54,38,12.5,0.16,3,,-0.71,,,,,,-7.12,5.1,,7,,,1,10,3,1,,0.73,2,,,,,,9.63,24,10,5,-14,34
Florida St.,Colorado,19,12.69,8.97,12.66,16.61,18.18,12.68,16.33,11.46,17,16.7,19,15.35,16,13.85,7.69,14.34,18.28,15.09,10.44,33,15.8,26.61,16,,7.2,,,,,,8.12,15,,8,,,17,13,19,15,,12.31,15,,,,,,5.24,7,47,5,40,54
Fresno St.,Louisiana Tech,10,8.93,9.35,11.52,4.23,7.64,13.89,17.35,7.48,1,5.9,6,10.72,8.5,10.23,13.86,13.39,9.32,10.56,1.69,12,15.3,17.43,15,,13.48,,,,,,-6.42,15.1,,18,,,13,16,10.5,17,,7.9,16,,,,,,5.58,6,16,5,10,22
Georgia Tech,Clemson,4,9.94,6.16,9.43,10.97,8.92,3.83,6.29,7.44,25,8.9,8,13.85,5.5,12.66,4.57,14.23,7.4,9.24,13,18,11.9,17.06,-1,,2.28,,,,,,2.08,10.5,,1,,,7,6,4,8,,8.01,15,,,,,,5.43,39,3,5,-36,42
Houston,Mississippi St.,-4.5,-0.5,4.52,-4,9.54,8.88,10.62,-4.15,3.66,16,12.7,2,4.09,3,-4.9,0.73,-2.72,-3.84,1.68,5.94,-17,-3.1,1.37,3,,9.37,,,,,,15.56,-3.4,,-4,,,-7,-2,-4.5,-8,,8.66,-4,,,,,,7.46,35,42,5,7,77
Illinois,California,4,1.67,0.82,2.76,4.74,7.69,-10.94,4.06,2,14,-3.3,8,7.08,3.5,1.23,10.03,-4.64,0.68,2.76,5.66,8,0.3,6.38,10,,2.25,,,,,,-3.23,6.8,,-8,,,-1,7,4,5,,0.45,4,,,,,,5.37,31,24,5,-7,55
Indiana,Kentucky,-8.5,-2.53,-3.3,-6.49,-3.24,-3.1,-0.55,-11.32,-2.14,-9,-3.7,0.25,0,-2.5,-3,3.34,-13.59,-13.39,-6.57,-7.36,-8,-12.7,-6.07,-7,,-10.2,,,,,,-8.79,-9.7,,-16,,,-10,-11,-9,-4,,-6.6,-2,,,,,,4.72,34,17,5,-17,51
Iowa,Arizona St.,8,14.37,16.2,13.83,16.33,16.29,28.12,14.4,14.71,37,16.7,11,10.53,14.5,14.16,3.54,20.71,20.88,16.51,23.28,32,18.3,4.96,11,,16.63,,,,,,13.98,17.8,,15,,,13,9,9,6,,16.58,18,,,,,,7.06,2,21,5,19,23
Kansas St.,Marshall,19,14.38,26.2,21.88,30.6,24.95,26,25.9,15.4,28,29.2,20,29.25,18.5,13.23,31.9,32.3,33.85,23.96,26.45,3,29,28.98,22,,13.51,,,,,,31.06,27.5,,33,,,21,27,19,22,,29.72,15,,,,,,7.25,27,20,5,-7,47
LSU,Georgia,1,-2.13,-3.91,-3.82,-2.19,-0.44,-6.87,-5.08,-3.06,-5,-0.6,-3,5.02,-6.5,-1.2,1.17,-5.39,4.74,-2.49,-3.77,2,0.4,0.73,-7,,-9.26,,,,,,-10.32,-1.8,,-7,,,4,0,2,1,,-2.29,-2,,,,,,3.84,10,17,5,7,27
Louisville,UTEP,37.5,35.98,39.98,36.92,39.4,32.89,31.91,33.07,37.78,49,28.3,29,42.47,32,34.29,34.86,47.49,63.93,37.4,39.63,40,43.7,38.4,20,,31.62,,,,,,51.67,39.5,,41,,,35,34,37.5,34,,36.95,22,,,,,,8.41,14,42,5,28,56
Maryland,West Va.,9,4.02,5.42,6,0.92,5.46,13.6,5.94,2.98,11,5,8,6.13,6,5.49,12.51,4.48,12.29,6.58,7.28,5,5.8,10.09,10,,3.7,,,,,,-2.7,6.8,,2,,,6,15,9,7,,6.73,12,,,,,,3.85,7,34,5,27,41
Minnesota,Louisiana-Lafaye,35,25.86,28.88,29.17,28.17,24.09,45.79,35.32,26.46,41,38.3,26,33.95,28,25.4,27.81,33.81,49.17,32.37,25.72,20,38.1,45.32,30,,29.51,,,,,,37.37,34.9,,24,,,31,35,34,34,,38.82,28,,,,,,7.04,14,48,5,34,62
Missouri,Middle Tenn.,21,25.24,25.18,24.16,22.56,19.19,23.96,20.5,33.91,35,27.7,23,35.17,20,17.2,36.29,22.32,35.5,25.53,26.05,23,30.8,20.03,20,,23.7,,,,,,40.06,30.4,,23,,,24,20,20.5,23,,33.23,18,,,,,,6.22,40,41,5,1,81
NC St.,Texas Tech,6.5,1.14,-5.8,1.31,-0.88,0.19,-0.25,0.61,-0.06,-8,-8,0.25,-0.45,-0.5,2.58,2.93,2.88,0.79,-1.25,-1.27,-30,-5.5,8.87,1,,5.8,,,,,,-18.75,-3.5,,1,,,10,11,6.5,8,,-4.95,-5,,,,,,7.95,21,49,5,28,70
Navy,Eastern Mich.,13,8.17,14.87,13.38,9.23,9.25,-9.08,20.33,7.48,14,22.6,10,18.25,7.5,8.86,12.83,16.46,13.85,11.19,11.11,4,23.9,5.45,11,,5.33,,,,,,17.89,22.4,,23,,,-17,11,12.5,17,,10.4,5,,,,,,8.65,7,39,5,32,46
Notre Dame,Michigan St.,,16.12,12.52,14.43,3.99,3.19,33.91,14.45,18.34,31,9.9,12,18.31,10.5,14.24,26.61,21,14.39,15.82,17.77,9,14.6,16.76,18,,23.72,,,,,,9.71,16.3,,18,,,14,13,,22,,19.44,14,,,,,,6.67,22,16,5,-6,38
Ohio St.,Bowling Green,14,12.51,18.11,15.81,10.23,12.12,25.02,29.01,12.91,-18,12.7,18,7.26,17.5,12.31,16.01,14.88,-2.08,12.59,1.02,-6,12.7,15.3,21,,16.74,,,,,,2.64,14.4,,22,,,10,7,15,22,,14.51,26,,,,,,9.65,17,24,5,7,41
Oklahoma,UCLA,19,12.09,22.72,15.36,16.08,17.19,43.47,22.39,13.82,6,23.3,17,21.65,18.5,10.58,20.39,16.24,26.12,19.35,18.54,8,24.3,17.57,20,,19.42,,,,,,21.83,20.7,,19,,,21,22,18.5,21,,18.66,26,,,,,,6.53,24,59,5,35,83
Oregon,Michigan,-7.5,0.33,-11.84,-6.72,-5.66,-0.55,-6.52,-12.18,2.73,-22,-17.1,-5,-16.53,-5,-2.04,-9.32,-9.1,-12.55,-9.92,-13.4,-22,-17.8,-7.2,-7,,-8.31,,,,,,-22.06,-17,,-5,,,-10,-11,-7.5,-13,,-8.13,-6,,,,,,6.46,27,31,5,4,58
Oregon St.,Boise St.,6.5,2.06,-4.28,1.16,-1.32,0.76,-3.48,-1.05,2.81,-22,-12.7,6,3.12,0,1.19,4.19,5.61,-7.4,-2.17,-5.38,-5,-11.5,5.08,2,,-4.31,,,,,,-14.98,-9,,1,,,3,-3,6.5,9,,-4.6,2,,,,,,6.80,24,26,5,2,50
Penn St.,Kent,24.5,20.24,12.97,28.24,14.36,16.11,29.09,37.73,16.62,11,21.7,13,16.36,15.5,23.9,15.81,32.13,33.19,22.75,13.42,6,39.3,26.52,22,,21.74,,,,,,-1.58,32.7,,47,,,27,31,24.5,24,,19.17,32,,,,,,10.40,10,32,5,22,42
Purdue,Arizona,25.5,11.88,20.23,13.91,11.48,15.38,16.47,22.83,10.03,54,19.6,20,25.86,14.5,13.7,16.89,17.6,32.67,22.54,28.99,37,32.5,30.14,23,,21.47,,,,,,27.15,26.2,,14,,,21,27,25,24,,26.66,17,,,,,,9.07,7,59,5,52,66
Rice,Texas,-30,-19.86,-28.69,-25.11,-26.36,-22.89,-31.83,-32.65,-17.39,-27,-27.6,-27,-28.32,-24,-23.13,-23.35,-32.28,-43.61,-28.5,-16.57,-44,-34.9,-27.34,-27,,-22.56,,,,,,-30.32,-27,,-31,,,-28,-33,-30,-31,,-32.73,-32,,,,,,6.13,48,7,5,-41,55
SMU,Oklahoma St.,-24,-10.12,-23.67,-19.23,-17.79,-15.8,-15.51,-25.26,-9.57,-15,-23.5,-14,-22.64,-16,-10.75,-18.2,-23.6,-32.06,-21.67,-19.46,-40,-32.6,-22.34,-19,,-18.83,,,,,,-27.81,-31.6,,-28,,,-27,-31,-24,-26,,-23.98,-8,,,,,,7.64,52,6,5,-46,58
San Jose St.,Nevada,-1.5,6.63,5.77,5.65,0.64,2.91,-0.08,-1.37,7.56,-21,-3.2,-0.25,5.67,3,5.73,5.48,-8.47,1.51,-0.63,-4.83,-7,-1.8,-11.09,11,,2.99,,,,,,-10.88,3.9,,2,,,-4,0,-1.5,-2,,-0.76,-7,,,,,,6.67,42,30,5,-12,72
South Carolina,UAB,14,16.61,23.01,17.55,22.33,14.36,2.27,16.06,18.79,22,25.3,12,25.32,12,14.5,23.47,22.28,26.98,18.32,23.57,23,26.4,6.28,13,,24.69,,,,,,23.06,26.2,,17,,,10,17,14,20,,23.02,5,,,,,,6.66,10,42,5,32,52
Syracuse,Central Florida,4.5,13.5,8.27,11.6,3.2,6.37,2.36,1.04,12.79,1,7.2,11,3.78,7,14.21,0.04,4.24,8.35,5.13,2.86,5,9.2,-5.2,-2,,1.02,,,,,,3.78,3.7,,3,,,7,-4,4,0,,5.73,8,,,,,,4.89,14,38,5,24,52
TCU,Vanderbilt,12.5,12.26,26.11,14.73,13.47,19.09,39.12,15.94,16.89,24,26.4,10,15.99,19.5,7.88,17.77,17.51,11.71,17.74,19.19,7,15.1,8.55,14,,25.39,,,,,,38.95,13.8,,12,,,10,18,12,16,,29.59,14,,,,,,7.96,14,30,5,16,44
Toledo,Pittsburgh,-10,2.59,-12.03,-3.62,-2.65,1.55,-18,-14.13,4.66,-4,-16.1,-5,-12.6,1.5,0.5,-13.11,0.17,-5.06,-5.8,-9.88,21,-10,-17.54,-8,,-0.58,,,,,,-21.51,-8.5,,-3,,,-17,0,-10.5,8,,-14.77,-10,,,,,,9.08,31,35,5,4,66
Tulsa,Arkansas St.,-3.5,4.34,2.57,-0.62,-0.96,-2.93,-19.26,-4.19,6.22,13,-8.3,-3,-4.02,-4.5,2.45,-7.6,1.75,-6.14,-4,-8.58,-46,-5.3,0.27,-2,,-2.68,,,,,,-2.98,-7.2,,1,,,-6,-9,-4,-6,,-2.97,1,,,,,,9.62,7,54,5,47,61
UNLV,Hawaii,1,4.2,9.02,3.63,5.92,6.14,-7.96,-0.95,4.4,-5,2,5,6.58,4,3.99,2.87,1.28,-7.91,2.25,8.38,33,0.9,-5.67,-7,,2.77,,,,,,7.19,1.4,,-4,,,-3,-1,1,-1,,3.22,-2,,,,,,7.43,22,33,5,11,55
Virginia Tech,Texas A&M,14.5,8.04,6.37,11.59,8.97,11.07,12.59,15.35,4.64,17,7.4,11,15.05,10.5,11.08,9.48,15.46,21.38,11.87,13.2,-5,16.4,22.53,13,,12.71,,,,,,-0.29,14.6,,15,,,13,12,15,16,,10.58,15,,,,,,5.49,19,35,5,16,54
Wake Forest,East Carolina,19,14.87,22.42,15.23,26.22,26.67,33.22,29.43,13.62,37,35.8,21,29.07,17.5,16.12,15.02,23.61,30.61,25.03,32.37,17,35.8,23.58,19,,28.12,,,,,,32.45,32,,17,,,24,21,19,22,,31.2,23,,,,,,7.08,16,34,5,18,50
Washington,Idaho,26.5,26.1,24.19,27.63,20.61,21.73,39.25,30.63,28.75,-3,19.8,23,34.09,27,23.45,41.68,21.66,25.21,25.75,14.87,15,25.2,29.94,28,,32.71,,,,,,25.36,29.4,,32,,,28,24,26.5,38,,30.99,29,,,,,,8.22,14,45,5,31,59
Washington St.,New Mexico,16.5,19.75,20.86,20.65,18.72,18.56,32.89,19.42,23.33,17,15.9,12,12.82,17,15.6,13.4,24.02,18.24,17.31,19.64,-19,18.1,10.49,14,,24.75,,,,,,14.96,17,,27,,,21,18,16.5,15,,24.69,7,,,,,,8.46,13,23,5,10,36
Wisconsin,North Carolina,14.5,7.99,9.32,7.29,10.35,20.26,26,14.75,9.85,12,14.8,6,3.71,15,6.08,1.24,12.55,18.97,13.95,8.09,35,14,5.4,16,,16.54,,,,,,14.97,5.5,,27,,,17,20,14.5,12,,19.96,12,,,,,,7.37,27,38,5,11,65
Alabama,Arkansas,-1,-1.59,-6.09,0.03,-14.11,-7.64,-4.24,6,-7.05,-13,-1.8,-6,-11.98,-1.5,2.94,-13.53,1.94,-3.88,-4.61,-6.21,-16,2.8,-7.8,-6,,1.26,,,,,,-15.98,0.1,,12,,,-23,10,0,-3,-7.7,-7.55,-2,,,,,,7.76,34,31,6,-3,65
Arizona,TCU,-14.5,-3.25,-11.91,-5.47,-18.16,-17.75,-19.6,-13.75,-2.84,-13,-16.8,-7,-17.86,-12.5,-3.71,-12.74,-15.55,-33.14,-14.25,-12.37,-37,-22.1,-9.54,-11,,-11.29,,,,,,-26.55,-16.2,,1,,,-18,-15,-15,-15,-6.2,-20.78,-3,,,,,,8.44,13,10,6,-3,23
Army,South Florida,-19,-15.26,-13.95,-17.74,-9.87,-11.1,-6.76,-24.95,-15.96,-17,-11,-18,-16.51,-22,-14.56,-23.57,-22.72,-36.05,-18.98,-20.23,-19,-20.7,-13.12,-24,,-28.71,,,,,,-14.1,-23.2,,-26,,,-21,-31,-18.5,-23,1.3,-11.33,-16,,,,,,6.56,28,0,6,-28,28
BYU,Air Force,1,4.13,0.21,5.09,2.36,-0.5,-11.23,2.68,2.68,7,-0.8,-0.25,2.71,-3,5.49,2.06,1.48,-5.45,0.39,4.35,-3,2.2,4.03,,,-6.14,,,,,,-16.28,-0.6,,6,,,5,1,2,0,-8.8,-8.37,9,,,,,,5.52,24,10,6,-14,34
Boise St.,Wyoming,23.5,20,20.65,24.43,26.17,22.83,5.6,27.39,18.85,12,19.4,17,16.39,24,21.54,18.53,28.59,36.53,21.33,13.96,14,28.4,19.67,18,,34.83,,,,,,3.31,22.3,,26,,,27,32,24,16,13,19.74,26,,,,,,7.44,17,33,6,16,50
Boston College,Ball St.,22,19.94,15.46,24.87,15.09,15.77,2.15,26.77,19.59,21,17.5,15,17.4,15.5,20.29,15.23,28.09,31.33,20.33,20.82,27,22.6,21.7,11,,21.63,,,,,,15.53,25.7,,28,,,24,23,21,20,8.8,23.35,25,,,,,,5.90,29,53,6,24,82
Buffalo,Akron,-15,-10.11,-7.74,-11.71,-25.1,-19.61,-8.96,-8.48,-7.52,1,-4.3,-16,-11.68,-19.5,-12.73,-3.81,-4.33,-19.86,-11.23,-4.24,-19,-20,-8.86,-10,,-7.97,,,,,,-9.13,-10.8,,-9,,,-13,-13,-16.5,-13,-5,-4.74,-15,,,,,,5.92,38,21,6,-17,59
California,USC,-13,-8.49,-17.93,-12.73,-17.04,-18.84,-13.62,-20.53,-10.89,-21,-22.8,-17,-19.59,-14,-6.01,-15.84,-13.72,-18.11,-16.04,-8.75,-9,-16.7,-18.2,-20,,-18.22,,,,,,-24.34,-22.8,,-10,,,-16,-12,-13,-15,-20.1,-21.13,-17,,,,,,4.67,31,34,6,3,65
Colorado St.,Utah,6.5,2.99,-0.1,0.81,-5.76,-2.32,-5.39,2.06,3.58,1,-2.2,5,1.03,5.5,2.4,2.27,0.03,0.33,1.65,-1.55,0,-0.5,4.24,7,,3.25,,,,,,-10.24,-5.1,,12,,,9,8,6.5,4,-9,-1.08,11,,,,,,4.90,28,21,6,-7,49
Duke,Florida St.,-29.5,-27.95,-30.71,-30.52,-38.77,-30.54,-28.18,-32.29,-26.55,-39,-32,-18,-33.81,-26,-29.49,-19.78,-38.97,-37.27,-29.94,-27.56,-26,-36.8,-32.5,-20,,-29.36,,,,,,-31.01,-36.8,,-22,,,-34,-29,-30.5,-27,-19.2,-33.18,-23,,,,,,5.69,56,7,6,-49,63
Eastern Mich.,Maryland,-34.5,-24.8,-30.62,-33.15,-22.18,-21.66,-8.28,-43.09,-22.29,-30,-27.2,-22,-34.76,-21.5,-27.62,-26.77,-38.29,-50.11,-30.32,-23.36,-22,-47.3,-33.01,-24,,-27.56,,,,,,-31.43,-42.9,,-35,,,-32,-34,-35,-39,-8.8,-27.14,-37,,,,,,8.82,37,13,6,-24,50
Hawaii,Rice,21.5,12.39,21.02,12.71,30.69,24.7,18.38,18.64,11.92,32,19.5,20,21.49,17.5,12.91,17.83,25.05,23.84,19.75,16.91,21,19.9,24.87,23,,16.92,,,,,,17.14,16.6,,17,,,24,19,21,21,17.8,18.38,16,,,,,,4.77,21,41,6,20,62
Illinois,Wisconsin,-2.5,-2.31,-6.01,1.32,-1.8,-0.19,-23.95,2.86,-5.35,3,-1.4,-5,3.17,-5.5,0.94,-0.3,3.6,7.87,-1.65,3.78,-5,8.3,11.03,-3,,-7.42,,,,,,-19.74,9.2,,-2,,,,4,-2.5,-3,-17.7,-11.52,-5,,,,,,7.62,38,20,6,-18,58
Kansas,Missouri,-10,-7.5,2.2,-5.92,-7.33,-5.37,-4.38,-16.28,-9.09,-2,-11.2,-6,-2.99,-7.5,-5.97,-5.84,-12.8,-7.38,-7.69,0.81,6,-6.7,-12.56,-7,,-15.2,,,,,,-0.01,-8.7,,-22,,,-14,-14,-10.5,-10,-7.3,-6.72,-13,,,,,,5.82,14,35,6,21,49
Kent,Central Florida,-10,-2.3,-3.7,-9.33,-1,8.8,16.1,-13.9,-1.25,9,-0.2,-0.25,-5.86,-4,-3.36,-6.49,-10.92,-7.31,-4.18,0.92,4,-1.3,-13.94,-3,,-7.01,,,,,,-2.44,-7.9,,-24,,,,-13,-10,-12,12.2,-0.73,-9,,,,,,7.84,16,36,6,20,52
Kentucky,Florida,-9.5,-7.86,-9.55,-12.22,-16.78,-13.18,-17.9,-4.66,-4.86,-15,-9.9,-7,-14.99,-10,-12.57,-12.01,-11.71,-16.24,-11.29,-7.84,-32,-7.9,-10.76,-7,,-4.67,,,,,,-12.04,-7,,-14,,,-12,-6,-9,-9,-10,-12.39,-11,,,,,,5.26,24,21,6,-3,45
Louisville,Temple,14,19.27,23.84,17.91,20.49,24.58,45.07,7.69,24.3,15,10.6,21,12.55,22.5,14.06,20.83,10.36,11.48,17.12,20.89,-3,6.1,4.66,18,,27.05,,,,,,36.23,10,,14,,,11,9,14,12,20.7,30.37,13,,,,,,9.65,12,21,6,9,33
Memphis,Arkansas St.,16,18.09,18.26,18.73,24.75,12.12,28.27,18.5,19.95,19,24.7,8,23.63,8.5,16.23,22.71,23.86,29.03,17.87,15.2,12,25.3,22.05,6,,10.61,,,,,,16.71,15.5,,16,,,,14,17,20,27.5,14.31,14,,,,,,5.91,16,38,6,22,54
Miami (Ohio),Cincinnati,7,4.88,11.23,6.13,-3.02,-0.74,0.96,3.79,2.43,16,-1.1,6,8.62,3.5,7.33,2.68,3.51,4.45,5.43,21.74,8,7.2,6.89,5,,-3.04,,,,,,7.66,8.4,,-6,,,10,5,7,5,-8.4,9.76,6,,,,,,5.46,37,42,6,5,79
Michigan,Indiana,33.5,25.48,33.67,28.97,39.53,32.88,43.47,34.09,24.52,45,42.9,25,32.92,27,26.81,26.93,37.69,39.37,33.84,36.53,17,39.7,40.4,24,,32.66,,,,,,36.27,33,,42,,,39,34,35,34,40.1,40.33,34,,,,,,6.81,17,31,6,14,48
Michigan St.,Iowa,-7,-7.5,-13.8,-11.64,-5.06,-4.77,-15.95,-20.58,-7,-22,-12,-10,-8.63,-10.5,-7.98,-1.91,-20.43,-24.03,-14.56,-18.43,-25,-19.7,-22.08,-18,,-15.1,,,,,,-18.25,-19.6,,-19,,,-10,-16,-7,-13,-1.8,-16.36,-17,,,,,,6.09,10,20,6,10,30
Mississippi,Texas Tech,3,-1.37,1.34,-2.74,7.33,-2.01,-7.22,-5.59,-1.53,-3,-3.1,1,-2.94,-0.5,-1.21,-3.89,-2.77,-0.27,-2.21,-9.43,-7,-1.7,3.14,1,,-7,,,,,,-1.78,-8,,-4,,,-1,0,1.5,2,-0.3,-3.36,-3,,,,,,3.49,49,45,6,-4,94
Mississippi St.,LSU,-13.5,-14.77,-23.6,-15.7,-35.23,-31.68,-32.37,-19.74,-17.89,-29,-37.8,-17,-30.05,-19.5,-11.37,-27.03,-22.42,-22.61,-23.76,-22.82,-43,-26.1,-24.37,-20,,-30.87,,,,,,-27.52,-27.7,,-12,,,-16,-16,-13.5,-21,-35,-32.28,-9,,,,,,8.14,41,6,6,-35,47
NC St.,North Carolina,18,11.87,18.15,14.34,21.64,26.77,36.77,29.46,11.94,31,27.7,15,20.6,19.5,11.85,13.57,22.33,25.64,23.22,22.6,39,35.6,23.87,23,,22.58,,,,,,18.28,30.3,,25,,,21,32,19.5,19,19.3,26.17,13,,,,,,7.50,34,47,6,13,81
Nevada,SMU,19,13.2,27.02,10.82,28.28,25.31,34.95,14.82,14.17,47,16.8,17,14.01,18,12.28,8.23,24.57,27.9,20.74,27.19,28,17.2,28.62,10,,17.86,,,,,,33.34,18.3,,14,,,22,21,19,15,19.2,22.16,14,,,,,,8.57,9,12,6,3,21
New Mexico,New Mexico St.,10.5,4.43,12.56,9.54,15.57,14.29,16.25,16.76,-0.79,14,19.6,10,15.78,6,10.22,11.54,12.9,18.08,13.08,12.36,18,27.3,8.43,10,,3.06,,,,,,5.79,20.4,,27,,,,15,11.5,15,10.2,7.4,16,,,,,,6.34,17,24,6,7,41
North Texas,Louisiana-Lafaye,18.5,17.68,17.16,16.2,15.81,11.85,13.57,23.53,18.24,17,21.7,17,21.66,16,17.17,17,20.04,28.82,18.76,11.2,18,24.1,13.67,23,,18.47,,,,,,16.51,22.1,,19,,,21,23,18,22,15.2,18,21,,,,,,3.84,23,44,6,21,67
Northern Ill.,Iowa St.,6.5,8.65,11.73,4.66,16.7,13.25,-22.62,9.8,12.14,14,10.6,8,12.24,6.5,5.81,10.25,6.37,14.31,9.1,11.35,2,12.4,9.47,14,,14.65,,,,,,12.93,12.9,,-3,,,10,12,6.5,14,12,15.91,1,,,,,,7.42,16,24,6,8,40
Ohio,Western Mich.,-2,-2.87,0.58,-4.2,-1.42,1.91,-3.35,3.46,-1.51,13,8.2,-0.25,-7.08,-1,-4.29,-7.53,3.11,-6.53,-0.9,0.77,-45,4.3,7.77,4,,6.3,,,,,,0.9,2.9,,3,,,-5,3,-2,-3,6,2.98,-1,,,,,,9.45,39,32,6,-7,71
Ohio St.,Northwestern,22,20.53,17.62,19.57,15.05,19.58,38.07,32.86,23.38,23,26,19,12.49,24.5,18.18,20.17,26.33,34.51,24.02,14.76,18,28.5,24.37,18,,38.63,,,,,,18.71,27.5,,33,,,21,32,22,28,21,25.2,26,,,,,,6.79,0,20,6,20,20
Oregon,Washington St.,4,4.96,8.51,0.12,2.54,5.18,22.93,-3.2,6.41,21,5,9,13.94,8.5,3.74,9.81,0.36,-1.32,5.66,4,0,1.3,10.82,4,,3.51,,,,,,18.04,1.1,,-7,,,7,-1,4,2,14,11.29,3,,,,,,6.75,55,16,6,-39,71
Oregon St.,Arizona St.,6,7.27,4.47,7.53,9.31,7.51,14.69,4.07,7.13,1,-2.3,5,6.22,8.5,7.4,-0.08,11.9,9.32,5.51,7.37,-6,5.7,8.12,4,,10.31,,,,,,-1.29,4.3,,4,,,3,5,6,0,-2.2,6.34,11,,,,,,4.41,17,45,6,28,62
Penn St.,Minnesota,-2,4.9,-5.56,3.83,-8.47,-5.69,-9.57,3.47,5.77,-14,-6,-4,-9.44,-1,3.91,-5.1,4.73,-6.56,-2.44,-8.46,19,1.5,-2.7,-6,,0.99,,,,,,-17.85,0.6,,2,,,-6,5,-3,-4,-9.2,-11.86,1,,,,,,7.28,20,14,6,-6,34
Purdue,Notre Dame,10.5,4.19,13.29,6.36,34.31,25.41,12.38,14.55,1.39,30,12.7,11,15.13,6.5,7.2,8.35,14.69,28.25,14.99,18.25,35,23.1,19.35,10,,5.91,,,,,,16.14,19.5,,-2,,,13,19,10,10,5,17.64,14,,,,,,9.01,10,23,6,13,33
Rutgers,Navy,0,3.21,-3.75,-0.6,-2.69,-3.88,10.55,-3.76,4.82,-1,-1.1,2,-3.33,1,1.58,1.12,-0.34,-9.79,-0.43,-1.41,-13,-4.4,-0.49,3,,1.78,,,,,,-0.08,-4.3,,1,,,3,-3,2,1,11.5,0.58,9,,,,,,4.58,27,48,6,21,75
Southern Miss.,Nebraska,-10,-8.59,-10.01,-10.46,-9.98,-16.65,-31.12,-9.53,-9.24,-16,-5.2,-8,-6.29,-7.5,-8.18,-8.49,-6.96,-11,-10.78,-8.46,-15,-10.1,-13.17,-7,,-6.8,,,,,,-17.82,-9.7,,-17,,,-13,-6,-8.5,-4,-2.3,-18.03,-5,,,,,,5.45,38,14,6,-24,52
Syracuse,Toledo,3.5,4.5,1.93,3.3,0.01,-1.54,0.5,1.98,3.03,-12,0,1,-6.26,-3,5.92,-3.91,1.71,-5.22,-2.02,-4.65,-8,-0.3,-5.52,-7,,-6.64,,,,,,-5.88,-7.1,,3,,,1,-4,4,-2,2.3,-6.56,-1,,,,,,4.34,7,34,6,27,41
Tennessee,South Carolina,16,14.75,15.96,16.36,13.8,12.96,9.98,15.17,16.77,25,8.9,11,11.34,12.5,13.3,9.16,15.09,13.61,13.58,16,-9,15.7,22.74,11,,9.04,,,,,,18.95,14.9,,10,,,13,18,16,15,7,16.01,14,,,,,,5.57,20,23,6,3,43
Texas,Tulane,29.5,19.79,17.19,24.71,15.11,15.89,24.98,22.87,15.87,28,16.9,25,23.95,21,24.8,18.78,32.15,26.15,22.48,13.15,43,31.8,24.66,13,,13.82,,,,,,5.4,21.1,,28,,,27,25,30,22,7,20.74,35,,,,,,7.44,18,63,6,45,81
Texas A&M,Pittsburgh,-1,5.41,1.2,0.84,-7.42,-5.04,32.1,-7.95,8.78,-16,-1,0.25,-1.94,2,1.95,5.15,0.7,-8.53,-0.8,-2.16,-6,-1.9,-9.59,-2,,-1.88,,,,,,0.2,-4.7,,-6,,,-4,-1,-1,12,5.7,-1.38,-7,,,,,,8.26,37,26,6,-11,63
Troy St.,Marshall,-12.5,-11.58,-14.55,-13.81,-3.95,1.03,-3.03,-17.11,-8.38,-20,-7.1,-6,-21.9,-10.5,-14.71,-11.73,-12.73,-21.71,-13.15,-8.92,-31,-21.6,-18.47,-7,,-14.51,,,,,,-15.28,-21.7,,-10,,,,-8,-14,-13,4.4,-14.16,-13,,,,,,6.74,24,33,6,9,57
UCLA,San Diego St.,10.5,15.67,3.09,13.99,-12.84,-5.86,-4.08,11.94,16.57,-13,5.7,4,5.44,6.5,14.77,13,10.87,7.82,5.22,-6.89,-23,15.4,-2.17,5,,13.87,,,,,,-9.72,13.1,,16,,,14,7,11.5,10,5.8,1.53,14,,,,,,10.32,10,20,6,10,30
Utah St.,Louisiana-Monroe,13.5,18.68,18.41,15.42,19.59,11.72,3.99,11.39,19.5,19,8.6,14,15.98,16.5,17.99,13.62,17.51,17.3,14.18,14.33,20,18.6,5.21,4,,9.01,,,,,,19.84,13.3,,10,,,17,12,12.5,12,5.3,9.08,16,,,,,,4.74,10,28,6,18,38
Vanderbilt,Georgia Tech,-7.5,-9.69,-12.29,-12.62,-1.84,-1.95,3.09,-6.88,-10.39,-23,-11.3,-4,-11.75,-8.5,-8.95,-11.95,-17.18,-6.08,-8.96,-16.2,-5,-2.2,-13.39,-4,,-12.91,,,,,,-11.67,-7.8,,-7,,,-10,-6,-7.5,-3,-7.2,-11.19,-12,,,,,,5.30,24,17,6,-7,41
Virginia,Wake Forest,7,2.62,-2.55,2.08,1.32,2.68,5.72,4.93,1.85,-6,3.6,5,-1.96,2.5,3.43,-1.62,2.34,3.02,3.32,-7.06,24,9.1,7.98,10,,-0.08,,,,,,-7.89,6.4,,-8,,,10,10,7,9,2.2,-2.53,13,,,,,,6.72,24,27,6,3,51
Virginia Tech,Connecticut,21,21.69,22.64,24.43,7.3,10.36,27.91,14.14,23.03,1,14.7,18,16.73,22.5,20.32,17.95,16.13,25.44,17.39,16.68,-12,19.4,21.32,19,,17.68,,,,,,19.02,15.8,,18,,,20,16,23,24,16,24.05,16,,,,,,7.68,13,47,6,34,60
Washington,Stanford,13,5.5,-1.26,7.02,-8.5,-7.96,-13.84,17.01,2.84,-3,8.2,4,5.92,7.5,8.05,8.55,9.6,11.04,6.83,-4.76,14,17.7,9.21,18,,12.83,,,,,,-5.21,14.1,,14,,,17,16,13.5,15,-10.3,2.18,11,,,,,,8.60,17,28,6,11,45
Arizona St.,USC,-11.5,-8.64,-9.32,-13.75,-11.51,-14.53,-9.2,-19.79,-6.9,-17,-17.3,-11,-14.23,-12,-10.45,-4.37,-15.85,-20.23,-12.51,-8.64,2,-20.7,-11.59,-8,,-9.74,,,,,,-12.6,-16.1,,-21,,,,-10,-11,-10,-7.2,-14.76,-18,,,,,,5.16,37,17,7,-20,54
Arkansas St.,Louisiana-Monroe,7,6.39,10.89,7.13,20.41,15.79,16.9,5.6,7.43,4,1.3,18,7.62,17,5.41,11.53,5.74,1.2,9.47,4.62,13,5,-4.02,11,,14.34,,,,,,15.89,6.7,,19,,,,10,8.5,9,3,7.23,10,,,,,,5.85,41,44,7,3,85
Auburn,Tennessee,1,-4.41,-15.83,-8.49,-14.26,-10.77,-23.62,3.53,-9.52,-19,-11.8,-8,-10.26,-9,0.12,-13.32,-0.52,3.27,-7.84,-13.44,-12,10.1,-6.38,-8,,-6.37,,,,,,-33.9,0.2,,2,,,,5,0,-1,-24.7,-21.63,2,,,,,,9.54,21,28,7,7,49
Baylor,Colorado,-20,-18.23,-19.95,-20.3,2.29,0.63,-20.23,-21.58,-19.56,-17,-17.6,-12,-17.39,-15,-17.14,-17.83,-32.21,-26.54,-18.53,-18.69,-34,-17.2,-15.18,-7,,-21.88,,,,,,-21.42,-19.9,,-30,,,,-20,-20,-17,-12.5,-19.11,-25,,,,,,7.70,30,42,7,12,72
Bowling Green,Central Mich.,29,22.56,25.45,32.02,33.95,24.16,26.61,27.6,21.51,41,28.7,27,34.67,19.5,23.62,28.92,31.26,38.85,29.59,36.16,43,34.3,37.91,21,,26.56,,,,,,25.9,32.3,,31,,,,29,27,27,22.5,33.32,23,,,,,,6.08,3,23,7,20,26
California,Oregon St.,-1.5,1.42,-3.65,0.48,-0.98,-6.28,-13.54,1.19,0.35,-2,1.6,-2,-1.27,-3,2.55,1.15,2.35,-0.32,-1.19,-1.32,-8,5.7,-7.65,-2,,-0.99,,,,,,-6.04,5.4,,9,,,,-3,-1.5,5,-2.5,-5.94,-4,,,,,,4.65,35,21,7,-14,56
Central Florida,Buffalo,24.5,19.82,19.98,23.01,12.71,10.66,8.47,19.56,19.2,21,7.5,22,17.92,27,20.45,18.6,25.03,22.5,18.56,14.15,9,14.9,23.96,13,,25.2,,,,,,14.4,16.4,,28,,,,26,24.5,28,-1.1,12.4,16,,,,,,5.94,10,19,7,9,29
Cincinnati,Southern Miss.,8,5.81,8.92,7.91,25.88,19.7,7.76,11.98,4.56,29,10.9,9,7.71,6,7.02,6.23,11.47,9.46,11.33,11.29,29,14.8,10.27,3,,12.82,,,,,,5.09,7.7,,19,,,,13,8,8,8.2,10.62,6,,,,,,6.82,22,20,7,-2,42
Colorado St.,Fresno St.,5,-0.22,-5.23,-0.91,-10.24,-7.96,-1.3,-0.49,-1.54,-9,-2.6,-3,-8.07,-2,1.02,-5.8,8.66,-0.88,-3.35,-7.11,-12,0.5,-2.68,-6,,-4.08,,,,,,-13.81,-3.6,,9,,,,1,6.5,-2,-10.2,-11.15,1,,,,,,5.29,10,34,7,24,44
East Carolina,Houston,-2,2.54,-5.73,-1.27,-28.76,-29.64,-24.07,-3.75,1.35,-10,-10.5,-7,-10.08,-3,3.65,-0.65,2.78,-4.48,-7.15,-19.64,7,-3.6,-5.42,-7,,-4.79,,,,,,-20.75,-6.5,,-6,,,,0,-2,-5,-14,-11.1,-3,,,,,,9.16,27,13,7,-14,40
Eastern Mich.,Western Mich.,-15,-12.83,-17.79,-19.35,-13.2,-7.15,-14.69,-8.97,-12.66,-13,-5.9,-14,-17.39,-14,-13.01,-14.04,-17.91,-16.27,-13.22,-12.22,-17,-11.3,-8.93,-10,,-7.55,,,,,,-22.17,-16.6,,-17,,,,-9,-15.5,-14,-6,-10.58,-8,,,,,,3.98,31,3,7,-28,34
Florida,Mississippi,12.5,16.24,18.94,17.25,23.9,17.91,30.43,8.66,15.19,23,10.1,20,16.02,18,17.75,14.31,16.73,16.32,17.84,19.3,46,13.2,8.96,13,,14.14,,,,,,16.72,10,,24,,,,18,12.5,12,7,21.23,4,,,,,,7.58,20,17,7,-3,37
Georgia,Alabama,12,10.5,8.53,11.57,14.94,15.27,6.2,7.82,11.37,18,16.6,11,15.36,12,9.48,10.51,4.01,8.5,11.76,19.77,22,10.8,17.07,14,,10.09,,,,,,6.85,10.3,,7,,,,12,10,13,18,14.37,4,,,,,,4.39,23,37,7,14,60
Georgia Tech,NC St.,-6.5,0.54,-3.33,-2.13,-7.29,-4.1,-16.84,-12.55,1.44,-5,-6.6,-5,-8.32,-2.5,-0.41,-2.52,-2.48,-13.76,-5.88,-4.21,-9,8.9,-12.32,-8,,-9.52,,,,,,-12.8,-10.8,,6,,,,-11,-6.5,-9,-4.6,-10.96,-3,,,,,,5.85,21,29,7,8,50
Iowa,Michigan,-3,0.02,4.35,3.33,-0.34,0.19,3.8,3.47,1,8,0.6,3,-1.02,0.5,-1.13,-1.1,6.21,2.17,2.27,7.2,26,0,1.29,3,,2.93,,,,,,2.39,-1,,-4,,,,0,-3,-6,2.4,4.31,-1,,,,,,5.41,27,30,7,3,57
Iowa St.,Oklahoma,-20.5,-16.08,-20.76,-19.38,-17.61,-22.75,-5.8,-24.41,-16.82,-23,-15.7,-20,-26.68,-21,-15.36,-20.55,-15.36,-19.3,-19.39,-14.74,3,-27.8,-16.12,-20,,-21.39,,,,,,-28.2,-24.3,,-21,,,,-21,-21,-24,-13,-21.68,-24,,,,,,6.22,53,7,7,-46,60
Kent,Ball St.,2.5,3.22,5.78,3.12,-1.53,3.85,-0.57,-3.53,4.98,12,0.6,6,4.77,4.5,1.47,5.21,-2.92,2.71,2.98,6.85,11,2,0.42,-3,,8.5,,,,,,4.99,2.9,,-6,,,,1,2,6,1.7,6.06,-1,,,,,,4.18,34,17,7,-17,51
Louisiana Tech,Boise St.,-8.5,-2.84,1.44,-6.3,-6.22,-5.75,0.79,-16.86,-0.48,1,-2.3,1,5.31,-7,-5.38,6.89,-14.07,-14.05,-5.92,1.91,-13,-15.1,-11.07,-8,,-12.43,,,,,,5.72,-14,,-14,,,,-21,-7,-5,6.5,0.07,-7,,,,,,7.41,43,37,7,-6,80
Maryland,Clemson,7.5,3.63,-3.66,3.04,3.22,5.04,-3.84,6.86,0.85,-1,1,6,-4.08,4.5,6.49,-1.03,9.74,14.28,3.47,-7.61,-11,3,6.97,6,,7.14,,,,,,-1.65,4.3,,10,,,,14,6.5,6,-1.4,0.91,15,,,,,,6.14,7,21,7,14,28
Memphis,UAB,9,8.13,13.9,10.73,28.75,18.19,18.4,13.45,9.34,15,15.8,12,14.22,9,6.91,10.63,11.51,23.93,14.13,8.93,32,17.2,12.7,11,,14.84,,,,,,16.64,14.5,,13,,,,14,10,13,18.3,14.3,2,,,,,,6.00,24,10,7,-14,34
Miami (Fla.),West Va.,25.5,23.63,30.76,27.05,22.71,25.05,53.58,23.3,25.28,34,24.6,25,28.18,28,21.87,26.79,24.13,27.06,26.72,30.87,21,31,26.49,23,,21.1,,,,,,35.52,23.4,,15,,,,26,27,23,26.7,34.19,20,,,,,,6.77,20,22,7,2,42
Miami (Ohio),Akron,16,20.85,26.88,25.51,18.42,18.1,16.8,23.75,22.77,35,25.2,21,27.99,17,18.87,26.35,20.46,14.52,22.71,30.03,21,26.3,16.03,11,,24.72,,,,,,25.84,29.3,,30,,,,19,19.5,25,12.2,30.59,13,,,,,,5.76,20,45,7,25,65
Michigan St.,Indiana,15.5,14.24,25.37,18.21,29.48,28.09,43.07,15.47,18.05,29,28,18,26.28,18.5,10.47,22.89,13.42,15.7,21.22,31.88,9,17.8,13.6,20,,30.1,,,,,,31.55,24.7,,14,,,,10,15,15,36.6,32.82,12,,,,,,8.38,3,31,7,28,34
Middle Tenn.,Temple,3,-5.3,-0.2,-2.52,-6.63,-3.65,-9.6,0.46,-10.37,8,-3,5,-2.32,4,-1.04,-9.84,2.53,-8.44,-0.9,8.19,-10,-1.8,10.82,9,,5.26,,,,,,-5.11,-2.7,,-10,,,,4,4.5,2,-0.6,2.14,4,,,,,,6.25,44,36,7,-8,80
Mississippi St.,Vanderbilt,4.5,4.99,6.03,5.99,-8.65,-8.51,0.82,4.21,4.98,12,5.1,6,5.38,6,5.02,0.9,4.22,-1.13,3.84,11.23,-4,3.8,6.05,4,,3.93,,,,,,5.91,1.3,,9,,,,6,5,1,7.7,5.65,8,,,,,,4.68,21,30,7,9,51
Navy,Air Force,-14.5,-16.66,-23.64,-16.82,-7.42,-8.72,-24.99,-12.53,-20.07,28,-11.4,-14,-21.96,-19,-13.44,-21.39,-18.85,-20.94,-16.07,-18.62,-7,-16.8,-17.19,-17,,-25.68,,,,,,-26.95,-19.9,,-18,,,,-10,-15,-16,-16,-26.09,-19,,,,,,9.90,25,28,7,3,53
Nebraska,Troy St.,27.5,23.98,24.61,23.46,27.11,23.12,46.61,22.6,22.77,29,21.1,17,20.39,19,25.27,10.1,26.2,27.55,24.17,13.1,41,33.4,27.97,19,,19.44,,,,,,25.39,18.8,,31,,,,13,27.5,20,16.7,27.11,26,,,,,,7.53,0,30,7,30,30
Nevada,UNLV,-5.5,-2.62,-12.35,-11.43,-12.31,-8.79,-13.69,-7.16,-0.89,-15,-10.3,-5,-16.76,-3.5,-4.25,-11.39,-5.18,-12.4,-8.44,-8.37,-16,-12.9,-4.03,-2,,-3.73,,,,,,-16.14,-11.4,,-8,,,,-1,-4.5,-8,-5,-12.7,4,,,,,,5.32,16,12,7,-4,28
New Mexico,Utah St.,14,7.95,8.41,10.69,10.54,12.82,24.32,16.56,6.19,10,12.3,14,12.11,10.5,9.95,15.9,10.93,12.27,12.72,9.35,11,17.4,11.74,14,,12.56,,,,,,3.96,16.9,,18,,,,13,14,20,4.7,9.13,19,,,,,,4.33,7,34,7,27,41
New Mexico St.,Idaho,9.5,10.48,4.33,12.67,6.92,6.13,14.25,6.82,12.79,12,-3.7,17,11.7,16,8.16,19.26,8.67,7.03,10.03,8.25,12,6.3,13.36,14,,18.26,,,,,,7.56,6.6,,-1,,,,3,11,14,-2.7,8.2,20,,,,,,5.58,35,31,7,-4,66
North Carolina,Virginia,-8.5,-2.77,-14.19,-4.87,-26.31,-23.04,-43.17,-14.48,-4.46,-9,-20.1,-12,-16.88,-10.5,-0.95,-11.63,-9.72,-14.15,-13.87,-9.5,-21,6.9,-8.37,-18,,-15.47,,,,,,-24.6,-17,,-15,,,,-12,-7.5,-11,-20,-21.88,-11,,,,,,9.15,38,13,7,-25,51
Northern Ill.,Ohio,21.5,21.48,33.88,25.02,30.47,27.27,34.39,29.09,25.59,36,35,24,32.07,22.5,18.01,31.93,18.81,36.2,28.29,31.33,32,28.2,22.15,24,,30.77,,,,,,36.48,28,,21,,,,24,22,29,32.4,37.99,22,,,,,,5.69,23,30,7,7,53
Northwestern,Minnesota,-11.5,-8.3,-5.1,-9.18,-14.52,-11.58,-11.86,-12.69,-10.63,-19,-16,-9,-6.36,-11.5,-6.15,-2.97,-12.41,-21.39,-11.81,-5.95,-8,-14.2,-16.55,-11,,-18.66,,,,,,-13.38,-12.5,,-17,,,,-15,-10.5,-10,-10.6,-14.43,-9,,,,,,4.42,42,17,7,-25,59
Oklahoma St.,Louisiana-Lafaye,35,25.85,23.28,28.61,36.27,32.54,54.08,35.98,25.12,39,28.3,25,30.55,25,26.81,27.85,31.71,46.17,32.12,21.63,40,41.9,34.55,28,,26.98,,,,,,22.24,36.9,,35,,,,41,36,36,18.5,30.15,27,,,,,,7.60,3,56,7,53,59
Penn St.,Wisconsin,-1.5,-0.27,0.58,3.52,-4.84,-2.03,-13.72,2.6,-2.3,5,6.1,-2,-0.3,-2.5,1.78,1.49,9.51,5.09,1.89,4.36,10,7.1,10.4,2,,-1.15,,,,,,-4.95,7,,14,,,,5,0,-1,-0.2,-2.65,-1,,,,,,5.61,30,23,7,-7,53
Purdue,Illinois,14,13.3,26.04,16.74,26.16,26.06,25.98,15.29,13.9,33,28.1,19,25.3,15,12.64,15.27,9.24,17.53,20.77,27.77,23,23.9,17.92,19,,21.29,,,,,,29.11,26.1,,11,,,,16,14,19,32.5,32.33,18,,,,,,6.43,10,43,7,33,53
Rice,San Jose St.,3.5,1.87,-6.63,1.29,-9.73,-12.96,-5.38,0.99,1.74,4,4.4,-3,-2.09,-2,2.01,3.39,5.22,3.42,-0.55,-2.25,-2,7.6,3.87,-8,,-2.87,,,,,,-7.95,1.5,,3,,,,3,3,1,0.7,-0.93,1,,,,,,4.85,24,28,7,4,52
Rutgers,Virginia Tech,-26.5,-21.08,-20.84,-23.88,-3.82,-11.09,-14.65,-26.42,-20.83,-16,-17.1,-18,-21.69,-23,-21.34,-22.52,-26.89,-33.66,-21.14,-15.83,-10,-22.4,-30.75,-18,,-26.82,,,,,,-17.17,-22.5,,-28,,,,-26,-24.5,-26,-8.7,-23.01,-25,,,,,,6.28,48,22,7,-26,70
SMU,UTEP,8.5,7.26,-0.14,10.42,-2.03,-1.14,-0.17,9.75,7.74,5,-0.7,3,5.08,2,6.79,8.66,11.96,3.91,4.91,15.15,-14,2.2,12.46,4,,6.16,,,,,,-2.28,2.2,,14,,,,3,11.5,10,-0.9,2.89,14,,,,,,6.17,21,19,7,-2,40
San Diego St.,BYU,2.5,-0.22,2.17,1.47,6.66,7.48,12.4,3.97,-0.77,11,3.2,3,-0.27,2.5,0.37,-7.42,3.09,8,3.49,8.83,4,1.3,15.14,7,,0.5,,,,,,-0.37,0.8,,-1,,,,14,2.5,3,-3.3,2.92,-8,,,,,,5.38,44,36,7,-8,80
South Florida,Louisville,-3,-7.18,-14.7,-11.62,-10,-8.5,-18.36,2.64,-9.44,-15,-7.5,-4,-16.33,-7.5,-5.24,-7.55,2.85,7.24,-5.85,-14.66,-1,0.4,-0.19,-1,,2.22,,,,,,-23.36,1,,-6,,,,10,-3,3,-12.3,-16.72,1,,,,,,8.18,28,31,7,3,59
TCU,Army,30.5,31.32,33.79,31.29,38.93,35,41.16,32.31,35.04,33,29.6,28,35.02,32.5,28.07,36.43,32.67,44.26,32.68,28.16,15,31.7,26.51,31,,39.21,,,,,,36.99,30.8,,33,,,,34,30.5,33,28,35.68,27,,,,,,5.31,0,27,7,27,27
Texas,Kansas St.,6,4.96,5.28,5.39,9.66,7.25,-0.94,3.19,3.1,16,4.1,12,13.01,6,8.13,6.64,3.24,-0.28,6.86,7.17,27,12.9,2.92,4,,4.12,,,,,,2.82,3.2,,3,,,,-1,6,9,3.5,5.89,18,,,,,,5.98,20,24,7,4,44
Texas Tech,Texas A&M,5.5,8.39,1.07,6.24,22.89,16.53,-6.94,11.6,8.6,13,6.6,10,0.99,8.5,8.21,2.53,8.77,10.7,8.38,3.92,12,12.7,5.48,13,,10.4,,,,,,-0.8,11.6,,16,,,,6,6.5,5,3,5.3,13,,,,,,5.84,28,59,7,31,87
Tulsa,Hawaii,-9,-7.27,5.63,-7.06,7.5,0.62,5.77,-13.42,-6.31,9,-6,3,3.63,-8,-8.25,-11.99,-12.8,-5.45,-3.54,-0.74,14,-2.1,-5.57,-6,,-6.63,,,,,,6.78,-5.1,,-18,,,,-11,-12.5,-13,-3.5,2.68,-10,,,,,,7.84,16,27,7,11,43
UCLA,Washington,-1,2.47,-4.24,0.38,-8.82,-4.34,-10.96,-2.02,3.46,-4,-0.8,-1,-9.93,0,1.53,-8.16,3.69,0.9,-2.03,-0.92,-6,-2.8,1.82,1,,-0.5,,,,,,-8.12,-2.9,,5,,,,5,-1.5,-5,3,-6.54,1,,,,,,4.46,16,46,7,30,62
Utah,Oregon,-3,-2.03,3.95,2.82,-4.18,-1.46,-8.09,-0.58,-2.71,7,-5.4,-1,1.73,-4,-1.46,-2.5,-0.93,3.32,-0.42,2.54,8,4.7,5.71,-4,,-8.13,,,,,,-2.74,1.4,,1,,,,2,-3,1,-9.3,-2.68,-6,,,,,,4.15,13,17,7,4,30
Washington St.,Arizona,29,22.33,25.66,23.55,45.89,42.67,20.14,31.87,20.84,46,34.7,26,30.83,25.5,23.78,19.3,25.32,40.37,30.25,28.66,38,45.8,29.29,20,,28.34,,,,,,24.21,36.6,,36,,,,34,27.5,28,17.4,32.84,21,,,,,,8.21,7,30,7,23,37
Air Force,UNLV,7,3.77,0.98,2.2,3.94,3.88,-12.37,3.32,1.07,6,6.2,5,1.98,6,5.94,3.95,5.9,5.56,3.27,1.52,10,7.5,2.95,7,,4.35,-11.82,3.73,2.41,,3.98,-2.45,0.1,,8,8.46,-0.53,,9,6.5,3,5.4,1.76,5,3,,,,,4.66,7,24,8,17,31
Alabama,Southern Miss.,12.5,8.14,9.21,12.45,8.52,9.34,7.06,17.99,3.06,17,6.3,8,9.05,5,12.93,3.75,19.4,17.58,11.2,13.43,26,18.9,18.35,5,,6.51,6.83,15.71,10.7,,20.12,1.58,11.9,,21,2.35,-2.96,,16,12.5,7,-2.9,8.68,15,17,,,,,6.57,3,17,8,14,20
Arizona,UCLA,-17,-10.83,-14.08,-10.9,-26.82,-22.82,-9.42,-17.45,-9.48,-21,-16.8,-12,-16.7,-13.5,-12.17,-10,-19.06,-22.87,-15.68,-12.09,-28,-19.6,-20.06,-12,,-14.04,-10.9,-16.12,-6.47,,-10.9,-17.98,-20.6,,-18,-7.13,-11.71,,-19,-17,-17,-5.8,-18.3,-8,-17,,,,,5.15,24,21,8,-3,45
Arizona St.,Oregon,-2,-3.33,-4.35,-3.16,-10.26,-7.9,-17.87,0.51,-3.84,-8,-13.8,-5,-7.87,-8,-2.91,-0.14,0.18,2.21,-4.97,-8.77,5,-0.3,-1.25,-2,,-4.53,-5.65,-3.98,-3.66,,-3,-12.11,0.3,,-7,-13.31,-12.18,,6,-2,1,-15.7,-11.5,-4,-8,,,,,5.42,14,59,8,45,73
Arkansas,Auburn,6,12.01,17.98,11.31,9.12,12.57,28.73,1.24,17.78,28,12.7,14,15.82,9,6.69,16.96,6.29,11.67,13.59,14.45,-5,-2.7,15.1,8,,9.17,21.01,23.04,18.07,,32.82,24.94,3.2,,10,32.45,26.9,,-3,5.5,2,22,18.9,8,18,,,,,9.63,10,3,8,-7,13
BYU,Colorado St.,0,4.58,0.14,1.36,1.53,4.59,7.69,-3.1,2.79,10,-1.8,5,0.35,2,6.34,0.45,-6.69,-2.18,1.94,3.86,4,-1.1,2.52,3,,-4.17,5.41,4.88,2.58,,-0.71,1.19,-4,,4,5.01,4.82,,-3,2,0,5.5,2.2,4,5,,,,,3.64,58,13,8,-45,71
Boise St.,Tulsa,22,14.08,10.2,21.81,18.48,12.08,9.01,23.38,11.49,18,12.3,12,14.05,20.5,16.55,19.39,35.48,22.55,15.72,15.53,25,19.2,17.06,15,,15.99,-2.74,10.68,5.95,,7.53,2.9,16.3,,26,2.43,7.68,,33,23,17,10.5,14.12,22,10,,,,,7.82,20,27,8,7,47
Central Mich.,Northern Ill.,-17,-15.88,-24.02,-22.94,-20.17,-16.58,-19.43,-25.65,-21.61,-21,-28.7,-17,-26.72,-15.5,-12.77,-26.57,-14.4,-19.45,-23.25,-25.42,-34,-21.4,-25.51,-17,,-25.09,-24.87,-16.66,-35.16,,-56.38,-31.3,-24.4,,-25,-25.59,-33.13,,-15,-17,-20,-26.7,-31.86,-18,-18,,,,,7.90,40,24,8,-16,64
Clemson,Virginia,-4.5,0.49,-2.96,0.5,-7.75,-5.71,-18.53,-3.4,1.32,5,-0.6,-5,-2,-1.5,-0.33,0.2,2.35,-0.23,-2.35,3.17,12,0.1,0.18,-7,,-5.08,-5.23,2.44,2.19,,-0.02,-12.06,-3.3,,6,-4.33,-9.06,,-1,-2.5,-1,-5.5,-7.23,-11,-4,,,,,5.53,27,30,8,3,57
Colorado,Kansas,6.5,4.66,-6.26,5.44,-17.25,-13.05,1.72,8.43,7.9,-18,-4.8,0.25,-7.19,8,1.76,-1.96,22.11,-3.03,-1.97,-10.06,-9,-2.2,-0.78,1,,12.96,-8.27,-12.29,-7.71,,-6.05,-11.99,-12.9,,12,-3.68,-8.66,,11,6.5,0,-1.8,-7.75,16,-19,,,,,9.97,47,50,8,3,97
East Carolina,North Carolina,-7.5,-4.81,-4.5,-6.94,-13.15,-8.36,0.04,-6.37,-2.53,-6,-2.4,-10,-12.59,-3,-7.27,-6.15,-4.22,-8.43,-7.38,-15.22,-27,-5.3,-12.95,-6,,-3.93,-9.48,-7.83,-11.21,,-15.06,-8.72,-5.7,,-2,-1.02,-1.51,,-2,-8.5,-7,2.4,-3.39,-11,-14,,,,,5.32,28,17,8,-11,45
Florida St.,Miami (Fla.),7,5.31,7.93,3.29,12.11,13.58,0.49,6.76,2.16,13,7.3,7,2.41,2,9.14,-10.94,-1.18,7.34,5.81,2.94,17,6.4,10.54,6,,-3.08,7.96,8.62,5.46,,14.34,4.07,7.7,,5,2.07,4.95,,3,6,0,-0.2,4.1,8,12,,,,,5.37,22,14,8,-8,36
Hawaii,Fresno St.,4,-6.08,-8.93,-4.84,2.88,-1.22,-6.95,-1.92,-8.6,-3,-3,-2,-3.86,-3.5,-3.75,-7.33,5.15,0.73,-4.07,-4.7,-7,1,-1.44,-2,,-4.85,-11.47,-3.24,-3.54,,-13.9,-10.15,-1.5,,2,-11.51,-7.47,,-1,4,-4,-5.7,-9.18,-1,1,,,,,4.34,28,55,8,27,83
Idaho,North Texas,-7,-8.31,-14.89,-8.52,-7.05,-12.91,-11.16,-7.81,-10.31,-11,-4.5,-14,-14.2,-10,-6.3,-11.02,-10.54,-13.96,-11.19,-4.17,-5,-8.1,-4.24,-12,,-15.39,-12.95,-9.19,-17.02,,-30.69,-25.02,-8.9,,-6,-21.21,-7.18,,0,-7,-11,-7.7,-14.14,-21,-10,,,,,6.05,24,14,8,-10,38
Illinois,Michigan St.,-3.5,-8.65,-18.59,-5.97,-21.83,-20.33,-36.78,-3.36,-13.48,-19,-25.4,-11,-15.49,-11.5,-3.79,-9.68,5.07,-1.82,-13.45,-16.77,-8,-8.9,-5.94,-8,,-13.23,-26.85,-8.45,-12.08,,-25.93,-28.21,-17.3,,7,-27.17,-30.56,,2,-5,-7,-31.4,-26.39,2,-15,,,,,10.65,49,14,8,-35,63
Indiana,Northwestern,-3.5,-5.46,-12.59,-5.7,-4.31,-2.94,-13.4,-2.41,-8.28,-9,-4.1,-6,-12.01,-4.5,-2.63,-11.09,2.33,-2.22,-7.85,-14.41,-9,2.2,-4.75,-7,,-2.7,-16.93,-12.36,-18.97,,-29.16,-19.53,-2.7,,-1,-18.26,-19.5,,6,-3.5,-3,-11,-14.33,-4,-8,,,,,7.20,37,31,8,-6,68
LSU,Florida,10,14.11,18.8,13.57,17.4,15.03,10.91,13.55,18.53,31,23.9,15,19.39,11,7.83,18.67,4.42,10.83,18.02,33.91,28,15.6,23.5,14,,16.44,17.47,20.03,37.25,,61.42,18.24,19.5,,9,12.91,24.93,,8,9,15,23.9,24.69,6,16,,,,,9.96,19,7,8,-12,26
Louisiana-Lafaye,Louisiana-Monroe,4,12.04,13.44,10.38,10.76,3.74,5.35,2.74,17.83,14,7.6,9,13.68,9.5,7.19,15.64,7.76,-0.26,8.87,15.23,-3,7.3,0.5,4,,5.69,14.63,14.68,13.87,,31.3,14.35,3.7,,10,11.84,7.09,,-3,3,7,8.3,6.45,8,3,,,,,6.53,45,42,8,-3,87
Louisville,Army,32,31.67,32.21,36,44.62,41.26,40.37,30.96,31.83,49,30.3,30,34.71,34,31.59,30.36,33.91,48.42,34.33,39.12,23,33.6,38.81,25,,36.63,25.12,37.8,34.56,,39.29,30.13,29.9,,33,40.71,32.27,,33,32,29,23.8,34.28,25,39,,,,,6.10,10,34,8,24,44
Marshall,Kent,20,14.85,7.49,21.57,7.86,5.9,-0.06,23.83,13.05,22,13.8,12,14.68,15,16.61,13.21,25.05,26.62,15.06,19.69,12,24.9,22.6,11,,12.82,-0.19,17.88,17.37,,21.02,2.36,19.1,,28,1.78,2.37,,28,22.5,19,4.9,11.46,21,14,,,,,8.00,33,49,8,16,82
Maryland,Duke,27.5,22.71,20.27,27.8,27.46,24.35,18.55,29.53,19.4,42,27.8,16,24.12,21.5,26.08,15.38,30.58,34.35,26.82,33.88,43,34.6,33.88,21,,26.53,19.73,29.81,24.44,,33.79,15.63,33,,33,9.32,16.44,,37,27.5,30,13.7,29.14,22,36,,,,,7.91,20,33,8,13,53
Miami (Ohio),Buffalo,36,38.15,41.07,39.73,43.26,40.25,43.84,36.36,40.19,53,40.9,36,43.35,35.5,36.22,33.84,30.49,46.13,38.27,42.78,27,47.2,33.13,28,,40.62,36.89,41.2,41.13,,63.64,43.39,43.2,,44,40.71,41.1,,34,38.5,39,30.8,42.69,-32,43,,,,,13.73,3,59,8,56,62
Middle Tenn.,New Mexico St.,4,3.17,6.04,2.78,1.68,-2.28,-5.16,9.52,1.4,14,10.8,-1,3.22,-1.5,4.82,-7.38,8.92,5.13,4.38,10.92,8,9.7,10.27,3,,-3.06,-4.73,14.98,7.82,,13.95,-1.08,7.8,,10,-5.84,2.89,,10,4.5,8,10.2,2.64,2,4,,,,,5.95,18,35,8,17,53
Minnesota,Michigan,0,5.93,10.63,2.79,12.16,8.28,8.36,-0.84,8.56,17,4.4,10,5.42,5.5,2.62,1.61,-3.57,3.84,6.13,9.22,8,0.7,3.05,9,,2.57,11.65,10.61,10.82,,21.12,10.82,2.2,,-9,10.61,16.18,,-3,1,1,4,10.25,-3,6,,,,,6.20,38,35,8,-3,73
Mississippi,Arkansas St.,25.5,22.49,18.71,26.03,27.44,16.11,25.46,30.18,20.41,33,31.8,20,26.45,19.5,24.72,24.59,30.82,32.31,24.55,22.83,32,38.9,24.75,14,,19.53,24.84,25.98,15.51,,25.61,14.47,32.3,,27,4.8,15.34,,23,25.5,31,20.8,18.44,30,29,,,,,6.80,0,55,8,55,55
Mississippi St.,Memphis,4.5,2.45,-0.76,5.26,-5.17,-9.62,-10.96,8.01,1.5,4,1.3,-1,-0.4,0,3.42,-4.16,4.09,1.22,0.16,8.3,10,7.2,-0.71,3,,-8.55,1.09,2.21,-0.71,,-2.41,-9.52,13.3,,5,-19.13,-7.79,,2,5,5,-7.7,-2.32,6,-6,,,,,6.65,27,35,8,8,62
Missouri,Nebraska,-7,-9.88,-18.35,-14.98,-12.83,-15.12,-13.85,-8.88,-11.22,-15,-13.2,-9,-12.47,-12.5,-8.82,-2.9,-4.96,-10.85,-12.49,-11.47,-31,-15.3,-9.56,-7,,-4.23,-18.49,-10.68,-16.67,,-27.3,-20.47,-18.2,,-4,-14.03,-13.68,,-6,-5.5,-9,-6.9,-16.52,-6,-12,,,,,5.99,24,41,8,17,65
NC St.,Connecticut,15.5,14.04,8.35,15.71,7.08,9.1,12.78,14.65,13.81,10,5,13,9.01,14,14.39,8.77,15.93,16.82,11.48,11.15,16,13.9,14.53,10,,12.35,4.7,12.59,9.29,,13.19,3.38,12.4,,18,8.75,2.31,,13,16.5,14,-1.4,10.61,16,4,,,,,4.05,24,31,8,7,55
Ohio,Central Florida,1.5,2.33,3.11,5.4,8.8,7.32,1.04,1.64,-0.5,13,9.4,2,-0.61,-3,5.17,-9.51,-0.53,6.24,2.81,13.85,10,13.6,2.66,-6,,-6.65,-0.69,9.17,6.55,,8.24,-2.41,12.1,,4,0.99,-1.84,,1,1.5,-2,6.8,1.88,-2,-6,,,,,6.00,0,28,8,28,28
Oklahoma,Texas,5.5,7.65,14.83,8.95,10.51,10.51,5.33,10.79,9.99,11,15.6,13,12.64,12,4.16,11.83,5.72,4.77,10.49,16.54,-2,10.2,8.46,12,,35.28,4.75,10.71,13.83,,16.05,12.27,12.3,,11,15.01,11.85,,8,6,9,14,5.43,7,1,,,,,5.94,13,65,8,52,78
Oklahoma St.,Kansas St.,-3,-1.86,0.29,-1.91,4.13,0.58,3.93,-6.74,-3.29,13,0.9,6,4.28,-1.5,0.24,4.66,-8.9,-11.35,2.49,8.22,31,3.4,-0.6,5,,-3.04,6.33,10.56,7.66,,6.91,-0.05,2.7,,-1,2.14,6.94,,-8,-3,2,2,1.77,1,12,,,,,7.33,34,38,8,4,72
Pittsburgh,Notre Dame,9,6.46,10.94,6.99,30.11,27.06,15.17,15.22,5.74,19,11.1,10,6.64,8,7.14,2.56,6.46,12.6,11.62,6.73,9,13.7,13.02,7,,3.52,9.24,11.88,0.8,,2.52,12.33,12.8,,8,15.43,15.39,,16,11.5,9,10.2,15.74,13,23,,,,,6.20,20,14,8,-6,34
Purdue,Penn St.,12.5,14.15,16.13,11.5,30.53,29.23,15.09,13.15,14.65,20,17.1,15,16.82,11.5,13.7,16.21,5.97,16.3,16.25,17.63,17,17.9,15.52,14,,14.5,12.86,12.79,14.1,,21.96,14.76,17.7,,12,16.79,17.62,,13,12,16,15.7,22.84,13,20,,,,,4.59,14,28,8,14,42
San Jose St.,SMU,7.5,10.05,7.6,6.1,10.85,12.71,5.9,7.31,11.53,3,3.7,10,9.24,12,8.71,8.96,8.84,12.84,7.85,2.07,32,5.5,7.66,6,,15.93,-2.25,-1.08,,,1.86,3.52,7.1,,11,12.7,2,,12,8.5,9,5.2,4.39,3,1,,,,,5.97,14,31,8,17,45
South Carolina,Kentucky,7.5,12.72,18.25,9.84,14.74,13.42,26.03,5.13,15.79,18,17.1,12,16.09,10.5,9.23,15.66,2.49,4.54,13.94,18.36,15,7.9,11.3,15,,12.64,21.79,16.12,16.89,,30.05,18,9.9,,8,16.29,23.3,,2,7,11,23.1,23.55,10,10,,,,,6.29,21,27,8,6,48
South Florida,TCU,1,0.27,0.97,-0.71,1.52,-4.59,-14.02,2.65,-3.11,7,0.4,-2,-0.59,-5.5,2.45,-0.19,8.6,9.47,0.01,8.84,15,4.7,0.41,-6,,1.62,-5.44,8.37,2.09,,3.98,-10.28,3.9,,-2,-17.69,-7.93,,9,1,1,-6,-5.78,-1,-3,,,,,6.76,13,10,8,-3,23
Temple,Boston College,-9.5,-8.04,-15.12,-10.47,-17.8,-13.15,-21.73,-13.21,-11.57,1,-7.7,-15,-11.4,-15,-4.06,-17.09,-12.45,-12.36,-12.77,-1.74,-6,-8.1,-5.14,-12,,-23,-31.18,-1.01,-4.89,,-15.89,-23.68,-16.7,,-8,-27.96,-16.54,,-7,-8,-6,-10.4,-20.63,-14,-10,,,,,7.28,38,13,8,-25,51
Tennessee,Georgia,-2,-0.26,-3.23,-4.45,-7.51,-5.69,3.8,-5.44,0.92,-8,-4.8,0.25,-5.11,0,-1.46,-3.04,-5.48,-6.24,-3.17,-14.08,-18,-0.5,-1.89,-2,,-1.02,0.94,-9,-17.42,,-21.34,-3.19,-1.8,,4,15.21,1.87,,0,-1,1,-1.2,-0.61,-1,-7,,,,,6.28,41,14,8,-27,55
Texas A&M,Baylor,20.5,13.6,8.17,15.29,6.89,2.68,21.82,18,12.68,14,16.7,12,16.38,13.5,14.62,11.7,26.04,14.71,14.2,7.44,26,18,16.21,7,,12.6,10.52,7.83,5.21,,7.35,8.29,10.5,,26,18.95,8.32,,22,20.5,15,13.5,13.43,24,13,,,,,5.92,10,73,8,63,83
Texas Tech,Iowa St.,16,13.61,9.83,11.26,28.9,21.74,9.38,16.19,11.43,19,7.9,19,8.6,17.5,15.75,5.79,11.72,13.26,13.52,4.1,4,20,9.78,20,,13.18,13.35,10.35,3.21,,2.49,10.68,18.5,,9,8.6,15.41,,15,16,15,7.9,16.57,18,22,,,,,5.72,21,52,8,31,73
Toledo,Eastern Mich.,27,26.45,29.43,32.62,32.79,27.84,25.78,30.21,28.66,33,27.4,24,34.75,27,24.7,32.37,34.62,36.99,29.97,29.13,27,29.8,26.6,23,,33,24.34,28.83,31.74,,46.53,29.49,30.4,,38,30.08,29.23,,30,29,33,24,28.93,29,24,,,,,4.59,14,49,8,35,63
Tulane,Houston,1.5,-0.55,-2.85,0.1,-1.59,-2.92,0.33,5.07,-0.32,-7,-0.4,0.25,0.91,3.5,-0.84,5.01,6.46,4.05,1.62,-1.6,15,1,6.85,4,,7.21,5.34,-2.39,-4.76,,0.43,-5.97,1.1,,4,0.77,-2.56,,8,3.5,6,-2.9,-0.24,1,1,,,,,4.27,45,42,8,-3,87
UAB,Cincinnati,-5.5,-4.23,-3.85,-5.95,-11.09,-10.78,7.15,-11.08,-0.28,-12,-16.9,-3,-7.43,-4.5,-8.21,-3.75,-11.6,-10.75,-7.08,-3.84,-18,-15,-10.77,3,,-3.74,6.83,-8.29,-1.32,,0.48,-7.26,-8.3,,-25,-10.94,-1.99,,-8,-5.5,-8,-11.2,-5.77,-2,-10,,,,,6.50,14,31,8,17,45
USC,Stanford,21,12.08,17.76,17.61,13.52,13.48,10.27,28.7,8.63,24,14.4,17,10.86,19.5,15.61,4.13,24.43,33.46,17.88,8.95,18,27.3,19.47,20,,20.78,13.85,21.75,12.85,,16.95,12.05,22.9,,31,4.72,12.24,,29,22,20,6.3,20.37,25,14,,,,,7.11,21,44,8,23,65
UTEP,Louisiana Tech,-15,-15.38,-17.43,-17.04,-13.16,-7.33,-8.91,-14.59,-15.28,-23,-15.1,-13,-22.56,-10.5,-15.57,-20.72,-18.13,-22.21,-16.63,-19.11,-37,-12.4,-23.5,-3,,-14.2,-13.24,-20.02,-15,,-27.66,-22.53,-13.8,,-22,-21.64,-12.11,,-8,-17,-12,-10.9,-14.64,-14,-18,,,,,6.31,38,35,8,-3,73
Utah,San Diego St.,9.5,13.98,16.36,11.13,10.56,11.35,15.88,9.97,18.35,11,9.7,10,11.77,11,9.71,16.4,10.7,12.25,12.44,9.82,-3,16.3,2.84,11,,20.97,16.61,6.11,6.74,,19.89,17.06,14.4,,14,16.22,24.33,,4,10,14,13.9,23.07,7,3,,,,,5.73,6,27,8,21,33
Utah St.,Wyoming,-2,3.01,1.11,-0.15,2.48,1.11,-13.98,1.01,4.19,-7,1.6,1,-0.24,3.5,1.73,1.03,1.79,-1.55,-1.29,-8.88,-13,-1.6,-5.92,3,,7.98,-5.51,-7.22,-7.63,,-11.47,-2.76,-3.4,,2,3.86,4.33,,2,-3,-4,5.3,-0.46,3,-9,,,,,5.31,48,21,8,-27,69
Vanderbilt,Navy,5.5,-0.29,-9.01,4.69,-8.63,-7.79,-6.31,3.91,-6.13,-9,-10.1,-3,-2.7,-2,5.58,1.15,5.38,5.56,-3.66,-3.79,7,5.5,-2.4,-2,,-3.32,-21.75,-6.65,-12.27,,-19.16,-18.87,-0.2,,3,-7.56,-21.43,,6,5.5,4,-17.4,-11.46,10,-10,,,,,8.29,37,27,8,-10,64
Virginia Tech,Syracuse,18,9.24,11.24,12.88,10.31,8.14,25.62,13.83,8.51,14,19,18,14.4,18.5,9.97,13.92,20.2,16.77,14.88,12.75,7,13.9,16.95,22,,11.56,19.38,9.42,16.88,,23.3,10.64,10,,21,9.32,14.64,,17,19,18,18.2,16.11,18,20,,,,,4.74,7,51,8,44,58
Wake Forest,Georgia Tech,4.5,4.94,7.07,4.13,7.24,8.82,10.1,6.93,4.69,6,10.2,6,7.71,2,5.21,3.39,1.06,4.49,6.62,7.99,5,11.2,3.74,4,,3.25,6.05,9.02,5.05,,9.34,5.76,3.4,,12,14.13,9.11,,7,4,4,9.2,10.37,3,10,,,,,3.06,24,7,8,-17,31
Washington,Nevada,17.5,15.94,12.93,18.81,10.17,10.08,16.58,20.62,15.65,15,20.5,12,16.51,13.5,16.26,19.61,20.66,18.01,15.85,10.33,15,24.6,13.52,15,,16.62,18.17,13.82,13.11,,18.25,8.85,20.6,,28,10.83,11.89,,17,19,20,8.8,17.3,8,10,,,,,4.46,28,17,8,-11,45
West Va.,Rutgers,18,11.56,7.63,17.85,-0.06,9.3,-14.98,19.98,5.31,13,-2.2,7,5.74,11.5,18.64,5.45,27.33,20.33,8.4,6.27,12,21.1,12.78,6,,22.03,-13.81,13.18,-1.73,,-7.67,-9.28,14.6,,23,-14.31,-12.27,,25,18,19,-13.6,-0.57,18,4,,,,,11.81,19,34,8,15,53
Western Mich.,Bowling Green,-9,-8.16,-6.99,-6.11,-14.92,-7.85,-13.43,-10.44,-10.28,-3,-12.2,-10,-19.37,-6.5,-6.32,-21.62,-7.8,-14.42,-11.92,-12.34,-29,-12,-13.94,-8,,-18.78,-6.93,-9.9,-13.13,,-19.85,-13.73,-11.7,,-15,-7.27,-8.86,,-12,-9.5,-9,-8,-17.45,-7,-17,,,,,5.36,32,21,8,-11,53
Wisconsin,Ohio St.,-2.5,-2.47,-9.59,-3.91,-2.31,-5.42,-14.05,-8.32,-6.18,-1,-11.5,-6,-8.58,-7,0.14,-17.17,-4.72,-2.92,-8.08,-4.67,-13,-5,-13.51,-8,,-12.2,-17.71,-3.19,-5.78,,-16.96,-13.68,-8.5,,-12,-10.07,-9.91,,-1,-3,-9,-11.7,-9.42,-5,-7,,,,,4.76,10,17,8,7,27
Akron,Central Florida,5,7.24,10.37,9.67,19.05,16.69,16.32,5.25,4.94,15,17,15,7.81,9.5,11.35,4.15,2.1,25.08,11.04,10.94,17,21.4,7.75,14,10.05,-2.81,12.63,9.73,-0.69,,11.98,9.52,15.8,,10,9.48,9.92,,8,5,2,19.6,8.18,7,20,,10.29,,,5.70,24,38,9,14,62
Arkansas,Florida,4.5,6.2,13.92,6.2,4.2,7.89,7.89,3.94,15.64,13,11.4,10,11.94,2,1.01,13.09,1.1,1.83,7.2,6.85,-16,4.6,0.36,4,16.36,6.98,9.54,8.76,25.75,,14.47,12.67,3.4,,8,17.52,15.3,,-4,5.5,2,14.7,13.65,9,1,,8.04,,,6.55,33,28,9,-5,61
Army,East Carolina,-6,-4.4,1.46,-5.01,1.61,4.13,11.54,-6.58,3.36,1,-2.8,1,-6.18,-5.5,-4.89,-11.63,-10.91,-6.37,-1.3,-1.36,8,-5.8,-2.69,-2,6.2,-7.83,5.5,-0.37,-3.18,,1.93,-0.38,-5.7,,-7,4.33,3.34,,-5,-6,-5,3.7,2.59,-5,8,,-0.85,,,5.43,38,32,9,-6,70
Auburn,Mississippi St.,21,21.52,26.66,19.86,25.44,27.9,24.04,24.16,24.17,31,24.1,20,24.42,19,21.76,19.66,20.6,28.69,24.31,23,35,34.6,25.43,22,21.06,24.74,20.66,25.36,13.65,,25.21,18.69,27.4,,28,20.25,17.87,,28,21,28,14.9,26.87,20,18,,30.6,,,4.35,13,45,9,32,58
Ball St.,Miami (Ohio),-16,-13.6,-14.72,-15.72,-20.13,-12.5,-7.17,-13.97,-15.06,-20,-13.8,-14,-20.71,-13.5,-15.05,-12.5,-14.22,-21.71,-15.99,-14.75,-23,-18.5,-13.26,-7,-17.9,-11.73,-9.96,-16.96,-18.79,,-22.4,-21.66,-11.7,,-20,-14.56,-13.1,,-12,-15.5,-14,-4.9,-20.49,-18,-25,,-23.35,,,4.42,49,3,9,-46,52
Buffalo,Marshall,-29.5,-23.57,-19.94,-28.68,-25.34,-21.24,-19.79,-25.62,-24.15,-27,-20.8,-24,-27.59,-28.5,-22.32,-26.51,-22.8,-44.67,-24.73,-28.58,-27,-32.7,-23.08,-16,-18.78,-29.46,-11.15,-20.15,-28.55,,-39.72,-23.41,-32.5,,-29,-19.48,-12.84,,-29,-29.5,-28,-9.7,-13.17,-20,-27,,-26.28,,,6.62,26,16,9,-10,42
Central Mich.,Toledo,-14.5,-10.81,-11.08,-17.5,-14.46,-15.4,-10.67,-16.1,-9.49,-12,-15.4,-10,-14.99,-13.5,-10.69,-16.47,-14.36,-12.49,-13.01,-13.73,-13,-11.7,-9.77,-7,-13.93,-16.3,-6.4,-7.04,-27.07,,-25.37,-15.14,-12.5,,-14,-10.43,-12.28,,-10,-14,-16,-14.7,-12.96,-18,-14,,-9.4,,,3.55,31,13,9,-18,44
Colorado St.,Air Force,5.5,2.62,-0.63,1.84,-3.09,-3.37,-7.14,9.72,-3.86,-2,4.3,-2,7.7,-2.5,4.43,9.7,7.2,4.88,1.06,0.47,-1,10.7,4.11,-2,-15.18,1.93,-3.36,1.8,-3.23,,-0.7,-10.07,12.3,,1,-7.62,-7.92,,12,5.5,7,-10.8,-5.04,9,1,,4.23,,,6.39,20,30,9,10,50
Duke,Wake Forest,-10,-10.68,-11.45,-16.11,-17.64,-10.09,-10.15,-12.82,-5.8,-18,-13.7,-7,-14.76,-10.5,-12.95,-10.47,-17.87,-10.55,-13.48,-18.58,-25,-14.9,-14.6,-7,-13.25,-20.41,-7.11,-15.49,-18.58,,-16.14,-15.12,-17.7,,-20,-7.3,-7.58,,-12,-11,-12,-8.9,-12.22,-6,-17,,-22.1,,,4.70,42,13,9,-29,55
Eastern Mich.,Bowling Green,-28,-26.57,-27.84,-32.5,-32.18,-28.53,-44.42,-27.56,-30.16,-37,-28,-27,-40.31,-25.5,-25.62,-31.32,-28.35,-42.47,-31.43,-30.8,-34,-32.5,-36.02,-25,-29.19,-32.55,-20.67,-29.5,-34.89,,-45.13,-36.12,-35,,-34,-29.78,-26.27,,-31,-29,-30,-22.2,-28.98,-22,-35,,-35.39,,,5.58,33,20,9,-13,53
Houston,Memphis,5,9.41,6.24,7.26,15.93,8.4,18.15,8.59,18.88,16,12,11,11.08,11,4.45,10.28,3.86,2.13,9.79,9.88,9,8.3,4.61,13,11.97,9.94,13.23,9.44,5.09,,13.22,12.72,5.7,,4,16.58,16.55,,4,5,10,10.6,14.72,4,1,,5.56,,,4.62,45,14,9,-31,59
Idaho,Middle Tenn.,-3.5,1.8,-1.99,-5.37,-1.62,-4.06,0.95,-6.84,9.92,-7,1.3,-5,-2.04,-5,-3.11,8.92,-7.85,-5.24,-3.2,-3.85,-12,-2.6,-16.28,-3,3,-8.45,0.32,-7.18,-3.73,,-1.36,-5.32,-1.7,,-2,0.19,3.1,,0,0,-5,5.2,-0.33,-10,-4,,-12.83,,,5.25,28,21,9,-7,49
Iowa St.,Texas,-16.5,-8.28,-5.59,-8.95,-14.99,-17.05,-4.92,-14.47,-0.25,-18,-7.9,-11,-17.08,-12.5,-13.42,-8.78,-12.2,-18.22,-12.08,-4.2,-17,-17.7,-8.41,-13,-11.81,-11.29,-6.57,-10.28,-4.46,,-9.39,-12.05,-11.9,,-16,-6.37,-6.8,,-17,-16.5,-18,-1.9,-12.93,-17,-22,,-15.75,,,4.85,40,19,9,-21,59
Kansas,Baylor,20.5,16.7,21.77,18.86,36.09,22.37,13.57,15.12,17.29,34,21.3,22,24.78,16.5,21.5,16.68,13.21,31.03,21.94,17.1,52,27.7,25.67,15,19.9,7.91,15.9,28.77,14.23,,20.14,18.62,21.4,,27,16.27,15.25,,18,20,17,13,20.9,16,33,,37.26,,,8.39,21,28,9,7,49
Kansas St.,Colorado,18,8.69,4.93,13.98,24.59,22.37,-9.33,22.48,-1.37,23,13.8,7,10.08,6.5,16.56,-0.19,20.84,29.93,11.9,9.08,28,25.1,17.45,7,-7.61,6.01,-4.79,15.58,8.6,,3.55,-0.57,20.1,,18,-3.95,-4.48,,31,18,19,-1.1,4.99,11,25,,19.03,,,11.11,20,49,9,29,69
Kent,Connecticut,-11.5,-3.01,-5.33,-9.98,-17.3,-8.35,-2.05,-16.83,4.45,-13,-9.7,-5,-12.06,-3.5,-7.13,-4.86,-14.21,-18.17,-8.86,-11.81,-14,-13.5,-13.09,-8,0.87,-2.51,-7.35,-10.45,-8.76,,-6.55,-9.59,-9.3,,-9,-3.48,-3.65,,-13,-11,-9,-8,-5.29,-13,-13,,-16.11,,,5.22,34,31,9,-3,65
Kentucky,Ohio,16,11.66,4.76,13.77,5.21,6.45,2.96,11.93,3.94,13,10.1,10,10.98,9,14.66,8.22,15.92,15.12,10.17,12.38,18,19.7,7.97,11,-0.12,6.74,2.17,11.51,6.33,,10.76,2.11,12.1,,25,3.31,1.95,,16,16.5,15,1.2,6.85,13,10,,13.52,,,5.47,14,35,9,21,49
Louisiana Tech,Hawaii,0,4.78,0.91,1.67,4.87,2.05,7.51,-5.82,6.79,3,2.4,6,10.11,3.5,2.99,15.37,0.92,-8.52,2.13,0.53,1,-3.7,-1.34,3,9.88,-6.22,6.87,1.1,6.63,,3.92,1.4,-1.9,,1,4.41,6.32,,-4,0,-4,8.4,4.06,-1,1,,0.13,,,4.78,44,41,9,-3,85
Louisiana-Lafaye,New Mexico St.,-7,-0.8,4.49,-2.22,-0.96,-7.44,-0.83,-8.1,0.95,-4,-3,-5,-1.62,-7,-1.89,2.82,-6.36,-6.58,-2.73,-3.69,-11,-5.4,-6.76,-2,1.4,-7.48,6.69,0.19,5.34,,0.77,1.57,-5.4,,-5,2.53,5,,-9,-8,-7,9.4,2.17,-7,-5,,-1.74,,,4.29,24,26,9,2,50
Louisville,Tulane,14.5,14.81,14.34,18.89,14.77,14.71,17.44,10.09,14.64,25,15,19,16.56,19,14.62,15.69,13.65,18.61,15.13,19.23,18,14.8,14.95,11,16.65,10.61,6.92,18.06,19.15,,15.52,10.74,11,,16,12.13,13.23,,10,14.5,11,13.1,17.62,10,21,,19.56,,,3.72,28,47,9,19,75
Miami (Fla.),Temple,31,33.84,34.19,28.33,28.07,35,60.01,29.81,45.3,35,24.8,34,29.55,37.5,27.57,39.85,35.73,38.41,35.72,22.01,34,37.1,31.96,36,51.07,48.35,43.5,26.72,13.03,,47.13,41.02,33.7,,30,48.04,35.31,,31,31.5,32,26.8,37.74,33,32,,28.63,,,7.87,14,52,9,38,66
Michigan,Illinois,27,23.65,26.6,23.12,32.68,30.13,39.75,23.56,29.53,42,30.6,25,26.84,25.5,22.61,18.02,20.37,30.07,27.44,24.67,24,28.7,26.13,20,41.26,21.87,20.54,28.67,15.96,,28.15,27.07,27.5,,24,28.76,26.24,,26,25.5,27,33.5,31.5,24,35,,31.46,,,5.48,14,56,9,42,70
Minnesota,Michigan St.,6,4.56,3.68,8.51,4.15,3.09,-7.29,4.93,1.4,13,-0.7,5,3.6,4.5,7.41,0.63,11.12,14.16,4.93,3.33,3,4.9,7.83,3,-0.01,2.89,-2,11.5,11.26,,3.31,0.45,0.6,,9,1.99,2.16,,9,6,6,-1.2,3.78,10,13,,12.04,,,4.65,44,38,9,-6,82
Mississippi,Alabama,3.5,0.13,-7.06,-6.3,6.69,2.56,-0.25,-4.11,-4.45,3,-0.9,2,-6.13,1.5,1.65,-3.51,-9.74,4.51,-1.09,-8.48,-4,2,-1.13,7,4.97,0.45,0.8,-2.65,-15.32,,-13.33,-5.5,2.1,,-10,-2.15,0.67,,3,3.5,3,2,-3.6,1,11,,-6.09,,,5.20,28,43,9,15,71
NC St.,Clemson,5.5,1.41,-0.31,1.88,-0.82,2.56,4.78,6.57,-4.2,1,-3.9,2,0.83,3,4.12,1.56,5.45,6.64,0.87,-3.25,-13,4.4,3.1,3,-0.73,2.1,-3.36,-2.21,-2.97,,-3.7,-3.29,0.3,,6,-0.67,-1.95,,10,5.5,0,1.8,-2.5,9,2,,-4.73,,,4.37,15,17,9,2,32
Nebraska,Texas A&M,10.5,11.17,9.83,14.28,19.88,16.86,-4.02,9.35,13.81,22,13.7,13,18.48,14.5,10.28,13.42,11.46,12.3,12.33,13.06,19,7.7,16.51,13,13.97,11.41,8.29,14.01,19.77,,12.81,10.81,4,,18,14.47,13.01,,8,10.5,6,13.6,15.8,6,9,,13.41,,,4.80,12,48,9,36,60
North Carolina,Arizona St.,-5.5,-4.18,-12.37,-5.53,-14.67,-15.64,-13.16,-9.62,-15.38,-6,-8.7,-4,-8.2,-5.5,-1.86,-9.82,-8.51,-14.05,-9.39,-4.96,-6,-10.8,-6.4,-7,-13.37,-14.83,-9.37,-6.37,-5.01,,-14.48,-12.85,-17.3,,-2,-10.27,-7.83,,-13,-5.5,-9,-9.8,-11.48,-1,-12,,-9.17,,,4.22,33,31,9,-2,64
North Texas,Utah St.,14,15.11,19.96,14.55,23.4,18.62,21.4,19.64,23.83,25,18.5,17,21.5,15,11.32,19.38,13.45,16.52,17.77,19.31,9,19.2,7.35,19,17.89,17.78,14.36,15.82,18.92,,25.06,18.03,19.2,,13,19,18.67,,16,14,21,15.5,17.28,18,18,,17.98,,,3.85,27,37,9,10,64
Northern Ill.,Western Mich.,12,13.88,18.13,10.45,10.27,15.29,20.99,19.33,24.09,16,20.1,19,14.85,17,8.12,17.76,12.53,14.2,17.78,13.67,13,17.2,11.84,21,30.46,27.84,18.22,14.51,18.07,,26.94,19.97,17.9,,22,27.2,23.54,,16,13.5,16,22.6,25.49,15,11,,14.96,,,5.33,10,37,9,27,47
Notre Dame,USC,-8,-5.23,-8.74,-9.47,-22.83,-23.88,-5.19,-16.35,-3.1,-13,-7.5,-7,-7.99,-10.5,-7.56,-4.86,-9.96,-20.42,-10.5,-2.66,-12,-14.8,-11.19,-8,-12.89,-5.57,-1.7,-9.96,-5.41,,-6.74,-13.15,-12,,-18,-8.63,-7.51,,-13,-9,-7,-73.8,-10.19,-12,-18,,-10.4,,,5.25,45,14,9,-31,59
Ohio St.,Iowa,3.5,0.66,-1.28,-3.17,-3.23,-2.8,7.52,4.35,-1.87,-3,1.8,1,2.94,4,-0.42,8.98,-0.98,-3.95,1.02,-1.94,-2,2.7,0.48,3,4.56,8.38,4.01,-3.81,0.3,,-3.77,-1.78,0.3,,3,3.31,3.65,,5,4,7,2.8,1.21,7,-4,,-7.92,,,4.04,10,19,9,9,29
Oklahoma,Missouri,26,23.78,27.36,26.12,37.71,30.76,25.95,32.52,14.97,29,29.6,26,28.17,29,28.17,21.91,29.72,42.15,26.46,20.9,24,44.1,22.2,19,22.45,22.49,15.84,26.42,25.05,,30.34,21.75,37.2,,35,15.65,14.38,,32,26,26,13.9,14.66,35,29,,31.98,,,7.27,13,34,9,21,47
Oklahoma St.,Texas Tech,3,0.79,-2.21,4.25,9.48,1.6,-5.22,-2.9,1.02,8,-2.1,4,9.84,-1,2.44,6.71,5.4,4.68,3.11,4.99,25,5.5,7.76,3,-7.64,2.11,-1.52,6.78,9.66,,3.55,-6.02,0.9,,11,-4.18,-1.3,,8,3.5,5,-5.1,0.37,-4,7,,7.14,,,5.98,49,51,9,2,100
Oregon St.,Washington,10.5,12.02,15.39,15.96,19.38,16.2,22.9,16.43,19.75,22,14.7,13,15.13,13.5,10.31,9.71,13.78,23.24,16.45,17.5,26,20.5,15.06,15,19.81,11.46,17.51,16.53,9.29,,22.28,12.45,23.6,,3,15.72,13.84,,19,10,15,9.1,20.67,11,18,,17.63,,,4.57,38,17,9,-21,55
Rice,Navy,-3.5,-4.58,-8.61,-7.26,-19.5,-19.07,-16.73,-6.99,-12.84,-18,-14.7,-11,-10.16,-7.5,-4.56,-3.91,-1,-8.51,-10.91,-12.14,-21,-5.9,-11.65,-13,-17.02,3.09,-16.15,-12.98,-15.03,,-15.04,-20.1,-7.9,,-1,-17.22,-13.11,,-3,-3,-10,-14.7,-11.37,6,-22,,-18.13,,,6.78,38,6,9,-32,44
Rutgers,Pittsburgh,-16,-8.84,-9.38,-9.21,-6.51,-9.01,-5.68,-16.79,-4.51,-7,-1.5,-7,-10.41,-9.5,-10.51,-13.86,-15.19,-16.45,-9.22,-3.75,-3,-12.7,-8.81,-8,-5.16,-20.44,1.04,-6.45,0.72,,-3.6,-7.28,-9.3,,-14,-4.34,-1.21,,-18,-15.5,-15,2.2,-8.6,-20,-10,,-10.52,,,5.19,42,32,9,-10,74
SMU,Boise St.,-23.5,-25.23,-31.95,-22.91,-34.34,-29.12,-35.19,-26.28,-39.47,-36,-29.6,-24,-29.51,-27,-21.14,-27.64,-29.33,-37.71,-29.5,-22.75,-34,-30.8,-28.24,-26,-33.23,-32.66,-20.97,-27.74,-18.74,,-39.27,-37.12,-27.5,,-31,-33.06,-29.63,,-30,-23.5,-23,-23.8,-27.92,-16,-30,,-33.82,,,5.33,45,3,9,-42,48
San Diego St.,New Mexico,-1,1.73,1.09,0.91,-5.13,-2.57,1.03,-5.68,7.13,1,2.7,-0.25,0.16,0.5,-2.74,-2.5,-0.88,-0.04,-0.81,1.18,-7,-6.7,1.67,-1,-0.05,1.87,-0.15,2.06,2.77,,2.77,-2.35,-5.6,,-1,1.83,-0.35,,3,-1,-5,7,-0.18,-9,-3,,-0.26,,,3.29,30,7,9,-23,37
South Carolina,LSU,-4.5,-2.26,1.09,-4.27,-7.92,-7.13,-2.11,-5.87,2.98,-6,-5.6,-2,-5.86,-3,-6.19,-5.88,-9.97,-10.62,-4.69,-1.15,-24,-4.7,-4.23,-4,-0.6,-3.19,0.74,-4.07,-19.9,,-3.05,-4.42,-1.2,,-9,1.91,0.68,,-6,-5,-3,-4.3,-2.63,-5,-13,,-7.81,,,4.74,33,7,9,-26,40
Stanford,Washington St.,-10,-6.91,-10.51,-11.96,-14.92,-17.48,-13.17,-17.67,-8.71,-12,-16.8,-9,-9.04,-13,-7.12,-5.45,-15.46,-17.17,-13.1,-13.73,-15,-18.4,-9.26,-17,-14.33,-14.37,-11.09,-10.52,-9.05,,-14.72,-14.41,-15.1,,-18,-11.21,-9.16,,-14,-9,-12,-7.7,-15.43,-12,-15,,-16.66,,,3.39,24,14,9,-10,38
Syracuse,Boston College,-3.5,-1.01,-4.06,-3.65,-8.96,-8.85,0.81,-7.71,2.22,-10,1.9,-2,3.41,-3.5,-3.83,7.54,-5.02,-7.42,-3.59,-2.93,-11,-5.3,-7.03,-7,-0.16,0.11,0.62,-7.5,2.5,,-0.4,-4.48,-6.1,,-1,1.28,1.03,,-8,-4,-4,4.7,-2.85,-6,-4,,-11.76,,,4.35,14,39,9,25,53
TCU,UAB,10.5,12.31,11.56,9.81,17.15,17.73,20.89,13.09,20.3,15,13,11,11.61,15,8.92,11.56,17.78,13.5,14.3,6.89,16,12.2,15.09,14,22.46,13.81,13.35,10.36,6.18,,14.98,16.61,5.5,,22,23.69,18.41,,13,10.5,12,18.7,21.49,7,15,,9.5,,,4.45,24,27,9,3,51
Tulsa,Nevada,0,2.92,5.87,7.2,4.96,3.36,-4.05,-3.11,4.47,8,5.5,5,6.03,-0.5,5.06,6.85,-2.92,6.07,3.54,4.66,14,8.2,4.39,-1,3.68,-5.61,4.96,9.67,16.05,,9.96,-0.79,-0.5,,8,0.89,1.63,,-1,0,-3,-2,4.72,-7,7,,10.89,,,4.82,28,21,9,-7,49
UCLA,California,3,5.13,3.15,1.24,6.54,8.75,15.92,3.32,5.67,5,12.2,6,4.15,8.5,2.21,2.35,2.67,2.16,4.62,3.03,-2,-0.1,3.72,9,6.13,5.7,8.89,-2.75,-0.33,,1.48,3.93,2.8,,-4,10.65,9.07,,7,3.5,8,14.6,6.36,7,1,,-4.2,,,4.31,20,23,9,3,43
UNLV,Utah,-2,-1,-0.58,-1.36,-1.87,-2.01,9.41,-7.9,6.4,1,-8.7,1,-0.56,0,-2.47,0.09,-7.79,-1.52,-1.38,1.18,-1,-6.8,-1.86,-5,5.04,-4.69,4.13,1.05,2.77,,-0.27,-1.94,-12.2,,-1,0.03,2.3,,-4,-2,-6,-1,-0.2,1,-1,,-3.36,,,4.17,28,10,9,-18,38
Vanderbilt,Georgia,-25,-28.71,-33.84,-30.41,-36.71,-33.65,-35.09,-32.8,-35.86,-44,-37.5,-23,-32.71,-27,-24.56,-23.36,-31.21,-33.04,-32.41,-32.52,-35,-33.7,-34.63,-27,-43.84,-36.29,-28.52,-34.5,-36.96,,-38.71,-38.13,-33.8,,-25,-30.1,-30.43,,-31,-24,-29,-32.4,-33.14,-25,-27,,-40.73,,,5.19,27,8,9,-19,35
Virginia,Florida St.,-8,-7.88,-8.66,-4.73,-14.45,-11.27,-5.22,-8.28,-5.14,-8,-3.7,-7,-13.82,-11,-10.28,-11.44,-9.66,-9.43,-8.85,1.37,-23,-9.5,-6.21,-7,-13.01,-5.62,-9.73,-5.07,-1.92,,-12.81,-13.89,-7.7,,-14,-9.02,-6.79,,-6,-7.5,-4,-1.8,-8.02,-6,-11,,-9.25,,,4.12,19,14,9,-5,33
Wisconsin,Purdue,-1.5,0.57,0.09,-4.26,-12.44,-8.61,16.72,-1.67,3.61,-3,-2.9,-0.25,-3.13,4.5,-3.26,1.06,-2.88,-9.55,-1.66,-3.39,-12,-6.3,-8.83,2,10.97,6.36,4.61,-4.89,-6.93,,-2.82,-1.96,-2,,-7,4.25,4.55,,-2,-1,2,0.2,0.56,-1,-10,,-10.62,,,6.16,26,23,9,-3,49
Wyoming,BYU,-1,-2.87,-1.24,0.29,3.89,3.94,-5.03,0.54,-3.02,7,0.4,-1,-1.04,-4.5,-0.4,-12.23,2.56,6.68,-0.44,5,4,7.5,4.06,-1,-9.45,-11.61,-0.75,6.96,-4.15,,-4.29,-8.06,3.5,,-5,-6.05,-4.48,,6,-1,-3,-6.1,-2.87,-9,10,,7.78,,,5.70,10,13,9,3,23
Alabama,Tennessee,-3.5,-2.36,-2.76,-0.44,-1.56,-0.77,5.82,2.58,-6.87,1,-0.6,-2,-1.69,-2.5,1.65,-0.74,3.48,3.52,-1.51,2.33,-6,0.9,1.1,-6,-9.8,-2.91,-4.91,1.29,-5.56,,-3.88,-8.02,-2.6,-5.27,1,-6.58,-7.01,,3,-4,-3,-1.9,-7.25,3,4,,1.96,,,3.89,51,43,10,-8,94
Ball St.,Toledo,-12.5,-7.36,-7.51,-7.75,-11.92,-11.04,-5.67,-8.02,-6.66,-11,-2.7,-9,-9.52,-11,-7.53,-6.28,-11.33,-16.55,-8.84,-4.13,-12,-7.1,-9.81,-7,-10.4,-8.11,-5.3,-8.98,-8.62,,-10.52,-12.63,-4.5,-6.25,-2,-7.07,-8.49,,-11,-13,-10,3.2,-10.38,-13,-14,,-11.39,,,3.09,14,38,10,24,52
Baylor,Texas,-33,-20.55,-17.46,-17.4,-19.74,-21.97,-15.62,-33.41,-9.14,-29,-26.9,-21,-12.2,-21,-26.65,-3.26,-38.25,-39.92,-22.69,-11.12,-33,-34.5,-19.31,-15,-17.4,-21.28,-16.77,-22.07,-9.12,,-18.37,-21.96,-25.7,-11.27,-32,-10.61,-12.22,,-33,-33.5,-27,-14.8,-20.67,-39,-33,,-36.04,,,9.20,56,0,10,-56,56
Boise St.,San Jose St.,26,22.66,26.82,22.49,30.12,22.69,35.97,24.13,25.99,38,32.1,24,27.25,27,22.74,27.39,29.45,30.88,27.78,24.85,38,34.1,28.44,20,28.5,24.79,20.5,29.42,17.06,,31.31,25.42,28.9,21.98,34,23.21,27.05,,32,25.5,22,27.6,28.36,21,36,,33.97,,,4.98,14,77,10,63,91
Boston College,Notre Dame,4,2.9,2.49,3.83,20.59,21.14,-1.85,9.29,-2.22,13,7.3,4,1.33,6,5.57,-1.87,7.78,6.71,5.54,5.11,7,8.2,5.59,3,4.85,2.5,-1.21,6.13,-0.29,,-0.23,1.22,5.7,1.73,14,3.28,4.32,,11,4.5,-1,7.4,3.91,6,12,,7.03,,,5.37,25,27,10,2,52
Bowling Green,Northern Ill.,3.5,3.81,-4.23,4.75,3.34,0.27,14.76,-4.39,3.88,1,-2.7,2,5.11,0.5,5.74,3.13,7.35,8.34,1.34,4.24,3,-0.4,4.72,-2,-5.5,-0.21,-1.86,2.22,-1.33,,-0.21,-5,-2.5,-3.69,5,-4.22,-2.12,,5,4,-2,-2.5,-0.66,1,6,,-1.4,,,4.31,18,34,10,16,52
Buffalo,Ohio,-13.5,-11.1,-6.33,-13.96,-17.98,-15.96,-9.37,-11.32,-9.92,-14,-13.3,-14,-11,-16.5,-10.69,-3.37,-12.8,-12.59,-12.12,-18.9,-15,-14.9,-17.3,-7,-6.8,-19.93,-3.48,-8.71,-13.76,,-20.99,-12.33,-17.6,-12.36,-16,-7.35,-3.59,,-14,-13.5,-14,-4.3,-3.55,-6,-14,,-14.65,,,4.72,17,26,10,9,43
California,Arizona,17,14.81,14.5,14.08,22.57,19.57,9.37,16.67,14.16,24,12.2,17,19.46,16.5,16.71,16.39,17.2,26.54,17.01,11.45,26,24.4,22.37,17,14.2,17.14,7.93,17.67,10.47,,15.18,13.04,18.9,12.03,25,11.75,10.69,,20,18.5,15,7.5,15.09,10,22,,25.02,,,4.90,14,42,10,28,56
Central Florida,Central Mich.,7,2.19,2.89,5.5,2.89,0.16,-7.16,4.19,0.32,2,-4.1,1,1.71,3.5,3.16,4.99,14.54,-0.41,1.9,-5.98,2,-1.5,8.45,6,-1.05,9.62,-1.67,0.6,4.74,,4.5,-2.32,-3.3,0.08,1,-1.1,-0.1,,8,7,4,0.5,1.44,9,1,,-1.83,,,4.34,13,31,10,18,44
Cincinnati,Army,28,26.73,23.98,29.32,33.8,30.9,25.38,25.65,29.2,38,28,25,24.91,27,26.3,26.73,32.24,33.39,26.77,26.35,18,29.9,31.98,20,21.55,32.54,11.49,29.1,24.33,,33.79,22.6,20.7,26.37,37,20.43,21.98,,30,27.5,22,23.4,18,26,27,,30.62,,,5.51,29,33,10,4,62
Clemson,North Carolina,13.5,14.21,15.34,13.85,18.53,24.1,30.88,15.69,18.54,26,18.3,17,13.29,17.5,12.04,7.19,15.13,22.63,18.18,20.2,18,19.9,18.73,18,24.7,20,18.94,20.9,16.97,,19.41,15.16,16.4,18.22,20,17.1,18.32,,18,13.5,16,17.7,20.83,7,21,,22.1,,,4.47,28,36,10,8,64
Colorado,Oklahoma,-25,-19.53,-22.76,-24.33,-41.33,-40.74,-19.08,-35.43,-13.03,-36,-42.3,-31,-27.99,-32.5,-24.07,-16.29,-24.77,-32.27,-28.04,-22.46,-33,-39.6,-24.23,-25,-25.4,-24.14,-18.39,-27.97,-18.89,,-27.68,-28.35,-38.8,-19.26,-33,-15.4,-18.1,,-30,-24,-31,-26.4,-19.22,-30,-40,,-38.94,,,8.03,34,20,10,-14,54
Connecticut,Akron,8,8,7.11,9.84,8,7.61,5.73,13.61,7.97,15,4,8,11.14,5,6.55,11.01,12.52,1.72,8.69,18.8,6,11.9,8.86,3,5.5,10.11,7.67,12.04,8.45,,11.29,3.49,3.6,5.65,17,6.54,6.51,,12,11,12,-2.6,8.05,7,6,,13.18,,,3.88,37,38,10,1,75
Duke,NC St.,-21,-15.54,-15.5,-19.61,-24.05,-17.95,-30.24,-20.8,-12.37,-26,-15.6,-16,-18.65,-20,-16.91,-13.48,-24.82,-19.31,-19.57,-18.85,-34,-22.6,-22.97,-10,-22.05,-20.8,-18.71,-20.33,-16.81,,-20.66,-20.26,-22,-11.99,-22,-12.42,-14.49,,-23,-21,-19,-14.6,-18.27,-12,-23,,-27.04,,,5.08,28,21,10,-7,49
East Carolina,Louisville,-17,-16.08,-21.61,-25.36,-28.81,-28.55,-38.99,-17.2,-23.02,-29,-16.3,-21,-25.55,-23.5,-13.74,-19.16,-18.78,-28.06,-22.49,-26.47,-29,-15.2,-23.88,-14,-31.45,-21.24,-18.9,-19.99,-25.39,,-31.59,-28.32,-16.5,-23.29,-15,-21.73,-22.58,,-15,-17,-15,-16.7,-23.58,-11,-34,,-24.88,,,6.35,36,20,10,-16,56
Florida St.,Wake Forest,18.5,17.67,14.56,13.37,20.39,22.77,25.47,17.4,15.76,25,13.8,17,14.76,19.5,18.03,10.56,21.41,25.62,18.39,10.23,24,22.4,21.53,18,20.75,11.97,16.35,17.43,7.87,,18.66,15.67,15.2,18.15,24,16.4,16.19,,21,18.5,17,12,18.7,20,21,,19.33,,,3.90,24,48,10,24,72
Fresno St.,Rice,20.5,19.7,22.29,20.03,22.51,18.84,27.09,16.72,20.82,27,16.9,20,20.8,21,20.03,15.62,24.44,21.06,20.49,16.44,32,21,30.12,17,17.6,16.86,12.98,23.43,15.67,,24.65,18.29,11.6,17.01,23,18.56,17.08,,23,20.5,21,13.3,16.57,20,19,,27.01,,,4.31,28,31,10,3,59
Georgia,UAB,29,25.06,20.93,27.48,33.42,30.59,31.04,30.05,20.49,37,27,19,21.82,22,26.76,13.33,34.65,36.35,26.86,27.34,31,34.5,32.46,20,25.85,20.01,26.33,29.37,21.88,,29.06,22.56,24.5,19.81,39,20.02,21.09,,30,29.5,26,20.2,28.43,21,27,,35.14,,,5.94,13,16,10,3,29
Georgia Tech,Maryland,-2.5,2.51,2.92,3.62,-0.48,-1.66,-2.23,0.5,2.17,8,-2.2,-0.25,2.69,0.5,2.71,3.09,2.12,-12.68,0.4,1.96,-5,0.1,-0.09,3,3.85,4.67,-1.34,3.39,-2.63,,0.25,-1.03,4.7,0.43,-4,2.86,1.13,,-4,-3,1,-0.7,0.07,-2,-8,,2.27,,,3.70,3,7,10,4,10
Hawaii,UTEP,27,21.67,23.74,21.88,22.57,15.69,26.03,23.82,29.31,29,20.2,28,27.72,26.5,19.96,28.91,33.77,32.45,24.24,17.07,26,23.6,30.12,18,20.55,31.47,19.78,26.35,16.71,,29.72,24.01,19.8,21.46,24,20.99,19.98,,24,26,22,16.1,19.47,23,24,,28.61,,,4.41,15,31,10,16,46
Houston,TCU,-5.5,-6.43,-8.51,-7.1,-5.27,-8.61,-13.03,-10.66,-13.07,-8,-12.8,-10,-9.4,-12.5,-3.94,-10.97,-9.71,-10.53,-10.11,-3.96,-13,-7.5,-14.42,-8,-15.85,-12.86,-8.73,-7.31,-7.66,,-12.45,-12.77,-18,-13.43,-1,-12,-9.71,,-9,-6,-12,-12.5,-14.03,-7,-11,,-9.94,,,3.46,62,55,10,-7,117
Illinois,Minnesota,-14.5,-12.55,-18.72,-15.77,-30.19,-25.2,-24.32,-14.21,-14.54,-33,-23.6,-20,-17.98,-20,-13.94,-5.81,-8.48,-19.09,-18.78,-17.37,-17,-18.5,-15.57,-13,-30.85,-12.62,-14.63,-21.02,-12.5,,-18.86,-25.24,-23.4,-19.32,-13,-17.91,-19.78,,-11,-14,-14,-19.6,-23.09,-11,-31,,-27.04,,,6.38,36,10,10,-26,46
Indiana,Ohio St.,-20.5,-21.05,-27.08,-19.28,-20.74,-26.85,-58.9,-28.35,-29.49,-26,-22.3,-19,-20.96,-24.5,-15.85,-17.91,-22.04,-26.03,-26.36,-19.25,-12,-20.6,-21.85,-25,-48.45,-37.71,-32.58,-18.61,-17.73,,-34.54,-36.62,-27.9,-32.54,-22,-29.09,-34.01,,-21,-20.5,-25,-27,-31.29,-28,-22,,-21.65,,,8.75,35,6,10,-29,41
Iowa,Penn St.,10.5,16.62,20.38,15.43,24.94,26.67,34.76,11.39,24.71,23,16.8,13,13.27,15.5,12.67,16.46,13.28,21.24,18.06,15.27,13,11.2,16.32,18,31.3,15.3,20.82,16.65,12.55,,22.06,19.22,12.4,21.83,16,21.2,21.06,,11,11,12,23.4,24.95,11,17,,16.56,,,5.62,14,26,10,12,40
Kansas St.,Kansas,20,11.46,6.13,9.98,9.08,8.73,2.6,29.31,0.27,13,13.4,8,10.44,8.5,15.93,7.36,37.36,29.06,11.6,2.66,17,25.9,13.69,5,-3.4,14.96,-0.05,9.23,1.22,,3.94,-1.22,20.7,-0.37,20,-2.07,-2.75,,37,22,19,-2.5,4.56,24,12,,11.92,,,10.46,6,42,10,36,48
Kent,Miami (Ohio),-22,-20.95,-23,-22.16,-37.22,-23.14,-29.79,-24.16,-21.75,-35,-31.9,-25,-24.12,-24,-22.82,-14.35,-24.52,-33.31,-25.25,-24.39,-27,-26.4,-22.49,-25,-28.25,-14.93,-18.97,-26.53,-19.03,,-27.31,-30.02,-23.9,-19.88,-26,-21.03,-23.14,,-20,-21.5,-23,-29.1,-27.03,-26,-32,,-34.16,,,5.02,38,30,10,-8,68
Kentucky,Mississippi St.,9.5,8.35,12,11.61,15.18,16.37,5.32,12.67,3.29,18,10.9,10,9.93,10,11.67,2.3,14.85,13.71,10.85,11.16,24,18.6,18.54,10,1.7,6.83,3.39,13.5,8.68,,9.09,2.78,14.9,3.63,16,4.74,3.04,,19,9.5,13,-1.7,8.16,4,15,,15.97,,,5.59,17,42,10,25,59
LSU,Auburn,3.5,6.64,7.68,9.7,4.64,9.22,9.01,2.96,6.13,16,1,6,3.3,7,7.67,2.95,5.9,7.62,6.83,4.63,18,3,14.06,4,9.6,2.2,1.44,11.13,7.28,,11.79,4.23,0.2,7.22,9,5.71,7.02,,6,4,1,-1.8,6.94,1,16,,8.61,,,4.31,7,31,10,24,38
Louisiana-Lafaye,Idaho,-3,-0.35,2.12,0.73,1.74,-0.47,5.63,-6.47,0.31,-4,-10.3,5,-1.09,4.5,-1.67,2.41,-5.2,-5.05,-0.67,-7.12,-8,-5.1,-1.74,4,-1.95,13.26,5.85,-2.99,-0.7,,2.04,1.81,-4.8,5.91,-5,6.68,0.01,,-9,-3,-3,-3.1,2.5,4,-6,,-5.36,,,5.10,20,31,10,11,51
Louisiana-Monroe,New Mexico St.,-4,3.22,3.56,-3.06,-1.05,-5.76,4.98,-4.48,17.18,1,0.4,-1,1.07,-4,-1.5,5.64,-8.3,-1.8,0.44,-3.49,-7,-3.8,-3.61,3,14.65,-4.77,5.85,0.62,1.48,,7.95,-0.27,0.6,11.89,-8,2.65,12.15,,-1,-5.5,-2,13.2,2.97,-9,-4,,-4.22,,,6.17,21,14,10,-7,35
Michigan,Purdue,5,2.63,0.47,3.65,-2.89,-4.63,4.81,1.96,-1.06,8,1.6,0.25,8.18,1,5.33,5.39,8.83,8.54,2.45,3.24,4,5.2,6.59,3,-0.95,-0.84,-5.55,5.05,1.51,,-1.7,-3.82,1.8,-2.25,4,-1.65,-2.57,,8,5.5,4,1.9,0.47,4,8,,5.61,,,3.95,3,31,10,28,34
Middle Tenn.,North Texas,-2.5,-5.91,-8.95,-1.61,-0.2,-5.81,-14.5,2.48,-15.29,1,-3.1,-8,-6.47,-7.5,-0.7,-11.53,2.87,-8.7,-4.97,-1.35,-1,0.4,10.55,-6,-10.1,-5.53,-7.24,2.23,-5.62,,-15.71,-15.55,-2.2,-14.27,-4,-12.42,-8.43,,4,-2.5,-1,-12.9,-7.35,-5,-2,,-0.1,,,6.08,33,28,10,-5,61
Mississippi,Arkansas,1,-0.72,-2.37,-2.59,3.75,0.17,4.92,1.23,-1.21,3,1.1,-1,2.31,2,0.57,6.21,-1.31,0.95,-0.01,-10.8,-6,2.4,3.14,5,1.3,-2.31,2.48,-1.49,-2.62,,-3.84,-5.4,4.9,-0.76,-10,-2.07,-0.82,,6,1.5,5,-1.1,-3.41,-1,5,,-4.71,,,4.04,7,19,10,12,26
Missouri,Texas Tech,-3.5,-2.47,-0.72,-3.14,7.78,0.41,-11.32,-6.5,5.46,-4,-0.8,3,5.19,1,-6.4,7.93,-1.63,-7.21,-1.29,4.09,-5,-6.6,2.79,-2,1,3.59,0.08,-2.65,0.28,,0.62,-3.91,-5.9,4.1,-8,1.89,3.86,,-2,-3,-1,4.5,0.38,-9,-7,,-6.34,,,4.78,31,62,10,31,93
Nebraska,Iowa St.,23.5,17.47,20.98,19.43,39.36,35.72,23.48,16.23,18.97,34,25.5,21,21.72,24,17.95,10.19,17.06,15.99,22.04,12.91,18,23.3,23.24,19,34.4,13.57,23.22,21.76,12.7,,22.29,22.37,22.2,22.07,21,22.93,25.52,,20,23,20,21.3,27.95,14,29,,21.79,,,6.17,0,28,10,28,28
Nevada,Louisiana Tech,4,4.25,5.24,2.57,7.07,9.31,13.34,8.39,10.05,10,8,6,-1.04,6.5,1.19,0.06,5.48,4.45,6.21,5.41,-2,5.1,3.36,14,6.85,15.44,5.07,6.24,1.89,,6.86,5.31,10.3,8.72,-5,10.5,8.92,,8,4.5,7,9.9,8.46,6,5,,1.85,,,4.19,42,34,10,-8,76
Northwestern,Wisconsin,-10,-6.28,-3.98,-4.96,-16.86,-12.47,-16.05,-16.87,-2.41,-8,-8.7,-7,-8.77,-10.5,-6.43,-4.81,-13.4,-11.19,-9.71,-5.83,-12,-12.9,-6.59,-8,-13.55,-22.81,-6.59,-2.81,-0.93,,-6.07,-11.53,-16.3,-6.12,-10,-6.86,-7.71,,-14,-10.5,-13,-2.8,-11.3,-13,-7,,-6.04,,,4.50,7,16,10,9,23
Oregon,Stanford,10,5.16,6.47,4.62,5.24,8.12,21.28,1.78,8.55,7,2.7,9,0.77,11.5,2.81,0.68,6.71,12.15,6.8,5.8,2,-1.9,3.49,14,16.75,10.49,11.3,3.7,1.7,,10.13,7.76,-5.4,10.03,9,11.33,10.93,,6,10,5,11.1,10.27,6,2,,1.83,,,5.12,0,35,10,35,35
Pittsburgh,Syracuse,7,2.65,1.15,2.21,5.92,5.7,3.25,2.27,3.24,6,-7.8,7,-0.31,4,4.11,6.45,11.04,5.69,3.18,3.04,5,3.4,6.96,5,-0.85,2.05,-5.81,5.52,-0.07,,-1.88,-2.18,-3.3,0.01,6,1.47,0.49,,9,7,4,-9.2,1.06,12,6,,4.46,,,4.08,14,34,10,20,48
San Diego St.,Wyoming,3,-0.23,-1.58,-0.63,-6.61,0.08,-1.58,1.41,-6.51,-4,6.4,2,-6.73,1.5,1.7,-6.94,4.72,-2.15,-0.77,-1.15,-4,-0.4,-0.56,3,-4.8,9.95,-3.74,-2.17,-1.12,,-4.98,-4.65,0.1,-3.34,8,-1.65,-4.2,,4,3.5,0,8.9,-1.87,4,1,,-3.38,,,4.02,20,25,10,5,45
South Carolina,Vanderbilt,16.5,19.84,20.37,18.08,21.45,18.34,28.04,13.06,24.27,26,20.2,15,23.1,16.5,14.67,22.02,15.73,14.94,20.71,25.25,25,21.2,18.54,21,29,29.4,18.68,19.61,18.57,,27.87,19.72,17.9,25.66,24,21.27,23.72,,17,17,18,21.3,24.18,14,16,,19.05,,,4.36,24,35,10,11,59
Southern Miss.,South Florida,3,7.46,6.46,5.17,1.58,-1,0.52,-1.85,7.33,6,7,-0.25,9.13,0.5,7.78,5.84,3.98,-1.27,2.2,1.83,-11,7.3,2.12,-2,1.6,-1.28,-2.05,4.7,0.05,,1.5,3.29,3.4,2.72,3,3.97,3.41,,-6,2.5,4,6.3,2.9,6,-9,,1.18,,,4.41,6,27,10,21,33
Temple,Rutgers,4.5,3.11,-0.75,1.35,-10.07,-4.42,-13.97,7.17,-4.59,2,-1.6,-7,0.16,-3.5,5.32,-7.37,9.13,2.76,-1.27,4.67,-3,6.1,1.65,-6,-7.7,2.46,-8.67,3.64,-4.51,,-8.44,-11.35,1.5,-9.31,10,-9.43,-4.82,,14,6,5,-2.4,-2.44,2,-7,,-0.2,,,6.53,30,14,10,-16,44
Texas A&M,Oklahoma St.,-6,-6.31,-7.63,-6.55,-10.24,-11.88,10.28,-13.11,-3.86,-21,-12.4,-8,-4.53,-8,-7.98,0.12,0.37,-11.99,-8.62,-6.38,-11,-12.7,-6.58,-12,-7.2,-9.16,-10.54,-10.63,-5.36,,-9.21,-11.63,-11.4,-5.63,-15,-5.26,-7.04,,-8,-6,-8,-7.4,-11.34,-3,-16,,-15.79,,,5.27,38,10,10,-28,48
Tulane,Memphis,-4.5,-1.24,-6.36,-2.85,-4.68,-3.49,-3.07,1.58,-0.8,-5,-0.1,-3,-1.22,-0.5,-3.01,-0.07,2.45,-4.67,-1.51,5.35,0,-2,0.62,,-6.65,1.79,0.67,-4.75,-4.33,,-1.74,-5.32,3.3,-0.51,8,-0.19,-1.43,,1,-4.5,-1,0,-1.37,-1,-9,,-7.25,,,3.42,41,9,10,-32,50
Tulsa,SMU,17.5,19.61,24.11,17.27,28.82,24.42,24.37,16.66,31.61,30,32.9,23,23.06,21,16.85,21.7,13.81,19.32,22.67,22.92,31,26.4,24.83,18,23.6,24.8,16.48,24.27,11.3,,31.63,21.4,23.7,27.99,22,20.71,20.51,,18,17,19,28.4,15.98,7,28,,27.25,,,5.47,16,35,10,19,51
UCLA,Arizona St.,3,4.85,6.57,4.08,9.74,4.76,17.59,7.46,4.6,8,18.2,7,10.02,10,3.37,8.67,8.86,2.35,7.29,3.49,5,7.6,8.26,8,11.6,3.47,8.7,0.77,2.37,,5.66,5.32,4,8.03,17,11.4,9.63,,4,3.5,6,18.5,8.98,6,3,,2.18,,,4.03,13,20,10,7,33
UNLV,BYU,3.5,6.3,10.15,5.22,8.22,10.08,23.5,3.96,14.8,6,11.2,9,4.5,9,3.38,6.47,3.72,10.36,8.77,10.18,1,7.6,3.66,11,22.75,11.15,15.83,7.6,4.69,,11.76,10.94,2.7,13.87,2,14.32,15.73,,4,3.5,3,18.4,15.06,-1,8,,5.18,,,5.49,27,20,10,-7,47
Utah,New Mexico,8.5,12.74,18.21,11,10.68,9.84,16.9,4.94,23.98,12,12.2,11,8.37,13,5.53,10.32,9.2,11.39,12.31,12.33,-2,7.4,8.46,15,29.65,19.02,15.05,10.72,8.48,,21.07,17.59,7.1,20.7,8,22.1,21.78,,5,9,9,17.9,21.05,-2,3,,8.79,,,6.87,47,35,10,-12,82
Utah St.,Arkansas St.,8.5,7.5,7.12,9.53,8.52,0.22,-4.72,7.13,0.93,15,10.6,2,12.76,1.5,11.95,6.93,14.97,12.93,7.33,10.99,13,17.7,17.76,-3,-1.25,-4.19,3.32,15.4,4.14,,6.33,1.32,12.1,-2.79,14,-1.31,2.77,,7,8.5,10,2.5,3.17,10,9,,19.6,,,6.61,0,49,10,49,49
Virginia,Troy St.,21.5,15.88,13.56,14.96,20.32,16.33,15.92,23.88,4.21,21,7.8,13,17.96,11,23.49,4.63,22.04,23.55,16.27,10.73,27,34,22.45,12,5.95,17.27,11.23,17.18,9.14,,10.14,12.15,20,5.04,26,5.85,6.67,,11,23.5,19,-3.6,13.12,35,20,,23.18,,,7.67,0,24,10,24,24
Washington,USC,-10,-9.99,-13.17,-16.36,-17,-19.13,-17.39,-15.41,-9.07,-20,-8.2,-14,-13.98,-15,-11.25,-5.02,-15.6,-22.52,-13.56,-14.92,-18,-14.7,-13.69,-9,-14.2,-4.35,-8.21,-15.86,-11.19,,-14.57,-17.32,-14.1,-8.67,-14,-9.92,-9.66,,-15,-10,-11,-3.1,-14.59,-13,-14,,-17.02,,,3.94,43,23,10,-20,66
Washington St.,Oregon St.,8,10.93,10.94,14.21,15.62,16.5,13.16,10.62,12.26,17,13.5,12,8.01,11.5,9.86,6.4,11.73,11.45,11.3,8.7,3,15.1,11.52,14,10.25,10.79,7.86,12.7,9.35,,11.03,9.35,14,9.83,11,12.58,10.92,,9,8,12,11.7,13.3,8,9,,11.23,,,2.75,30,36,10,6,66
West Va.,Virginia Tech,-13,-11.78,-17.27,-13.3,-15.34,-9.61,-37.84,-13.17,-17.49,-16,-26.4,-15,-17.36,-13,-8.33,-19.2,-7.7,-13.61,-15.92,-13.36,-5,-11.4,-11.17,-11,-24.6,-9.64,-21.3,-12.31,-18.05,,-28.79,-23.57,-16.1,-20.36,-9,-19.99,-19.27,,-9,-13,-12,-28.5,-20.23,-12,-23,,-15.41,,,6.56,7,28,10,21,35
Western Mich.,Marshall,,-0.95,0.51,-0.13,-5.71,-0.72,3.29,-7.87,-0.91,1,-0.5,1,-4.32,-2.5,-0.56,-10.49,-5.52,-6.36,-2.51,0.22,2,-5.2,0.15,-2,-2.9,-11.48,1.32,-1.16,-2.82,,-1.29,-3.27,-2.7,-0.98,-4,-0.13,-0.3,,-7,,-5,-1.5,-1.83,-7,-2,,-2.79,,,3.34,41,21,10,-20,62
Air Force,Utah,3,1.61,2.8,0.77,2.99,2.74,4.23,-0.29,3.27,2,-2,3,2.91,2.5,1.61,-0.11,2.01,1.39,1.71,3.05,3,1.8,0.63,1,0.5,0.44,1.63,2.35,1.37,,0.87,2.13,2,1.95,-2,0.69,2.79,,1,3,1,-2.7,1.33,5,3,10.4,0.99,,,1.44,45,43,11,-2,88
Arizona St.,California,3.5,2.79,1.16,-0.55,4.01,3.74,2.21,-2.8,4.74,1,-5.2,2,6.36,1,0.34,8.96,-2.09,1.92,1.55,0.35,8,-2.9,-2.99,4,0.8,5.25,3,-0.52,0.65,,0.19,0.73,1,2.5,1,1.46,2.16,,7,3.5,1,1.3,0.96,1,-1,17.9,-2.08,,,3.04,51,23,11,-28,74
Auburn,Louisiana-Monroe,37,37.72,35.48,34.49,39.5,35.34,46.99,40.61,45.56,41,52.5,28,38.44,30.5,35.15,36.2,38.73,47.61,38.15,34.66,35,51.4,28.47,28,28.6,39.79,38.03,32.77,25.82,,50.63,40.6,42.5,42.11,46,33.25,27.94,,36,37.5,43,47.2,33.85,39,31,38.7,41.4,,,6.61,7,73,11,66,80
BYU,Boise St.,-7,-3.76,-2.15,-3.02,-14.31,-9.54,-5.43,-10.28,-0.42,-8,-15.4,-7,-8.33,-6,-6.57,-9.65,-14.3,-22.04,-8.07,-1.94,-10,-16.9,-3.19,-11,-3.85,-7.96,-4.49,-5.44,-2.83,,-1.67,-4.58,-15,0.58,,-1.69,-4.36,,-18,-6,-4,-6.6,-9.16,-7,-22,-8.3,-8.82,,,5.74,50,12,11,-38,62
Boston College,Pittsburgh,-1.5,3.04,-0.17,1.09,-0.72,2.7,-0.55,-0.22,2.97,1,-2.3,1,0.84,3.5,2.04,2.93,4.9,2.93,1.01,-0.81,3,-0.6,0.22,3,-0.15,1.87,2.22,0.64,-0.23,,2.23,0.25,-1.6,2.8,11,0.41,1.41,,1,-1,-2,5.3,-0.56,-3,-6,6.9,-1.03,,,2.67,24,13,11,-11,37
Central Mich.,Eastern Mich.,7,9.79,8.77,5.93,12.5,9.85,13.14,5.84,10.24,8,5.1,12,11.33,10.5,8.71,12.96,13.73,11.12,9,-0.45,7,8.7,5.99,7,6.15,13.28,7.17,7.35,3.19,,7.47,10.58,7.8,11.45,19,9.65,4.74,,12,8.5,10,1.1,5.94,7,6,2.1,7.77,,,3.37,10,38,11,28,48
Connecticut,Western Mich.,12,6.59,10.59,6.17,9.89,14.24,9.51,14.01,8.48,16,9.8,12,6.25,10,6.3,5.45,6.4,8.42,10.42,6.12,4,15.2,5.79,14,14.05,15.36,16.93,10.36,5.87,,9.54,12.62,9.8,10.1,10,10.77,11.61,,14,12,9,10.6,10.53,12,13,2.4,11.62,,,3.28,27,41,11,14,68
Florida,Georgia,-2,-3.29,-6.61,-5.66,-6.47,-6.47,-5.23,-4.61,-8.54,6,-5.5,-7,-6.34,-8.5,0.36,-5.69,-6.93,-0.21,-5.17,-6.09,-1,-1,-6.3,-5,-12.95,-17.81,-4.69,-5.28,-5.65,,-8.96,-9.39,1.9,-7.68,-10,-9.52,-9.66,,-1,-2.5,-6,-8.6,-5.99,-3,-1,-43.3,-4.54,,,4.18,13,16,11,3,29
Iowa,Illinois,26,24.87,27.86,22.61,37.6,37.01,47.69,27.18,29.32,43,27.7,23,25.41,24,23.2,17.62,28.69,32.56,28.76,21.25,23,29.3,25.61,21,45.6,23.13,27.16,26.64,16.35,,29.27,32.03,30,30.25,28,28.56,30.1,,26,26,26,26.7,32.89,24,32,29.6,30.39,,,6.43,10,41,11,31,51
Kansas St.,Baylor,40,27.65,27.77,26.16,42.41,33.11,27.18,42,18.39,43,41,27,26.16,25,36.12,14.81,45.05,63.75,32.59,20.12,45,49.2,35.87,21,26.4,21.88,26.57,33.88,16.5,,24.98,26.87,38.4,17.16,38,16.38,18.93,,52,40,34,16,27.53,38,46,51.2,46.35,,,11.28,10,38,11,28,48
Kentucky,Arkansas,-4.5,-6.86,-7.56,-3.96,-5.4,-5.89,-12.27,-0.05,-9.27,-6,-4.3,-6,-3.16,-3.5,-5.94,-4.57,-0.86,-4.25,-5.6,-0.36,-10,0,-1.18,3,-15.15,-8.43,-2.92,-6.74,-2.72,,-8.84,-9.32,-3,-7.3,-8,-7.86,-8.65,,2,-3.5,0,-7.4,-11.31,-12,-3,-20.1,-9.31,,,4.14,71,63,11,-8,134
LSU,Louisiana Tech,26,21.81,19.03,24.43,25.89,26.72,24.48,32.96,15.38,34,28.7,23,20.28,21,24.81,10.36,30.31,35.4,24.55,21.33,40,36.7,26.66,21,18.4,15.14,20.25,26.06,13.48,,28.32,20.56,29.1,14.99,29,16.59,16.27,,31,27,24,20.3,23.38,19,29,16.7,32,,,6.68,10,49,11,39,59
Marshall,Akron,14.5,12.71,8.45,12.19,8.44,5.5,14.73,13.03,14.73,16,6.7,12,10.11,12,9.26,17.11,18.39,9.75,11.42,13.85,2,11.7,12.27,7,14.6,14.69,6.39,12.96,7.88,,14.44,9.24,11.1,11.28,13,10.7,11.38,,15,14.5,14,5.5,11.87,9,5,-9.3,12.91,,,3.49,24,42,11,18,66
Maryland,North Carolina,17,15.46,17.98,14.86,24.41,27.78,34.94,17.84,19.86,25,17.3,21,17.85,19.5,13.77,13.21,25.08,27.03,20.51,16.3,29,17.1,18.96,20,28.4,19.6,23.38,16.46,15.23,,21.77,21.39,16.4,20.13,21,19.74,20.26,,23,17,16,20.5,22.37,16,23,36.5,16.78,,,4.68,21,59,11,38,80
Memphis,East Carolina,17.5,16.04,21.62,20.36,29.94,29.06,35.1,17.9,22.11,31,17.9,22,17.98,22.5,15.24,14.02,15.66,26.86,21.1,21.59,18,20.5,21.85,22,30.05,20.18,16.41,21.39,14.3,,24.42,22.28,13.2,21.16,9,19.88,19.48,,22,17.5,17,16,17.88,15,31,24.2,23.22,,,5.50,24,41,11,17,65
Michigan St.,Michigan,-4,-0.78,2.66,-2.22,2.51,2.51,5.32,-8.64,5.31,-1,0.8,1,2.14,1.5,-5.09,4.47,-2.76,-9.1,-0.66,1.42,-6,-6,-4.94,4,4.55,0.54,5.67,-2.2,1.28,,2.74,2.87,-4.5,5.12,-1,6.22,5.88,,-10,-4,-4,2.2,2.71,-13,-8,-2.5,-6.3,,,5.10,27,20,11,-7,47
Minnesota,Indiana,28,24.19,26.94,28.41,36.53,34.17,39.5,26.1,26.99,45,22.7,28,26.87,28.5,24.96,22.36,30.78,34.67,29.32,27.36,26,27.5,30.16,22,38.9,31.39,22.73,30.62,23,,34.55,30.77,27.6,26.06,28,26.11,28.28,,26,28,24,19.7,31.75,25,38,18.8,34.24,,,5.27,7,55,11,48,62
Mississippi,South Carolina,7,6.71,3.64,4.82,14.76,8.83,3.32,13.42,3.14,16,18.3,7,7.3,7,9.52,6.23,5.45,9.36,8.11,5.41,9,13.4,8.76,9,7.7,7.29,3.85,6.95,-0.78,,2.33,4.9,16.2,1.72,1,3.84,3.92,,14,7.5,11,14.4,5.81,15,13,27.8,7.4,,,4.45,40,43,11,3,83
NC St.,Virginia,0,2.3,0.89,-0.43,-0.28,0.07,11.62,-0.24,4.76,-2,-2.6,1,2.86,3.5,-0.13,5.99,4.52,2.68,1.67,-1.3,-5,-0.9,-0.56,4,8.65,4.37,10.1,-1.1,0.34,,2.5,2.75,-2.8,4.21,3,4.33,4.9,,1,1,-3,10.3,2.93,-2,-2,18.2,-3.5,,,3.71,37,51,11,14,88
Navy,Tulane,10,8.39,10.06,9.55,18.49,13.79,4.65,10.79,13.81,27,19.5,13,10.69,11,9.18,4.31,7.19,13.4,11.54,15.09,12,13.9,13.7,14,16.15,-5.37,14.33,17.29,8.8,,10.07,10.68,19.6,7.97,3,6.43,15.18,,9,9,7,21.1,10.78,-2,19,-10.6,17.49,,,6.03,17,35,11,18,52
New Mexico,UNLV,9,8.12,4.24,8.65,11.32,11.81,4.13,17.79,3,19,21.8,8,9.76,6.5,12.08,2.67,8.88,12.33,9.98,13.69,10,18.7,12.4,15,-1.05,4.27,6.52,10.25,4.47,,4.95,3.94,20.7,1.35,11,1.95,1.87,,18,8.5,19,13.3,6.55,14,14,2.8,11.92,,,5.97,37,35,11,-2,72
New Mexico St.,Arkansas St.,15,4.84,2.41,10.6,18.62,7.93,-1.49,14.37,-9.45,19,12.8,4,11.88,3,11,4.14,24.43,18.4,8.74,11.58,15,21,22.43,4,-3.9,1.68,0.72,15.75,5.64,,-1.08,0.28,12.8,-8.92,13,-2.88,0.04,,14,14,14,-9.4,2.56,15,17,0.4,20.3,,,8.84,28,24,11,-4,52
North Texas,Troy St.,11,6.1,8.86,3.97,16.49,11.77,2.33,8.21,-1.39,12,2.2,7,14.01,6.5,10.46,1.76,10.74,7.8,7.53,0.39,14,15.2,8.55,5,8.15,9.44,3.59,5.68,1.17,,-0.7,11.06,6.1,2.94,12,4.33,8.49,,-2,11,7,6,6.43,19,12,5.1,8.25,,,4.94,0,21,11,21,21
Northern Ill.,Ball St.,15.5,14.1,10.21,11.09,14.81,14.38,10.08,11.24,14.85,18,8,16,13.38,16,13,11.83,16.11,18.54,14.19,7.29,19,14.9,19.74,12,18.95,10.97,7.88,12.84,11.19,,17.43,16.14,10.7,11.87,16,15.19,15.55,,19,15.5,11,4.5,19.59,15,17,5.3,13.95,,,3.37,23,48,11,25,71
Notre Dame,Florida St.,-11.5,-12.17,-13.66,-8.76,-33.75,-29.63,-20.38,-16.58,-8.84,-23,-12.9,-15,-15.3,-16.5,-14.5,-8.03,-9.54,-18.21,-16.06,-5.56,-26,-19.5,-14.67,-19,-22.55,-8.59,-11.97,-13.77,-6.66,,-15.18,-18.04,-14.3,-14.18,-16,-13.25,-14.62,,-15,-11.5,-10,-5,-15.98,-16,-25,-11.3,-20.33,,,5.91,37,0,11,-37,37
Oklahoma,Oklahoma St.,16,14.68,17.11,14.96,25.37,21.91,27.45,18.49,13.94,13,19.2,23,19.69,26.5,13.67,18.02,15.94,20.48,17.35,13.96,5,18.4,14.77,15,23.35,21.77,12.05,12.82,13.46,,19,17.71,17.5,20.01,25,12.17,14.32,,17,16.5,17,13.3,7.74,24,11,3.1,13.75,,,5.02,9,52,11,43,61
Oregon St.,Arizona,22,18.11,17.51,15.83,29.1,28.01,25.06,20.48,17.71,31,9.5,20,15.66,20.5,19.27,12.08,24.11,29.44,20.38,12.84,22,25,22.73,18,25.9,21.02,15.63,17.53,12.89,,17.9,19.44,16,17.13,25,15.96,16.95,,25,22,19,11,19.76,17,28,11,23.56,,,5.03,23,52,11,29,75
Penn St.,Ohio St.,-7,-10.89,-14.83,-7.12,-15.98,-20.33,-49.15,-9.68,-20.48,-13,-15.1,-11,-11.61,-15,-4.29,-13.89,-3.84,-6.54,-14.45,-8.36,-7,-6.1,-8.3,-19,-40.35,-18.39,-26.49,-6.08,-9.67,,-18.28,-20.38,-10.1,-21.42,-3,-21.02,-22.14,,-5,-7,-12,-24.1,-22.11,-9,-11,3,-5.39,,,9.49,21,20,11,-1,41
Purdue,Northwestern,18,14.51,8.58,12.64,24.22,25.37,12.15,17.13,10.68,20,12.5,13,9.85,12.5,16.06,7.2,18.97,22.89,15.19,11.4,17,20.6,16.19,15,11.1,18.36,6.13,13.79,5.5,,11.66,12.31,14.8,8.92,28,10.49,10.45,,23,19,17,9.7,15.16,20,17,14.1,15.99,,,5.12,14,34,11,20,48
Rice,Nevada,-6,-7.83,-10.63,-8.03,-22.32,-17.45,-26.73,-9.24,-12.46,-18,-22.9,-12,-16.62,-13.5,-6.26,-14.97,-5.46,-7.52,-12.79,-10.02,-17,-8.9,-14.51,-12,-15.75,-12.45,-8.46,-12.56,-7.92,,-13.83,-15.93,-12.5,-11.89,-9,-13.88,-12.74,,-7,-6,-8,-23.4,-9.12,-10,-16,-46.4,-15.28,,,4.70,42,52,11,10,94
SMU,Fresno St.,-14,-20.85,-20.91,-10.85,-15.82,-15.89,-29.16,-13.82,-29.94,-17,-15,-19,-16.91,-21.5,-15.41,-19.3,-16.87,-23.14,-18.86,-7.68,-25,-14.4,-22.47,-18,-25.9,-25.29,-18.49,-14.53,-8.9,,-27.39,-23.52,-9,-29.46,-18,-21.02,-21.57,,-17,-15,-18,-18.4,-13.85,-12,-13,-16.1,-18.56,,,5.48,20,11,11,-9,31
San Jose St.,Hawaii,-12.5,-10.86,-14.8,-8.39,-9.5,-10.16,-21.12,-11.32,-15.21,-19,-25.7,-15,-12.07,-17.5,-10.34,-11.57,-15.18,-16.99,-14.83,-10.11,-17,-20.5,-15.63,-10,-16.95,-12.81,-13.28,-16.24,-7.97,,-17.08,-16.81,-15.2,-13.68,-15,-12.76,-15.24,,-14,-12.5,-14,-20.9,-11.74,-11,-22,10.8,-22.62,,,3.95,13,10,11,-3,23
South Florida,Cincinnati,2.5,0.32,-0.06,1.44,4.52,-0.44,-0.56,6.15,3.37,1,6,4,8.51,3.5,-2.22,10.02,5.4,7.08,3.33,3.55,2,1.7,-4.47,7,4.85,7.29,5.86,-0.38,1.24,,2.39,-2.5,10.6,3.49,4,2.65,0.85,,13,2.5,8,4.4,2.17,-1,3,-6,-2.14,,,3.89,17,24,11,7,41
Southern Miss.,Louisiana-Lafaye,21.5,24.23,22.4,22.1,22.76,18.23,32.26,25.98,34.63,29,32,17,23.43,17,20.58,29.43,26.8,33.2,24.31,21.68,21,26.7,21.46,14,26.55,22.97,18.69,21.39,17.45,,32.93,25.42,24.4,28.13,27,23.8,21.07,,27,22,27,31.1,21.86,23,19,25.4,22.01,,,4.82,3,48,11,45,51
Stanford,UCLA,-6,-3.18,-9.26,-2.21,-5.9,-12.12,-24.16,-12.04,-4.28,-4,-23.7,-6,-1.31,-9.5,-1.49,5.02,-8.09,-11.34,-8.65,-2.08,-2,-10.1,-6.46,-18,-15.2,-8.7,-17.57,-1.91,-2.15,,-9.07,-11.67,-12.9,-8.73,-4,-12.13,-11.32,,-10,-6,-8,-22.4,-13.28,-7,-6,0.7,-7.82,,,6.00,14,21,11,7,35
Tennessee,Duke,24.5,27.04,25.47,27.35,21.65,24.99,35.97,22.1,27.72,39,24.5,24,22.74,25,25.36,15.22,26.11,26.07,27.81,27.11,34,31.1,32.6,23,39.5,32.02,28.91,28.18,21.81,,31.69,30.25,28.5,25.33,30,27.44,28.46,,30,24.5,28,22.6,31.95,20,25,-6.8,31.08,,,4.85,6,23,11,17,29
Texas,Nebraska,5.5,1.9,-2.15,-0.31,1.76,-5.19,-2.7,7.04,-4.96,3,-4.1,-3,3.05,-4,5.77,0.93,9.81,10.63,1.41,-0.18,5,8.3,-5.12,3,-7.9,5.17,-2.66,1.05,-1.54,,-3.71,-3.74,2.3,-5.57,11,-5.33,-4.87,,12,6,10,-4.1,-2.4,13,6,2.9,2.02,,,5.78,7,31,11,24,38
Texas A&M,Kansas,10,1.73,-2.79,-2.3,-2.1,-6.5,10.73,7.8,-2.42,-4,13.1,1,2.7,-1.5,1.73,8.96,5.81,0.58,1.75,-2.59,7,8.9,0.69,-6,-2.2,5.77,-1.23,-1.42,-5.91,,-3.53,-4.03,7.4,-1.34,6,-2.32,-2.61,,11,9,8,4.8,-3.67,14,-1,4.4,-1.15,,,5.58,33,45,11,12,78
Texas Tech,Colorado,14,10.05,6.26,12.28,29.64,20.33,13.78,13.84,6.45,25,20.5,16,14.82,12.5,14.11,10.83,13.65,6.91,13.38,10.78,29,13.9,10.95,14,8.3,7.32,5.08,14.51,7.16,,8.33,9.56,13.6,5.59,21,6.85,7.04,,12,14,13,14.5,12.14,13,22,38.4,17.08,,,6.05,21,26,11,5,47
Toledo,Buffalo,26,24.48,18.19,21.67,30.85,26.27,31.38,16.87,26.15,29,19.6,24,26.15,25,23.06,30.18,24.15,29.73,23.95,18.38,22,21.2,18.52,22,27.95,34.37,12.96,19.88,14.84,,26.68,24.29,19.7,23.25,37,22.54,20.8,,24,26,23,20.9,18.06,24,26,27.5,20.87,,,4.92,29,56,11,27,85
UAB,Army,21.5,24.39,24.15,25.92,26.01,24.8,26.7,23.93,34.07,35,31,21,24.99,24.5,20.48,25.62,24.91,32.28,25.49,30.22,12,24.3,28.2,20,27.8,33.72,19.15,25.18,20.39,,33.65,25.28,28.6,29.19,23,22.96,22.77,,25,21.5,24,27.4,18.84,24,21,13,25.62,,,4.68,9,24,11,15,33
USC,Washington St.,12,7.88,9.47,9.72,6.24,9.13,9.35,11,4.8,5,8.2,9,4.8,9,10.51,-0.9,10.79,10.79,7.82,7.03,6,9.4,8.46,5,6.2,4,6.19,10.94,6.04,,7.56,7.99,11.2,6.37,6,4.47,5.28,,12,11.5,10,2.4,5.4,12,9,4.1,9.54,,,2.72,16,43,11,27,59
UTEP,Tulsa,-9,-8.16,-12.97,-11.28,-8.9,-9.4,-13.47,-9.35,-12.33,-12,-10.5,-12,-8.76,-11,-7.63,-10.01,-16.18,-11.11,-11.41,-6.89,-12,-8.6,-14.52,-8,-13.95,-19.3,-12.95,-13.32,-9.91,,-17.54,-14.53,-11.7,-16.02,-13,-9.54,-9.34,,-4,-8.5,-5,-9.2,-7.4,-6,-18,-9.9,-18.42,,,3.69,56,28,11,-28,84
Utah St.,Middle Tenn.,1.5,4.81,4.76,0.71,7.71,4.99,5.94,-5.64,11.07,1,-5.5,6,-1.25,5,2.87,1.27,-1.23,2.86,1.97,-1.93,-2,1,-1.94,4,3.8,3.36,4.63,-0.01,0.32,,5.97,4.5,-1.6,11.16,-6,6.78,1.61,,-1,1,-4,1.6,3.24,1,1,2.2,-2.06,,,4.16,20,41,11,21,61
Virginia Tech,Miami (Fla.),-3.5,-10.64,-7.49,-6.45,-5.4,-5.27,-11.28,-2.85,-19.36,-5,10.2,-8,-8.49,-10.5,-4.31,-10.72,-8.76,-9.75,-7.05,-6.87,-21,-7.5,-5.25,-8,-9.7,-12.64,-8.52,-2.73,-7.91,,-15.99,-6.95,-3.8,-16.1,5,-6.8,-6.6,,-5,-3.5,-7,8.4,-2.84,-1,3,-15.3,-4.53,,,5.84,7,31,11,24,38
Wake Forest,Clemson,1,1.76,1.99,1.49,-4.12,1.32,-3.39,1.21,1.42,2,5.6,3,-2.74,1,3.08,-2.38,-1.38,0.93,0.53,-1.35,-4,0.8,-1,1,0.8,2.96,-2.99,0.24,-3.62,,1.84,2.21,1.2,2.29,-1,2.09,0.69,,2,1,-2,-2.9,-0.44,5,1,-13.1,-1.31,,,2.28,17,45,11,28,62
Washington,Oregon,1.5,0.69,-0.89,-0.59,0.73,-2.78,-8.6,5.4,-1.43,-2,11.8,0.25,4.88,-1,2.37,3.84,2.66,0.11,0.98,0.61,2,7.3,-0.53,3,-6.75,4.84,-1.3,1,1.32,,-1.7,-3.33,9.1,-1.6,4,-2.88,-2.28,,4,1.5,3,5.5,-3.19,3,3,-0.4,1.34,,,3.96,10,42,11,32,52
West Va.,Central Florida,21,19.71,19.32,25.57,28.4,26.86,18.52,30.57,13.33,31,41.3,18,29.09,14.5,24.52,21.04,27.37,34.59,24.91,29.5,29,37.7,25.25,20,19.35,17.85,24.68,25.71,23.05,,28.55,20.87,33.3,16.72,36,16.17,18.12,,21,21,28,30.1,20.01,23,26,23.2,30.97,,,6.66,18,36,11,18,54
Wyoming,Colorado St.,-11,-7.55,-10.77,-4.54,-12.85,-6.76,-9.77,-14.6,-7.13,-4,-21.3,-9,-10.36,-9.5,-6.36,-9.64,-6.8,-10.2,-10.01,-6.87,-7,-13.3,-4.5,-8,-14.8,-18.1,-7.94,-4.6,-4.53,,-9.42,-10.56,-18.2,-8.76,-13,-10.66,-11.45,,-9,-11,-12,-15,-13.88,-15,-6,-16.6,-6.24,,,4.02,28,35,11,7,63
Air Force,Army,26.5,33.23,32.92,29.94,33.1,33.13,42.38,25.22,39.48,41,28.1,32,31.57,35,28.65,32.8,33.41,40.13,31.36,28.37,16,30,32.22,21,37.08,35.6,24.48,29.78,22.88,,39.87,35.88,28.7,34.75,33,32.43,34.71,,24,26.5,23,43.7,29.67,25,30,28.3,32.04,29,27.25,5.52,3,31,12,28,34
Arizona,Washington,-16.5,-12.89,-13.33,-10.31,-18.2,-15.72,-15.74,-17.53,-11.54,-20,-16.6,-14,-8.56,-14,-13.51,-3.45,-19.29,-17.31,-13.91,-9.39,-10,-18.1,-13.56,-18,-16.6,-16.24,-14.18,-10.17,-8.57,,-13.35,-16.13,-15.3,-12.04,-9,-13.11,-13.32,,-12,-16.5,-16,-22.8,-13.78,-11,-21,-18.4,-16.57,-12,-7.56,3.65,22,27,12,5,49
Arkansas,South Carolina,7.5,9.6,8.09,7.66,8.06,10.28,10.36,10.16,8.36,14,11.1,11,5.43,8,10.75,4.7,11.2,8.13,9.23,5.3,9,10.3,6.71,7,10.68,7,7.94,10.78,2.88,,7.88,9.55,9.5,7.26,13,8.96,8.35,,12,7.5,7,18.3,8.95,15,9,1.5,12.35,10,8.02,2.24,6,28,12,22,34
Arkansas St.,Idaho,-2,5.16,4.81,2.06,3.74,5.74,22.17,-4.64,15.17,1,-25.6,13,6.25,16.5,-2.76,10.42,-7.68,-4.21,3.35,4.01,-3,-10.7,-6.67,15,9.28,18.01,8.96,-5.01,1.46,,8.08,10.44,-5.1,18.19,-8,15.07,7.27,,-3,-2.5,-1,9.8,5.91,2,-5,16.4,-11.14,5,7.65,9.74,23,24,12,1,47
Auburn,Mississippi,8,5.44,2.95,4.82,9.86,6.58,-1.53,5.04,4.01,3,-1.6,5,8.05,1.5,6.99,8.82,5.41,10.43,5.12,7.13,22,12.2,1.14,2,-4.68,3.69,0.88,5.56,2.14,,3.16,0.07,4.1,1,14,-1.71,-0.7,,12,7.5,9,-2.5,1.77,5,3,32.3,9.43,5,10.24,5.01,24,20,12,-4,44
Baylor,Texas Tech,-27.5,-19.19,-18.4,-14,-13.76,-17.86,-30.11,-26.7,-14.19,-26,-43.9,-24,-5.99,-20.5,-22.95,-1.34,-27.05,-23.5,-20.27,-9.2,-30,-25.6,-19.17,-14,-20.36,-16.08,-17.32,-18.8,-9.84,,-17.66,-20.74,-23.4,-12.82,-28,-15.24,-16.79,,-23,-28,-18,-24.4,-18.6,-31,-27,-4.7,-28.51,-19,-11.42,7.59,62,14,12,-48,76
Boston College,West Va.,3.5,4.35,2.82,0.36,-3.59,1.63,7.16,0.18,7.52,2,-18.2,3,1.45,4.5,0.68,4.36,0.42,0.82,0.55,-3.42,-11,-2,-2.93,-3,5,1.84,-1.49,0.52,-2.15,,2.84,3.69,-2.6,5.43,3,6.38,6.08,,-1,4,-5,-4.5,3.81,2,-5,-8.2,-1.37,6,-4.67,4.96,35,28,12,-7,63
Buffalo,Northern Ill.,-22.5,-24.77,-24.26,-22.88,-24.11,-24.68,-33.18,-23.58,-29.46,-33,-27,-27,-24.65,-27,-20.87,-24.07,-19.63,-30.47,-26.35,-20.38,-24,-27.7,-21.68,-25,-31.2,-38.2,-16.3,-20.37,-22.11,,-36.7,-30.46,-30.4,-27.68,-33,-30.18,-28.5,,-24,-24.5,-27,-30.9,-26.19,-21,-29,-28.6,-25.2,-22,-23.73,4.69,40,9,12,-31,49
Central Mich.,Akron,-7,-3.56,-2.76,-8.82,-3.03,-4.64,3.21,-3.35,-1.96,-5,-1.3,-4,-3.2,-5,-6.59,-1.37,-0.73,-10.16,-4.03,-7.9,-14,-5.4,-7.83,-5,-1.88,-2.6,-0.21,-2.83,-9.56,,-10.69,-3.66,-5.4,-2.04,-4,-0.31,-2.21,,-4,-7,-2,-12.2,-1.71,-7,-7,-10,-4.29,-3,2.08,3.33,40,28,12,-12,68
Clemson,Florida St.,-17,-14,-15.8,-12.22,-21.66,-17.4,-20.92,-18.77,-10.07,-24,-33.7,-15,-18.6,-15,-17.67,-12.88,-15.23,-22.49,-16.3,-9.35,-21,-19.8,-13.86,-12,-17.4,-9.69,-10.59,-13.41,-4.87,,-15.05,-17.75,-19.6,-11.74,-11,-14.8,-13.98,,-17,-16.5,-14,-14.3,-14.83,-21,-18,-29.6,-17.77,-12,-17.31,4.64,10,26,12,16,36
Colorado,Missouri,-4,-4.31,-4.91,-3.96,-16.33,-16.49,-5.77,-8.01,-5.56,-13,-19.1,-8,-4.53,-4.5,-3.93,0.68,-2.2,0.65,-7.53,-7.58,-8,-7.6,-5.27,-11,-8.8,-4.91,-7.96,-7.24,-5.35,,-8.1,-8.72,-11.2,-6.47,-7,-7.15,-9.05,,-5,-3.5,-8,-33.1,-11.49,-1,-15,-1.3,-10.42,-8,-4.49,4.29,16,21,12,5,37
Connecticut,Rutgers,7,5.37,8.1,1.7,4.28,8.45,5.54,5.09,4.99,7,-6.4,9,6.16,13,4.59,7.15,5.74,10.36,6.1,-1.31,-1,8.1,2.69,11,7.92,19.43,8.58,3.43,0.12,,2.99,6.54,4.1,6.11,8,6.9,6.13,,16,7,2,16.5,6.8,7,7,11.2,3.23,10,-1.46,4.54,31,38,12,7,69
Duke,Georgia Tech,-13,-15.88,-15.63,-17.46,-24.19,-17.64,-24.47,-16.61,-14.28,-26,-17,-10,-20.29,-13,-15.98,-16.19,-20.02,-15.67,-17.65,-17.65,-21,-14.1,-22.14,-19,-22.64,-22.07,-21.55,-15.74,-12.76,,-19.04,-19.23,-20.9,-13.18,-19,-16.35,-17.62,,-13,-13,-18,-37.6,-19.15,-11,-16,-20.1,-19.32,-10,-15.53,3.76,17,41,12,24,58
East Carolina,South Florida,-11.5,-11.04,-12.39,-11.56,-12.9,-17.7,-25.08,-11.08,-16.2,-16,-7.6,-14,-11.61,-13.5,-6.67,-12.07,-15.74,-23.35,-13.99,-11.59,-17,-7.5,-12.31,-13,-17.56,-20.7,-12.32,-11.86,-11.67,,-19.83,-13.98,-12.8,-16.48,-10,-15.69,-15.4,,-16,-10.5,-11,-16.7,-10.3,-7,-21,-10.6,-14.08,-14,-13.65,4.12,38,37,12,-1,75
Eastern Mich.,Central Florida,-7,-7.81,-8.8,-8.92,-3.23,-3.47,-3.15,-13.81,-8.46,-9,-17.9,-7,-3.48,-8.5,-7.45,-0.39,-11.98,-5.32,-7.44,-6.37,-12,-8.8,-9.52,-7,-2.32,-16.43,-2.45,-5.46,-9.52,,-14.52,-8.46,-11.7,-8.97,1,-5.39,-3.18,,-12,-11.5,-14,-7.6,-1.67,-11,-4,-8.7,-7.9,-4,-0.12,4.52,13,19,12,6,32
Florida,Vanderbilt,23.5,30.27,26.32,24.7,30.22,27.78,47.27,25.53,32.87,39,28.1,26,28.32,26.5,25.97,26.06,26.77,35.74,29.9,24.23,32,30.1,27.93,29,35.72,40.53,31.85,27.41,19.86,,34.61,30.68,30.5,30.7,30,28.45,30.78,,31,25,29,61,32.04,25,27,-14,29.44,25,25.69,4.66,17,35,12,18,52
Houston,Southern Miss.,-5.5,-5.39,-2.87,-5.38,-0.88,-2.54,-1.23,-11.57,-2.99,-8,-28.4,-4,-2.57,-2.5,-7.43,0.43,-7.75,-12.08,-6.15,-7.48,-9,-13.5,-7.06,1,-1.08,-6.67,-2.77,-7.76,-5.33,,-5.72,-1.61,-20.5,0.16,-6,-0.68,-0.09,,-10,-4.5,-14,-18.8,-5.89,-9,-6,-3.8,-11.35,1,-2.87,5.90,31,10,12,-21,41
Indiana,Illinois,-1,-0.92,-0.46,-2.47,2.43,1.78,0.25,-2.47,-1.99,3,5.1,2,1.7,1.5,-0.48,-1.3,-2.58,-4.67,-0.18,-2.55,-8,1.8,-2.8,4,3,-8.39,1.46,-0.34,-5.18,,-5.57,0.2,2.1,0.4,2,1.38,0.86,,-1,-1,1,3,0.66,-3,1,-3.4,-0.75,2,2.58,2.94,14,17,12,3,31
Iowa St.,Kansas St.,-18,-10.04,-12.15,-14.36,-21.58,-22.24,-15.2,-17.33,-4.44,-24,-17,-12,-8.75,-14.5,-15.35,-2.59,-15.73,-26.67,-14.95,-13.74,-13,-19.2,-19.14,-16,-14.68,-7.17,-13.48,-15,-10.07,,-12.27,-14,-17.8,-7.84,-19,-9.43,-11.64,,-22,-18,-19,-12.5,-16.14,-9,-27,-21.9,-18.22,-14,-10.3,5.43,45,0,12,-45,45
Kansas,Nebraska,-18,-8.28,-5.35,-6.63,-4.13,-13.24,-13.89,-17.45,-5.56,-15,-31.4,-10,-3.76,-10,-9.18,0.54,-10.95,-11.77,-10.68,-5.3,-9,-15.7,-11.26,-8,-12.76,-12.5,-8.99,-8.63,-2.95,,-8.61,-10.44,-15.6,-6.4,-13,-8.7,-9.52,,-15,-15.5,-12,-23.6,-12.81,-18,-11,-4.7,-12.99,-8,-7.73,5.11,24,3,12,-21,27
Louisiana Tech,SMU,20,26.59,23.27,19.29,19.79,19.43,35.24,19.69,33.79,33,34.2,28,24.12,27.5,19.94,25.35,21.74,23.18,24.46,19.97,24,23.4,25.41,22,29.76,33.38,21.85,22.03,13.26,,29.86,27.33,19.7,31.63,27,25.29,26.91,,23,21.5,23,50.2,18.42,14,21,14.2,25.1,19,15.77,5.16,6,41,12,35,47
Louisiana-Monroe,North Texas,-17,-22.1,-23.1,-17.97,-19.69,-22.55,-27.54,-22.66,-30.73,-26,-33.9,-22,-16.18,-24,-16.53,-17.36,-18.37,-23.3,-21.45,-18.36,-23,-24.3,-14.19,-16,-17.68,-21.11,-11.81,-17.95,-18.12,,-32.75,-27.51,-24.9,-29.46,-18,-23.12,-19.96,,-18,-15.5,-23,-42.2,-17.06,-22,-23,-21.5,-24.61,-14,-13.55,5.13,28,26,12,-2,54
Miami (Fla.),Tennessee,12,11.96,7.25,8.08,9.28,11.06,19.52,11.56,9.95,17,10.3,11,9.63,10,13.01,11.52,15.92,20.59,11.19,6.92,10,14.1,8.63,8,7.64,12.17,5.24,10.51,3.59,,10.05,9.41,11.9,8.96,18,7.86,7.34,,15,13,10,22,7.54,11,14,-3.5,13.38,15,8.33,3.52,10,6,12,-4,16
Miami (Ohio),Bowling Green,7.5,6.53,8.74,5.78,14.08,10.76,-2.96,8.24,0.94,15,18,8,6.55,5,10.65,3.08,14.37,4.23,7.07,4.97,-2,12.5,4.03,4,4.76,1.44,2.29,12.37,2.64,,-0.1,7.41,4.3,2.88,,6.46,3.28,,5,7,12,12.8,4.88,12,10,13.4,15.75,,10.56,5.01,10,33,12,23,43
Middle Tenn.,Troy St.,4,-5.35,-3.91,-1.22,5.88,0.2,-19.06,3.97,-18.73,2,0.8,-2,-0.67,-5,5.42,-9.32,8.62,-0.63,-1.7,-5.69,10,8.4,14.44,-5,-8.92,-1.13,-6.81,1.46,-5.9,,-15.06,-5.75,-2.1,-15.97,10,-12.3,-6.17,,-3,5.5,-1,-10.5,-3.68,9,5,-8.6,3.51,3,-3.08,7.83,20,27,12,7,47
Minnesota,Wisconsin,8.5,7.75,9.96,11.8,13.04,11.16,2.95,7.78,4.41,20,9.9,11,11.2,10.5,12.55,7.68,13.23,16.56,10.12,9.04,8,14.8,14.61,12,6.8,4.54,6.65,13.9,8.69,,8.77,8.28,11.3,5.29,7,5.06,5.46,,10,7.5,9,-4.8,9.02,4,21,-3,17.57,12,9.24,4.17,34,37,12,3,71
Mississippi St.,Alabama,-10.5,-10.26,-15.29,-11.7,-8.23,-11.49,-22.39,-12.68,-8.27,-12,-16,-11,-5.7,-11.5,-12.47,0.29,-19.57,-15.34,-11.41,-6.34,-14,-14,-16.24,-5,-7.96,-9.01,-8.09,-12.44,-9.24,,-15.09,-11.84,-12.6,-7.94,-13,-9.65,-8.47,,-13,-9.5,-13,-6.1,-10.12,-13,-12,-2.2,-16.74,-6,-8.83,4.13,38,0,12,-38,38
Nevada,Fresno St.,2.5,-1.7,-2.27,1.48,7.11,4.87,-2.13,1.62,-2.7,6,14.3,1,2.1,-0.5,-0.26,2.49,-0.7,-3.23,0.99,4.47,-2,4.1,-1.12,4,-2.16,-0.17,-6.62,1.99,-1.3,,-2.48,-1.15,6.7,-2.22,4,-2.37,-2.83,,0,3,-2,-2.3,-1.34,1,6,-0.7,1.53,7,-1.21,3.92,27,10,12,-17,37
New Mexico,Colorado St.,-1,0.71,-1.39,1.46,-1.41,5.18,2.59,3.22,-0.67,4,-2.3,4,-2.34,2,2.74,-4.34,-3.63,0.53,0.64,3.08,-1,2.5,1.19,4,-0.76,0.9,1.01,0.74,0.86,,-0.03,0.13,0.4,-0.23,-2,-0.9,-0.48,,1,-1,3,-5.3,-1.46,1,4,-1.6,-0.93,4,-3.21,2.34,34,37,12,3,71
New Mexico St.,Utah St.,-2,-10.12,-10.68,-5.17,-4.19,-3.09,-4.78,-8.17,-18.12,-7,-21.4,-6,-7.38,-5.5,-6.62,-4.63,-0.82,-7.29,-7.45,-7.73,-17,-11.6,-2.83,-6,-8.96,-1.89,-6.74,-7.45,-7.73,,-17.56,-10.69,-14.8,-15.99,3,-7.67,-10.35,,-1,-1,-9,-18.9,-4.19,-1,-5,-49.7,-9.88,1,-0.93,5.41,21,26,12,5,47
North Carolina,Wake Forest,-8.5,-11.69,-14.87,-10.12,-23.51,-20.35,-29.58,-15.23,-14.24,-19,-6,-16,-10.8,-15,-9.58,-8.75,-12.32,-14.8,-14.03,-7.95,-14,-14.6,-7.82,-12,-21.68,-14.7,-16.68,-11.99,-11.27,,-16.92,-17.75,-16.1,-14.86,-8,-16.94,-16.99,,-10,-6.5,-9,-12.9,-16.12,-7,-15,-23.8,-14.47,-9,-13.73,4.75,34,42,12,8,76
Northwestern,Penn St.,-5.5,6.1,6.52,2.39,1.06,3.97,17.33,-7.19,14.06,4,1.3,5,6.93,6.5,-1.17,8.26,-5.43,-2.87,3.25,3.29,-6,-5.4,-3.12,8,15.04,-0.23,12.3,2.55,6.03,,8.03,8.84,-3.6,11.54,-8,12.93,12.14,,-8,-4,-1,23,8.73,-6,1,-15.5,-1.03,2,2.3,6.80,7,17,12,10,24
Notre Dame,Navy,8,8.73,6.93,9,-12.03,-9.29,12.15,8.2,7.4,-4,2.9,4,7.45,2,8.19,7.46,5.66,4.15,4.46,4.32,1,9.3,1.43,-4,-3.48,12.66,2.17,3.92,6.46,,11.89,2.9,9.8,4.97,12,4.47,-2.59,,6,9,12,-12.9,4.07,20,-11,11.5,3.76,1,7.57,6.54,24,27,12,3,51
Ohio,Kent,3.5,-1.51,-4.62,-0.1,6.86,4.27,-2.5,1.19,-6.02,1,-0.2,-0.25,2.1,-1.5,1.78,1.23,4.11,3.97,0.3,-4.29,2,-1,7.03,4,-4.2,1.44,-3.41,-0.02,-3.64,,-7.17,-3.83,-1.8,-5.12,9,-3.77,-4.69,,6,3,-2,4,-0.74,3,1,-5.4,0.67,5,5.51,3.92,37,33,12,-4,70
Ohio St.,Michigan St.,7,6.34,6.46,3.01,1.99,5.11,29.5,9.1,9.17,5,-6.6,9,4.76,9.5,3.73,4.28,10.26,7.99,7.18,0.08,1,9.1,7.02,7,14.2,15.54,12.49,3.98,0.38,,7.59,8.34,2.1,10.14,5,8,10.12,,12,7,7,0.7,7.15,16,4,-13.5,2.57,5,0.53,5.65,23,33,12,10,56
Oklahoma,Texas A&M,31,28.8,28.6,30.03,46.87,37.25,27.52,39.29,24.77,43,48.5,39,37.5,40,30.9,31.51,33.86,44.64,34.11,25.76,36,42.6,32.61,31,33.8,38.56,25.76,32.18,22.82,,35.98,31.83,38.4,26.6,38,22.79,26.94,,38,34,33,39.2,23.29,36,37,35.7,38.81,31,30.59,6.34,0,77,12,77,77
Oklahoma St.,Texas,-3.5,2.26,0.2,0.59,1.03,-0.44,-5.66,-7.39,5.77,1,-2.2,2,2.52,1.5,-0.89,3.56,-4.88,-4.27,-0.15,0.42,-6,-4.7,-0.3,4,1.56,0.93,1.46,1.68,0.89,,1.99,0.48,-0.8,3.49,3,2.41,3.59,,-3,-3,-3,6.3,1.77,-10,-3,6.5,-0.85,1,3.12,3.42,55,16,12,-39,71
Oregon,California,-1,0.18,-0.14,-2.14,-8.77,-1.17,6.92,-12.66,4.27,1,-26.3,0.25,3.55,1,-4.21,5.63,-7.25,-11.07,-2.66,-2.71,-7,-13.5,-2.38,-4,4.12,2.7,-1.04,-4.86,-3.28,,0.01,1.84,-13.3,3.6,-6,3.59,4.13,,-6,-1,-5,-10.7,0.18,-1,-8,-5.9,-9.52,3,2.96,6.62,17,21,12,4,38
Pittsburgh,Virginia Tech,-5,-3.69,-3.97,-3.59,-0.98,-1.6,-7.71,-6.59,-0.8,-5,-13.3,-3,-0.92,-2,-5.88,1.96,-6.88,-8.38,-4.79,-1.71,-10,-7.2,-5.02,-6,-3.84,-4.66,-5.01,-4.39,-4.32,,-7.11,-4.91,-9.5,-2.66,-12,-2.08,-2.79,,-2,-3.5,-6,-3.4,-4.07,-2,-10,-5.8,-7.42,-1,-2.76,3.27,28,31,12,3,59
Purdue,Iowa,2.5,1.61,1.49,1.41,6.67,4.14,-7.29,0.41,2.03,2,7.2,2,7.45,1.5,1.19,7.99,-2.39,0.28,2.45,3.91,5,4.2,-2.24,4,0.48,2.45,1.85,1.24,0.85,,1.42,1.43,2.1,2.06,7,3.29,2.86,,4,3,5,18.4,1.5,2,-1,16.2,-0.22,7,3.44,2.95,14,27,12,13,41
Rice,Tulsa,-3,-5.52,-5.37,-7.32,-8.83,-11.74,-16.78,-4.03,-2.08,-14,-14.9,-9,-4.73,-10,-9.07,-1.19,-3.61,-3.79,-7.8,-4.43,-14,-8.8,-10.01,-9,-8.24,-5.72,-4.31,-11.2,-4.77,,-6.49,-8.35,-8.5,-3.33,-13,-6.2,-6.04,,-3,-2.5,-3,-1.4,-4.78,-2,-18,-18.4,-14.64,-6,-8.97,4.25,31,28,12,-3,59
Stanford,Arizona St.,-2,3.97,5.99,3.83,11.74,1.19,4.02,1.63,6.96,8,-13,3,8.29,2.5,1.44,9.56,-2.68,-5.83,2.86,6.11,0,1.5,2.14,6,6.84,5.72,4.22,1.11,-0.09,,4.86,5.28,-1.2,5.46,2,6.09,5.99,,-4,-2.5,4,1.6,4.33,-1,-1,4.8,-1.68,1,2.77,4.45,27,38,12,11,65
Syracuse,Temple,,17.44,20.19,16.07,20.16,18.74,32.93,16.24,23.47,23,24.7,24,18.74,21.5,11.78,22.2,10.84,17.56,19.91,15.73,12,17.5,12.63,19,23.08,27.83,26.27,13.06,12.88,,25.53,25.05,18.9,24.59,19,26.25,21.98,,14,,19,28.2,20.69,17,19,14.2,14.63,21,23.13,4.85,17,41,12,24,58
TCU,Louisville,2.5,4.86,5.55,-1.27,1.04,4.98,9.96,1.54,13.13,4,1.4,8,6.66,9,0.49,6.83,-1.81,3.69,4.89,-0.59,-2,1.3,5.03,6,12.84,8.35,9.41,2.52,-2.13,,4.92,9.21,2,9.92,1,13.15,11.59,,4,2.5,3,29.3,8.1,3,-2,1.8,-0.64,7,5.2,4.31,28,31,12,3,59
UAB,Tulane,13.5,12.27,12.67,14.4,11.37,8.08,12.86,15.71,12.63,21,28.1,13,12.58,13,12.4,11.09,9.97,15.52,13.01,17.12,6,17.9,14.69,11,10.44,10.24,7.81,14.39,12.71,,14.77,11.77,25.6,9.57,7,9.62,10.23,,13,12,14,25.9,9.7,15,13,15.4,15.81,11,7.2,4.42,38,24,12,-14,62
UNLV,San Diego St.,5,9.3,7.8,6.79,4.32,7.56,18.16,6.98,13.65,11,2.7,8,6.66,10,5.29,9.19,3.58,5.55,8.48,8,1,8.5,5.9,6,20.12,12.11,8.19,7.52,4.95,,10.52,12.67,5.5,11.84,8,13.52,15.57,,4,5,8,10.1,13.52,8,5,-3.3,5.41,7,5.38,4.03,7,0,12,-7,7
UTEP,San Jose St.,-3,-2.34,-3.53,-5.42,4.05,0.1,1.43,-6.59,-3.19,1,8.9,0.25,2.15,-1,-1.29,2.2,-7.51,-7.41,-0.62,-1.81,11,4.9,-3.35,5,0.28,-10.63,-2.58,0.07,-5.1,,-5.12,-3.19,0.2,-5.09,1,-0.53,0.67,,0,-2.5,-2,2.4,0.57,-4,2,12.7,0.67,1,3.77,4.23,69,41,12,-28,110
Washington St.,UCLA,10,10.53,7.89,12.72,11.78,12.96,6.31,10.99,10.19,17,9.3,-9,11.77,9.5,10.84,9.19,11.95,11.89,10.36,12.75,10,14.8,9.79,9,9.2,12.22,5.37,14.05,7.34,,10.45,8.71,11.1,7.42,14,6.83,8.17,,12,10.5,12,22.4,10.92,10,13,21.5,11.96,13,12.25,3.89,13,31,12,18,44
Western Mich.,Ball St.,2,0.16,-2.58,0.79,-6.74,-0.52,-4.84,-1.7,-6.57,1,-11.3,1,-2.89,1,4.66,-5.75,6.05,6.03,-1.56,-5.73,2,1,7.5,-3,-6.08,-11.99,-2.9,1.39,-5.06,,-6.62,-2.38,-3.9,-4.91,5,-4.5,-4.97,,4,2,-3,-14.8,-1.35,1,-4,-6,1.41,3,-2.89,4.49,20,28,12,8,48
Akron,Ohio,11,13.8,12.91,10.86,9.95,8.85,18.53,6.75,16.21,17,2.6,19,10.87,20,11.52,10.14,7.92,18.98,12.58,12.43,13,10.5,5.77,15,15.51,7.37,16,10.78,9.27,,14.51,15.76,8,14.66,10,14.67,16.7,,11,10,11,28.9,10.14,11,14,10.2,9.48,16,14.99,3.92,28,35,13,7,63
Alabama,LSU,-6.5,-8.57,-7.76,-9.05,-20.29,-13.46,-2.72,-8.76,-8.92,-19,-19.9,-9,-8.28,-6.5,-8.34,-8.44,-7.24,-2.51,-9.99,-8.99,-25,-10.8,-6.41,-10,-10.09,-8.52,-7.41,-8.51,-6.56,,-11.78,-9.91,-12.3,-6.66,-12,-10.1,-10.53,,-4,-6.5,-7,-23.8,-10.27,-1,-15,-19.7,-10.37,-8,-16.32,4.78,27,3,13,-24,30
Arizona,USC,-28,-24.77,-24.94,-27.39,-38.58,-40.32,-34.96,-29.92,-20.86,-43,-27.7,-30,-23.16,-27.5,-28.56,-13.43,-36.31,-43.7,-28.25,-20.11,-27,-31.7,-27.08,-24,-28.53,-24.63,-22.61,-26.94,-23.42,,-25.79,-30.06,-27.3,-20.12,-30,-23.51,-25.44,,-29,-29,-25,-36.2,-26.98,-26,-35,-40,-33.41,-25,-27.75,6.14,45,0,13,-45,45
Arkansas,New Mexico St.,29.5,35.93,32.33,29.19,30.93,28.49,47,33.22,40.86,41,52.5,30,29.88,27,31.67,30.37,31.8,39.6,33.28,26.15,38,40.6,26.42,22,34.1,23.37,36.18,31.95,24.48,,42.89,36.81,38.7,35.83,35,34.48,33.25,,28,27.5,33,39.7,32.82,30,26,23.2,38.79,20,28.45,6.56,20,48,13,28,68
Army,Houston,-10.5,-15.29,-14.81,-12.1,-18.25,-16.98,-23.54,-8.03,-23.85,-15,0.2,-20,-11.66,-19.5,-7.49,-20.87,-10.58,-9.79,-13.48,-9.07,-8,-5.6,-7.87,-18,-19.32,-23.54,-12.84,-7.89,-10.51,,-20.73,-18.92,-3.6,-23.51,-7,-20.12,-20.36,,-5,-11,-6,-19.1,-9.64,-7,-10,-18.2,-7.91,-13,-20.23,6.48,34,14,13,-20,48
Boise St.,UTEP,40.5,38.6,36.2,34.78,43.4,35.78,47.03,43.07,36.43,57,51.6,41,31.08,37,40.94,26.57,48.75,57.07,39.75,31.6,41,48.5,38.56,31,32.08,41.04,28.42,40.75,25.46,,39.35,39.47,43,35.14,35,32.82,34.58,,50,40,36,45.6,34.02,39,48,55.3,49.15,37,38.09,7.21,21,51,13,30,72
Bowling Green,Kent,20,23.06,17.13,19.97,26.34,21.56,39.79,14.57,28.78,23,11.1,25,26.6,21,18.76,27.32,20.36,29.97,22.15,20.16,29,16.9,19.94,20,23.06,20.03,18.2,18.02,18.69,,29.01,22.53,20.4,23.67,20,21.45,24.3,,22,20,17,44.9,25.49,18,22,31,18.97,22,21.69,4.92,33,42,13,9,75
California,Washington,6,6.53,4.91,7.95,8.52,6.7,3.33,7.26,4.61,11,10.2,8,7.75,7,8.62,5.38,8.18,14.82,6.99,6.67,14,10.5,9.49,6,3.21,2.65,2.61,9.1,5.27,,5.5,4.57,6.7,3.39,10,3.6,2.52,,9,6,7,2.9,5.99,2,6,24.4,11.33,5,8.9,3.03,7,54,13,47,61
Clemson,Duke,14,16.02,12.43,14.57,17.32,18.34,24.18,14.67,15.41,25,-3.9,14,10.24,15.5,16.62,10.12,17.55,17.1,16.31,13.32,14,18.7,21.91,15,18.74,24.28,15.35,18.56,16.12,,14.76,16.98,16.1,12.83,25,14.45,16.6,,19,14,17,16.6,18.86,10,19,13.1,21.7,17,14.38,4.93,7,40,13,33,47
Colorado St.,San Diego St.,13,10.57,8.38,9.1,4.68,6.4,6.47,12.66,8.42,15,15.2,9,1.57,8,12.81,-1.15,14.41,14.03,9.83,9.3,7,16.6,11.39,5,9.4,3.54,3.06,11.97,7.53,,9.01,8.51,10.9,6.92,23,7.59,7.82,,14,13,10,0.1,11.11,16,11,2.2,14.21,10,10.13,4.47,6,21,13,15,27
Eastern Mich.,Ball St.,-10,-11.81,-11.11,-14.98,-8.43,-8.35,-15.19,-11.51,-13.09,-12,-8.8,-12,-11.1,-12,-10.69,-11.67,-12.34,-11.09,-11.33,-13.22,-15,-11.6,-7.94,-7,-8.62,-21.2,-5.67,-9.87,-22.35,,-18.38,-12.27,-12.7,-13.01,-19,-11.84,-10.6,,-10,-10.5,-12,-15.5,-6.9,-9,-8,-10.3,-11.86,-7,-5.85,3.34,14,38,13,24,52
Florida St.,NC St.,14,12.93,8.94,10.41,16.24,15.01,2.46,10.04,7.95,21,9.2,19,9.51,13.5,18.87,9.48,15.11,15.69,12.22,6.46,24,14.6,14.55,8,7.03,8.9,-0.62,14.8,7.91,,9.18,11.78,9.3,7.14,22,9.18,8.23,,14,14.5,10,-12.1,10.15,15,16,21.7,18.59,14,13.59,5.06,44,50,13,6,94
Fresno St.,San Jose St.,14,18.21,16.16,10.91,14.62,10.5,29.5,8.78,21.86,19,4.2,17,16.09,21.5,15.22,25.44,20.63,16.63,16.85,8.85,19,14.3,22.91,14,19.33,16.57,16.26,17.13,8.77,,18.55,18.96,10,18.99,17,19.57,20.99,,16,14,13,17.6,16.5,15,14,34.4,20.72,14,22.84,4.76,7,41,13,34,48
Georgia,Auburn,6.5,8.65,8.43,10.1,5.29,8.41,15.92,6.55,10.72,13,2.4,9,8.6,10,6.07,7.84,7.64,4.7,8.54,9.95,6,0.8,17.4,7,12.54,8.74,7.46,10.07,8.01,,11.3,11.77,5,9.83,6,12.41,11.81,,6,7,7,10.6,10.52,4,7,8.2,7.63,9,7.76,3.27,7,26,13,19,33
Georgia Tech,North Carolina,10,14.45,13.24,11.29,15.87,20.51,28.61,10.34,16.32,24,11.4,15,13.31,16,12.53,10.21,17.51,12.46,14.62,8.13,10,8.3,16.17,18,21.19,14.53,16.65,13.02,13.6,,15.3,19.06,9.4,15.72,17,18.81,18.78,,10,11,6,18.2,18.05,9,13,5.6,13.5,14,12.9,4.49,24,41,13,17,65
Iowa,Minnesota,5.5,5.26,3.94,2.54,0.36,3.7,6.88,3.34,8.48,-1,-4,5,7.55,2.5,1.38,10.93,7.16,2.42,2.9,2.86,10,1.5,4.16,-3,0.14,3.1,0.15,1.51,1.83,,4.35,2.21,-1.9,4.22,6,2.85,2.78,,5,5.5,2,2,3.03,5,-5,5.4,0.61,2,-1,3.43,22,40,13,18,62
Iowa St.,Colorado,-7.5,-3.63,-6.41,-2.56,-7.84,-7.77,-9.16,-7.1,-5.14,-7,-26.3,-6,-7.08,-8,-2.35,-4.67,-4.71,-6.76,-6.22,-5.63,3,-7.5,-10,-7,-9.33,-3.19,-5.73,-3.45,-0.89,,-6.19,-6.55,-10.6,-6.15,-2,-7.47,-7.98,,-5,-8,-11,-3.1,-6.59,-3,-3,5.6,-3.64,-4,-0.59,4.25,44,10,13,-34,54
Louisiana-Monroe,Idaho,-1.5,-2.13,-0.73,0.18,-0.65,-3.17,4.91,0.42,-2.28,1,-6.9,4,3.61,5,-2.51,4.62,-5.29,-0.41,0.53,3.21,0,-1.6,2.86,6,4.52,4.79,4.42,-0.04,-1,,-1.2,0.79,-0.4,0.64,-5,3.9,3.82,,-4,-2,-1,-3.8,2.54,1,-6,-3.2,-2.53,2,3.46,3.36,58,20,13,-38,78
Louisville,Memphis,6.5,7.38,4.51,8.46,2.22,6.15,4.68,6.34,9.89,10,-2.1,8,1.45,7.5,5.15,1.97,9.01,4.45,6.29,6.84,2,5.3,9.26,5,5.06,10.21,3.06,5.91,8.68,,8.83,7.04,8.7,8.06,8,6.92,6.97,,6,7,7,6.3,9.97,5,6,11,5.58,9,7.01,2.67,37,7,13,-30,44
Maryland,Virginia,6,4.98,7.22,4.96,9.57,6.33,10.63,8.18,5.5,7,10.6,7,7.63,5,4.36,7.48,11.71,10.47,7.1,7.37,16,7.6,2.61,10,6.98,3.95,13.02,3.58,3.6,,6.84,6.09,8.5,6.09,1,5.18,6.04,,7,6.5,7,7.4,7.35,4,7,18.6,3.4,9,6.74,2.86,17,27,13,10,44
Miami (Fla.),Syracuse,19,16.38,13.52,13.48,13.88,12.68,21.98,12.67,15.66,18,9,18,12.42,18,17.1,12.44,27.89,20.53,15.77,8.74,29,18.6,16.47,13,15.09,13.55,8.17,15.3,9.53,,16.27,14.75,11.2,12.96,24,13.62,13.53,,18,20,12,7.8,15.91,18,14,35,19.34,15,16.64,4.41,10,17,13,7,27
Miami (Ohio),Marshall,13,18.93,16.57,13.33,23.1,20.8,20.02,14.12,19.21,23,28.6,23,15.17,17,18.68,10.78,17.4,11.64,16.91,13.65,18,18.2,12.88,12,16.14,11.82,11.47,17.11,10.45,,19.99,18.27,16.2,14.97,20,17.16,15.89,,10,13,15,27.7,18.63,13,20,20.3,19.95,16,15.78,3.88,6,45,13,39,51
Middle Tenn.,Louisiana-Lafaye,13.5,11.39,6.58,10.05,13.03,9.12,3.04,15.08,11.04,20,12.3,9,7.04,7.5,12.1,8.58,18.67,14.06,10.42,10.32,13,12.8,19.86,-4,7.67,6.31,0.8,14.99,7.23,,8.72,7.08,9.4,5.26,17,1.57,7.09,,17,10,14,12.9,5.94,15,14,6.2,18.26,8,8.38,5.27,57,51,13,-6,108
Missouri,Texas A&M,13.5,10.97,6.97,9.93,31.91,21.04,0.08,16.44,9.02,22,42.3,15,14.66,14,12.68,9.71,17.02,15.51,14.42,9.59,20,20.2,16.51,12,7.66,11.69,4.68,12.77,6,,7.87,10.34,14.9,6.9,21,6.92,8.4,,18,14,13,9.9,13.82,11,18,33.6,18.31,17,21.35,7.34,22,45,13,23,67
Nebraska,Kansas St.,-2.5,5.05,3.79,2.51,7.07,7.05,6.57,-5.36,8.9,3,-0.3,7,6.5,8.5,0.1,10.44,-3.18,-7.33,3.1,1.86,-1,-3.2,4.11,4,11.48,5.05,2.68,2.07,1.26,,5.8,6.37,1.5,7.88,-1,10.23,9.39,,-9,0,-1,4.3,6,-1,-3,-5.9,0.14,3,4.58,4.88,38,9,13,-29,47
Nevada,Hawaii,-3,-3.35,-3.44,-3.17,-1.36,0.48,-7.04,-6.42,-4.81,-4,-9.7,-3,-3.17,-2.5,-2.31,-2.62,-2.98,-10.31,-4.36,-4.66,-5,-4.3,-3.21,-7,-5.95,-2.96,-9.8,-2.11,-2.59,,-3.88,-5.32,-6.5,-4.06,-2,-5.36,-6.32,,-4,-3,-7,-28.3,-5.92,-1,-4,-12.6,-2.22,1,-7.55,2.53,14,24,13,10,38
New Mexico,Air Force,4,2.6,-0.07,1.52,2.85,2.96,1.57,6.27,0.93,3,1.4,3,2.3,1.5,4.37,0.08,0.3,3.66,2.58,3.48,3,6.3,2.9,5,-1.9,1.01,3,2.87,1.27,,1.18,-1.24,5.7,-0.09,9,-0.69,-1.32,,7,4.5,4,6.9,-0.56,6,3,13.8,2.56,5,2.45,2.44,12,24,13,12,36
North Texas,Arkansas St.,20,20.57,17.41,18.04,30.97,18.99,18.69,22.8,19.89,31,34,18,25.56,16,21.25,29.38,27.76,27.62,22.09,17.8,27,28.1,27.23,11,17.3,13.03,11.73,23.68,18.86,,22.56,19.95,18.7,18.12,31,16.1,18.61,,21,20,24,32.8,17.9,23,25,19.6,31.15,15,28.7,5.83,14,58,13,44,72
Northwestern,Michigan,-17.5,-10.46,-7.58,-10.84,-18.29,-17.15,-18.23,-17,-7.67,-21,-20.7,-10,-10.37,-11,-13.29,-4.78,-14.72,-23.13,-13.51,-11.26,-11,-18.6,-17.88,-10,-12.6,-11.81,-6.89,-11.75,-7.91,,-9.12,-11.31,-16.4,-6.09,-23,-7.32,-7.72,,-21,-19,-14,-23.5,-12.38,-17,-21,-19.6,-16.42,-13,-10.12,4.94,41,10,13,-31,51
Notre Dame,BYU,8.5,4.96,5.96,4.81,-1.77,0.64,10.06,14.98,5.54,4,9.2,6,4.89,3.5,4.47,1.52,13.06,15.47,6.78,6.33,4,13.3,0.05,9,4.64,8.83,14.77,6.74,4.13,,6.67,5.21,12.4,5.63,11,6.54,6.12,,12,7.5,9,12.1,7.36,5,3,-0.6,7.41,4,1.79,4.14,14,33,13,19,47
Ohio St.,Purdue,3.5,3.2,5.15,1.61,2.73,1.88,27.97,4.02,6.22,5,2.4,5,7.99,7.5,0.9,9.41,5.52,2.67,5.74,1.36,4,3.2,5.69,5,13.23,12.86,9.53,2.27,0.26,,5.24,6.89,3.5,8.48,5,6.54,8.65,,5,3.5,4,5.7,5.3,4,2,9,0.58,6,7.78,4.61,13,16,13,3,29
Oklahoma,Baylor,52.5,46.27,44.46,41.6,72.52,58.86,59.2,57.38,39.62,61,77.5,46,45.04,46.5,53.17,32.79,56.04,74.83,52.29,36.4,53,73.5,52.46,45,49.98,49.75,41.48,49.05,30.87,,51.83,47.99,65.4,40.06,54,35.76,41.28,,64,53,53,,36.88,64,64,61.8,66.04,48,48.39,11.34,3,41,13,38,44
Oklahoma St.,Kansas,20,14.47,10.49,12.08,15.22,11.44,16.81,20.64,12.64,26,29.2,16,15.65,15.5,16.27,11.56,17.65,18.65,17,12.21,25,21.1,14.09,13,15.58,18.67,16.26,14.44,6.56,,14.77,13.18,20,12.7,26,11.81,13.76,,23,21.5,20,34.5,17.41,21,16,34.1,17.69,17,22.2,4.48,21,44,13,23,65
Oregon St.,Stanford,14,7.09,5.51,8.08,14.69,12.22,18.18,12.86,3.78,14,15.6,9,10.16,10,10.04,6.98,16.54,14.39,10.53,6.68,13,14.9,10.72,10,6.98,2.62,4.81,10.42,5.4,,6.3,6.07,7.8,4.75,17,4.13,5.71,,17,13,8,-0.4,9.65,14,17,10.1,12.87,15,17.08,4.42,3,43,13,40,46
Penn St.,Indiana,18.5,11.65,9.96,14.21,14.11,12.33,5.45,20.26,7.1,21,23.3,9,12.24,9,17.11,9.85,21.25,19.32,13.73,14.14,17,21.9,17.24,6,6.05,9.6,1,15.89,11.03,,12.88,10.56,17.6,7.66,20,5.79,7.52,,22,19,20,13.4,9.15,22,18,19.4,19.87,13,11.07,5.78,7,52,13,45,59
Rutgers,Boston College,-7.5,-1.45,-4.04,-0.61,-2.05,-5.84,-0.58,-9.51,-1.92,1,-7,-0.25,-2.63,-1,-0.96,-4.33,-4.71,-6.09,-3.27,0.7,-3,-5.6,3.47,1,-2.73,-16.75,-1.33,0.25,-0.96,,-3.92,-2.1,-7,-2.17,-8,-3.1,-1.55,,-8,-7,-5,-16.1,-2.9,-10,1,-7,-1.2,-2,-2.23,3.71,35,25,13,-10,60
SMU,Rice,-6,-9.83,-8.58,-4.72,-6.06,-4.37,-6.25,-9.42,-15.47,-8,-13.7,-13,-12.9,-10,-4.57,-14.73,-6.01,-10.62,-8.59,-7.54,-17,-8.7,-7.94,-6,-9.48,-13,-8.83,-4.5,-2.52,,-13.13,-8.63,-11,-16.64,-3,-7.02,-8.64,,-7,-7,-11,-25.1,-2.72,-1,-7,-7.9,-6.41,-4,-3.73,3.93,41,20,13,-21,61
South Carolina,Florida,-7,-7.89,-4.98,-6.07,-14.66,-12.61,-16.43,-10.45,-8.53,-8,-6.9,-7,-5.65,-7,-7.2,-6.95,-10.06,-15.51,-8.62,-6.25,-16,-7,-8.87,-11,-8.77,-8.68,-13.43,-6.36,-2.12,,-7.26,-6.9,-10.3,-6.29,-6,-5.13,-6.45,,-10,-7,-10,-35.9,-8.88,-7,-10,-10.9,-7.94,-4,-5.01,3.10,24,22,13,-2,46
Southern Miss.,Tulane,17.5,16.77,15,14.7,19.44,14.17,25.37,17.73,16.42,25,32.1,19,16.54,16,17.17,13.07,17.02,20.87,17.78,11.72,17,23.2,13.51,18,18.23,8.85,16.97,17.61,13.47,,16.33,18.45,25.3,14.2,20,17.08,17.53,,15,17.5,18,21.5,19.04,17,17,22.2,18.98,16,17.8,4.02,14,28,13,14,42
TCU,Cincinnati,7,14.48,16.51,11.11,13.5,14.12,25.5,12.32,26.45,18,13.3,17,15.5,17,6.95,13.31,4.3,9.34,14.83,11.96,4,12.4,8.33,21,26.8,17.62,20.01,8.13,5.82,,18.86,21.29,16.2,22.57,7,25.74,24.75,,6,7,12,46.7,22.45,11,8,19.2,5.04,13,15.3,6.40,10,43,13,33,53
Temple,Virginia Tech,-26,-23.27,-25.02,-22.42,-27.63,-26.37,-41.89,-27.28,-24.45,-34,-40.1,-27,-21.87,-25.5,-22.79,-19.38,-23.14,-30.33,-26.56,-18.81,-20,-26.9,-20.84,-27,-27.07,-29.54,-30.11,-21.61,-18.36,,-30.37,-31.25,-28.7,-26.6,-23,-29.53,-26.45,,-22,-26,-26,-36.8,-27.5,-28,-32,-24.4,-26.95,-22,-24.46,4.87,24,23,13,-1,47
Tennessee,Mississippi St.,23.5,26.96,30.63,23.62,27.13,30.46,39.19,26.81,30.87,37,30.1,28,24.64,28.5,23.72,19.62,23.74,34.81,28.61,22.19,27,31.6,31.25,22,35.21,28.62,33.07,25.88,16.59,,30.41,32.41,31.1,27.39,27,30.94,32.49,,28,23.5,31,30.7,32.48,23,24,23.5,28.45,25,26.69,4.26,21,59,13,38,80
Texas,Texas Tech,16.5,10.5,10.24,13.28,22.61,16.59,3.8,17.11,8.05,21,18.4,21,12.57,16.5,13.67,8.48,18.23,21.99,14.51,13.59,27,19.5,13.87,12,10.92,10.54,12.31,13.67,5.62,,13.68,10.67,14.7,8.93,14,8.27,8.33,,19,16,16,24.8,11.05,14,17,15.1,18.04,14,19.72,4.77,40,43,13,3,83
Toledo,Northern Ill.,-2.5,-5,-3.89,-3.88,-0.15,-1.59,-1.82,-6.05,-7.97,-7,-9.9,-5,-5.48,-7,-3.06,-2.18,-0.69,-3.68,-5.31,-5.61,-9,-7.2,-7.79,-7,-6.96,-6.02,-1.59,-3.64,-8.45,,-11.38,-6.46,-9.9,-8.29,-5,-7.77,-7.49,,-5,-3,-6,-15.8,-10.39,-1,-4,5.5,-5.88,1,-0.97,3.00,30,49,13,19,79
Tulsa,Louisiana Tech,0,0.75,1.12,2.46,8.28,6.58,5.63,0.24,-0.49,5,-2.1,5,2.29,4.5,1.87,5.09,5.79,1.04,2.62,1.62,4,2.7,0.47,6,2.68,-0.37,5.07,3.72,0.43,,1.21,2.38,1.2,1.9,1,2.47,2.72,,1,0,-1,-8.5,1.98,-2,7,-8.3,2.65,5,1.08,2.46,18,48,13,30,66
UCLA,Oregon,2,4.6,3.4,3.08,10.44,4.55,2.72,4.41,3.64,4,-2.6,4,7.8,5,5.38,5.73,6.96,10.33,4.75,2.7,9,7.5,5.8,6,0.73,2.72,2.55,3.04,3.74,,3.32,2.16,4.8,2.96,9,3.53,2.88,,10,2.5,1,-0.3,3.53,4,5,11.9,6.73,6,6.33,2.70,31,13,13,-18,44
Utah,Wyoming,12.5,12,12.84,10.01,13.08,14.71,21.07,11.23,14.94,17,7.9,18,7.91,17.5,9.19,8.5,11.94,14.5,13.56,8.79,4,12.6,10.99,16,22.01,22.71,13.74,10.75,7.26,,13.75,18.7,10,14.75,17,20.4,20.4,,10,13,10,15.2,18.9,11,11,1.2,9.54,15,11.46,4.38,17,47,13,30,64
Utah St.,Troy St.,6.5,0.17,2.82,2.31,14.54,7.6,-8.64,3.58,-7.74,4,5.3,3,2.47,1,8.25,-6.67,3.47,2.94,2.67,-0.49,14,10.1,12.07,4,-1.57,1.56,0.28,2.54,-3.38,,-2.94,1.31,3,-3.87,4,-3.33,-0.43,,-3,5,-1,-1.5,0.71,9,8,16.7,3.72,4,9.39,5.33,23,14,13,-9,37
Vanderbilt,Kentucky,-6.5,-6.58,-5.42,-7.74,-11.25,-8.47,-7.34,-10.37,-9.2,-11,-12.2,-6,-10.49,-5.5,-4.11,-7.34,-7.43,-7.94,-8.34,-6.56,-9,-10.8,-7.31,-10,-7.07,-14.74,-7.41,-5.95,-8.78,,-10.39,-7.51,-10.3,-10.25,-13,-7.69,-7.32,,-10,-7,-7,-28.5,-6.56,-5,-11,-15.7,-7.51,-5,-6.21,2.38,17,28,13,11,45
Wake Forest,Connecticut,9.5,7.67,4.59,7.97,2.69,4.73,2.15,10.89,5.73,5,10.8,8,6.46,3.5,9.74,6.65,6.27,7.83,6.01,7.63,12,11.2,8.72,-2,-0.68,4.68,-4.37,9.01,10.01,,8.08,2.25,10.6,2.09,12,0.21,0.07,,7,9,9,-11.4,4.34,13,2,5.6,11.36,4,3.41,4.15,51,17,13,-34,68
Washington St.,Arizona St.,13,16.62,18.22,17.52,24.61,22.97,29.7,20.54,18.89,29,10.8,21,18.23,21.5,14.68,13.08,16.73,20.33,19.61,18.14,15,22.7,19.25,21,26.47,15.27,22.98,16.85,8.76,,19.76,22.26,18.2,18.5,18,22.2,23.46,,15,13,16,32.2,24.1,16,19,20.5,17.14,21,21.33,3.99,19,34,13,15,53
West Va.,Pittsburgh,-1,-2.29,-4.67,-0.11,-2.98,1.34,-11,-1.45,-5.46,-2,4.7,-2,-2.67,-3,1.33,-1.75,5.41,0.86,-1.47,1.28,9,1.4,2.15,-3,-8.51,-4.62,-3.4,-0.13,1.68,,-2.95,-6.29,-2.3,-4.9,8,-8.52,-7.99,,3,-1,0,-0.1,-5.65,-3,1,-3.9,1.35,-1,0.59,4.24,31,52,13,21,83
Western Mich.,Central Mich.,9.5,12.75,12.71,15.96,7.19,8.12,12.66,9.93,13.73,15,2.8,14,14.99,12.5,11.79,14.19,14.15,12.27,11.72,15.14,15,12.1,15.4,8,10.59,9.37,9.4,10.55,10.07,,18.37,11.1,14.8,12.83,13,10.15,13.06,,9,9.5,12,19.6,9,8,8,1.7,10.92,10,9.86,2.98,21,44,13,23,65
Wisconsin,Michigan St.,2,-0.68,-2.47,-0.43,-7.3,-4.9,1.61,0.98,-2.15,-1,-4.9,0.25,-9.16,-1,0.83,-8.31,2.06,1.34,-1.52,-0.85,-4,-0.9,-3.5,-2,-3.29,1.58,-2.3,-0.04,-4.85,,-2.24,-2.23,-0.3,-2.05,-4,-2.2,-2.21,,4,1.5,-1,-18,-2.54,8,-2,-12.3,-0.97,3,-4.93,3.17,21,56,13,35,77
Arkansas,Mississippi St.,27.5,25.68,26.4,22.76,34.35,35.93,44.48,24.12,23.58,41,45,32,26.45,27.5,27.98,18.02,25.82,36.94,28.54,19.23,33,33.5,24.22,21,31.37,20.72,27.83,26.92,16.64,22.94,26.84,29,31.3,22.59,26,27.94,26.2,,27,26.5,27,37.2,29.05,27,33,25.2,32.26,27,27.96,6.00,6,52,14,46,58
Arkansas St.,Middle Tenn.,-6,-0.09,0.45,-4.01,-2.23,0.16,13.47,-8.21,7.93,-7,-21.1,4,3.16,8,-8.22,5.74,-13.48,-8.91,-2.51,-2.78,-16,-15.6,-17.15,5,6.05,4.7,4.69,-10.41,-3.93,5.18,-0.23,3.11,-6.2,7.85,-12,9.07,4.73,,-9,-6.5,-7,-0.2,2.53,-9,-12,-2.5,-17.28,7,-0.36,8.73,24,14,14,-10,38
Auburn,Alabama,8,9.28,6.41,4.64,11.36,12.18,-2.08,3.81,9.68,12,6.3,7,7.55,6.5,8.88,10.36,-0.72,9.53,7.38,7.58,13,10.3,3.05,11,6.74,6.88,5.26,6.61,1.74,6.92,6.85,5.95,8,6.1,13,4.72,6.27,,10,8,8,11.3,8.42,5,7,6.6,9.32,10,1.49,3.29,23,28,14,5,51
BYU,Utah,-8,-7.92,-9.32,-7.35,-21.86,-15.38,-15.83,-11.42,-6.82,-17,-16.1,-12,-9.35,-10,-8.94,-6.09,-11.63,-17.34,-11.51,-7.19,-11,-16.1,-9.67,-18,-15.88,-6.64,-11.48,-10.07,-3.89,-7.95,-8.34,-13.92,-15.1,-8.2,-10,-13.33,-13.65,,-10,-8,-10,-19.1,-15.22,-2,-15,-32.1,-12.05,-8,-10.27,3.99,3,0,14,-3,3
Ball St.,Bowling Green,-14.5,-15.62,-12.47,-12.13,-12.79,-14.29,-28.16,-11.99,-18.44,-20,-19.2,-16,-17.93,-13.5,-13.96,-12.69,-9.16,-22.34,-15.59,-13.23,-19,-16.2,-16.09,-18,-17.98,-11.49,-15.12,-12.41,-10.17,-17.01,-20.58,-17.74,-18.5,-16.63,-9,-15.57,-17.95,,-14,-14,-15,-28.3,-19.12,-11,-18,-15,-14.17,-12,-8.3,3.85,41,14,14,-27,55
Baylor,Oklahoma St.,-27,-21.5,-18.48,-18.17,-30.49,-26.3,-20.17,-22.13,-16.68,-32,-17.5,-21,-16.05,-19,-26.27,-8.17,-26.5,-34.41,-22.43,-13.73,-37,-25.6,-19.61,-18,-23.27,-17.33,-19.82,-21.9,-12.65,-16.86,-23.45,-21.34,-28.1,-17.11,-28,-16.4,-18.65,,-25,-26.5,-24,-38.2,-22.52,-25,-33,-9.9,-30.82,-20,-20.7,5.93,38,21,14,-17,59
Central Florida,Marshall,-12,-12.84,-12.49,-15.71,-9.36,-11.09,-21.68,-12.53,-14.44,-18,-2.9,-14,-11.81,-13,-11.31,-12.48,-9.91,-16.58,-13.33,-17.08,-13,-14.5,-13.06,-10,-18.51,-10.83,-13.61,-13.42,-14.31,-13.81,-19.45,-15.78,-15,-14.68,-14,-15.57,-18.32,,-10,-12,-12,-26.5,-14.02,-9,-13,-2.9,-14.99,-7,-9.26,3.46,21,7,14,-14,28
Fresno St.,Boise St.,-8.5,-6.98,-4.73,-8.46,-12.93,-10.15,-3.17,-8.2,-2.21,-13,-23.8,-7,-2.14,-2,-11.29,2.88,-8.33,-18.89,-8.07,-7.89,-11,-14.5,-4.45,-7,-2.68,-4.79,1.75,-8.72,-7.67,-1.9,-7.08,-5.84,-15.2,-2.55,-19,-2.39,-2.81,,-13,-8,-8,-12.8,-8.09,-7,-20,16.9,-12.79,-7,-6.53,5.82,31,17,14,-14,48
Georgia,Kentucky,19,26.04,26.2,21.5,26.76,27.88,40.85,20.93,30.44,31,16.9,24,21.73,24,20.97,23.78,19.93,25.41,24.64,23.21,27,21.3,25.5,22,33.16,24.96,28.27,23.22,13.7,28.25,30,28.31,21.9,26.28,14,26.82,29.41,,19,17.5,22,34.3,28.49,21,14,28.4,25.44,22,21.11,4.96,10,30,14,20,40
Hawaii,Army,26.5,27.04,23.13,23.13,28.25,27.44,39.03,16.85,35.78,33,5.2,29,21.46,30,19.22,26.96,26.94,29.77,24.44,20.56,8,20.6,26.27,22,29.08,35.21,23.06,20.11,18.5,26.32,28.69,25.9,16.6,29.95,22,23.9,26.33,,22,26,16,42,19.61,24,24,17.4,20.3,27,26.66,6.49,28,59,14,31,87
Idaho,Utah St.,-2,-1.25,-0.86,-0.49,1.39,-1.63,-3.24,1.49,-2.16,1,2.2,-3,3.08,-4,-0.73,1.45,-4.63,0.57,-1.08,2.86,0,2.1,-5.64,1,1.45,-9.81,0.68,0.23,-4.98,-4.42,-4.54,-4.1,1.1,-6.93,-4,-4.41,0.52,,5,-3,1,-5.1,-0.59,-4,1,3.5,-1.07,1,-3.19,3.05,13,20,14,7,33
Illinois,Northwestern,-3.5,-9.92,-11.24,-6.81,-12.77,-8.49,-20.35,-6.01,-14.82,-14,-23.2,-9,-12.92,-9,-5,-13.02,-3.51,-0.34,-10.26,-8.91,-6,-7.7,-2.62,-10,-19.12,-5.79,-14.81,-6.97,-7.57,-14.12,-15.17,-13.88,-13.8,-17.42,-3,-15.35,-16.25,,0,-3.5,-10,-36,-11.92,-2,-7,-9.5,-7.72,-7,-14.02,5.40,37,20,14,-17,57
Indiana,Purdue,-24.5,-24.75,-24.41,-21.76,-31.71,-33.06,-29.53,-25.15,-26.03,-37,-40.6,-20,-16.72,-19.5,-23.48,-10.69,-24.98,-32.16,-25.48,-22.26,-19,-30.5,-23.03,-22,-31.24,-17.3,-20.64,-23.48,-17.54,-23.98,-28.46,-27.56,-31.6,-24.59,-23,-24.79,-26.52,,-27,-25,-29,-44.1,-27.41,-28,-29,-20.2,-28.32,-21,-18.93,5.62,24,16,14,-8,40
Kansas,Iowa St.,11,10.05,10.25,11.6,21.69,20.49,4.78,-1.38,9.34,18,-0.3,16,10.1,16,10.75,8.55,8.51,14.8,10.25,10.24,12,8.4,13.74,14,12.44,0.87,6.76,12.72,9.07,8.89,12.21,11.6,8.1,10.79,3,11.46,11.8,,6,10.5,8,-1.5,10.15,-1,15,17.7,12.84,17,4.3,5.27,7,36,14,29,43
Kansas St.,Missouri,14.5,9.99,10.46,13.94,13.77,12.28,12.62,13.95,5.75,19,-0.8,11,15.02,11,15.32,10.19,24.06,26.98,12.25,10.79,17,17.9,14.12,15,8,3.98,10.77,13.47,4.39,5.51,9.15,8.94,10.5,5.34,10,4.65,5.59,,23,15,14,7.8,7.96,13,16,15.8,15.84,13,16.33,5.45,14,24,14,10,38
Kent,Buffalo,12.5,15.84,12.12,15.29,15.47,16.65,17.24,12.15,15.31,24,21.1,22,20.1,21,16.37,17.79,17.24,14.66,16.3,12.43,18,21.3,16.89,14,11.44,26.6,7.14,14.94,10.13,13.56,17.08,14.98,19.9,14.33,20,13.86,10.8,,18,12.5,18,-0.4,10.1,11,18,15.4,17.78,16,14.28,3.88,24,34,14,10,58
Louisville,Houston,11.5,8.27,5.83,10.03,8.79,10.95,6.21,10.01,6.25,14,4.4,11,7.83,9,10.15,4.87,13.64,13.3,8.77,9.12,11,10.1,12.5,5,6.19,9.42,2.18,10.24,12.41,4.06,7.55,6.44,10.4,4.7,17,4.5,4.85,,12,11,8,25.7,9.1,9,14,9.8,12.47,11,2.85,3.40,45,66,14,21,111
Memphis,Cincinnati,10,10.75,13.39,12.08,15.64,12.28,15.64,15.25,10.54,18,31,13,14.26,12,10.96,6.26,4.18,13.81,13.02,15.62,9,21.7,7.44,20,14.64,7.41,11.02,10.72,4.03,9,11.95,11.71,18.1,9.5,8,10.86,11.55,,11,11.5,17,19.2,12.55,13,15,2.7,11.74,15,14.17,4.56,16,21,14,5,37
Miami (Fla.),Rutgers,26.5,22.97,23.83,17.91,17.65,23.4,39.5,23.85,25.64,29,20.1,25,15.14,22.5,20.22,15.74,28.26,31.69,24.03,15.89,23,29,16.67,23,29.76,35.51,24.69,18.89,12.1,24.59,25.11,25.52,23.2,23.2,29,25.39,24.78,,29,26.5,21,21.2,27.07,28,20,27,22.66,22,19.74,5.12,10,34,14,24,44
Michigan,Ohio St.,7,6.74,2.12,9.22,13.71,4.17,-8.1,5.32,1.12,13,14.6,3,10.61,2.5,11.63,6.58,9.05,9.43,5.7,9.89,11,6.6,11.29,5,-5.91,-7.43,-2.33,9.85,4.27,-2.53,1.82,1.06,8.9,-3.42,13,-0.82,-3.27,,11,6,7,8.6,2.16,6,14,16.6,13.44,10,8.28,6.20,21,35,14,14,56
Michigan St.,Penn St.,5,13.62,11.22,9.9,13.87,15.87,32.5,1.24,20.01,17,5.5,11,11.13,14,6.1,15.41,4.2,-0.71,11.27,9.16,3,2.1,10.31,14,24.82,10.2,13.09,7.96,11.53,16.13,14.41,16.5,5.8,16.72,12,18.43,18.48,,0,4.5,6,19.9,18.44,-1,7,7.2,6.2,10,11.7,6.92,10,41,14,31,51
Mississippi,LSU,-6.5,-2.75,-4.25,-8.88,-8.32,-8,0.87,-7.07,-0.38,-8,-10,-6,-2.57,-2.5,-5.74,1.15,-12.19,-8.03,-5.01,-5.31,-25,-8,-9.38,1,3.37,-1.52,3.56,-6.6,-4.35,-2.18,-6.86,-2.11,-5.1,0.48,-10,-1.04,-0.19,,-7,-6.5,-3,-2.3,-1.24,-2,-8,-17.8,-9.02,-2,-10.57,5.13,17,14,14,-3,31
NC St.,Maryland,1,1.89,1.98,1.6,3.32,1.1,8.73,1.32,4.15,1,-8.3,0.25,9.21,5,-0.62,9.46,2.91,-2.35,2.05,0.23,1,1.8,2.01,4,4.6,3.58,-0.07,1.85,0.23,3.64,2.31,1.75,1,3.21,2,3.6,3.04,,1,0,-1,8.7,2.13,-1,-4,18.8,0.97,3,4.71,3.13,26,24,14,-2,50
Navy,Central Mich.,20,18.63,17.08,22.21,26.27,19.56,10.69,22,18.09,35,23.6,19,21.94,15.5,19.18,20.15,18.19,17.74,19.61,23.95,22,20.8,20.85,18,20.8,13.77,17.61,21.76,16.37,16.89,23.48,18.93,19.2,16.83,18,16.71,24.56,,14,19.5,21,34.6,16.69,9,20,16.4,23.72,20,20.38,4.25,34,63,14,29,97
North Carolina,Duke,6,4.85,2.81,5.47,-0.36,-0.72,-4.67,5.72,1.48,8,-6.1,7,1.95,5,8.28,4.57,3.66,6.47,3.59,4.78,10,5.4,10.54,-1,-1.09,7.19,-0.01,6,0.52,0.17,1.92,1.81,7.6,-0.31,8,-0.74,-0.02,,8,6,8,-1.4,2.09,5,6,1,7.79,2,-1.57,3.96,30,22,14,-8,52
Northern Ill.,Eastern Mich.,26,24.87,22.97,24.45,30.61,24.59,30.06,22.97,26.73,36,20.2,25,23.46,25,23.63,28.28,29.55,24.99,26.05,17.38,29,25.6,26.07,23,26.91,31.77,13.72,23.46,28.37,25.05,30.25,28.8,22.8,26.28,41,27.94,26.72,,27,29,22,29.1,26.94,26,25,31.7,26.68,26,25.41,4.41,24,38,14,14,62
Ohio,Miami (Ohio),-24,-31.36,-29.69,-24.65,-32.05,-25.74,-45.2,-23.6,-35.03,-42,-34.4,-31,-23.9,-29.5,-27.74,-21.61,-24.56,-35.34,-29.87,-26.2,-25,-30.7,-20.75,-35,-39.05,-22.03,-28.85,-28.38,-22.29,-32.75,-37.47,-36.33,-29.8,-31.32,-24,-34.37,-36.83,,-22,-25,-27,-69.6,-31.56,-25,-30,-34.9,-31.87,-22,-28.94,5.76,49,31,14,-18,80
Oregon,Oregon St.,-3,0.58,0.77,0.16,-4.28,-2.35,-1.4,-3.44,4.38,1,-4.8,2,2.69,4,-2.81,5.19,-1.08,-3.01,-0.52,0.64,-4,-7.2,-0.68,-1,5.27,1.47,1.62,-2.19,-1.93,3.88,1.34,3.47,-3.4,3.28,-6,4.65,3.41,,-5,-1,0,7.5,1.13,-4,-11,-6.3,-4.61,1,-1.4,3.69,20,34,14,14,54
Rice,UTEP,14.5,13.57,12.81,14.82,14.66,10.46,13.07,16.43,15.16,18,18.8,18,17.27,15.5,12,14.09,20.3,18.44,14.33,15.85,12,14.5,9.01,13,11.6,20.29,15.48,14.03,10.84,12.98,17.19,14.63,14.7,16.7,10,11.09,12.78,,14,15.5,14,20.5,8.66,13,13,14.9,16.65,12,11.3,2.82,14,45,14,31,59
San Diego St.,Air Force,-4,-3.73,-3.7,-4.2,-7.67,-6.32,-6.03,-3.23,-3.14,-7,-7.8,-3,1.17,-3,-4.32,0.9,-8.46,-6.4,-4.31,-2.55,-7,-4.5,-3.64,-3,-9.84,0.93,-0.76,-3.39,-2.4,-3.51,-4.42,-7.26,-3,-4.18,-7,-5.31,-7.37,,0,-4,-3,9.9,-8.39,-5,-6,1.6,-4.31,-1,-1.56,2.68,3,24,14,21,27
San Jose St.,Tulsa,-7,-10.63,-10.6,-7.63,-9.61,-11.08,-19.7,-7.92,-9.67,-17,-23.9,-13,-4.01,-13.5,-11.63,-6.6,-9.64,-9.3,-11.56,-7.32,-14,-17,-12.91,-10,-14.61,-10.59,-10.79,-12.98,-4.71,-9.74,-12.23,-13.08,-17.9,-10.78,-9,-11.01,-13.14,,-7,-8,-9,-21.2,-9.6,-5,-19,-12.3,-17.7,-7,-8.88,4.15,34,32,14,-2,66
South Carolina,Clemson,1.5,1.49,0.49,3.15,-0.27,-1.32,0.35,-4.81,-0.38,-1,4.3,2,1.22,0,3.55,3.67,-2.12,0.69,0.08,0.86,6,-2.7,0.95,-4,-3.25,-2.14,-4.9,0.95,1.62,0.14,1.8,-0.15,-2.5,-0.03,7,0.83,-1.54,,-3,1,-5,-15.9,-1.42,-2,1,6.7,1.17,1,3.25,2.75,63,17,14,-46,80
South Florida,UAB,6.5,4.19,5.22,0.15,8.65,7.15,13.42,5.78,7.43,6,-2.5,6,8.84,4.5,1.23,11.72,15.86,9.29,6.3,0.22,5,5.3,-3.64,10,8.17,8.9,9.96,3.14,1.93,7.66,5.04,5.3,4.1,8.54,2,8.77,9.14,,13,7,7,7.2,7.04,1,7,-8.9,2.71,10,,4.12,22,19,14,-3,41
Southern Miss.,TCU,2.5,-0.1,-1.55,3,5.97,-0.75,-4.24,1.94,-8.13,1,17.2,-1,4.8,-2,4.71,0.59,5.38,-0.33,0.55,3.54,10,6.5,-0.97,-4,-7.96,-6.39,-1.26,3.07,0.21,-7.25,-2.24,-4.89,4,-6.83,9,-6.89,-6.64,,3,2,5,-15,-3.85,3,1,17.3,4.59,-1,4.26,5.41,28,40,14,12,68
Stanford,California,-10,-3.58,-4.02,-5.92,-9.47,-11.44,-5,-12.05,2.89,-10,-26.4,-6,4.47,-6,-9.98,9.86,-14.52,-18.82,-6.78,-4.08,-8,-13.5,-12.32,-8,-1.92,4.39,-2.14,-10.52,-3.26,0.6,-2.59,-3.45,-9.3,1,-11,-0.3,0.23,,-14,-8,-7,2.9,-4.87,-10,-15,-3.4,-15.8,-5,-6.07,6.87,28,16,14,-12,44
Syracuse,West Va.,-2,-0.14,-2.09,-1.08,-2.67,-3.81,1.66,-6.18,1.62,-1,-16.9,-1,0.41,-1.5,-2.2,2.66,-2.77,-2.66,-2.42,-3.97,-2,-3.3,-2.44,-5,-1.79,-2.91,-7.97,-1.86,-1.46,0.14,-2.06,-1.42,-6.3,0.51,-2,-0.3,0.16,,-4,-1.5,-5,-32.6,-2.17,-2,-4,-2.8,-3.49,1,-1.93,3.18,34,23,14,-11,57
Temple,Pittsburgh,-15,-18.04,-18.1,-13.9,-21.93,-19.86,-36.66,-12.02,-23.33,-23,-24.5,-22,-15.02,-21,-12.7,-15.86,-12.78,-14.05,-18.78,-11.32,-9,-11.2,-12.47,-20,-25.61,-26.44,-25.46,-12.76,-13.14,-23.46,-23.67,-25.44,-15.3,-24.12,-15,-26.58,-23.04,,-12,-15,-18,-47.8,-22.34,-19,-17,-18.6,-14.71,-15,-15.05,5.79,30,16,14,-14,46
Tennessee,Vanderbilt,21,25.87,26.5,21.1,23.65,25.93,40.31,18.93,33.53,34,12.3,24,21.96,24.5,18.41,24.62,23.24,26.63,25.81,19.33,19,23.6,21.73,24,38.36,37.99,28.64,21.61,20.15,30.29,29.58,31.14,21.7,29.99,24,31.39,33.42,,24,20.5,22,44.1,31.39,24,20,8.3,22.24,25,24.16,5.87,0,48,14,48,48
Texas Tech,Oklahoma,-19,-13.42,-14.54,-14.77,-16.4,-23.25,-19.66,-14.63,-13.39,-13,-26.8,-31,-11.48,-26.5,-13.53,-10.34,-17.58,-26.67,-17.89,-13.14,-24,-21.4,-16.31,-18,-22.06,-25,-16.37,-14.45,-17.55,-13.91,-23.8,-16.5,-23.5,-17.31,-23,-11.68,-14.69,,-17,-19,-17,-35.2,-7.43,-17,-23,-20.2,-20.13,-13,-14.62,5.28,56,25,14,-31,81
Toledo,Western Mich.,12.5,10.83,10.42,9.15,13.12,13.77,15.35,13.2,13.13,19,18.7,15,13.56,12,8.76,14.04,10.98,10.78,12.65,9.75,11,12,5.69,15,15.98,16.01,9.9,11.06,2.8,10.92,11.79,13.33,9.5,11.22,12,13.04,14.04,,13,14,13,11.6,13.15,16,12,12.2,11.51,16,12.75,2.60,17,34,14,17,51
Troy St.,Louisiana-Monroe,14.5,22.45,18.08,16.52,23.06,20.12,30.99,15.94,31.93,24,23.8,19,21.7,22,14.11,24.75,20.57,22.58,20.46,18.14,9,22.2,9.87,19,15.7,21.8,13.03,19.92,13.49,25.78,26.38,20.88,22.5,28.63,16,21.27,16.41,,28,14,21,31.7,13.25,15,17,9.5,22.68,17,21.99,5.09,24,28,14,4,52
Tulane,East Carolina,9.5,12.91,11.19,12.1,14.07,17.99,22.37,8.06,16.45,17,9.3,20,14.72,20.5,9.45,18.26,11.42,14.76,13.16,12.91,7,7.9,15.88,14,14.42,21.86,10.59,11.93,8.47,13.61,14.9,14.07,4.7,15.16,6,14.91,13.97,,12,10,11,13.8,10.52,6,14,9.6,12.58,14,8.32,4.17,18,28,14,10,46
UNLV,Colorado St.,-6.5,-2.74,-3.06,-4.9,-9.41,-2.01,0.3,-6.39,1.44,-5,-8.6,-1,-1.23,-1,-6.8,0.7,-11.69,-6.64,-3.91,-5.42,-8,-8,-7.79,-3,3.22,-0.94,-1.39,-4.68,-1.41,0.86,-1.55,0.03,-10,1.58,-8,1.2,1.75,,-8,-6.5,-8,0,-2.23,-8,-6,-9.5,-7.65,-2,-4.19,3.87,24,23,14,-1,47
USC,UCLA,22.5,20.54,20.24,25.04,34.3,31.75,27.5,30.16,17.41,38,45.9,23,28.09,20,23.57,16.62,24.4,30.52,23.44,23.8,22,33.3,22.7,22,21.52,19.52,19.68,26.28,15.57,15.12,22.43,21.85,23.7,15.63,25,16.63,18.4,,28,22,27,47.4,20.38,26,29,24.1,26.22,22,25.22,6.15,22,47,14,25,69
Virginia,Georgia Tech,7,3.13,-0.29,4.2,6.82,4.54,-0.33,3.06,0.46,5,7.8,4,7.11,2.5,6.22,5.63,4.3,10.61,3.82,3.01,9,10.4,5.53,-3,-2.86,2.32,-7.22,7.65,4.47,-0.98,0.16,-0.65,2.8,-0.66,5,-1.79,-1.51,,14,6.5,5,-2.1,0.69,9,11,18.9,9.81,5,3.86,4.46,17,29,14,12,46
Virginia Tech,Boston College,15,12.82,10.02,11.23,16.08,10.96,20.91,9.56,11.7,19,14.2,15,13.77,13,14.21,12.27,12.69,16.48,13.99,9.68,16,15.4,14.19,13,13.78,11.86,11.78,14,9.71,11.11,12.83,13.87,14.4,11.45,21,11.91,12.77,,16,15,16,13.8,15.78,14,19,16.1,16,17,10.86,2.77,34,27,14,-7,61
Washington,Washington St.,-6.5,-10,-11.71,-10.02,-17.12,-17.49,-18.26,-9.92,-11.71,-16,-5.1,-12,-7.38,-12,-8.66,-4.54,-9.43,-18.47,-11.42,-9.46,-8,-13.6,-9.68,-18,-18.25,-9.48,-14.99,-9,-6.31,-10.99,-12.5,-13.37,-10.6,-10.85,-2,-13.18,-13.81,,-11,-6.5,-10,-26.8,-15.19,-7,-11,-14.9,-11.12,-6,-10.89,3.87,19,27,14,8,46
Wisconsin,Iowa,1.5,-2.79,-2.8,-2.43,-0.47,-3.84,-9.67,0.12,-3.76,-1,5.9,-2,3.76,-1,-1.73,4.65,-6.11,-4.78,-1.38,0.94,-1,2.4,-5.5,-2,-2.31,-0.47,-1.89,-1.83,-3.88,-2.38,-3.73,-2.46,0.5,-2.74,-6,-1.27,-1.69,,2,2,1,-2.5,-2.67,1,-3,6.8,-3.19,4,2.08,3.06,27,21,14,-6,48
Wyoming,New Mexico,-7.5,-3.96,-6.92,-3.11,-9.82,-8.96,-11.13,-10.37,-3.15,-8,-11.9,-7,-0.83,-6.5,-4.84,0.01,-2.8,-7.04,-6.6,-4.31,-7,-9.4,-4,-7,-9.65,-12.22,-6.59,-3.46,-2.02,-3.8,-5.22,-7.63,-10.5,-4.39,-4,-6.81,-7.86,,-4,-6,-6,1.6,-8.47,-12,-9,-8.5,-3.86,-4,-9.64,3.07,26,3,14,-23,29
Arizona St.,Arizona,15.5,11.67,8.71,9.02,18.95,16.45,,5.64,7.93,16,8.1,14,8.18,12,15.17,6.29,14.82,19.9,11.15,4.49,22,12.9,13.8,8,,13.02,2.39,11.48,7.64,6.24,7.08,8.51,8.5,7.77,11,5.78,5.29,,18,15.5,11,-4.7,7.55,9,17,30.5,17.84,14,10.61,4.71,7,28,15,21,35
Boise St.,Nevada,22,21.13,16.66,19.61,21.16,19.88,,21.46,17.98,30,41,24,14.37,19.5,24.09,8.21,26.12,30.15,21.48,18.29,18,29,18.59,22,,12.75,14.14,20.57,15.14,15.94,19.74,18.93,25.4,16.81,30,16.44,17.27,,30,22,22,33.1,22.29,20,27,13.1,25.03,23,20.69,5.92,3,56,15,53,59
Bowling Green,Toledo,8,12.09,7.3,10.17,14.16,7.73,,1.42,14.97,9,-2.5,14,9.08,12,10.17,12.01,11.58,14.81,9.71,8.47,20,7.1,11.44,5,,6.02,7.29,9.25,8.28,11.88,13.72,8.9,6.9,11.37,12,9.23,10.03,,10,8,5,5.1,11.91,2,9,21.1,9.9,10,14.11,4.06,23,31,15,8,54
Central Florida,Miami (Ohio),-24.5,-29.2,-26.93,-27.06,-35.99,-30.23,,-25.58,-29.84,-41,-33.5,-30,-28.27,-27.5,-28.58,-21.19,-28.51,-32.51,-28.87,-28.45,-24,-33.2,-26.55,-26,,-21.21,-25.53,-27.94,-21.36,-28.59,-36.72,-32.87,-32,-26.87,-33,-30.2,-32.17,,-22,-24.5,-27,-60.1,-30.49,-24,-34,-28.2,-32.57,-22,-21.48,4.48,56,21,15,-35,77
Cincinnati,Louisville,-3,-1.9,-4.62,-4.95,-4.5,-3.01,,-5.11,-2.11,-7,-7.1,-3,-6.06,-2.5,-1.72,-1.72,-3.23,0.12,-3.55,-3.28,-5,-4.1,2.75,-7,,-1.75,-3.25,-0.42,-2.11,-3.79,-5.69,-6.16,-8.8,-3.13,-5,-5.41,-6.49,,3,-3,-2,-28.7,-5.88,-4,-6,-15.3,-0.1,-2,-0.21,2.62,43,40,15,-3,83
Colorado,Nebraska,-2.5,-3.63,-1.91,-5.87,-8.77,-16.18,,3.53,-1.63,-7,16.8,-6,5.25,-5,-5.49,4.24,-4.09,-2.06,-3.47,-0.5,-11,1.6,-5.26,-4,,-1.89,-2.33,-5.35,-4.62,-2.88,-5.13,-6.67,0.4,-3.26,-6,-4.89,-5.53,,1,-3,0,3.2,-7.44,-1,-12,-13.2,-6.73,-4,-8.02,5.37,31,22,15,-9,53
East Carolina,Southern Miss.,-14.5,-21.06,-21.76,-18.57,-21.4,-23.95,,-17.35,-25.7,-30,-25.3,-20,-18.4,-22,-16.71,-14.88,-14.95,-25.76,-21.31,-15.78,-13,-19.2,-19.86,-24,,-25.2,-24.74,-18.89,-14.79,-25.09,-26.06,-27.98,-21.4,-26.49,-17,-28.1,-28.03,,-16,-14.5,-19,-36.7,-23.82,-16,-22,-13.9,-20.37,-16,-20.58,4.35,38,21,15,-17,59
Florida,Florida St.,-1,1.68,-2.55,2.91,-0.95,-1.09,,-3.85,5.01,-2,8.5,0.25,4.77,1,-2.39,6.62,-2.03,1.01,1.04,5.96,10,-1.5,2.16,4,,5.27,4.71,-1.96,2.99,1.41,2.69,-2.36,0.5,4.06,-1,-0.23,-0.74,,0,-1,3,29,1.34,-7,-2,-16.9,-3.25,2,-2.38,3.58,38,34,15,-4,72
Georgia Tech,Georgia,-8,-10.05,-8.2,-11.71,-15.38,-14.37,,-10.11,-10.04,-12,-18.5,-9,-10.05,-9,-10.06,-11.33,-12.27,-19.27,-11.82,-10.38,-21,-15.6,-12.76,-9,,-9.54,-11.57,-10.35,-10.42,-9.25,-12.75,-11.43,-11.9,-9.69,-12,-10.44,-10.43,,-14,-8,-9,-16.8,-12.64,-7,-16,-2.5,-13.66,-7,-13.91,3.13,34,17,15,-17,51
Hawaii,Alabama,-3,-2.65,-1.48,-5.98,0.47,0.53,,-10.1,3.19,1,-24.3,-3,-3.77,2,-8.9,-1.31,-13.77,-9.02,-4.56,-4.79,-24,-12.8,-6.05,5,,1.51,-0.06,-6.55,-2.5,-0.1,-6.08,0.33,-13.1,4.98,-11,1.05,3.53,,-9,-3,-9,1.5,-1.33,-7,1,-14.7,-11.83,5,-4.95,7.05,29,37,15,8,66
Houston,UAB,1,0.89,2.16,-0.61,-1.21,0.71,,-2.52,2.36,1,-0.9,4,0.98,2.5,-0.48,1.38,1.1,-2.37,0.16,-1.02,-4,-1.5,-6.33,3,,-1.24,2.08,-0.93,-0.18,3.67,1.38,3.28,-8.6,3.19,-1,4.58,5.09,,-3,1.5,-4,-7.9,2.68,-4,1,-10.8,-2.07,4,1.22,3.02,28,56,15,28,84
Kentucky,Tennessee,-10.5,-16.21,-18.38,-10.77,-15.15,-14.61,,-10.83,-23.24,-18,-13.9,-17,-18.22,-17.5,-8.74,-22.22,-8.32,-15.51,-15.89,-11.8,-20,-13.8,-9.99,-19,,-19.7,-25.47,-10.92,-12.28,-22.01,-20.51,-21.31,-17.2,-21.43,-2,-21.79,-23.71,,-9,-10,-17,-37.5,-22.25,-14,-9,-18.2,-11.03,-9,-15.18,5.35,20,7,15,-13,27
LSU,Arkansas,9.5,11.04,9.01,11.03,11.16,10.78,,11.76,12.03,17,16.4,14,11.41,13,9.82,11.2,12.98,8.46,11.49,12.72,20,14.1,17.66,,,12.52,7.35,10.8,7.3,11.16,13.15,9.25,11.8,9.21,15,8.03,9.78,,14,9.5,10,21.7,8.41,5,10,-3.2,11.81,13,2.31,3.29,24,55,15,31,79
Louisiana Tech,Rice,7.5,11.85,8.49,8.94,8.11,6.51,,1.81,13.7,12,3.3,15,6.49,14,10.19,9.19,13.14,7.49,9.32,6.5,10,5.5,14.84,4,,11.6,5.14,10.8,6.59,10.92,10.19,10.77,3.4,13.06,16,10.81,10.67,,7,7.5,6,22.5,9.47,7,8,1.5,12.11,9,9.69,3.43,49,14,15,-35,63
Marshall,Ohio,17,21.17,19.79,19.28,16.42,12.06,,14.41,27.23,27,5.8,24,18.91,24.5,15.25,21.25,17.86,24.64,19.92,20.84,18,13.4,13.87,20,,18.42,24.74,18.77,15.19,24.7,26.3,24.23,12.8,26.78,18,24.78,28.08,,18,17.5,17,53.2,20.88,17,16,21.3,18.65,21,25.12,4.93,0,28,15,28,28
Memphis,South Florida,10,11.72,13.73,11.78,16.16,12.82,,10.3,11.17,16,19.2,11,12.47,12.5,12.28,5.67,7.57,10.38,11.22,14.22,5,14.5,12.06,14,,4.56,11.51,11.53,8.49,9.12,10.53,13.01,8,11,10,10.14,11.38,,6,10.5,12,7.8,12.86,8,12,3.9,12.99,13,6.7,3.09,21,16,15,-5,37
Mississippi St.,Mississippi,-19.5,-19.65,-20.24,-15.88,-29.1,-29.68,,-18.78,-17.27,-32,-44.5,-24,-16.5,-21,-22.1,-9.03,-20.11,-22.38,-22.05,-14.64,-26,-31,-20.94,-25,,-15.55,-20.45,-19.4,-11.6,-17.34,-21.29,-22.69,-32.6,-16.61,-21,-19.31,-19.91,,-22,-19,-27,-41.7,-23.24,-20,-28,-10.4,-24.18,-16,-15.82,6.28,31,0,15,-31,31
Missouri,Iowa St.,26,18.28,15.9,18.88,36.86,32.06,,24.08,15.49,38,44.4,23,21.96,23,20.98,13.27,25.12,23.22,23.42,20.09,23,32,26.68,22,,15.23,15.8,22.15,13.1,15.25,20.06,21.05,28.5,17.67,21,19.15,20.79,,29,26,27,23.6,22.46,20,29,33.1,26.41,24,23.99,6.57,7,45,15,38,52
New Mexico St.,North Texas,-8,-16.15,-15.14,-8.62,-9,-10.92,,-10.27,-23.21,-19,-11.2,-13,-11.08,-13,-9.49,-11.93,-5.39,-15.67,-13.08,-10.24,-13,-10.9,-3.34,-15,,-9.78,-10.41,-10.22,-11.23,-20.6,-19.81,-19.7,-15.2,-21.23,-10,-17.43,-19.79,,-10,-8,-14,-21.5,-14.54,-9,-13,-16.5,-12.52,,-7.23,4.53,13,10,15,-3,23
Pittsburgh,Miami (Fla.),-3,-4.4,-4.61,-2.86,-5.29,-1.83,,-2.28,-4.73,-2,7.1,-5,1.03,-3,-4.08,1.43,-8.61,-8.53,-3.36,1.06,-15,-5.2,-2.87,-2,,-3,-3.43,-2.57,-1.99,-5,-6.28,-4.93,-2.9,-3.79,-1,-3.16,-3.79,,-2,-3.5,0,22.2,-4.04,-2,-4,-16.7,-5.04,1,-6.84,3.41,28,14,15,-14,42
Rutgers,Syracuse,-5.5,-2.02,-4.71,-1.33,-0.89,-6.68,,-9.3,-2.63,-3,-11.5,-1,-1.58,0.5,-1.38,-3.41,3.89,-6.15,-3.98,-4.38,2,-7.8,0.76,-4,,-16.64,-4.47,-0.55,-2.19,-3.38,-3.96,-4.15,-9.7,-3.07,-8,-4.14,-3.43,,-7,-5.5,-7,0.7,-4.53,-7,-3,-4,-1.27,-3,-0.42,3.82,7,24,15,17,31
SMU,TCU,-24,-28.43,-27.67,-19.72,-29.6,-28.07,,-26.97,-39.11,-39,-29.8,-28,-27.4,-29.5,-19.66,-25.58,-26.57,-36.9,-29.24,-21.08,-26,-26.9,-28.18,-32,,-37.89,-25.17,-24.33,-15.69,-34.59,-33.77,-36.93,-28.5,-40.9,-25,-37.48,-37.11,,-30,-24,-30,-58.8,-28.06,-17,-29,-27,-27.1,-26,-24.7,5.68,20,13,15,-7,33
Stanford,Notre Dame,-3.5,-0.59,-2.27,-1.4,6.59,1.62,,-1.94,-0.04,1,5.8,-1,0.14,0,-1.1,2.64,-1.04,-4.7,-0.58,-0.49,-3,0.9,1.4,4,,3.52,-8.76,-2.42,-0.75,-1.8,-2.85,-2.63,1.5,-0.61,6,-2.93,-2.68,,-1,-3.5,-1,-6.8,-3.44,-3,-1,-0.3,-3.6,-1,-2.11,2.99,57,7,15,-50,64
Texas A&M,Texas,-20,-17.25,-13.86,-16.17,-27.81,-26.31,,-23.49,-11.53,-31,-37.8,-22,-13.88,-19.5,-23.15,-7.73,-21.77,-26.53,-20.67,-13.52,-29,-29.5,-16.92,-20,,-14.32,-19.41,-18.62,-9.14,-12.15,-18.06,-19.35,-23.4,-11.88,-26,-13.6,-14.07,,-24,-20,-23,-28.6,-19.24,-25,-31,-23.3,-26.47,-16,-22.68,6.53,46,15,15,-31,61
UTEP,Fresno St.,-20.5,-21.3,-20.08,-17.37,-16.69,-14.01,,-21.34,-23.65,-26,-22.2,-20,-19.41,-21.5,-19.22,-16.51,-22.8,-28,-20.29,-15.3,-16,-20.6,-21.35,-20,,-26.5,-20.14,-19.78,-13.93,-21.1,-24.75,-23.6,-18.9,-23.96,-14,-19.83,-21.36,,-21,-20.5,-19,-30.9,-15.82,-22,-20,-17.1,-24.1,-15,-17.39,3.36,23,20,15,-3,43
Virginia,Virginia Tech,1,0.98,0.01,1.5,5.23,0.02,,1.32,0.97,1,2.1,1,4.37,0.5,0.95,5.81,-2.78,-1.1,0.11,-1.85,7,1.7,2.85,1,,-2.2,-2.69,0.57,-3.13,-1.08,-1,-2.56,-0.5,-0.26,-8,-3.31,-2.99,,2,1,0,-7.4,-3.72,1,-5,12.3,0.83,-1,1.86,2.87,21,35,15,14,56
Wake Forest,Maryland,-8,-5.05,-4.78,-4.06,-7.8,-6.54,,-9.96,-5.43,-10,-23.7,-7,-8.67,-6,-4.65,-5.81,-5.11,-13.25,-7.66,-7.92,-5,-10.32,-4.52,-11,,-2.71,-13.16,-4.69,-3.88,-5.26,-5.4,-7.23,-12,-6.16,-2,-6.76,-7.84,,-9,-7,-15,-20.3,-10.45,-9,-9,-2,-5.52,-5,-3.47,3.98,41,28,15,-13,69
West Va.,Temple,21.5,24.39,24.83,21.06,26.36,30.07,,24,27.4,35,32.4,26,24.9,25.5,21.56,22.85,20.26,22.81,25.77,20.72,19,25.3,20.15,28,,33.3,35.45,20.76,15.9,27.32,30.27,29.81,27,26.9,25,29.21,26.26,,24,21,26,66.1,27.32,23,25,18.8,24.12,25,22.61,3.96,28,45,15,17,73
Wyoming,UNLV,1,1.06,-2.5,1.39,-0.54,-1.67,,-0.92,-0.56,1,-2.8,-0.25,0.35,-0.5,2.61,2.97,-1.55,-1.22,-0.06,4.94,3,0.6,0.72,3,,-6.89,0.98,1.15,-0.27,-1.11,-0.62,-3.25,0.6,-1.59,6,-3.08,-3.71,,2,1,2,8.2,-2.13,-3,1,1.7,1.73,2,-3.78,2.55,35,24,15,-11,59
Bowling Green,Miami (Ohio),-6.5,-3.87,-3.45,-3.7,-8.6,-3.56,6.91,-5.79,1.11,-9,-13.5,-3,-0.77,-2.5,-7.59,3.15,-6.15,-0.58,-3.91,-5.38,-2,-9.55,-4.89,-7,,2.26,2.26,-6.75,-0.45,1.04,-2.59,-3.11,-5.4,2.37,-9,-3,2.26,,-6,-7,-7,-12.4,-1.59,-9,-11,-10.8,-10.41,-1,-4.85,4.45,49,27,16,-22,76
Hawaii,Boise St.,-10,-10.22,-9.13,-8.72,-11.47,-8.85,-8,-8.83,-6.6,-14,-24.7,-15,-1.15,-9.5,-13.76,3.88,-10.02,-12.64,-9.97,-8.83,-9,-17.15,-9.79,-7,,-5.55,-2.62,-10.62,-7.44,-6.52,-9.64,-8.68,-15,-6.35,-13,-5.48,-5.9,,-16,-10,-11,-25.7,-12.27,-12,-19,2.6,-14.3,-7,7.2,5.60,45,28,16,-17,73
LSU,Georgia,3,2.75,3.23,2.61,3.42,3.42,-3.04,4.36,1.16,5,15,2,6.02,1.5,4.65,3.3,1.66,2.87,3.53,1.92,7,10.2,1.33,6,,3.86,0.86,3.68,0.4,3.48,3.84,2.28,5.2,0.64,6,2.87,2.16,,6,2.5,4,18.2,1.27,3,7,3.7,4.55,4,5.1,2.85,13,34,16,21,47
Navy,Army,22,26.22,22.7,23.17,29.27,29.27,27.98,22.59,29.81,37,24.3,28,21.19,23.5,22.99,20.94,29.79,32.41,23.58,24.36,19,24.1,22.39,24,,27.63,27.92,24.22,16.36,25.09,28.42,24.44,27.7,28.47,18,22.31,27.41,,21,23,22,39.3,19.28,9,28,13.6,27.69,22,19.84,4.67,6,34,16,28,40
Oklahoma,Kansas St.,14,14.18,12.06,11.85,16.53,16.53,16.08,8.98,15.75,11,25.2,21,17.18,21,12.07,16.65,10.21,9.77,13.37,11.32,12,16.7,8.48,10,,27.56,8.25,-2.66,12.73,15.51,21.77,13.77,21.5,16.1,10,11.93,12.56,,9,13.5,13,24,4.72,19,14,15.8,14.82,10,-7.19,6.39,35,7,16,-28,42
Syracuse,Notre Dame,-2,-3.79,-6.81,-2.2,1.97,5.1,-13.18,-3.28,-6.48,3,-5.1,-1,-0.43,0,-1.16,-0.75,1.02,-1.96,-2.01,-3.26,2,-5.95,2.09,-5,,-0.33,-12.13,-0.99,1.85,-6.27,-6.06,-3.13,-1.7,-1.71,10,-4.7,-4.02,,2,-2,-5,-23.4,-5.58,-2,3,1.4,-0.28,2,-0.16,4.29,12,38,16,26,50
USC,Oregon St.,21,16.72,19.03,20.05,26.78,26.79,19.55,21.44,15.91,24,20.4,24,20.14,20,17.63,15.38,19.89,23.84,19.43,18.34,17,20.45,16.23,20,,19.61,20.21,18.38,14.77,16.81,19.86,19.75,23.3,15.21,21,18.22,18.7,,19,21,18,36.7,17.05,18,17,12.8,19.49,17,16.36,2.79,28,52,16,24,80
Arkansas,Missouri,2.5,3.19,1.16,5.23,4.17,4.17,9.56,-1.37,1.97,4,4.5,5,0.06,4.5,4.62,1.37,4.39,5.71,3.41,2.74,11,1.1,1.71,-2,,1.3,6.14,4.1,1.97,2.91,4.03,4.53,1.6,2.95,-1,4.41,3.14,,-2,2.5,0,6.3,4.11,4,4,8.9,4.92,1,12.89,3.06,14,27,20,13,41
Auburn,Wisconsin,3,3.14,0.32,1.81,5.1,5.1,5.2,-3.09,2.1,1,-4.9,2,-0.9,0.5,4.43,0.83,5.96,8.51,2.3,1.72,16,3.9,0.66,,,1.67,4.42,2.28,-0.41,1.39,1.41,-0.6,0.1,1.87,4,-1.55,-0.36,,4,2.5,2,2.7,0.77,1,3,11.4,6.21,1,0.09,3.40,14,28,20,14,42
Bowling Green,Northwestern,7,7.02,2.02,3.12,9.79,9.79,25.39,-0.32,9.46,11,-0.6,9,6.28,10.5,5.32,8.44,4.61,14.78,6.95,2.47,8,3.8,7.42,3,,7.01,1.58,4.52,3.67,7.28,6.23,7.78,3.8,10.77,5,5.58,9.07,,10,8,1,8,10.53,1,14,-4.4,4.82,11,3.73,4.77,24,28,20,4,52
Colorado St.,Boston College,3.5,3.03,3.27,2.06,0.49,0.49,5.88,-7.49,3.15,1,-3.9,1,-2.34,2,2.89,-2.85,-0.28,-1.65,0.06,-0.52,-1,-2.8,5.86,-2,,-4.58,-5.94,1.65,0.63,2,1.7,0.43,-5.7,2.21,-1,0.31,0.41,,-1,,-5,-5.7,1.48,-1,5,-8.1,1.95,6,-2.84,3.26,35,21,20,-14,56
Florida,Iowa,3.5,-0.62,-3.8,-0.38,-1.63,-1.63,4.01,-4.54,-1.97,-2,-5.9,-1,-0.44,0,0.73,1.36,-0.48,3.67,-0.27,-0.84,11,-1.2,0.66,6,,0.7,1.32,1.16,-0.85,-1.36,-1.71,-3.07,-1.1,-1.94,-2,-3.1,-2.17,,1,3,-2,6.8,-1.67,-4,3,8.1,1.07,-1,4.83,3.05,37,17,20,-20,54
Georgia,Purdue,3,3.97,0.69,6.53,1.69,1.69,13.4,4.67,2.55,7,13.1,4,1.24,5.5,5.36,2.94,11.36,6.23,5.05,6.92,16,8,8.73,2,,1.92,3.3,5.53,3.05,1.8,4.5,2.59,4.4,3.27,7,0.77,2.33,,5,3,1,-1,2.77,1,5,5.9,8.5,1,11.72,3.81,27,34,20,7,61
Georgia Tech,Tulsa,8,5.11,4.35,4.59,-1.5,-1.5,-5.09,10.57,3.68,1,0.6,3,1.98,0.5,6.46,3.28,14.52,9.74,3.87,2.73,12,5.9,7.94,-3,,0.27,0.13,5.54,4,4.87,6.54,2.53,6.2,0.56,7,2.4,0.5,,7,8,9,-9.4,3.25,10,-6,12.3,8.04,3,1.06,4.44,10,52,20,42,62
Hawaii,Houston,10.5,7.6,4.03,6.99,11.64,8.24,5.81,5.56,6.35,9,9.3,7,11.33,8,8.75,11.97,12.1,9.24,6.93,6.24,1,10.35,10.37,7,,6.16,6.62,6.74,3.72,5.01,5.75,3.84,6.6,5.37,6,2.03,3.82,,9,10,6,3,5.48,8,9,15.6,8.17,6,-3.41,3.00,48,54,20,6,102
Kansas St.,Ohio St.,7,3.53,2.61,8.44,3.98,3.98,-3.02,10.95,-2.44,8,17.4,1,1.1,1,9.57,-0.35,12.64,19.23,5.73,10.32,12,15.3,8.87,9,,-4.67,0.46,8.2,5.58,-3.57,1.78,-1.62,8.6,-1.82,9,-3.72,-3.98,,16,6,10,-2.2,0.06,2,14,14.8,13.23,4,13.84,6.67,35,28,20,-7,63
Maryland,West Va.,3.5,4.74,4.23,2.65,1.62,1.62,9.92,-1.98,5.59,4,-13,5,0.74,4.5,3.77,-0.17,1.52,8.36,2.41,0.36,6,-0.8,3.37,4,,-3.8,3.56,3.6,1.24,5.45,4.19,3.64,-2.9,5.37,-2,3.41,5.12,,1,3,0,-13,4.13,5,2,13.1,3.83,3,-1.74,3.82,7,41,20,34,48
Memphis,North Texas,4,-0.43,3.12,2.49,-0.88,-0.88,1.11,5.22,0.47,-5,1.5,1,-0.92,1,-1.29,-2.06,3.52,2.95,1.47,3.68,11,4.6,3.63,-3,,1.68,4.22,2.08,2.39,0.77,3.37,0.17,-2,-0.31,5,1.24,-1.87,,2,5.5,1,-11.8,0.23,-1,4,0.4,2.58,1,5.31,2.84,17,27,20,10,44
Miami (Fla.),Florida St.,-3.5,0.34,0.45,1.92,-5.27,-1.5,4.49,2.69,2.49,1,9.6,1,0.15,1.5,-2.14,0.97,1.43,-2.68,0.96,2.37,-2,2.65,-0.71,3,,6.15,2.99,-1.85,0.6,1.97,1.65,0.95,-0.8,2.41,-1,3.43,2.64,,3,-1,2,3.4,2.26,-3,-1,-9.6,-2.78,1,-2.54,2.71,14,16,20,2,30
Miami (Ohio),Louisville,13.5,18.79,12.32,12.91,16.98,16.98,25.29,13.59,18.04,20,24.9,22,15.7,19,19.51,12.39,13.75,17.92,16.55,15.13,16,21.8,15.33,10,,9.27,14.59,16.4,11.94,17.14,18.68,13.77,23.8,12.71,18,13.24,11.51,,20,13,16,13.9,15.5,15,17,17.7,20.3,11,16.28,3.83,28,49,20,21,77
Minnesota,Oregon,3.5,5.06,2.09,6.06,7.84,7.84,-0.05,-4.78,-0.73,6,-10.9,9,2.41,5,10.97,1.63,8.29,9.39,4.33,1.13,18,4.3,6.29,2,,1.82,-1.78,10.42,6.52,-0.53,4.16,2.89,-2.9,0.1,3,-0.08,-0.14,,4,2,-1,-12.7,3.55,4,18,16.8,15.53,7,12.69,5.82,30,31,20,1,61
Mississippi,Oklahoma St.,2,0.27,-1.57,0.65,2.9,2.9,2.05,4.21,-1.45,4,17.8,4,1.24,3.5,2.12,-1.18,6.71,3.32,2.77,4.45,9,8.9,5.04,3,,1.8,-0.33,1.02,0.86,-1.74,-1.75,1.27,8.2,-0.66,4,-0.62,-0.51,,2,2.5,5,3.1,0.79,5,2,10.7,2.71,1,2.37,3.67,28,31,20,3,59
NC St.,Kansas,11,6.03,4.36,6.84,7.3,7.3,15.61,17.75,4.38,12,21.2,10,7.34,9.5,7.66,4.48,15.06,12.36,10.24,10.82,13,15.6,9.61,10,,10.37,10.63,9,3.29,5.65,6.76,7.83,15.2,4.84,14,4.88,7.03,,16,10.5,14,9.6,11.08,19,8,18.7,11.47,6,9.97,4.29,26,56,20,30,82
Nebraska,Michigan St.,3,2.85,2.68,2.94,6.77,6.77,3.75,0.32,3.74,2,-3.2,4,-0.21,4,1.98,-0.75,4.89,9.2,2.97,0.43,6,0,1.96,2,,0.87,6.2,2.98,1.56,4.23,3.28,2.48,0.2,4.01,1,4.26,4.44,,4,2.5,1,2.8,4.01,4,4,3.7,3.46,3,2.17,2.32,3,17,20,14,20
Oklahoma,LSU,6,1.64,3.23,-0.52,3.84,3.84,10.92,-1.31,0.01,-1,-2.6,0.25,4.48,0.5,4.19,6.41,2.35,8.12,1.35,-4.73,-13,0.3,-2.07,-6,,3.04,-1.52,1.71,-1.82,-0.63,0.2,3.37,3.1,1.07,-3,0.39,1.93,,5,5.5,3,-2.4,0.34,12,4,0.7,4.79,1,-3.2,4.35,21,14,20,-7,35
Oregon St.,New Mexico,2.5,-1.57,-1.57,-1.09,-4.24,-4.24,0.86,3.04,-0.6,-3,9.6,-3,-0.38,-2,-2.62,0.1,2.1,0.93,-0.5,-3.12,-6,2.2,-1.72,-3,,2.87,1.25,-1.04,-2.4,-0.9,-1,-1.94,-1.4,-0.75,3,-1.16,-1.22,,5,4,2,-0.4,-2.01,2,-2,-11,-1.56,1,-3.49,2.82,14,55,20,41,69
TCU,Boise St.,-10.5,-6.81,-3.85,-7.39,-10.26,-4.5,4.2,-7.46,1.46,-8,-18.1,-2,-0.38,0.5,-13.34,2.75,-5.7,-15.9,-5.91,-8.16,-6,-17.65,-5.33,-10,,3.81,2.06,-10.15,-5.67,3.27,-3.83,0.98,-15.6,3.21,-14,7.77,5.24,,-13,-8.5,-8,0.1,-1.33,-15,-18,5.6,-11.23,-7,-9.43,7.12,34,31,20,-3,65
Tennessee,Clemson,5.5,5.27,5,4.82,4.94,4.94,10.46,1.55,7.34,6,-1.4,7,4.76,8,3.32,5.94,1.54,5.24,5.16,1.22,7,3.83,4.92,4,,7.78,7.46,7.66,1.33,7.13,5.99,7.67,3.9,7.67,3,9.37,7.73,,5,6,2,1.5,6.1,5,3,-6.3,0.54,4,5.03,2.48,27,14,20,-13,41
Texas,Washington St.,9,7.93,6.1,5.25,5.65,5.65,12.16,10.72,4.44,13,24.8,9,7.2,7,11.85,4.42,7.78,8.5,9.2,7.32,22,13.4,3.55,10,,4.11,9.7,9.06,4.56,6.77,8.64,7.2,11.8,4.11,10,5.11,4.1,,13,7,12,10.9,4.96,13,13,6.5,13.85,6,13.26,4.56,28,20,20,-8,48
Texas Tech,Navy,13,9.38,7.9,7.32,0.38,0.38,16.58,11.57,8.56,4,22.9,9,8.3,7,10.27,7.09,4.35,5.09,8.38,3.31,12,15.4,5.69,3,,6.88,-0.53,7.07,3.8,9.65,11.36,7.1,14.5,6.38,14,8.98,3.24,,12,13.5,11,3.4,9.43,25,1,21.2,8.15,7,2,5.45,14,38,20,24,52
UCLA,Fresno St.,3,1.71,3.39,2.45,1.41,1.41,-8.43,9.65,0.77,-1,4.2,0.25,2.42,-1.5,2.51,2.16,7.79,7.08,2.14,1.17,3,8.5,2.98,-2,,1.27,-1.52,0.88,2.23,2.07,3.39,0.77,8.3,-1.77,10,2.4,-0.2,,5,4,7,-3.7,0.99,1,-3,14.4,3.47,1,-3.3,3.72,17,9,20,-8,26
USC,Michigan,6.5,1.23,3.26,4.87,9.86,9.86,-2.06,7.62,0.73,8,8.9,7,3.05,7.5,1.82,2.01,9.86,9.83,3.67,1.71,-6,5.3,-0.29,4,,4.26,0.99,3.52,3.81,0.47,2.8,1.95,3.8,0.88,6,1.55,2.95,,4,6.5,4,0.1,0.93,4,4,4,0.19,1,4.96,3.47,14,28,20,14,42
Utah,Southern Miss.,2,6.3,5.48,5.39,5.95,5.95,0.2,-1.88,5.34,5,-7.6,2,1.37,1.5,7.14,1.64,6.56,3.98,2.59,1.18,-1,0.7,8.82,-2,,0.18,-0.46,4.43,3.03,5.03,6.07,4.04,-0.1,3.39,3,3.41,3.7,,-1,2,-2,-1.2,4.28,-1,2,15.8,5.08,3,1.13,3.25,0,17,20,17,17
Virginia,Pittsburgh,2.5,1.24,0.86,2.06,0.95,0.95,-2.7,3.31,-0.87,1,-1.5,1,0.91,-0.5,3.68,0.09,1.19,7.6,1.23,2.8,7,3.9,4.16,2,,-1.61,-0.99,2.62,0.08,-0.43,0.92,-0.83,4.2,-1.58,2,-3.1,-2.31,,4,2.5,1,-4.5,-0.83,2,2,9.1,4.36,-2,1.88,2.45,16,23,20,7,39
Virginia Tech,California,2.5,-0.27,-1.64,-0.86,-0.85,-0.85,1.05,-5.63,-1.21,-1,-18.3,2,-0.92,0.5,0.9,0.16,1.33,-1.78,-0.78,-3.18,8,-2.5,-1.95,-7,,0.48,-4.69,1.26,0.91,-1.1,0.13,1.14,-5.8,0.28,-3,0.54,1.51,,0,2,-3,0.3,1.19,5,3,11.8,2.61,4,-1.67,3.99,52,49,20,-3,101
