Home,Road,line,linesag,linescrp,linemass,linepfz2,linepfz,lineperry,linemore,linesage,linemars,lineray,lineargh,linecpa,linehow,linesagp,linecpa2,lineed,linebass,lineavg,lineelo,linetsr,lineborn,lineswt,linebmc,linebill,linenyt,linebihl,linemont,linem2,lineroth,linegupt,linedunk,linewolf,lineharm,linesea,linecoll,lineray2,linefox,lineopen,linepig,linetsr2,linecons,vscore,date,hscore,week
Air Force,BYU,4.5,14.64,19.75,10.6,18.79,17.09,,9.3,26.38,26,19.5,19,23.11,12,11.65,13.46,10,10.9,15.85,17.8,19,16.7,15.98,15,5.65,,,16.94,,21.77,25,18.3,,5,,,,2,4,10,,,9,12/10/02,52,8
Air Force,Colorado St.,-1,2.01,-0.02,0.44,2.88,5.48,,1.22,-1.55,5,1.2,5,5.71,1,5.58,3.5,4,-3.58,2.7,-0.05,9,7.2,6.42,2,2.9,-5.06,0.38,-2.1,-2.09,-1.25,-3,7.1,9,18,,6.52,-1.7,1,,0,-13,,31,31/10/02,12,11
Air Force,Navy,23,30.45,30.41,21.49,31.83,36.17,,23.79,32.74,52,30.2,33,31.69,31.5,28.85,21.48,24,32.36,31.36,31.62,36,43.7,23.64,18,30.41,,,25.43,,,45.5,37.6,,19,,,,27,24,31,,,7,05/10/02,48,7
Air Force,New Mexico,6.5,17.92,18.01,7.96,3.59,2.84,4.33,-6.83,15.05,27,9.4,4,19.49,10.5,21.32,8.34,11,16.67,8.47,4.58,26,12.4,1.35,-11,2.36,,,,,,8,14.4,,-6,,,,0,6.5,-3,,,31,07/09/02,38,3
Air Force,Northwestern,0,2.42,2.26,-0.38,0.75,1.59,9.97,-9.72,2.42,1,5,-2,3.4,7.5,2.42,5.71,-0.45,1.34,0.14,-2.43,-11,-0.7,-5.71,4,,,,,,,,,,-2,,,,-5,1.5,-2,,,3,31/08/02,52,2
Air Force,Notre Dame,3,2.36,0.04,0.62,-1.25,1.29,,-6.85,1.5,12,-3.1,-3,0.16,-2,5,-1.73,1,3.81,-0.15,5.21,-5,1.8,0.69,-3,-3.37,-6.77,5.93,2.54,-5.62,-1.28,-3.5,4.9,,-2,,-3.62,,-1,1.5,-1,,,21,19/10/02,14,9
Air Force,San Diego St.,17,16.73,18.58,13.49,18.5,20.32,,16.04,16.64,31,20.3,23,13.6,21.5,16.82,16.61,17,18.32,18.88,12.18,16,20.3,17.92,23,18.18,17.62,17.8,9.9,17.15,18.96,23,25.4,19.41,17,21.59,21.72,22.6,17,16,17,20,22.1,38,23/11/02,34,14
Akron,Buffalo,15.5,12.52,9.49,9.49,14.77,10.72,,9.95,13.29,12,11.3,20,10.38,19.5,11.96,9.47,18,18.75,12.98,12.14,7,16.3,17.08,17,18.17,13.39,11.64,9.04,12,12.65,19,15,11.03,9,11.52,8.19,9.8,19,13,14,7,7.22,10,16/11/02,21,13
Akron,Central Mich.,-2,1.8,-9.47,5.42,5.65,3.12,-13.98,-1.59,3.99,-7,-7.8,-2,-9.43,1.5,-0.32,4.59,15,0.63,-1.9,-0.57,-9,-4.5,-4.12,-11,5.22,,,,,,2,-6,,7,,,,0,-2,1,,,24,14/09/02,17,4
Akron,Marshall,-18.5,-19.11,-19.66,-17.43,-19.98,-18.79,,-20.53,-24.29,-29,-19.9,-21,-22.73,-17,-13.25,-23.97,-27,-23.03,-20.25,-16.58,-17,-19.3,-10.7,-16,-26.17,-10.43,-16.23,-19.31,-24.49,-30.75,-26,-19.8,-20.2,-23,,-23.31,-24.7,-15,,-28,-43,,20,02/11/02,34,11
Akron,Miami (Ohio),-10,-10.16,-12.17,-9.57,-14.11,-14.78,,-14.68,-13.1,-20,-7.4,-10,-10.63,-10.5,-7.27,-10.95,-7,,-11.27,-13.78,-2,-10,-6.99,-9,-9.23,,,-4.97,,,-18.5,-12,,-20,,,,-10,-10.5,-11,,,48,28/09/02,31,6
Alabama,Auburn,10.5,10.59,11.45,10.6,16.96,14.38,,16.28,12.79,20,11.9,14,9.25,15,8.24,6.89,9,10.28,13.03,14.03,6,14.7,14.99,14,13.72,14.39,11.33,9.68,12.94,13.71,19.5,11,11.57,12,13.03,13.84,14.7,15,9.5,12,10,12.15,17,23/11/02,7,14
Alabama,Georgia,3.5,1.77,-3.43,1,0.1,3.1,,6.71,-1.95,6,-1.2,2,7.02,2,4.37,0.55,1,5.19,3.58,6.02,13,10.2,4.19,3,1.22,,,2.94,,,0,8.7,,6,,,,2,4,3,,,27,05/10/02,25,7
Alabama,Middle Tenn.,19,21.33,10.73,24.25,11.63,8.42,-5.45,20.93,21.33,5,19,20,14.2,15.5,21.33,14.74,1.59,15.18,16.63,13.77,23,21.5,29.93,14,,,,,,,,,,19,,,,22,18.5,16,,,34,31/08/02,39,2
Alabama,Mississippi,11,8.62,6.97,9.28,14,10.76,,12.19,8.18,14,8.1,10,7.37,7,10.17,5.17,8,13.91,10.14,11.13,10,17.9,14.68,4,0.58,2.37,15.34,6.9,6.14,8.18,15,13.6,,21,,2.92,,15,10,9,,,7,19/10/02,42,9
Alabama,Mississippi St.,21.5,22.04,26.87,28.18,36.13,33.45,,28.5,25.27,45,26.1,24,24.23,23.5,21.7,15.84,23,28.49,28.02,28.63,26,31.1,35.82,23,20.3,24.94,29.35,22.59,27.52,36.25,34,28.3,23.63,31,25.49,28.19,29.3,25,22,26,22,30.77,14,09/11/02,28,12
Alabama,North Texas,21,20.78,16.34,25.18,18.4,15.21,14.53,21.44,20.66,15,24.1,16,15.3,16,20.9,18.2,20,14.53,16.84,13.27,-18,20.4,31.85,9,2.18,,,,,,15.5,19.3,,22,,,,25,20,23,,,7,14/09/02,33,4
Alabama,Southern Miss.,7,5.38,4.12,6.52,3.3,2.85,2.9,5.68,5.73,19,-1.4,5,10.79,1,5.02,10.52,5,-4.4,4.45,7.33,-22,7.6,7.05,3,4.89,,,26.35,,,-5,8.5,,4,,,,1,9,6,,,7,21/09/02,20,5
Arizona,Arizona St.,-6.5,-5.07,-3.52,-4.3,-11.56,-8.07,-10.1,-1.88,-4.08,-10,-5.8,-5,-0.6,-8,-6.12,-0.92,-8,-5.62,-5.47,-0.41,-8,-2.8,-8.13,-8,0.27,-5.67,,-3.04,-4.65,-4.98,-6,-3.6,-4.84,-11,-6.02,-7.54,-8.6,-3,-6.5,1,-4,-6.73,34,29/11/02,20,15
Arizona,North Texas,14.5,15.9,15.97,17.37,10.99,15.82,,14.68,18.15,16,23.2,12,16.95,14.5,13.71,21.94,12,,15.36,13.5,14,14.3,22.34,11,20.62,,,11.48,,,17.5,13.1,,14,,,,12,14,15,,,9,28/09/02,14,6
Arizona,Oregon,-8,-3.12,-3.84,-8.44,-13.51,-5.09,,-15.9,-0.02,-7,-9.4,-3,-4.43,-9,-5.9,-3.24,-13,-17.45,-7.26,-0.95,-5,-13.5,-3.72,-11,-10.84,,,1.87,,,2.5,-17,,-3,,,,-13,-7.5,-9,,,31,05/10/02,14,7
Arizona,UCLA,-11,-10.09,-13.51,-13.12,-24.73,-17.59,,-11.92,-10.62,-21,-14.1,-11,-7.33,-12.5,-10.43,-3.38,-15,-15.54,-13.71,-10.06,-13,-12.9,-15.72,-12,-7.06,-20.74,-13.23,-9.44,-13.5,-15.47,-19.5,-10.8,-12.36,-11,-16.18,-17.06,-17.3,-11,-12.5,-11,-15,-17.01,37,09/11/02,7,12
Arizona,Utah,-3,-0.98,-2.09,-5.03,-10.23,-0.26,-10.26,-5.34,-2.64,-20,-7,1,-2.09,-2,0.76,-1.3,-12,-11.86,-3.84,-5.89,7,-5,0.1,-1,3.88,,,,,,-5.5,-2.3,,-3,,,,-5,-3,-5,,,17,14/09/02,23,4
Arizona,Washington St.,-11.5,-10.4,-16.49,-16.16,-26.32,-14.53,,-12.41,-18.93,-26,-15.8,-12,-16.74,-11,-7.24,-5.35,,-13.19,-16.42,-17.19,-17,-11.9,-18.28,-14,-9.89,-23.87,-18.6,-15.4,-19.88,-25.24,-26.5,-18.1,-18.84,-7,,-16.87,-23,-12,-11,-11,,,21,26/10/02,13,10
Arizona St.,California,4.5,5,1.79,0.11,-0.09,3.12,,4.28,4.59,3,5.8,3,7.55,5,2.61,9.5,4,7.77,3.83,2.36,-6,7,-1.49,8,8.93,7.43,-0.02,-0.89,3.35,2.34,2.5,7.1,5.01,8,2.77,4.46,3.5,8,5.5,4,8,4.05,55,09/11/02,38,12
Arizona St.,Central Florida,3,5.66,0.47,2.46,3.64,2.8,0.37,1.2,8.45,-11,8.7,7,2.17,6,2.78,8.2,1,4.48,1.66,2.31,-2,-0.3,-5.07,4,-4.26,,,,,,4,-4.7,,3,,,,1,5,0,,,13,07/09/02,46,3
Arizona St.,North Carolina,8.5,11.26,12.5,7.67,25.41,26.83,,10.4,11.65,25,11.2,16,15.24,12,10.85,7.35,6,16.33,13.78,13.53,9,21.9,-2.03,16,6.66,,,7.79,,,20.5,17.6,,11,,,,14,10,10,,,38,05/10/02,35,7
Arizona St.,Oregon St.,-3.5,-0.92,-7.1,0.68,-1.5,-2.95,,0.55,-7.8,-6,-5.2,-3,-5.44,0.5,-1.6,-3.52,1,5.89,-3.07,-0.47,-19,3.8,-1.87,-2,-0.83,,,-3.34,,-7.32,-5.5,5.4,,-11,,,,-4,-2.5,-3,,,9,12/10/02,13,8
Arizona St.,Stanford,1,1.28,-7.58,-3.61,0.92,0.78,,1.14,2.05,-6,-5.5,6,5.72,2.5,0.35,2.96,-5,2.68,0.3,6.18,1,6.7,-1.86,-2,-9.36,,,-5.29,,,-6.5,6.1,,9,,,,5,1,-2,,,24,28/09/02,65,6
Arizona St.,Washington,3.5,8.29,6.29,6.77,14.68,12.2,,9.76,6.29,14,7.8,10,10.63,9,8.05,5.68,6,12.99,8.6,8.59,1,17.7,-0.45,16,0.12,11.21,8.09,1.88,5.88,5.35,9.5,13.7,6.74,12,,0.74,11.9,11,3,6,,,16,26/10/02,27,10
Arkansas,Alabama,5,6.84,13.41,4.21,16.6,16.49,,6.18,5.51,16,11.8,4,19.41,3.5,8.3,4.32,5,4.48,10.34,15.54,14,10.8,8.02,3,4.66,,,38.8,,,5.5,8.8,,11,,,,8,5,4,,,30,28/09/02,12,6
Arkansas,Boise St.,7.5,10.51,2.83,11.46,-1.26,0.88,-20.96,6.67,9.81,9,4.1,7,7.11,5,11.21,7.2,11,8.23,5.29,8.66,5,8.7,-7.17,17,3.28,,,,,,4.5,10.1,,5,,,,5,8.5,6,,,14,07/09/02,41,3
Arkansas,Kentucky,10,8.78,8.17,10.8,11.24,11.3,,8.73,4.25,18,6.9,12,11.86,8.5,12.28,9.11,15,17.39,9.63,6.27,11,8.6,12.88,5,6.04,12.45,12.8,2.56,5.59,7.75,12,8.4,,8,,4.96,,11,8.5,13,,,29,19/10/02,17,9
Arkansas,LSU,4.5,4.81,5.54,6.24,7.9,10.58,10.68,3.74,3.14,7,-0.2,5,4.15,5.5,6.34,2.6,3,4.68,5.01,7.04,1,2.3,10.86,3,4.19,9.14,,4.59,3.66,5.89,9,-0.7,3.21,4,4.48,2.99,2.7,4,4,4,2,5,20,29/11/02,21,15
Arkansas,Louisiana-Lafaye,34,30,28.68,32.81,44.18,40.13,,40.16,25.51,49,33.9,27,24.36,24.5,35.06,23.95,38,51.88,33.21,27.25,31,41.8,42.39,21,24.95,35.31,32.65,20.65,28.38,35.42,34,35.1,30.29,39,29.9,26.95,30.8,37,34,36,27,35.51,17,16/11/02,24,13
Arkansas,Minnesota,8.5,9.97,8.84,8.84,15.02,15.02,23.12,9.86,9.57,13,7.9,10,7.17,10,10.37,8.84,,11.76,11.26,8.9,13,9.5,12.57,13,21.38,17.69,10.6,7.8,9.5,10.7,11.5,8.9,8.26,10,9.07,9.15,11.6,6,8.5,12,9,13.81,29,17/12/02,14,18
Arkansas,Mississippi,8,8.77,7.56,10.99,15.85,12.75,,12.39,2.36,16,7.5,12,2.62,6,15.29,-1.7,13,17.21,9,5.97,12,17.6,16.42,1,0.97,5.29,11.35,5.23,4.01,6.28,11.5,8.5,1.1,11,,0.92,10.5,14,8.5,6,,,28,26/10/02,48,10
Arkansas,South Florida,13,16.9,15.37,16.08,6.14,8.08,-3.48,20.58,15.65,7,19.8,7,5.16,10,18.12,8.31,13,4.06,9.39,7.28,-2,12.5,-0.27,5,4.28,,,,,,3.5,11.5,,12,,,,10,11.5,14,,,3,14/09/02,42,4
Arkansas,Troy St.,24,28.01,32.34,27.05,28.64,29.41,,27.82,31.62,37,33.8,22,24.69,17.5,28.04,24.45,26,24.38,28.18,20.5,28,36.7,35.53,18,17.07,32.68,30.58,21.38,35.47,41.95,27.5,27.9,30.9,37,,30.29,36.6,15,,23,23,,0,02/11/02,23,11
Arkansas St.,Middle Tenn.,-20.5,1.68,2.38,-5.7,8.34,8.79,,-20.63,15.48,-22,-13.3,4,-7.71,3,-11.78,-7.54,-22,-15.49,-7.49,-0.59,-38,-14.6,-14.98,4,-12.18,,,6.45,,,-1.5,-7.4,,-27,,,,-16,-20.5,-20,,,7,05/10/02,13,7
Arkansas St.,New Mexico St.,-7,-9.67,-11.05,-9.4,-5.41,-7.75,,-6.73,-9.43,-11,-9.3,-8,-8.97,-4,-11.53,-6.99,-8,-6.6,-9.06,-6.37,-26,-6,-9.33,-4,-2.75,-8.11,-14.55,-6.34,-11.95,-13.69,-12,-9.1,-8.6,-16,,-4.26,-11.2,-4,-6.5,-6,,,26,26/10/02,21,10
Arkansas St.,North Texas,-9,-2.98,-3.5,-8.01,2.06,1.56,,-10.92,5.85,-10,1.3,2,-6.25,6,-11.75,-2.42,-9,-13.45,-4.28,-9.25,-27,-10.9,1.43,11,4.83,5.25,-15.24,-4.64,5.9,-2.24,-3,-12.9,,-20,,14.1,,-12,-8,-10,,,13,19/10/02,10,9
Arkansas St.,San Jose St.,,2.35,0.46,-9.51,-5.08,-4.59,4.53,-9.84,8.14,-9,-13.8,6,-1.72,-11,-3,3.27,-0.8,-17.6,-7.12,-13.72,-21,-13.8,-12.47,,,,,,,,,,,-16,,,,-7,,-9,,,33,31/08/02,14,2
Arkansas St.,Tulsa,-4.5,-4.88,-4.09,2.6,6.56,3.98,6.36,-2.87,-5.46,1,-6.9,-1,-5.14,-1,-4.36,-6.4,3,-8.75,-1.11,-0.59,21,-7,-11.38,-1,-1.25,,,,,,8,-3.6,,1,,,,-5,-6,-5,,,19,07/09/02,21,3
Army,Air Force,-18,-28.91,-30.66,-26.58,-24.22,-26.47,,-19.37,-35.96,-33,-27,-33,-22.81,-33,-25.26,-31.36,-26,-21.24,-28.64,-22.12,-30,-26.4,-24.7,-22,-27.01,-31.4,-27.69,-32.01,-35.63,-49.27,-33.5,-30.3,-37.46,-41,-30.11,-27.07,-28.9,-14,-20.5,-20,-36,-24.3,49,09/11/02,30,12
Army,Louisville,-26.5,-34.08,-41.26,-28.13,-22.5,-19.02,-34.99,-28.29,-29.16,-37,-29.8,-23,-48.38,-20.5,-39.85,-29.23,-34,-38.97,-32.33,-36.39,-24,-41.6,-41.32,-18,-23.97,,,-68.05,,,-34,-43.7,,-14,,,,-25,-29,-28,,,45,21/09/02,14,5
Army,Southern Miss.,-28.5,-29.02,-33.23,-24.76,-28.1,-26.25,,-26.83,-29.52,-26,-29,-26,-37.63,-22,-28.69,-34.93,-27,-44.18,-30.25,-32.98,-26,-37.2,-31.86,-22,-25.12,,,-51.8,,,-38.5,-39.7,,-18,,,,-25,-29.5,-27,,,27,28/09/02,6,6
Army,TCU,-21,-24.97,-38.62,-30.88,-29.77,-28.22,,-22.04,-36.97,-28,-23.7,-25,-32.87,-22.5,-19.81,-29.63,-24,-24.1,-29.13,-38.85,-22,-29.5,-29.4,-22,-23.48,,,-52.89,,-51.22,-32.5,-30.3,,-28,,,,-18,-20,-21,,,46,12/10/02,27,8
Army,UAB,-8,-14.69,-15.47,-18.15,-7.25,-9.51,,-14.3,-22.44,-13,-12.8,-18,-17.82,-15.5,-9.05,-21.74,-9,-15.38,-13.96,-27.92,-9,54.5,-1.42,-13,-17.34,-11.75,-10.37,-28.98,-20.7,-41.29,-18,-18.4,-24.05,-20,,-15.52,-15.2,-8,-11,-11,,,29,26/10/02,26,10
Auburn,Arkansas,5.5,6.06,0.01,1.87,8.83,10.88,,-0.64,7.33,3,0,9,6.39,8,5.26,4.07,4,14.15,4.77,3.5,13,6.4,9.15,12,-2.58,,,-3.9,,1.06,-0.5,2.6,,-2,,,,3,5,7,,,38,12/10/02,17,8
Auburn,Georgia,-2.5,-1.47,-4.66,-2.03,-2.17,4.01,,-4.55,-6.26,-4,-6.9,-4,-3.34,-6.5,2.92,-7.51,-4,4.06,-3.43,-0.61,1,-0.2,3.32,-5,-11.47,-5.85,-0.47,-1.99,-8.12,-5.59,-7,0.4,-6.77,-2,-7.4,-9.56,-10.9,-3,-2,1,-10,-4.95,24,16/11/02,21,13
Auburn,LSU,-3.5,-7.59,-12.26,-14.71,-14.97,-8.93,,-14.11,-15.39,-20,-13,-8,-10.62,-8,-2.67,-3.84,-13,-11.65,-12.23,-16.67,-19,-11.3,-11.17,-7,-10.42,-18.95,-10.94,-19.09,-15.28,-22.52,-19.5,-16.1,-12.63,3,,-11.85,-4.4,-8,-4,-10,,,7,26/10/02,31,10
Auburn,Louisiana-Monroe,35,32.75,27.36,29.01,40.31,36.16,,41.22,25.66,47,38.4,34,25.92,29.5,36.96,22.53,41,51.84,34.4,27.24,37,52.1,46.4,27,25.2,31.38,34.89,20.15,26.05,33.23,35.5,39.8,30.52,39,31.19,25.16,28,43,36.5,41,29,34.21,14,09/11/02,52,12
Auburn,Syracuse,14,18.6,23.71,5.98,27.89,29.86,,1.18,18.73,46,12.5,18,29.69,10.5,19.07,14.61,10,3.28,20.11,23.16,44,15.6,24.96,17,-0.16,,,67.11,,,25,10.3,,9,,,,6,12,16,,,34,28/09/02,37,6
Auburn,Vanderbilt,21,15.44,17.33,12.33,23.61,22.74,25.38,22.75,9.92,28,12.7,22,23.09,15.5,21.87,16.47,17,20,20.21,13.63,34,25.2,34.93,21,2.4,,,,,,17.5,27.1,,17,,,,18,21.5,22,,,6,14/09/02,31,4
BYU,Hawaii,10.5,20.23,13.2,12.86,14.02,8.64,14.94,-6.85,21.24,23,8.1,15,11.34,15.5,19.23,8.86,23,12.52,10.91,9.73,5,7,3.02,4,8.85,,,,,,10.5,5.6,,14,,,,5,10.5,8,,,32,06/09/02,35,3
BYU,New Mexico,4.5,3.79,4.28,2.88,10.32,4.11,,0.27,4.62,1,3.9,6,5.51,4,3.03,5.64,5,3.11,3.61,2.18,2,4.5,1.79,3,4.68,3.06,2.57,1.79,4.98,4.36,3.5,2,4.32,1,4.49,5.53,5.7,4,6,0,10,3.93,20,16/11/02,16,13
BYU,San Diego St.,2.5,2.88,-1.35,-1.32,3.7,1.68,,-4.84,1.93,-2,0.7,3,-2.55,4.5,1.58,3.58,5,-3.38,0.84,-4.91,-3,-4.1,-3.4,-2,6.45,-4.99,-0.85,-2.05,0.87,-0.88,2.5,12.8,7.83,5,,8.01,0.2,5,,0,-3,,10,02/11/02,34,11
BYU,Syracuse,2,-1.27,0.99,-5.3,1.05,-1.97,28.23,-17.54,-1.27,2,-6,-1,4.4,1,-1.27,4.65,-0.19,-0.06,-2.19,-11.93,-21,-11,-12.46,3,,,,,,,,,,1,,,,0,2.5,0,,,21,29/08/02,42,2
BYU,UNLV,10,10.94,7.56,12.4,17.56,11.78,,6.58,8.33,15,6.1,12,13.7,14,10.94,8.63,10,10.89,10.49,8.89,8,5.3,11.6,10,16.65,8.7,9.76,7.14,7.68,6.93,14,5.3,,18,,8.34,,10,11.5,11,,,24,19/10/02,3,9
BYU,Wyoming,10,11.01,9.64,7.47,16.34,10.2,,6.01,10.19,14,12,13,7,12,9.63,14.13,16,7.7,9.58,2.3,2,5.1,5.41,11,15.53,11.93,7.41,4.24,10.44,10.8,10,4.9,11.47,12,12.24,14.54,13.8,8,9.5,3,6,12.86,31,09/11/02,35,12
Ball St.,Buffalo,16.5,20.85,20.72,15.17,18.96,14.08,,20.96,26.49,27,20.6,22,20.83,25,15.56,20.11,17,15.56,20.66,20.39,12,22.8,14.88,19,26.37,17.75,18.39,13.24,25.92,25.34,26.5,25.8,25.13,13,22.91,22.59,24.4,20,16,24,14,18.82,21,23/11/02,41,14
Ball St.,Eastern Mich.,15,12.08,7.58,10.91,12.77,6.78,,18.51,8.34,19,11.4,12,18.79,7,16.18,16.48,20,13.98,12.14,12.49,7,17.8,21.77,2,12.53,-3.07,23.04,7.8,4.92,12.08,8.5,16.2,,21,,6.83,,13,15.5,17,,,17,19/10/02,42,9
Ball St.,Northern Ill.,-2.5,2.54,-0.73,-6.9,2.52,-0.32,,-5.49,4.79,5,-1.8,4,-5.39,0,0.41,3.4,-2,-5.78,-2.34,-4.03,-11,-5,-6.69,5,0.76,,,-9.61,,,1,-4,,-13,,,,-8,-4,1,,,41,05/10/02,29,7
Ball St.,Western Mich.,-4,0.56,-0.35,-7.9,-2.24,-1.26,,-4.02,9.03,-3,-0.5,2,-2.21,2.5,-5.18,4.3,-5,-1.99,-1.16,-4.83,-12,-7.1,-5.13,5,5.75,1.99,-2.02,-7.06,6.42,-1.42,5,-4.2,8.73,-9,,6.23,4.9,-5,,-4,6,,7,02/11/02,17,11
Baylor,Kansas,4,-2.64,-1.84,-2.79,1.32,5.69,,-1.37,-2.32,-7,-2.8,6,1.41,1,-2.99,-0.93,-5,-0.42,-1.08,-1.76,-25,0.8,2.11,5,2.98,,,-1.56,,,2.5,-4.5,,-2,,,,1,3,1,,,32,05/10/02,35,7
Baylor,Kansas St.,-31.5,-22.15,-22.08,-30.03,-34.21,-29,,-33.27,-13.12,-44,-25.7,-19,-19.88,-16,-31.62,-15.84,-41,-46.95,-27.99,-24.19,-55,-40.1,-49.53,-15,-18.58,-11.88,-32.97,-22.3,-16.4,-32.89,-30,-35.9,-13.2,-37,,-13.82,-18.9,-39,-28.5,-30,,,44,26/10/02,10,10
Baylor,Oklahoma,-35.5,-30.65,-27.81,-36.58,-46.54,-37.5,,-40.7,-26.34,-54,-36.2,-30,-26.95,-28.5,-34.93,-21.75,-47,-47.82,-36.35,-32.59,-53,-43.3,-54.63,-34,-37.83,-27,-35.25,-25.6,-28.98,-42.39,-43.5,-40.5,-27.2,-41,-27.02,-28.64,-31.4,-40,-36,-39,-36,-34.9,49,16/11/02,9,13
Baylor,Texas A&M,-20,-15.11,-16.97,-22.73,-19.37,-16.19,,-28.46,-7.97,-29,-19.3,-12,-17.23,-11,-18.46,-14.64,-26,-21.33,-20.27,-21.26,-36,-28,-30.43,-8,-13.63,,,-20.91,,-20.71,-19,-27.3,,-24,,,,-22,-18,-21,,,41,12/10/02,0,8
Baylor,Tulsa,11.5,5.95,6.32,12.69,8.43,9.35,21.09,8.8,4.85,13,6.4,12,15.62,12,7.06,20.48,8,12.32,12,12.74,32,17.4,7.12,15,10.38,,,2.45,,,14,11.9,,20,,,,11,11,14,,,25,21/09/02,37,5
Boise St.,Fresno St.,7.5,4.65,5.41,8.41,16.7,9.72,,6.69,3.62,15,4.3,12,7.51,6.5,7.04,5.36,9,9.91,7.36,7,2,10.6,3.22,4,8.57,1,10.54,5.71,5.21,6.53,7,11,,5,,7.28,,10,7.5,6,,,21,18/10/02,67,9
Boise St.,Hawaii,4,5.49,5.64,1.48,12.58,6.46,,-2.22,7.63,1,6.5,12,3.1,8,3.17,6.99,7,-0.45,2.66,1.19,4,-1.7,-4.16,2,0.75,,,-2.03,,,0.5,-2.7,,-6,,,,6,4,1,,,31,05/10/02,58,7
Boise St.,Idaho,23,17.94,19.52,23.22,25.05,21.83,49.48,34.46,17.94,36,34,24,21.85,24.5,17.94,22.04,2.48,27.15,27.09,28.04,31,34.1,24.04,13,,,,,,,,,,32,,,,34,23.5,32,,,21,31/08/02,38,2
Boise St.,Iowa St.,11.5,6.62,9.14,8.33,24.42,13.78,6.46,16.41,5.28,29,9.8,16,5.48,12.5,8.12,1.97,,13.07,11.27,10.89,-11,19.3,3.4,21,21.04,8.56,9.45,4.3,6.28,6.55,12,19.9,3.07,9,8.57,10.78,2.5,21,9.5,15,2,12.57,16,17/12/02,34,18
Boise St.,Louisiana Tech,27.5,23.39,25.77,27.13,36.51,24.4,,30.97,21.2,44,29,35,26.05,32,25.87,21.76,31,38.64,28.46,26.57,22,37.3,22.65,29,25.04,24.16,25.29,20.44,23.51,30.83,31.5,37.2,23.01,27,26.46,26.33,27.1,30,25,29,31,31.63,10,16/11/02,36,13
Boise St.,Rice,28,22.83,26.31,27.35,34.9,22.84,,27.27,24.08,39,26.9,31,23.11,27,23.91,16.19,30,44.78,27.62,24.76,20,32.8,24.54,21,26.68,22.17,28.04,21.14,25.81,32.25,31,31.1,23.94,27,27.34,26.24,26.6,33,26.5,29,34,30.88,7,09/11/02,49,12
Boise St.,Utah St.,19,15.97,22.58,18.98,33.43,22.51,,19.64,16.19,36,25.4,19,24.52,18.5,15.79,19.66,22,20.08,20.3,13.4,4,24.2,30.76,14,22.21,,,26.22,,,10.5,19.8,,12,,,,19,15.5,23,,,38,28/09/02,63,6
Boston College,Central Mich.,20,18.1,18.93,22.55,13.63,7.16,,23.35,21.27,31,28.2,15,19.41,15,15.72,28.11,25,24.86,18.98,15.46,7,19.1,21.59,15,19.77,,,26.65,,,16,18.8,,18,,,,20,22.5,22,,,0,28/09/02,43,6
Boston College,Connecticut,33,30.45,23.44,36.28,35.45,33.59,39.74,41.45,30.45,33,47,27,34.2,27.5,30.45,35.61,3.47,47.31,34.97,31.45,36,44.4,35.08,18,,,,,,,,,,38,,,,47,35,37,,,16,31/08/02,24,2
Boston College,Navy,28.5,26.9,27.18,25.75,27.39,26.57,,33.74,33.57,41,31.9,30,27.25,25,24.63,25.96,30,45.15,31.4,26.58,29,45.9,31.72,18,30.7,24.91,30.13,21.61,33.75,42.01,37.5,37.6,,34,,28.04,,40,29,36,,,21,19/10/02,46,9
Boston College,Rutgers,28,30.5,27.25,31.2,40.27,33.87,40.94,30.97,37.62,45,31.3,26,32.87,26.5,24.02,32.68,30,40.31,32.44,29.32,25,34.7,28.57,25,31,28.61,,27.94,36.6,41.66,40,31.7,38.68,28,30.45,27.05,30.7,35,29,33,27,33.9,14,30/11/02,44,15
Boston College,Stanford,8,-6.22,-0.2,-2.25,8.35,6.49,26.87,5.4,-4.5,-7,-3.5,16,1.35,1.5,-7.86,7.8,-3,-7.77,2.61,4.03,-7,-2.9,20.79,5,-0.58,,,,,,2,1.8,,2,,,,8,7,8,,,27,07/09/02,34,3
Boston College,Syracuse,7.5,12.53,14.36,13.49,13.31,11.2,,9.66,15.01,19,12.8,16,13.14,13.5,9.92,13.02,14,3.57,12.95,11.64,10,11.4,12.9,9,3.97,8.06,13.02,11.42,17.18,17.91,18.5,10.4,16.16,15,16.14,16.53,18.4,12,9,10,14,16.26,20,16/11/02,41,13
Boston College,Toledo,4,4.8,5.62,5.85,1.19,1.19,-6.08,10.79,4.64,5,10.9,4,3.14,1.5,4.94,5.98,,6.69,5.79,3.57,11,10,9.44,5,5.16,17.41,3.94,3.81,5.94,7.59,0.5,10.7,9.15,9,3.98,2.04,8.8,5,5,7,2,5.33,25,17/12/02,51,18
Boston College,Virginia Tech,-8.5,-9.82,-9.52,-17.04,-14.51,-16.84,,-11.01,-10.09,-21,-8.5,-10,-9.91,-14.5,-11.56,-2.79,-12,-19.93,-14.46,-19.85,-36,-7.3,-26.01,-8,-7.18,,,-25.68,,-20.41,-22,-6.9,,-15,,,,-5,-6,-7,,,28,10/10/02,23,8
Bowling Green,Ball St.,21,21.18,20.48,25.96,24.77,22.79,,20.74,18.18,36,25.2,29,26.8,19,22.17,18.62,28,26.45,24.09,19.73,19,30.4,21.53,21,28.35,14.45,24.87,18.39,21.04,28.71,26.5,24.3,21.47,38,,29.66,25.8,22,23.5,21,,,20,26/10/02,38,10
Bowling Green,Eastern Mich.,32,28.27,24.38,29.2,39.98,32.08,,29.11,24.31,45,33.5,41,27.26,33,32.71,20.78,42,36.41,30.52,21.63,28,34.8,28.47,20,34,15.1,34.22,19.82,24.99,30.99,32.5,27.1,25.31,47,26.95,31.38,33.9,33,33,33,30,29.91,21,23/11/02,63,14
Bowling Green,Missouri,-3,-6.45,-1.62,2.56,15.22,11.44,17.37,-1.59,-7.08,-3,-6,-4,-5.55,0.5,-5.8,-3.26,7,-3.97,0.84,-5.39,2,4.1,-1.76,-1,1.25,,,,,,4.5,1.1,,8,,,,10,-2.5,-3,,,28,14/09/02,51,4
Bowling Green,Ohio,24,25.35,30.21,32.19,33.4,29.88,,24.85,26.93,39,23.1,27,31.33,20,23.77,30.95,26,34.52,30.99,42.17,19,35.8,28.23,18,37.57,,,50.63,,,44,39.8,,35,,,,26,24.5,28,,,21,05/10/02,72,7
Bowling Green,Western Mich.,15,16.97,20.68,18.54,19.91,17.68,,18.53,22.74,32,21.8,23,21.74,13.5,13.9,15.08,18,19.57,21.18,21.96,9,23.3,16.21,20,29.18,13.14,20.62,20.11,23.57,35.16,33,25.1,,22,,28.65,,17,15.5,18,,,45,19/10/02,48,9
Buffalo,Central Florida,-17,-14.18,-9.41,-14.3,-10.45,-9.19,,-17.45,-10.72,-16,-14.6,-16,-14.23,-15,-14.82,-15.94,-18,-17.78,-13.78,-10.5,-17,-20.6,-15.53,-7,-15.83,-8.98,-11.62,-12.54,-10.22,-17.46,-15.5,-20.1,-11.38,-18,-10.94,-6.84,-7.3,-24,-19.5,-17,-15,-9.67,45,09/11/02,21,12
Buffalo,Connecticut,-2,-3.42,-2.09,0.1,10.68,8.99,11.4,-3.5,-3.95,3,13,0.25,-4.52,3.5,-2.97,5.73,1,4.41,2.88,-4.41,22,3,-12.76,1,4.88,,,,,,-4.5,5.7,,9,,,,11,-1.5,5,,,24,14/09/02,3,4
Buffalo,Kent,-4,-2.83,-1.08,1.18,-1.72,-1.94,,-6.73,-2.94,-4,-0.9,-4,-7.22,-6,-1.98,-11.25,-1,-3.29,-3.09,0.53,6,-1,-1.48,-2,-14.41,-3.53,2.06,0.55,-3.67,-3.14,-7.5,-3.7,-2.83,-3,,-2.24,-7,-9,-5.5,-3,,,16,26/10/02,12,10
Buffalo,Miami (Ohio),-16.5,-17.14,-18.59,-18.18,-10.68,-10.61,,-19.3,-21.05,-18,-17.8,-21,-21.25,-19.5,-13.46,-23.62,-16,-18.9,-17.83,-15.53,-14,-18.7,-14.72,-13,-19.57,-12.65,-11.5,-19.58,-22.18,-33.07,-23.5,-21.5,,-16,,-17.8,,-16,-17,-18,,,49,19/10/02,0,9
Buffalo,Western Mich.,-10.5,-11.27,-10.53,-15.32,-2.59,-1.21,,-9.64,-13.26,3,-10.3,-11,-17.7,-12,-9.6,-17.46,-9,-12.21,-10.42,-15.31,-7,-10.8,-10.89,-1,-9.62,,,-20.76,,,-14.5,-12.5,,-14,,,,-11,-13,-10,,,31,05/10/02,17,7
California,Air Force,9.5,5.84,4.22,7.01,4.75,1.25,-13.63,12.82,4.14,13,-0.9,14,14.98,2.5,8.05,12.64,5,5.64,5.75,11.78,-6,10.9,13.18,13,5.66,,,-4.85,,,4.5,9.3,,-1,,,,7,9,8,,,23,21/09/02,21,5
California,Arizona,16,18.13,19.61,18.37,30.35,30.8,,19.29,16.07,35,17.4,20,17.45,21,20.77,15.1,12,22.08,20.64,18.54,15,24.6,24.54,21,11.69,24.09,15.32,14.14,17.94,20.26,25,23.2,17.24,15,21.69,22.17,23.7,17,17,20,17,23.84,52,16/11/02,41,13
California,Baylor,9.5,9.9,2.79,10.04,3.82,4.58,-13.15,8.36,9.9,3,15,6,4.1,9,9.9,1.32,0.54,3.98,5.63,3.46,2,2.3,14.6,3,,,,,,,,,,3,,,,10,10,4,,,22,31/08/02,70,2
California,New Mexico St.,12.5,12.36,15.2,9.08,3.97,0.57,-8.95,14.82,10.55,4,19.6,16,19.93,9.5,14.55,17,14,11.84,11.52,7.98,18,19.7,26.94,16,0.69,,,,,,5,23.2,,7,,,,12,13.5,10,,,13,07/09/02,34,3
California,Stanford,11,13.58,13.76,13.77,23.96,24.06,,10.21,10.78,28,11,22,10.96,21,17,10,8,9.26,15.1,12.27,11,16.5,16.12,18,10,14.71,17.06,10.13,11.86,14.05,19,12.6,11.47,15,15.52,15.63,16,12,12.5,13,12,17.27,7,23/11/02,30,14
California,UCLA,-3.5,-0.15,2.51,2.95,2.33,3.92,,-2.09,4.48,6,-2.9,5,-0.02,1,0.97,-5.52,-6,-9.29,1.58,5.58,5,-4.1,8.13,3,-1.69,1.81,5.4,4.55,3.26,5.01,5,2.2,,-3,,2.97,,-7,-3.5,-2,,,12,19/10/02,17,9
California,Washington St.,,4.41,3.54,-2,-0.43,7.94,,-1.96,0.76,11,-1,2,4.73,-1,8.61,-8.39,-3,1.08,1.93,3.07,16,9.2,3.59,-1,-5.89,,,5.9,,,-1.5,8.1,,-4,,,,-12,,-9,,,48,28/09/02,38,6
Central Florida,Akron,19,18.22,14.12,26.13,23.81,16.64,,21.95,16.67,31,16.5,20,20.31,15,17.4,19.37,26,24.53,19.2,23.57,25,23.1,13.35,11,13.81,5.36,22.74,21,12.74,29.25,18.5,17.3,14.12,23,,15.79,16.7,21,21,24,,,17,26/10/02,28,10
Central Florida,Kent,23.5,13.94,12.62,18.58,22.45,15.45,,20.35,10.47,26,18.6,17,12.46,11,17.61,8.19,,26.16,16.32,15.97,20,28.3,15.13,14,12.19,7.94,18.36,14.49,9.31,17.31,15,23.8,11.26,20,8.16,8.79,8.4,25,23.5,22,8,12.96,6,16/11/02,32,13
Central Florida,Ohio,16.5,10.53,10.28,15.12,15.24,11.87,7.85,11.82,10,15,10.8,15,10.36,15,11.09,9.9,15,21.82,11.84,10.89,9,13.2,10.01,14,11.42,8.2,,11.15,9.39,13.6,13,11,10.84,11,6.81,7.42,7.7,20,16.5,12,7,11.84,32,30/11/02,42,15
Central Florida,Syracuse,5,6.1,8.5,11.07,13.9,9.11,,-1.25,12.75,15,3.8,13,7.51,10.5,2.79,5.6,7,3.42,7.73,12.28,3,-0.2,6.35,6,5.63,3.2,10.38,8.13,11.21,13.81,17,-0.3,7.23,1,,16.4,13.7,8,,2,12,,38,02/11/02,35,11
Central Florida,Toledo,4,2.91,-2.09,7.09,6.56,-1.3,,0.83,2.51,8,-2.1,0.25,4.86,-2,2.8,5.83,3,-0.44,0.64,6.14,-3,1.4,4.03,-7,-10.15,-2.82,5.15,3.03,-1.92,1.41,-4.5,-4.6,,2,,-6.28,,6,5,3,,,27,19/10/02,24,9
Central Mich.,Ball St.,3.5,0.11,-0.16,4.49,3.15,5.51,,-2.48,-0.72,1,-1.1,2,2.51,3,0.89,6.19,1,-2.9,0.09,0.15,-5,-1.3,-4.55,-1,1.54,-3.03,-1.06,1.15,-0.9,-0.56,0,-0.1,-0.68,7,0.03,-0.67,-1.3,3,4.5,-4,-3,-0.81,38,16/11/02,21,13
Central Mich.,Bowling Green,-15.5,-11.64,-19.38,-17.24,-13,-11.83,,-21.25,-6.61,-34,-19.2,-10,-14.48,-7.5,-15.57,-8.66,-18,-26.12,-20.16,-28.71,-31,-28.7,-26.57,-7,-17.88,,,-38.52,,-31.28,-23.5,-26.4,,-19,,,,-15,-13.5,-23,,,45,12/10/02,35,8
Central Mich.,Marshall,-20,-13.03,-13.12,-12.51,-15.6,-13.36,,-18.98,-7.53,-25,-15.2,-13,-10.49,-11.5,-13.95,-10.54,-18,-29.98,-15.71,-12.27,-24,-22.8,-25.45,-13,-15.55,-9.66,-16.33,-13.57,-10.18,-17.79,-16.5,-15.4,-8.55,-15,,-11,-13.1,-20,-19,-25,,,23,26/10/02,18,10
Central Mich.,Western Mich.,-2.5,1.08,2.23,1.64,0.19,3.75,,-0.47,5.17,3,0.4,3,2.63,3.5,-3.07,4.09,-4,-0.28,1.37,1.5,-7,-1.7,-3.46,2,5.13,-0.17,-0.7,-0.89,4.77,2.32,5,4.3,5.39,-6,4.32,4.77,4.7,-2,-3,0,-3,2.79,35,23/11/02,10,14
Central Mich.,Wyoming,3.5,-1.71,8.42,1.39,13.11,11.55,20.27,4.63,-4.86,14,-3.5,7,2.9,4.5,1.3,-1.88,5,6.18,6.34,7.02,24,12.2,10.41,11,3.43,,,,,,-15,13.7,,4,,,,9,1.5,0,,,20,07/09/02,32,3
Cincinnati,Houston,15,15.58,11.67,16.72,14.73,8.88,,21.23,13.44,24,15.7,19,15.4,16,17.98,9.74,19,25.43,16.12,16.29,19,23,18.47,10,11.21,10.56,17.44,10.63,14.71,18.63,16.5,19.7,13.29,20,12.46,10.47,13.4,21,16,18,15,13.58,14,16/11/02,47,13
Cincinnati,Memphis,6,8.15,6.93,9.59,10.96,5.35,,5.41,9.55,17,10,10,11.36,9.5,7.63,7.34,8,-0.51,8.55,10.05,3,7.3,11.46,6,2.33,10.68,11.92,3.28,10.1,11.34,8.5,8.8,9.22,13,,9.02,16.3,5,7,4,,,10,26/10/02,48,10
Cincinnati,Miami (Ohio),5.5,4.01,3.64,4.31,6.47,3.31,,8.05,2.73,8,12.7,6,7.5,2,5.27,-4.45,4,7.93,5.45,5.39,-2,11.6,9.38,4,-3.34,,,1.52,,,12.5,5.7,,4,,,,4,5.5,7,,,31,05/10/02,26,7
Cincinnati,North Texas,7.5,3.31,-0.23,3.77,1.74,1.74,9.99,8.42,0.7,5,8.7,2,2.31,3.5,6.26,1.84,,9.6,3.91,1.97,3,8.6,5.43,1,0.06,-2.44,3.05,0.29,0.75,3.18,4.5,5.2,0.93,7,2.23,1.5,6.4,11,8.5,7,-1,3.32,24,17/12/02,19,18
Cincinnati,Ohio St.,-17,-11.44,-23.64,-14.62,-10.32,-13.01,-0.59,-16.87,-10.71,-35,-16.8,-12,-21.74,-13.5,-12.17,-15.24,-16,-16.54,-14.9,-17.88,-26,-20.1,-9.48,-9,-16.26,,,10.95,,,-19.5,-22.1,,-18,,,,-12,-15.5,-14,,,23,21/09/02,19,5
Cincinnati,TCU,2.5,-0.81,3.74,-0.51,-0.46,0.78,12.58,0.54,-0.82,3,-4,5,4.6,0,-0.81,0.33,-0.34,-3.35,2.01,1.11,-1,2.7,2.02,13,,,,,,,,,,5,,,,0,2.5,4,,,29,01/09/02,36,2
Cincinnati,UAB,17,15.13,10.11,17.56,21.07,14.82,20.04,18.27,10.85,22,12.6,16,12.83,15,20.02,11.79,19,17.13,16.75,13.98,15,89.7,21.92,9,4.88,10.2,,10.43,10.59,14.71,17.5,17.2,9.78,20,10.39,9.6,11.3,18,17.5,15,13,13.66,23,30/11/02,31,15
Cincinnati,West Va.,5,8.71,7.55,2.19,8.45,4.57,40.34,6.47,14.77,18,16.1,6,11.05,4.5,2.57,9.31,3,0.64,8,8.19,-11,1,16.22,15,4.52,,,,,,9.5,2.7,,4,,,,0,6,6,,,35,14/09/02,32,4
Clemson,Ball St.,28,29.64,32.14,30.6,20.82,21.15,12.08,28.18,26.18,46,33.6,22,38.02,22.5,33.12,24.42,30,40.02,28.38,28,39,39.7,26.94,17,19.62,,,19.05,,,35,31.8,,22,,,,25,27,27,,,7,21/09/02,30,5
Clemson,Georgia Tech,0,0.89,3.52,1.09,-5.02,-1.3,-13.06,0.99,2.05,-5,-3.2,3,-6.64,-2,-0.43,3.12,-4,3.68,-0.05,3.18,-6,4.4,-0.69,3,2.96,,,,,,1.5,1.9,,1,,,,5,2,4,,,19,14/09/02,24,4
Clemson,Louisiana Tech,12,11.29,5.08,11.96,14.7,13.06,-17.69,14.67,7.12,13,15.2,9,6.75,9.5,15.42,5.69,16,10.07,9.22,9.36,-2,14.9,6.84,3,10.96,,,,,,11.5,11.1,,11,,,,15,12.5,9,,,13,07/09/02,33,3
Clemson,Maryland,-4.5,-4.19,-3.35,-3.86,-7.16,-4.97,,-8.84,-3.04,-9,-4.9,-5,-4.72,-4.5,-5.28,-4.05,-5,-8.37,-5.97,-4.08,-14,-14.4,-0.85,-7,-5.24,-8.03,-5.22,-2.5,-4.05,-6.25,-5,-9.7,-4.39,-11,-2.79,-3.5,-3.6,-6,-4,-7,-11,-7.01,30,16/11/02,12,13
Clemson,NC St.,0,-2.37,-1.8,-1.22,-2.83,-1.55,,-0.23,-8.42,-6,-2.3,-4,-6.68,-5.5,0.78,-1.48,-1,-2.62,-3.85,-0.64,-4,0,2.08,-7,-7.31,-6.22,-2.07,0.05,-5.86,-7.8,-9,1.3,-9.17,-3,,-12.17,-8.6,-1,-1,-2,,,38,24/10/02,6,10
Clemson,South Carolina,4,6.39,6.49,6.89,11.13,11.48,,6.28,6.27,14,5.9,6,6.93,8,6.51,6.08,4,4.27,6.51,7.84,2,2.9,10.54,5,5.46,8.95,7.65,4.49,6.03,6.79,7.5,5.5,6.05,-2,4.71,6.72,6.9,6,5,4,3,8.4,20,23/11/02,27,14
Clemson,Wake Forest,8.5,7.03,5.24,6.19,2.75,5.18,,4.91,4.55,4,6,7,5.68,6,8.13,8.55,9,5.68,5.23,4.54,6,3.3,9.26,2,5.32,-1.51,6.41,4.82,4.99,7.41,2,1.7,,13,,1.62,,10,10,3,,,23,19/10/02,31,9
Colorado,Baylor,28,25.54,27.25,30.69,25.94,23.78,,32.71,20.85,45,29,24,23.35,21.5,28.62,25.68,32,36.3,29.15,31.41,36,38.1,34.11,21,25.75,20.22,32.11,24.66,23.28,35.97,31.5,36.2,,32,,19.81,,34,29.5,33,,,0,19/10/02,34,9
Colorado,Colorado St.,7.5,0.39,10.06,8.92,5.78,5.78,6.56,9.83,-2.95,8,5.5,11,6.37,2,3.16,8.4,1.16,9.73,8.57,11.5,17,13.7,13.71,18,,,,,,,,,,14,,,,8,8.5,11,,,19,31/08/02,14,2
Colorado,Iowa St.,7.5,3.49,6.5,4.34,9.17,6.96,,9.46,3.1,9,7.8,7,5.54,6,3.82,6.21,6,12.13,6.49,6.6,-2,13.2,4.14,10,8.15,9.73,6.13,3.8,4.62,3.64,4,8,3.66,6,6.13,6.38,6.6,10,7.5,8,1,6.04,27,16/11/02,41,13
Colorado,Kansas St.,-3.5,-5.19,-4.99,-3.36,-11.4,-9.01,,-2.78,-3.39,-16,-7.6,-2,-5.64,-4.5,-7.08,0.82,-11,-15.96,-9.59,-8.7,-37,-13.1,-23.04,1,3.63,,,-16.32,,,-12,-13.9,,-19,,,,-11,-1,-1,,,31,05/10/02,35,7
Colorado,San Diego St.,23,13.63,15.02,16.64,18.43,20.92,34.77,22.31,15.93,7,20.4,24,20.71,16.5,10.97,23.75,14,26.24,21.29,18.22,-2,20.6,28.19,34,26.32,,,,,,21.5,38.2,,28,,,,24,23.5,33,,,14,07/09/02,34,3
Colorado,Texas Tech,6,3.6,4.8,4.78,1.79,6.82,,0.98,-0.67,5,2.9,7,2.48,3.5,4.4,4.37,1,3.14,3.49,2.77,2,1.9,-1.67,5,9.19,5.02,2.12,3.21,2.57,0.85,1,4.1,0.44,6,,3.23,9.8,2,5,5,,,13,26/10/02,37,10
Colorado,USC,2.5,0.06,-3.35,3.91,-0.25,4.6,17.51,-0.96,-2.82,11,-5.6,6,1.25,4.5,3.23,3.96,-2,4.6,1.8,2.92,-18,4.4,-0.54,3,0.4,,,,,,-3.5,3.4,,5,,,,1,2.5,5,,,40,14/09/02,3,4
Colorado,Wisconsin,7,7.76,2.99,9.32,5.16,5.16,10.07,5.71,9.12,15,8,6,9.95,6.5,6.46,11.41,,11.04,8.83,12.99,11,7.9,5.7,13,19.82,10.71,7.39,8.74,8.61,10.11,8,6.9,8.16,9,6.92,7.25,11,7,8,9,5,10.45,31,17/12/02,28,18
Colorado St.,BYU,12,15.02,18.68,16.1,21.96,17.32,,17.33,18.59,27,17.1,21,20.44,19.5,13.34,21.01,12,18.43,17.74,18.09,12,18.6,20.8,17,1.77,20.17,17.44,15.96,19.6,20.74,26,16.6,19.26,8,,18,23.6,13,13,17,,,10,24/10/02,37,10
Colorado St.,Louisville,2.5,9.5,3.07,1.06,-5.01,-4.29,-7.71,0.48,15.1,2,3.5,5,9.84,5,3.55,8.63,-3,5.82,1.9,9.37,-22,2.5,-5.45,2,5.03,,,,,,4,4.1,,1,,,,-3,1.5,5,,,33,14/09/02,36,4
Colorado St.,New Mexico,16.5,18.34,19.33,16.37,20.58,16.88,,17.02,18.78,26,18.3,21,13.15,20.5,18.18,11.6,16,18.13,18.49,15.2,15,21.3,18.02,15,14.61,15.55,17.87,13.27,18.88,20.99,23.5,19.2,19.74,16,20.11,20.3,21.8,17,16,19,16,22.14,14,23/11/02,22,14
Colorado St.,TCU,5,5.68,1.81,2.32,-2.87,-2.87,10.77,-0.27,7.46,3,4.4,1,3.2,6,4.14,4.8,,0.42,3.15,-0.13,-2,1.5,0.05,1,-10.17,22.02,4.21,3.02,6.26,4.63,3.5,6.3,6.34,4,3.9,3.53,5.9,-1,5,2,3,4.18,17,17/12/02,3,18
Colorado St.,UNLV,17,22.1,23.51,20.53,23.73,22.5,43.6,21.6,25.05,38,25.2,25,19.29,28,19.89,14.87,16,19.99,22.74,20.78,15,22.1,21.23,24,20.62,30.35,,14.93,25.3,25.74,-31.5,22.8,26.11,20,28.04,28.63,31.4,20,17.5,22,21,30.34,36,30/11/02,33,15
Colorado St.,Wyoming,25,26.79,29.93,29.58,33.12,27.56,,27.47,31.34,48,30.6,28,28.85,26.5,25.89,27.88,30,22.21,29.15,31.44,26,27.1,36.02,22,24.89,,,31.29,,33.95,36,25.4,,32,,,,19,26.5,26,,,36,12/10/02,44,8
Connecticut,Ball St.,5.5,9.24,12.71,5.34,15.16,20.5,,9.71,5.5,29,6.4,9,19.1,5,13.08,-6.04,10,5.09,11.85,17.04,33,16.5,19.31,6,-5.43,,,30.48,,,5,9.4,,10,,,,-2,4.5,4,,,24,28/09/02,21,6
Connecticut,Georgia Tech,-23,-21.44,-21.75,-29.33,-34.79,-24.23,-33.19,-29.05,-20.79,-17,-40.6,-12,-23.88,-24,-22.4,-22.9,-31,-38.99,-25.53,-21.4,-21,-32.6,-11.78,-7,-25.63,,,,,,-28,-32.8,,-30,,,,-31,-23,-29,,,31,07/09/02,14,3
Connecticut,Kent,6.5,7.53,8.45,12.48,8.27,11.03,,9.73,4.94,14,6.4,10,3.77,4.5,12.55,-1.49,10,12.53,8.77,9.33,17,20.5,15.41,11,-4.51,3,12.44,9.23,4.45,12.5,5.5,13.6,6.38,14,3.08,2.39,2.7,6,7.5,11,5,5.79,21,09/11/02,63,12
Connecticut,Ohio,3.5,8.46,15.82,3.62,1.16,5.8,29.1,3.03,8.93,25,0.2,14,21.42,5,8.03,8.79,1,-1.16,8.5,21.53,16,9.5,8.98,17,7.35,,,-25.85,,,14.5,14,,-1,,,,-5,2.5,4,,,19,21/09/02,37,5
Connecticut,Temple,-1,1.94,6.43,4.32,1.98,7.03,,-1.28,7.48,17,0.2,4,-3.09,2,4.08,-12.29,4,-6.57,2.49,8.34,1,-1.3,11.03,2,-8.76,-6.7,12.42,1.44,4.87,4.48,7,-4.3,,-1,,7.04,,-4,-1.5,-2,,,38,19/10/02,24,9
Duke,Clemson,-10,-10.64,-11.85,-9.13,-8.5,-7.03,,-7.33,-13.13,-12,-14.2,-10,-12.02,-9.5,-9.11,-12.61,-15,-12.95,-11.24,-5.78,-11,-5.9,-9.7,-10,-14.82,-16.28,-8.99,-7.74,-14.45,-15.34,-19.5,-12.1,-12.79,-12,,-13.82,-14.5,-10,,-12,-21,,34,02/11/02,31,11
Duke,East Carolina,-14.5,-14.67,-10.23,-17.96,-27.68,-23.25,-32.77,-18.94,-14.66,-21,-20,-12,-15.45,-19,-14.66,-20.79,-2.12,-32.02,-18.23,-15.46,-18,-19.9,-5.69,-7,,,,,,,,,,-19,,,,-24,-14.5,-16,,,16,31/08/02,23,2
Duke,Louisville,-17,-1.7,-1.77,-14.17,-34.27,-31.2,-37.32,-15.87,2,-1,-15.6,-14,-7.74,-13.5,-5.44,-6.14,-17,-18.85,-14.16,-10.97,4,-12.6,-12.79,-11,-17.66,,,,,,-18.5,-7.2,,-20,,,,-23,-18,-28,,,40,07/09/02,3,3
Duke,Maryland,-13,-11,-13.45,-9.49,-8.76,-9.26,,-15.55,-11.93,-13,-16.7,-13,-12.97,-10,-8.84,-10.97,-17,-24.43,-14.54,-9.56,-21,-20.9,-8.57,-15,-17.8,-24.61,-10.03,-9.45,-14.66,-17.93,-20,-19.2,-15.11,-16,,-11.2,-16.3,-16,-11,-18,,,45,26/10/02,12,10
Duke,North Carolina,3,-0.11,0.42,2.5,7.69,12.84,,6.16,-3.97,8,-0.7,3,-0.18,1,3.67,-7.73,-6,-1.08,1.15,4.59,-3,7.4,2.21,6,-6.71,-1.98,4.01,0.5,-3.46,-1.31,-3.5,3.6,-3.74,-3,-1.36,-0.89,-1.5,3,5,1,-2,-0.91,23,23/11/02,21,14
Duke,Virginia,-12,-7.12,-9.66,-8.66,-3.59,-5.02,,-9.02,-8.11,-15,-10,-9,-12.97,-10,-6.21,-13.21,-15,-10.37,-10.77,-8.75,-23,-11.9,-10.4,-7,-12.43,,,-8.92,,,-13,-16.9,,-17,,,,-11,-12,-15,,,27,05/10/02,22,7
East Carolina,Army,20,25.94,22.67,27.04,16.73,15.08,,17.81,29.96,21,18.8,20,33.32,21.5,22.74,29.34,25,25.77,23.97,35.4,9,25.3,23.69,14,13.93,,,50.43,,,26,28.1,,37,,,,23,21,19,,,24,05/10/02,59,7
East Carolina,Cincinnati,-7.5,-4.92,-4.27,-6.59,-9.9,-9.83,-15.8,-10.66,-3.09,-9,-5.1,-6,-1.52,-9,-7.13,1.99,-5,0.36,-6.41,-4.38,-8,-9,-7.26,-7,-0.21,-4.72,-5.49,-4.44,-4.32,-6.24,-7.5,-11.4,-3.75,-10,-6.61,-5.67,-6.3,-4,-8,-5,-10,-6.85,42,06/12/02,26,16
East Carolina,South Florida,0,-3.46,-9.68,-5.29,-9.1,-9.08,,0.79,-12.25,-5,-2,-7,-6.26,-1.5,0.03,-5.61,1,-2.85,-7.44,-6.53,-16,-2.4,-4.97,-10,-13.49,-15.53,-8.47,-7.83,-16.61,-16.85,-16.5,-6.4,,-4,,-12.55,,3,1.5,-3,,,46,19/10/02,30,9
East Carolina,TCU,-8,-10.34,-17,-11.82,-21.19,-20.43,,-16.03,-14.26,-19,-14.9,-17,-11.22,-15.5,-6.49,-5.87,-7,-11.9,-14.78,-12.43,-12,-12.6,-11.62,-19,-17.21,-9.62,-8.3,-12.81,-16.8,-17.77,-21,-15.1,-15.35,-7,-20.95,-19.68,-21.8,-7,-9,-12,-23,-20.33,28,23/11/02,31,14
East Carolina,Tulane,8.5,-3.36,-12.23,8.75,11.43,9.63,5.15,8.6,-8.94,-34,-7.4,1,-3.56,3.5,2.35,3.83,9,7.46,1.19,-1.54,-27,11.6,5.94,-1,3.15,,,,,,10,1.5,,21,,,,13,6.5,6,,,20,14/09/02,24,4
Eastern Mich.,Akron,-11,-2.43,-3.98,-8.14,0.33,3.66,,-8.9,4.41,3,-7.1,7,-10.19,4,-9.97,-8.79,-14,-6.92,-3.79,0.09,-7,-11.7,-23.55,4,-3.22,,,1.17,,,9,-12.1,,-12,,,,1,-10,-9,,,34,05/10/02,42,7
Eastern Mich.,Central Mich.,-10,-7.45,-7.8,-12.4,-5.65,-6.87,,-13.73,-3.51,-10,-7.4,-3,-6.4,-1.5,-11.86,-3.8,-8,-11.29,-8.1,-7.87,-12,-13.3,-11.44,1,-7.18,3.07,-11.49,-9.3,-4.25,-12.37,-4.5,-17.6,-2.35,-19,,-5.69,-6.8,-5,,-11,-12,,47,02/11/02,21,11
Eastern Mich.,Northern Ill.,-23,-21.45,-19.36,-20.03,-22.51,-19.44,,-29.96,-19.03,-38,-29.2,-23,-22.52,-22,-24.6,-13.63,-26,-25.01,-24.34,-19.31,-23,-30.9,-27.13,-14,-24.76,-15.33,-25.49,-15.85,-20.81,-25.85,-27.5,-31.7,-20.29,-31,-20.22,-30.24,-34.5,-24,-25.5,-30,-23,-23.77,49,16/11/02,21,13
Eastern Mich.,Toledo,-22,-13.21,-14.13,-20.31,-21.89,-19.75,-51.41,-20.57,-8.92,-32,-22,-13,-20.91,-19.5,-17.6,-17.25,-28,-36.47,-22.76,-18.34,-29,-23.2,-25.45,-19,-28.85,,,,,,-32.5,-25.7,,-20,,,,-20,-23.5,-18,,,65,07/09/02,13,3
Florida,Auburn,8,7.08,9.09,8.8,5.46,-0.88,,13.68,12.3,8,15.7,6,2.91,7.5,2.43,5.55,12,4.71,8.46,12.22,2,7,3.85,5,7.61,12.45,6.55,11.09,11.52,17.49,10,7.9,,12,,11.78,,15,8.5,6,,,23,19/10/02,30,9
Florida,Kentucky,19,8.99,5.82,24.33,7.03,-0.32,,21.96,8.35,10,19.5,9,11.67,18.5,9.58,25.93,28,24.04,15.12,11.13,30,20,23.64,11,12.05,,,22.21,,,1,17.6,,20,,,,26,22.5,20,,,34,28/09/02,41,6
Florida,LSU,8.5,5.86,1.15,5.99,1.32,-1.89,,8.08,2.31,1,8.3,2,4.07,6.5,4.8,10.1,7,8.57,2.88,1.3,-31,2.9,1.65,5,-1.08,,,0.5,,2.1,3,3.2,,15,,,,10,10,7,,,36,12/10/02,7,8
Florida,Miami (Fla.),2.5,7.57,4.74,-0.3,-2.58,-4.64,-15.8,-0.68,7.61,8,0.4,-3,7.83,1.5,7.59,3.3,-1,5.12,1.45,-1.72,18,9.9,-2.35,-7,2.06,,,,,,0,2.5,,2,,,,-3,1,-6,,,41,07/09/02,16,3
Florida,Michigan,1.5,-2.27,-3.82,-1.26,-5.18,-5.18,-8.45,-1.22,-2.97,-5,1.7,-3,-3.02,-4,-1.79,-0.24,,1.76,-2.92,-2.36,1,-1.9,0.34,-5,-12.93,-5.29,-1.89,-0.46,-3.8,-2.5,0.5,-4.7,-3.59,-3,-4.77,-4.1,-3.6,1,1.5,-1,-3,-3.47,38,17/12/02,30,18
Florida,Ohio,42,38.5,36.1,45.34,44.11,37.24,55.27,44.08,39.18,47,44.1,31,43.17,30.5,37.96,42.72,45,60.36,40.92,41.45,26,57.6,38.98,36,2.62,,,,,,43.5,56.8,,46,,,,43,45,38,,,6,14/09/02,34,4
Florida,South Carolina,14.5,11.09,11.97,10.43,14.21,8.89,,13.46,12.18,17,16.6,11,10.79,11.5,10.16,7.77,14,17.34,12.91,9.46,9,12.9,15.23,14,14.22,18.26,10.63,6.26,12.78,13.72,16,11.8,12.29,11,12.38,14.15,15,16,16,13,9,17.12,7,16/11/02,28,13
Florida,UAB,33,29.62,23.97,32.74,27.17,23.61,8.28,35.88,29.62,30,36,22,26.3,26,29.63,27.04,2.89,39.28,32.46,24.88,25,119.5,32.03,28,,,,,,,,,,35,,,,34,33.5,28,,,3,31/08/02,51,2
Florida St.,Clemson,14.5,9.64,3.78,10.7,9.69,9.19,,10.69,7.27,10,9.9,12,7.36,14.5,11.93,10.83,17,11.65,9.88,7.29,11,10.9,11.37,15,3.67,,,6.42,,,7,4.9,,14,,,,17,17.5,10,,,31,03/10/02,48,7
Florida St.,Duke,44.5,33.64,39.34,36.27,44.18,45.25,55.49,38.96,32.71,55,41.3,35,43.69,36.5,34.6,34.4,45,50.31,39.31,33.15,32,46.3,42.4,36,30.36,,,11.35,,,50,42.5,,28,,,,46,45.5,41,,,17,21/09/02,48,5
Florida St.,Florida,4,5.85,4.55,9.84,9.84,10.82,9.01,3.52,3.57,10,0.6,6,3.74,8,7.79,2.37,7,-0.51,4.09,7.49,-1,1.1,7.76,-1,-5.74,-2.27,,5.59,2.56,4.4,,0.5,2.36,8,4.09,2.5,2,6,6,-1,-10,3.15,14,30/11/02,31,15
Florida St.,Iowa St.,22.5,18.36,14.71,16.07,11.25,11.25,7.23,13.38,18.36,11,18,12,11.8,18,18.36,11.8,1.45,14.91,13.8,6.98,9,9,22.42,18,,,,,,,,,,,,,10.9,22,,,,,31,22/08/02,38,1
Florida St.,North Carolina,31.5,24.33,24.78,25.68,32.63,35.72,,32.78,21.14,46,27.5,31,18.34,29.5,27.32,12.17,29,30.34,27.32,23.37,20,33.7,30.01,26,18.44,25.24,28.68,17.44,23.16,27.15,32,28.2,21.52,23,26.92,27.22,29.1,32,34,26,23,30,14,16/11/02,40,13
Florida St.,Notre Dame,10,4.06,-1.42,10.48,0.86,2.07,,7.67,-6.38,8,0.3,-3,1.8,-2,9.37,2.83,13,6.46,1.18,9.76,-1,6.3,2.82,-4,-7.67,-12.82,7.98,5.18,-8.98,2.27,-5.5,1.1,-8.32,4,,-5.89,-9.7,17,12,8,,,34,26/10/02,24,10
Florida St.,Virginia,26,20.35,18.77,22.48,26.45,24.6,36.86,22.67,24.71,25,28.7,24,17.74,25.5,16.69,17.68,2.17,24.26,23.09,16.1,18,22.8,28.28,17,,,,,,,,,,20,,,,27,27.5,23,,,19,31/08/02,40,2
Fresno St.,Colorado St.,-6,-6.34,-12.83,-1.89,-13.98,-10.7,,-1.77,-9.87,-15,-4.8,-9,-7.68,-4.5,-3.5,-8.02,4,1.45,-6.64,-10.58,-11,-2.6,-3.33,1,-7.29,,,-11.23,,,-25,-3.3,,3,,,,3,-4,-5,,,30,04/10/02,32,7
Fresno St.,Hawaii,1.5,4.58,-0.58,3.8,-1.97,-1.92,,-2.79,4.96,1,3.6,4,8.27,4.5,1.94,8.38,11,-1.5,2.07,2.54,0,-0.8,3.85,-3,-0.71,3.88,0.89,1.49,3.92,3.74,2,1.9,5.69,5,,7.78,1.1,1,2.5,0,,,31,25/10/02,21,10
Fresno St.,Nevada,8.5,5.6,5.03,7.5,6.6,3.54,,8.73,7.2,7,9.2,6,9.42,5.5,4.2,10.25,15,12.68,6.9,5.69,2,8.6,8.57,6,8.94,4.28,4.42,4.36,7.08,8.59,6,11.3,7.56,5,5.5,4.72,5.2,12,8,11,8,6.47,30,16/11/02,38,13
Fresno St.,SMU,23,26.49,26.58,24.89,26.26,22.81,,23.86,34.55,35,28.2,27,28.82,26,21.97,28.52,28,25.33,26.26,28.55,21,22.1,22.2,20,29.37,,,22.58,,29.94,35,27.5,,25,,,,24,19,24,,,7,12/10/02,30,8
Fresno St.,San Diego St.,17,15.54,13.59,17.85,21.18,23.85,44.39,20.76,14.65,26,16.6,21,17.78,17,16.49,14.26,2.35,17.37,20.66,15.75,17,20.6,29.84,21,,,,,,,,,,22,,,,25,16,20,,,14,29/08/02,16,2
Fresno St.,Tulsa,28,22.48,21,24.76,18.69,15.37,,22.21,24.14,28,24.5,23,21.91,24,20.32,20.17,33,30.69,23.19,20.98,28,22.5,29.13,17,21.88,19.06,22.24,15.31,25.96,29.52,25.5,22.1,22.77,26,22.1,23.15,24.1,24,27.5,26,21,23.15,12,09/11/02,31,12
Georgia,Arkansas,8,6.03,7.54,3.5,0.68,0.68,4.8,10.62,8.66,12,11.1,8,10.43,8.5,4.14,8.06,9,10.9,8.5,6.34,4,13.7,1.44,12,43.09,3.45,13.42,1.41,8.69,6.13,9.5,8.9,8.76,12,5.96,9.46,10.2,12,7.5,6,9,4.89,3,07/12/02,30,16
Georgia,Clemson,9,6.77,12.11,6.74,4.62,6.53,7.85,8.46,6.76,9,8,12,4.9,8,6.77,1.34,0.73,8.33,9,8.46,8,10,18.76,13,,,,,,,,,,14,,,,6,9.5,12,,,28,31/08/02,31,2
Georgia,Florida,2,7.55,12.77,9.33,13.38,13.38,,4.99,19.25,16,6.3,14,12.25,14.5,3.59,10.04,1,4.81,12.26,12.61,5,6.8,10.98,14,51.17,14.37,9.52,8.16,17.4,15.73,21.5,7.9,14.13,4,,13.92,19.6,3,,10,27,,,,,
Georgia,Florida St.,3.5,4.25,5.34,1.24,3.4,3.4,5.49,5.5,7.19,10,6,10,4.78,9,2.03,4.46,,6.26,7.54,1.27,9,10.5,4.46,11,59.04,10.16,2.94,1.86,8.25,5.39,8,4.9,7.9,4,6.05,9.02,9,5,2.5,6,12,3.95,13,17/12/02,26,18
Georgia,Georgia Tech,10,12.6,13.05,8.72,10.14,12.67,23.75,11.4,15.9,18,15.1,13,9.43,13,10.47,11.7,7,12.6,14,8.33,9,16.7,8.38,18,21.79,16.41,,5.96,16.78,15.28,18,8.5,16.17,15,16.53,17.83,20.2,14,10.5,12,8,15.25,7,30/11/02,51,15
Georgia,Mississippi,15,17.1,17.31,14.19,20.62,18.77,,20.5,19.53,27,21.3,24,14.21,21.5,15.37,12.7,13,19.04,19.2,15.81,12,22.2,15.42,18,21.03,24.11,18.71,10.02,20.43,19.95,26.5,16,18.38,18,19.1,22.69,24.6,22,14.5,15,22,21.64,17,09/11/02,31,12
Georgia,New Mexico St.,28,19.41,24.96,23.12,26.35,23.15,,25.5,25.98,18,32.1,23,18.97,23,14.19,30.4,23,37.07,23.77,17.4,12,26.9,25.22,24,23.08,,,13.64,,,30.5,21.5,,28,,,,33,28,28,,,10,28/09/02,41,6
Georgia,Tennessee,3.5,12.74,15.56,8.44,17.05,16.04,,1.18,26.4,18,14,14,11.39,9,8.48,2.71,3,2.12,10.91,15,4,5.9,11.65,13,3.46,,,8.34,,11.38,30.5,5.9,,-1,,,,6,1,6,,,13,12/10/02,18,8
Georgia,Vanderbilt,26,28.01,35.66,24.01,32.56,32.14,,31.09,42.3,43,40.6,31,37.22,27,19.68,38.87,24,26.15,33.97,27.95,24,29.6,34.05,35,43.04,41.19,30.01,24.23,45.46,48.56,54.5,37.5,,24,,48.46,,27,26,28,,,17,19/10/02,48,9
Georgia Tech,BYU,9,10.73,8.67,8.83,15.23,12.53,-11.76,13.31,8.19,23,14.6,12,14.96,8,13.9,12.37,13,1.91,10.12,9.46,19,9.9,14,4,-2.08,,,27.85,,,11.5,9.6,,-2,,,,9,8,9,,,19,21/09/02,28,5
Georgia Tech,Duke,16.5,17.22,17.84,13.73,14.09,18.46,,18.94,18.27,27,22.9,18,16.8,18,16.16,14.06,19,19.58,19.32,14.16,11,21.4,16.81,22,23.7,22.87,17.82,11.09,19.61,18.99,26,21.5,19.62,19,22.31,21.69,22.8,22,16.5,21,15,23.75,2,16/11/02,17,13
Georgia Tech,Florida St.,-7,-5.36,-5.77,-7.56,-5.66,-3.45,,-7.67,-4.19,-6,-5.2,-3,-3.51,-4,-6.72,-1.1,-7,-7.48,-5.21,-3.68,-12,-5.3,-6.24,-2,2.67,-0.18,-6.6,-6.83,-4.98,-9.5,-6.5,-3.2,-3.65,-10,-3.62,-3.6,-5.5,-7,-8,-3,-12,-6.06,21,09/11/02,13,12
Georgia Tech,Fresno St.,3.5,6.91,5.1,7.07,4.87,4.87,0.02,5.62,5.39,7,6,6,6.79,3.5,8.24,6.75,,-1.33,5.6,8.58,15,4.9,9.78,1,1.74,2.78,9.25,6.57,5.74,7.53,0.5,8,8.89,9,4.7,3.43,5,3,3.5,4,15,6.31,30,17/12/02,21,18
Georgia Tech,Vanderbilt,20,21.29,15.92,19.47,23.93,24.67,40.89,30.91,21.29,28,25,23,15.5,23.5,21.29,11.32,1.77,26.05,23.21,19.9,25,26.3,22.88,14,,,,,,,,,,22,,,,21,21.5,22,,,3,31/08/02,45,2
Georgia Tech,Virginia,5,0.28,-5.53,0.22,2.43,1.46,,0.26,-7.38,-1,-1,1,-3.24,-1.5,4.49,-4.5,8,-5.25,-1.76,-2.39,1,4.7,1.81,-8,2.95,-15.25,2.31,-4.08,-9.32,-7.91,-8,-3.4,-7.21,11,,-4.79,-1.8,6,6,-1,,,15,26/10/02,23,10
Georgia Tech,Wake Forest,13,15.01,15.57,14.06,14.65,16.66,,13.61,14.05,29,15.2,18,14.35,18.5,16.03,11.95,18,12.47,15.1,12.67,12,15.1,16.41,16,17.24,,,12.51,,,14,11.5,,15,,,,12,12,11,,,24,05/10/02,21,7
Hawaii,Alabama,-13,-11.61,-7.52,-10.86,-11.85,-12.94,-15.72,-15.65,-8.64,-14,-8.4,-12,-7.39,-9.5,-14.35,-9.87,-16,-14.5,-11.25,-9.64,-31,-18.7,,-7,7.82,-7.67,,-9.88,-9.03,-13.22,-9,-12.6,-12.14,-15,-12.4,-5.07,-4.9,-14,-15,-14,-14,-10.21,21,30/11/02,16,15
Hawaii,Cincinnati,4.5,0.41,5.65,1.65,6.76,3.2,,-3.37,6.23,1,3.7,1,4.2,6,-5.73,8.81,2,-3.7,2.17,0.42,-20,-4.5,-5.92,7,15.92,14.52,-2.92,1.8,5.62,1.94,7.5,-2.6,5.12,6,5.02,6.96,7.4,-2,5,-4,-1,5.79,19,23/11/02,20,14
Hawaii,Nevada,9.5,4.67,1.33,9.03,18.64,10.13,,13.24,1.2,2,4.9,6,11.53,11,6.12,7.11,18,12.15,7.96,2.78,-4,10.4,10.56,11,18.24,,,2.21,,-2.45,4.5,4.7,,14,,,,20,12.5,11,,,34,12/10/02,59,8
Hawaii,SMU,22,20.14,22.75,20.29,40.47,30.76,,27.38,21.01,36,19.2,24,31.47,20.5,19.38,20.53,25,34.02,25.87,27.05,,20.1,25.47,14,33.07,,,18.59,,,36,32.1,,27,,,,25,20,21,,,10,28/09/02,42,6
Hawaii,San Diego St.,14,10.88,12.07,12.12,16.66,13.99,21.73,15.66,12.25,20,13.9,17,12.22,17.5,9.65,8.58,14,18.81,14.47,10.54,6,17,12.57,20,13.92,7.33,10.14,8.06,13.39,14.32,19,26,13.86,15,15.55,16.88,14.7,14,13,11,21,17.37,40,07/12/02,41,16
Hawaii,San Jose St.,24.5,12.05,14.11,15.94,24.58,17.93,,21.89,9.23,26,12.7,17,15.89,15,14.99,12.4,22,31.23,16.06,13.43,14,21.9,17.9,16,20.46,12.6,13.95,9.84,9.5,12.93,19,18.8,3.37,17,,5.77,8.5,21,,18,11,,31,02/11/02,40,11
Hawaii,Tulane,12,9.64,9.01,7.59,9.01,6.26,18.72,5.85,14.17,10,10.6,9,5.44,11.5,5.23,5.08,,7.69,9.48,5,-5,7.5,2.44,15,12.69,20.14,5.88,5.92,15.5,11.49,13,6.1,13.92,6,13.03,13.24,13.2,6,12,5,13,12.58,36,17/12/02,28,18
Hawaii,Tulsa,30.5,24.08,27,29.69,33.77,24.74,,34.06,25.35,35,25.9,34,31.91,28.5,23.74,28.14,38,41.21,29.39,25.56,36,34.3,27.96,21,36.26,17.15,27.01,19.33,27.72,33.65,29,30,,40,,24.24,,30,32.5,33,,,14,19/10/02,37,9
Houston,Army,14.5,21.87,22.91,28.48,21.55,19.47,,11.84,28.99,22,13.3,26,30.26,20,17.98,30.2,18,7.06,21.71,34.53,14,18.8,17.42,15,14.86,13.33,22.38,42.29,25.59,55.14,25.5,20.1,,23,,16.34,,10,13.5,13,,,42,19/10/02,56,9
Houston,East Carolina,1,1.88,5.32,-0.96,9.6,10.42,,-1.35,4.62,1,0.3,7,-0.33,5.5,-0.99,0.36,-7,-6.11,2.49,-1.75,-12,-1.7,-1.87,11,6.38,7.08,-0.76,-0.27,6.07,0.4,8.5,-1,4.46,-3,9.47,9.88,8.6,-5,0,1,1,5.6,54,09/11/02,48,12
Houston,Louisiana-Lafaye,9.5,10.74,7.83,11.26,7.54,5.13,-8.58,4.42,11.33,17,12.4,9,15.82,13.5,10.16,12.17,10,5.99,7.08,8.18,-1,2.7,9.31,-2,4.13,,,,,,9.5,1.7,,5,,,,6,7.5,7,,,17,14/09/02,36,4
Houston,Louisville,-16,-12.35,-11.51,-12.61,-15.08,-11.35,-14.12,-17.58,-10.71,-21,-16.8,-14,-9.57,-14,-14.22,-7.08,-20,-23.46,-13.67,-10.07,-17,-15.8,-12.34,-11,-12.05,-7.8,,-9.26,-12.44,-14.56,-13,-15.4,-11.66,-13,-11.47,-11.67,-12.8,-17,-17,-17,-15,-14.73,10,30/11/02,27,15
Houston,South Florida,-13.5,-15.76,-15.28,-11.4,-16.24,-14.17,,-16.34,-20.12,-23,-15.5,-19,-12.09,-17.5,-12.01,-9.65,-11,-23.7,-17.86,-14.66,-23,-16.4,-10.94,-16,-19.17,-29.93,-14.78,-11.86,-21.58,-22.44,-23.5,-19.9,-20.14,-13,-19.09,-19.86,-22.8,-17,-11,-15,-25,-21.83,32,23/11/02,14,14
Houston,Tulane,2.5,9.12,5.62,2.13,-6.51,-8.39,-1.83,-0.08,10.01,16,2.1,-3,6.27,0,8.25,-2.5,4,-4.68,1.53,1.3,12,6.2,-2.56,-11,2.83,,,,,,-0.5,4.5,,-3,,,,-1,4.5,-4,,,34,07/09/02,13,3
Idaho,Arkansas St.,3.5,8.06,5.36,5.2,6.83,3.89,,6.56,3.61,12,5.7,4,4.16,1,12.65,5.06,9,10.01,5.05,3.28,13,6.4,9.13,-7,-0.52,3.96,15.85,-0.13,3.77,3.05,-1,5.5,0.94,9,-2,3.65,4.5,7,3,7,2,2.44,38,16/11/02,29,13
Idaho,Middle Tenn.,-3.5,2.76,0.55,2.74,-5.74,-2.35,,-6.98,3.78,-6,-5.8,-1,-1.15,-1,0.94,-0.54,-11,-1.75,-0.93,-4.54,4,-0.5,0.82,-5,-14.67,5.02,-4.66,-1.05,4.42,5.74,-3,-1.2,1.15,9,,3.83,7,-5,-6,-11,,,18,26/10/02,21,10
Idaho,New Mexico St.,-4.5,-5.75,-7.38,-4.55,-7.48,-7.71,,-3.93,-9.51,-7,-6.7,-10,-2.41,-11.5,-2.06,-1.53,-5,-2.46,-6.69,-4.49,-7,-2.5,-3.15,-7,-9.15,-5.93,-0.57,-6.28,-9.67,-8.99,-13.5,-3.9,-10.32,-4,-13.18,-10.66,-11.4,0,-5,-4,-16,-9.99,35,23/11/02,31,14
Idaho,San Diego St.,-8,0.99,0.99,-9.83,-13.82,-6.29,-10.53,-9.52,6.29,-5,-2.9,6,-7.46,2,-4.27,-0.1,-12,-6.42,-4.06,-14.66,-1,-12.9,4.48,2,-4.7,,,1.45,,,5,-4.5,,-11,,,,-5,-6.5,-9,,,38,21/09/02,48,5
Illinois,Arkansas St.,32,22.65,16.58,35.56,30.91,25.17,37.1,36.07,16.6,36,24.8,22,31.2,21.5,29.27,23.14,39,39.15,29.44,29.33,28,39.5,30.51,21,2.76,,,,,,36,32.7,,47,,,,39,31,35,,,7,14/09/02,59,4
Illinois,Indiana,9,2.95,0.77,4.59,8.15,6.49,,0.5,-4.16,4,1.5,7,2.85,4.5,8.1,0.61,11,6.76,2.13,1.95,9,1.2,7.22,1,-6.48,-5.08,5.14,4.49,-6.14,-0.5,-1.5,-3.3,-3.24,4,,-4.51,3.2,3,8,7,,,14,26/10/02,45,10
Illinois,Michigan,-7.5,-11.14,-13.67,-6.75,-9.12,-10.03,,-8.25,-16.91,-15,-8.6,-10,-13.37,-11.5,-4.56,-19.09,-1,-13.1,-11.07,-12.89,-12,-7.3,-12.81,-12,-13.19,,,-9.61,,,-24,-13,,-5,,,,-5,-5.5,-9,,,45,28/09/02,28,6
Illinois,Missouri,7.5,7.98,8.79,16.27,14.11,14.11,36.36,18.85,7.98,22,17,10,9.6,11.5,7.98,9.6,1.87,16.74,13.94,12.52,15,19.2,6.7,8,,,,,,,,,,17,,,,14,7.5,9,,,33,31/08/02,20,2
Illinois,Ohio St.,-8.5,-15.16,-16.47,-13.98,-14.38,-16.47,,-8.24,-24.69,-24,-17.2,-20,-8.76,-25.5,-8.07,-15.87,-8,-8.28,-17.08,-8,-15,-7.7,-15.94,-20,-26.63,-23.09,-10.97,-13.07,-26.27,-25.36,-28,-7.3,-27.82,-11,-23.82,-25.83,-27.4,-7,-8.5,-5,-28,-21.54,23,16/11/02,16,13
Illinois,Purdue,-3.5,-5.41,-9.6,-6.64,-8.27,-8.44,,-6.7,-12.67,-12,-6.6,-6,-10,-5,-2.41,-7.08,-1,-1.75,-7.65,-13.09,-7,-9.2,-6.91,-7,-5.54,,,-10.42,,-12.11,-15.5,-13.4,,2,,,,-3,-3,-4,,,31,12/10/02,38,8
Illinois,San Jose St.,23.5,7.16,17.57,21.25,21.25,19.47,40.8,24.48,-0.12,12,18.9,18,20.12,15.5,15.18,20.21,25,24.83,20.58,10.74,50,32.9,22.73,18,16.62,,,3.75,,,19,21.6,,32,,,,25,23,27,,,38,21/09/02,35,5
Indiana,Central Mich.,6,5.53,1.73,14.78,9.98,5.45,-2.81,16.85,3.24,15,12.4,-1,5.07,4.5,7.63,10.87,17,7.88,10.57,2.29,11,13.7,1.19,5,9.31,,,70.85,,,-1,11.8,,28,,,,16,7.5,11,,,29,21/09/02,39,5
Indiana,Iowa,-12.5,-8.87,-11.54,-11.64,-21.22,-20.07,,-11.73,-8.53,-19,-9.4,-15,-7.27,-12,-10.5,-7.66,-13,-10.86,-12.45,-11.31,-18,-14.2,-11.27,-12,-4.35,-8.71,-12.15,-11.64,-10.15,-18.48,-13,-13.4,,-17,,-12.73,,-8,-13,-12,,,24,19/10/02,8,9
Indiana,Michigan St.,2.5,2.42,-0.49,3.37,4.61,0.65,,4.37,3.28,7,-2.2,1,7.49,3,2,3.53,4,1.99,1.96,4.71,-4,6.1,3.02,3,-1.56,-0.05,2.62,0.71,0.36,-2.05,4.5,1.9,-2,7,-0.93,-1.92,-2.3,8,3,3,-6,-0.06,56,09/11/02,21,12
Indiana,Penn St.,-21,-17.53,-19.43,-17.58,-26.69,-25.29,,-24.39,-15.58,-33,-21.6,-20,-13.49,-20,-19.49,-10.06,-20,-23.23,-21.2,-18.34,-25,-27.9,-20.42,-21,-15.99,-22.77,-20.79,-13.44,-17.59,-23.13,-25,-25.4,-18.26,-19,-19.75,-21.14,-23.1,-17,-19.5,-24,-24,-25.75,58,16/11/02,25,13
Indiana,Wisconsin,-12.5,-7.78,-18.49,-7.82,-17.11,-16.85,,-9.02,-7.88,-14,-13.4,-13,-10.45,-12.5,-7.68,-7.84,-8,-6.18,-10.66,-5.86,-9,-11.9,-9.33,-9,-7.43,,,-8.06,,-13.28,-14,-11.9,,-10,,,,-2,-12.5,-14,,,29,12/10/02,32,8
Iowa,Akron,18.5,15.73,14.27,19.82,15.31,14.22,26.13,30.01,15.74,21,29,21,18.4,12.5,15.73,24.56,2.32,25.69,20.71,20.66,25,32.9,10.26,19,,,,,,,,,,28,,,,23,19.5,23,,,21,31/08/02,57,2
Iowa,Iowa St.,3.5,7.01,5.4,4.29,8,3.27,6.29,1.31,14.36,12,10.7,5,2.31,3.5,-0.76,7.83,4,-11.73,2.72,6.38,-28,-0.9,-8.57,2,3.75,,,,,,13,-0.8,,9,,,,1,4,3,,,36,14/09/02,31,4
Iowa,Michigan St.,6,12.6,8.27,11.55,20.56,17.2,,9.84,17.85,21,8.2,15,22.44,12.5,9.75,15.18,14,12.47,13.71,15.14,3,17.8,7.83,14,12.22,,,10.02,,10.85,24.5,18.7,,14,,,,12,6.5,11,,,16,12/10/02,44,8
Iowa,Northwestern,28,26.47,27.27,26.8,47.09,41.22,,33.48,27.57,50,29,38,25.4,34,27.77,20.03,33,32.36,31.95,26.02,26,38.5,34.14,32,27.73,30.97,30.74,18.8,28.74,32.57,42,35.5,27.64,31,31.72,30.73,29.9,33,28.5,30,26,34.14,10,09/11/02,62,12
Iowa,Purdue,8.5,11.57,10.09,10.13,20.58,15.12,,11.11,12.33,22,8.1,11,16.81,7.5,10.75,14.23,14,13.27,12.07,16.11,3,18.2,2.07,5,11.57,,,14.53,,,11,16.1,,11,,,,12,7.5,13,,,28,05/10/02,31,7
Iowa,Utah St.,22,18.03,21.75,23.08,28.48,23.54,29.25,28.13,16.76,27,23.2,21,29.79,16,19.33,18.85,23,24.9,20.77,20.78,8,34.7,18.47,14,15.92,,,-17.85,,,18,29.6,,27,,,,17,19.5,25,,,7,21/09/02,48,5
Iowa,Wisconsin,8,10.92,8.6,12.06,17.9,15.96,,14.01,15.56,20,8.5,15,11.68,14.5,9.35,9.21,11,15.49,13.18,13.72,10,14.5,9.99,14,15.91,14.48,11.59,9.31,12.76,15.07,16,15,11.8,13,,10.15,9.9,13,,12,15,,3,02/11/02,20,11
Iowa St.,Connecticut,17,22,19.32,20.24,9.57,11.73,,11.75,28.63,23,21.4,19,23.34,20,14.86,26.9,19,12.84,19.68,18.71,18,11.8,12.75,16,15.15,23.44,14.94,17.56,27.55,30.75,27,17.3,29.22,30,21.51,20.19,21.9,14,20,19,15,24.4,37,23/11/02,20,14
Iowa St.,Kansas,21,18.53,11.05,15.43,18.14,22.48,28.43,25.02,18.6,26,19.7,21,12.19,13,18.46,7.97,2.02,23.08,20.52,15.34,22,28.6,31.02,18,,,,,,,,,,21,,,,25,20.5,20,,,3,31/08/02,45,2
Iowa St.,Missouri,10,13.16,11.27,14.11,12.37,11.54,,12.29,18.54,16,11.5,15,19.65,14.5,10.04,20.99,13,9.32,13.96,13.59,19,12.3,6.55,14,8.26,13.34,9.82,10.41,16.59,21.77,18,14.8,18.9,17,,18,15.1,14,,11,19,,35,02/11/02,42,11
Iowa St.,Nebraska,0,4,4.45,-2.64,3.98,7.25,,4.21,2.46,18,-1.2,7,17.92,-2,5.68,4.64,2,12.45,6.03,10.71,9,15.3,6.74,2,-6.34,,,7.45,,,8,15.3,,-2,,,,3,0,6,,,14,28/09/02,36,6
Iowa St.,Texas Tech,6.5,8.1,6.57,9.55,5.61,11.42,,8.58,5.94,15,2.5,14,10.57,9,9.51,4.39,7,8.19,8.71,10.91,15,9.1,3.48,10,5.88,,,4.69,,2.76,13.5,8.4,,14,,,,7,7,6,,,17,12/10/02,31,8
Iowa St.,Troy St.,17,21.17,25.22,18.02,13.58,19.38,24.94,20.33,23,32,31.3,21,26.06,19,19.25,20.73,18,22.75,20.43,17.3,21,28.5,17.89,18,7.74,,,-11.95,,,30,25.1,,21,,,,17,16.5,23,,,12,21/09/02,42,5
Kansas,Bowling Green,-10.5,-8.05,-20.05,-7.57,-18.66,-15.57,-29.42,-19.43,-6.08,-40,-19,-7,-22.42,-4.5,-9.97,-4.03,-14,-14.41,-16.25,-18.59,-42,-22,-20.42,-12,-23.47,,,31.35,,,-31,-24.6,,-8,,,,-13,-12,-13,,,39,21/09/02,16,5
Kansas,Colorado,-21,-15.83,-20.74,-20.97,-22.25,-13.22,,-24.44,-17.59,-28,-23.2,-15,-23.79,-13.5,-14.69,-25.83,-25,-23.19,-21.77,-25.45,-34,-29.5,-25.85,-14,-21.16,,,-24.19,,-24.84,-22,-29.3,,-18,,,,-20,-21,-23,,,53,12/10/02,29,8
Kansas,Kansas St.,-31,-22.65,-26.79,-28.55,-38.17,-33.53,,-29.9,-20.16,-42,-28.3,-26,-23.56,-22.5,-28.07,-18.84,-32,-40.73,-29.26,-24.3,-50,-34.4,-34.48,-21,-22.53,-23.93,-28.82,-21.89,-24.26,-38.04,-32,-31.6,-19.95,-38,,-19.05,-24.8,-33,,-28,-33,,64,02/11/02,0,11
Kansas,Oklahoma St.,-23,-13.03,-11.93,-13.4,-17.79,-14.79,,-17.57,-10.18,-23,-18.3,-15,-13.46,-12.5,-15.96,-6.24,-17,-23.01,-16.6,-14.09,-37,-24.3,-23.52,-10,-12.54,-15.21,-14.51,-10.89,-12.29,-20.94,-17.5,-23.8,-14.92,-19,-10.92,-12.37,-13.7,-19,-23,-19,-21,-15.66,55,16/11/02,20,13
Kansas,Texas A&M,-23,-16.24,-20.15,-21.07,-29.94,-25.48,,-26.77,-14.99,-33,-21.5,-19,-18.95,-15,-17.4,-18.93,-22,-30.19,-23.01,-21.54,-45,-27.4,-26.98,-15,-18.11,-16.16,-22.34,-18.47,-19.63,-34.54,-25.5,-27.2,,-22,,-20.67,,-22,-23,-21,,,47,19/10/02,22,9
Kansas St.,Arizona St.,18,12.82,12.07,16.24,21.69,21.69,7.78,22.06,8.89,31,13.1,18,12.43,14.5,21.37,8.09,,22,17.5,13.54,36,30.5,22.48,18,31.82,12.4,18.85,12.59,9.73,15.6,18,23,9.38,23,6.92,8.26,4.1,28,17,19,22,13.25,27,17/12/02,34,18
Kansas St.,Iowa St.,12.5,5.53,7.92,7,17.9,13.71,,7.26,-0.97,13,7.8,7,5.91,3.5,12.46,2.85,16,21.83,7.79,3.53,23,11,13.13,6,5.21,2.93,8.78,3.32,0.15,4.25,3.5,10.5,0.32,14,-1,0.73,0.5,21,9.5,8,9,3.8,7,09/11/02,58,12
Kansas St.,Louisiana-Monroe,38.5,34.2,29.2,38.66,46.49,38.66,20.48,40.08,30.9,31,53.5,29,34.08,28,38,32.3,44,54.67,38.13,31.44,41,55.2,57.27,17,24.58,,,,,,33.5,46.4,,49,,,,51,39.5,38,,,0,07/09/02,68,3
Kansas St.,Nebraska,10.5,13.68,13.35,15.28,28.87,23.57,,13.88,10.81,25,14.2,15,15.65,13.5,19.27,13.75,18,16.67,15.56,11.25,29,16.7,20.11,14,10.29,10.5,18.2,10.75,11.66,16.7,16,15.7,11.13,16,8.94,11.44,13.4,20,12,11,14,13.21,13,16/11/02,49,13
Kansas St.,Oklahoma St.,14.5,17.89,17.36,16.7,19.71,16.15,,8.88,26.31,20,21.5,19,17.98,18.5,15.06,23.5,23,11.51,18.86,20.15,31,13.7,14.4,16,20.86,,,21.76,,25.71,28,14.2,,25,,,,21,13,11,,,9,12/10/02,44,8
Kansas St.,Texas,2,3.92,5.61,6.65,1.88,4.89,,1.38,4.42,9,2.6,1,1.47,1,8.12,-6.43,4,1.92,4.4,10.32,3,11.3,5.73,2,-6.72,5.5,6.53,7.45,5.35,8.35,4.5,8.2,,4,,0.95,,8,0,-2,,,17,19/10/02,14,9
Kansas St.,USC,3,-9.58,-6.3,2.15,5.27,8.38,-0.28,-3.78,-15.19,-5,-2.7,-1,-2.18,8.5,0.53,0.78,4,15.91,-1.62,-1.24,-15,8.9,2.92,-2,-0.71,,,-49.65,,,-9.5,2.7,,13,,,,11,3,1,,,20,21/09/02,27,5
Kent,Akron,-8,-0.9,-0.42,-0.05,-7.35,-1,,-1.93,1.46,-2,-3.4,-1,-2.63,0.5,-3.25,2.49,-2,-9.33,-2.75,-3.35,-10,-7.3,-6.57,-9,-2.4,-3.02,-3.15,-2.65,0.57,-0.31,-4.5,-7.1,0.96,-3,1.99,1.12,1.2,-3,-6,-6,4,0.57,48,23/11/02,10,14
Kent,Bowling Green,-18,-17.8,-20.37,-19.59,-18.78,-12.84,,-18.23,-21.57,-29,-23.1,-22,-24.41,-12.5,-16.33,-17.12,-18,-24.48,-21.37,-19.44,-25,-27.5,-13.88,-21,-24.61,-8.62,-22.33,-20.06,-22.08,-34.36,-26.5,-27.4,-25.86,-21,,-27.06,-22.1,-14,,-22,-38,,45,02/11/02,14,11
Kent,Marshall,-14,-12.86,-15.68,-13.08,-9.94,-6.24,,-8.59,-15.56,-7,-12.7,-9,-15.53,-10.5,-10.18,-14.23,-9,-17.05,-12.44,-8.48,-14,-12.7,-17.96,-8,-13.2,,,-18.35,,,-16,-10.8,,-14,,,,-10,-12.5,-16,,,42,05/10/02,21,7
Kent,Ohio,11.5,8.39,4.76,10,9.76,12.91,,6.63,6.27,10,1.8,13,11.6,9,9.85,15.33,8,12.96,8.59,10.4,2,11.3,12.8,4,13.03,1.87,10.01,4.89,4.54,7.78,12,13.1,,11,,-1.27,,13,11,9,,,50,19/10/02,0,9
Kentucky,Georgia,-5,-4.81,-7.2,-2.58,-2.78,-1.7,,0.44,-13.17,-1,-8.3,-7,-3.8,-8,0.14,-7.2,-4,-7.51,-6.45,-0.75,-7,2.3,-3.09,-7,-12.08,-15.79,,-1.7,-12.94,-11.85,-15,-1.3,-13.05,-1,,-16.3,-15.5,-2,-4.5,-5,,,52,26/10/02,24,10
Kentucky,Indiana,17.5,18.75,25.14,7.65,4.84,-0.27,-2.22,7.45,16.24,30,18,13,22.58,10.5,21.24,6.43,11,10.43,12.52,11.76,36,17.1,17.01,5,4.1,,,,,,10,10.1,,-6,,,,4,13,13,,,17,14/09/02,27,4
Kentucky,LSU,-5,-1.69,1.57,-1.86,-2.42,-2.49,,-5.07,-0.16,-4,-4.4,-2,3.54,0.5,-1.69,2.76,-8,-7.8,-2.43,1.3,-13,-3.5,-2.71,-2,-1.46,-3.16,-1.87,-2.3,-0.28,-1.42,-5.5,-3.5,-0.71,-5,-0.16,-1.04,-2,-3,-5,-2,-9,-3.74,33,09/11/02,30,12
Kentucky,Middle Tenn.,6.5,14.39,16.71,14.89,12.49,8.65,-9.81,10.74,16.76,15,19.2,16,12.14,16,11.83,10.45,12,11.42,11.76,11.82,14,15.5,14.76,15,-0.41,,,-2.55,,,21.5,14.5,,7,,,,13,7.5,7,,,22,21/09/02,44,5
Kentucky,South Carolina,6,7.86,4.83,8.05,14.06,9.05,,7.21,6.56,12,3.2,5,14.24,3.5,7.89,7,4,8.95,8.24,14.01,11,9.8,10.4,-1,4.12,,,12.69,,9.63,12.5,8.9,,10,,,,5,6,3,,,16,12/10/02,12,8
Kentucky,UTEP,20.5,18.83,13.43,26.01,6.72,-0.45,-0.23,27.68,22.58,39,25.4,9,22.3,9.5,15.36,23.97,29,20.03,16.05,26.39,-8,30.2,15.98,7,12.82,,,,,,-10,27.7,,26,,,,20,19,14,,,17,07/09/02,77,3
Kentucky,Vanderbilt,15.5,18.55,16.55,16.44,24.4,21.44,,18.65,21.13,32,21.7,24,20.49,21,15.8,23.55,19,20.56,20.7,16.11,15,21.3,19.95,21,24.88,15.89,18.84,13.88,20.56,22.86,26,22.3,21.61,23,21.84,22.57,23.4,19,16.5,18,15,23.73,21,16/11/02,41,13
LSU,Alabama,-1.5,0.31,-0.84,-2.73,-2.72,-3.12,,0.72,0.09,1,3.2,2,-0.51,-1.5,0.54,-4.49,-1,-1.05,-0.46,-4.09,-3,4.1,-3.5,-1,1.98,-0.4,1.72,-4.59,-1.14,-3.68,-2,3,-0.12,-3,0.42,0.95,1.4,2,-2,-1,-3,0.46,31,16/11/02,0,13
LSU,Louisiana-Lafaye,28,22.73,20.97,31.92,35.47,29.23,,36.07,24.09,32,33.1,21,30.05,25,21.35,25.1,32,42.61,29.68,26.62,33,31.7,31.54,24,31.19,,,29.31,,,28.5,24.1,,40,,,,35,29,31,,,0,05/10/02,48,7
LSU,Miami (Ohio),12.5,3.41,-0.13,10.89,17.06,14.03,17.41,14.64,1.14,1,8.7,10,-5.96,9,5.75,6.04,11,15.87,9.48,3.24,16,12.1,5.34,16,4.46,,,,,,6.5,8.9,,19,,,,19,12,13,,,7,14/09/02,33,4
LSU,Mississippi,9.5,10.04,8.61,9.36,18.47,14.2,,13.58,9.73,18,14.3,14,9.97,11.5,10.33,9.47,12,11.74,12.18,9.07,8,16,7.16,16,9.79,12.83,12.03,6.15,9.56,10.04,14.5,15.5,9.41,19,11.63,12.28,13.4,14,12.5,11,10,15.27,13,23/11/02,14,14
LSU,Mississippi St.,13.5,15.4,20.29,13.66,27.98,23.37,,20.23,17.69,35,19.9,14,20.08,13,12.96,11.9,19,18.89,18.52,21.29,27,16.6,13.71,11,22.56,,,11.83,,,23.5,16.7,,11,,,,18,11.5,16,,,13,28/09/02,31,6
LSU,South Carolina,,12.31,10.89,16.21,20.14,16.81,,16.04,8.47,22,10.5,10,14.52,8.5,12.93,13.97,14,19.88,14.38,17.13,32,18.7,20.52,5,10.04,2.81,16.68,16.47,6.89,18.98,14.5,17.6,,13,,7.28,,16,,13,,,14,19/10/0,28,-95
Louisiana Tech,Fresno St.,-1,-5.16,-5.87,-4.46,3.7,-2.58,-17.08,-6.88,-9.03,-7,-7.4,-3,-2.48,-9.5,-1.72,0.93,1,-5.28,-6.47,-5.84,-7,-3.6,-6.34,-8,-6.31,-10.06,-1.6,-5.09,-9.01,-10.22,-9,-6.9,-9.2,-4,-9.31,-9.57,-9.9,-2,0,-7,-21,-9.29,45,05/12/02,13,16
Louisiana Tech,Nevada,4,-0.49,-7.79,-1.91,10.31,-0.72,,-4.35,-7.4,-2,-3.9,1,2.36,-0.5,2.08,3.25,10,-0.24,-2.68,-7.47,-4,-3.8,1.01,-2,-0.02,-11.14,-0.04,-5.28,-9,-11.54,-12,-4.2,-6.16,-2,,-0.32,-0.8,7,4.5,-3,,,47,26/10/02,50,10
Louisiana Tech,Oklahoma St.,1,0.17,4.05,1.02,10.03,4.42,27.66,-9.03,0.16,-1,-3,5,6.5,6.5,0.17,6.53,0.51,1.7,1.57,-3.96,-9,-7.2,-0.05,5,,,,,,,,,,-7,,,,2,1.5,2,,,36,31/08/02,39,2
Louisiana Tech,Tulsa,21,22.71,18.31,26.77,26.76,17.06,40.5,25.43,25.97,30,18.1,20,29.44,21,19.56,25.59,28,25.18,23.56,27.12,24,25,18.48,21,3.94,,,,,,23,27.2,,26,,,,23,19,27,,,9,14/09/02,53,4
Louisiana Tech,UTEP,22.5,16.98,11.63,14.08,29.49,15.73,,15.05,12.72,18,15.7,17,14.52,16,21.67,16.07,31,18.48,16.09,14.28,22,21.8,23.76,13,16.64,6.82,21.17,8.85,12.44,14.42,17,18.5,13.16,20,9.53,11.43,11.6,22,24,17,14,10.62,24,23/11/02,38,14
Louisiana-Lafaye,Arkansas St.,3,5.46,3.06,4.25,6.02,0.97,,2.91,2.47,5,3.1,2,6.17,-1,8.35,6.09,10,,3.09,1.76,12,4.9,0.25,-7,0.35,1.06,11.32,1.9,1.95,1.21,1.5,4.7,0.3,13,-1.54,0.67,1.2,2,3,4,-2,0.81,10,09/11/02,13,12
Louisiana-Lafaye,Idaho,-1,-2.76,-2.83,-0.31,0.7,0.48,,-3.29,-4.2,-4,-4,-0.25,4.51,-2.5,-1.25,5.59,-2,,-1.26,1.96,-7,2.5,-10.1,-2,-1.96,-4.72,-4.47,3.45,-6.61,-5.52,2,-2.8,3.02,11,,0.97,-7,0,,1,-11,,28,02/11/02,31,11
Louisiana-Lafaye,Minnesota,-13,-10.89,-13.63,-22.43,-13.81,-12.86,-6.1,-20.49,-7.91,-7,-24.5,-13,-12.82,-16,-14.13,-14.9,-20,,-17.44,-16.64,-39,-23,-25.74,-12,-9.35,,,,,,-22,-24.8,,-23,,,,-25,-14.5,-20,,,35,07/09/02,11,3
Louisiana-Lafaye,North Texas,-4,-3.1,-5.36,-2.56,-4.71,-5.1,,-5.32,-5.1,-4,-2.9,-1,2.16,-2,-2.6,1.54,-2,,-3.03,-2.15,-3,-3.4,1.49,-2,0.32,-1.98,-1.26,-2.73,-6.12,-7.22,-4.5,-4.4,-4.61,-3,,7.45,-8.1,-5,-3.5,-5,,,27,26/10/02,0,10
Louisiana-Lafaye,UAB,-7.5,-6.5,-8.07,-16.17,-11.37,-11.59,-13.9,-16.74,-7.86,-1,-12.7,-9,-5.85,-12,-5.23,-20.28,-16,,-7.93,-13.63,-7,59,-15.36,-1,-14.02,,,-8.35,,,,-20,,-16,,,,-13,-7.5,-11,,,0,21/09/02,34,5
Louisiana-Monroe,Arkansas St.,3,2.59,3.77,5.95,0.84,-0.57,5.94,5.57,-1.34,3,-1.6,-3,16.55,-1,6.68,3.45,1,8.66,5.43,13.01,22,11.6,-6.28,6,-0.7,,,12.65,,,12.5,2.9,,6,,,,9,3.5,6,,,33,21/09/02,21,5
Louisiana-Monroe,Idaho,-10.5,-14.08,-9.79,-14.67,-13.68,-7.34,,-17.37,-11.75,-12,-15.2,-15,-19.03,-14,-14.5,-13.26,-25,-16.98,-15.92,-17.97,-49,-23.4,-33.63,-2,-2.6,,,-17.87,,-15.53,-4,-22.4,,-11,,,,-18,-14,-17,,,14,12/10/02,34,8
Louisiana-Monroe,Louisiana-Lafaye,-4,-2.06,-2.12,-1.86,-1.44,-1.59,,-9.58,-0.93,-5,-5.4,-4,2.32,-4.5,-3.23,4.92,-7,-5.97,-3.46,-1.82,-7,-10.8,-4.91,-6,-0.85,-0.43,-3.95,-1.13,-0.77,-1.52,-4.5,-9.1,-1.26,-3,-3.53,-1.1,-1.8,-6,-3,-5,-5,-1.18,10,23/11/02,34,14
Louisiana-Monroe,Tulane,-13.5,-9.8,-4.3,-13.97,-15.19,-12.08,,-12.93,-12.28,-7,-11.5,-11,-14.56,-14,-7.36,-11.98,-17,-11.02,-12.4,-16.4,-30,-9.7,-22.49,-1,-7.08,,,-13.41,,,-10.5,-10.9,,-13,,,,-15,-13,-16,,,52,05/10/02,9,7
Louisiana-Monroe,Utah St.,-6,-6.55,-2.88,-2.24,-5.75,-2.9,,-11.85,-3.77,1,-6.8,-9,-1.31,-8,-6.09,-3.25,-16,-2.54,-5.88,-3.72,-23,-11.4,-5.84,-2,-5.24,-11.54,-3.57,-2.49,-4.87,-4.5,-7.5,-10.9,-3.51,-15,,8.61,8,-16,-8,-11,,,48,26/10/02,51,10
Louisville,Cincinnati,9,9.66,12.61,8.21,9.74,12.03,,8.49,10.42,14,11.5,11,12.99,10,8.75,10.76,9,9.92,10.57,9.91,3,7.9,10.29,17,19.41,5.63,8.67,8.21,10.7,12.05,8.5,10.5,10.77,10,9.93,10.47,9.9,12,8.5,15,7,10.78,24,07/11/02,14,12
Louisville,East Carolina,14.5,14.66,15.93,15.08,15.3,17.98,,15.54,16.2,18,15.3,19,12.44,16,13.9,7.56,12,15.02,15.76,13.75,9,13.3,19.3,15,23.45,8.52,15.16,13.07,18.89,19.64,19,13.8,14.97,17,,17.61,17.4,15,15,16,,,20,26/10/02,44,10
Louisville,Florida St.,-15,-11.48,-16.56,-10.99,-13.7,-10.27,,-10.83,-16.37,-7,-14.4,-12,-15.26,-14.5,-6.29,-20.79,-12,-8.62,-11.06,-9.91,-9,-11.2,-9.99,-14,-5.17,,,-7.62,,,-20.5,-14,,-3,,,,-6,-16,-9,,,20,26/09/02,26,6
Louisville,Kentucky,13.5,11.58,16.87,9.59,21.36,24.5,59.54,12.46,11.58,28,15,23,13,19,11.58,12.24,1.15,20.42,18.06,8.91,9,11.3,19.63,18,,,,,,,,,,10,,,,22,14,19,,,22,01/09/02,17,2
Louisville,TCU,12.5,12.11,4.46,13.17,6.65,8.67,,13.97,13.79,15,10.5,13,12.19,9,13.82,8.66,11,16.45,12.45,14.84,16,12.5,16.37,6,8,10.95,14.82,12.62,11.78,17.87,15,16.1,,14,,5.31,,15,11,16,,,45,19/10/02,31,9
Louisville,UAB,18.5,18.63,16.6,18.22,16.3,16,,15.94,15.4,25,15.4,19,12.77,16.5,22.13,10,21,17.65,18.55,13.7,18,87.3,25.55,12,8.93,8.11,20.96,13.7,15.89,19.9,18,13.1,14.69,22,12.88,12.69,13.9,20,18.5,16,14,16.38,21,23/11/02,41,14
Marshall,Ball St.,8,7.94,9.1,7.72,11.67,12.79,11.39,9.02,5.97,16,11.8,12,8.4,9,9.78,14.57,15,16.86,10.03,2.1,3,11.7,11.86,10,13.58,6.2,,2.91,6.93,6.28,10.5,9,7.97,15,11.24,11.17,11.7,17,9,12,10,11.41,14,30/11/02,38,15
Marshall,Buffalo,31,28.59,30.77,31.4,25.86,22.74,,28.76,33.95,32,26.7,32,31.66,30,24.05,37.49,30,40.67,30.49,29.15,14,30.7,37,21,37.61,,,35.52,,33.52,42,30.5,,28,,,,32,33.5,33,,,21,12/10/02,66,8
Marshall,Central Florida,10,8.96,17.82,11.71,13.52,11.83,32.92,8.09,8.46,11,5.1,15,21.28,15,9.43,21.02,9,14.95,12.91,9.82,13,11.5,12.68,15,18.68,,,-9.65,,,24,14.4,,8,,,,11,9,15,,,21,20/09/02,26,5
Marshall,Louisville,2.5,0.55,2.79,-3.14,1.71,1.71,9.23,2.85,5.26,5,-2.9,2,3.74,5,-4.19,4.61,,0.14,3.55,2.31,-6,4.5,-4.9,10,33.94,5.35,-1.87,-0.77,3.7,0.3,7,10.9,5.7,1,6.29,6.61,0.2,1,1.5,7,6,5.92,15,17/12/02,38,18
Marshall,Miami (Ohio),1,-5.23,-4.61,-2.95,1.45,1.84,,-4.23,-8.29,-3,-4.5,-0.25,-2,-5,-2.14,10.17,1,6.25,-3.53,-8.46,-10,-3.6,-3.86,-2,4.6,-2.51,-3.61,-6.64,-7.89,-11.29,-4.5,-4.6,-6.92,,-4.19,-4.79,-7.9,4,1,1,-3,-4.31,34,16/11/02,36,13
Marshall,Toledo,4.5,-1.36,0.86,-1.61,-1.3,-1.47,-4.98,0.08,-0.83,1,-0.2,1,-1.06,-2,-1.84,5.18,1,0.29,-0.57,-2.5,,-0.7,1.87,3,4.6,0.63,-5.85,-3.5,-1.21,-2.64,-0.5,0.3,0.09,-4,0.86,0.3,0.5,2,4.5,1,,-0.6,45,07/12/02,49,16
Marshall,Troy St.,19.5,23.75,27.84,19.48,23.46,23.39,,17.93,31.53,36,25.4,21,22.7,18,19.67,27.76,21,21.1,23.23,18.27,19,27,27.09,16,21.86,14.39,25.07,16.35,32.4,32.48,26,21.5,,19,,30.39,,18,20,24,,,7,19/10/02,24,9
Maryland,Akron,21,16.14,16.05,21.77,24.98,22.82,46.23,27.51,14.61,18,27.4,22,19.22,14.5,17.63,19.44,26,18.44,19.97,18.49,-17,25.9,13.67,20,18.28,,,,,,13,20.7,,31,,,,20,23,28,,,14,07/09/02,44,3
Maryland,Eastern Mich.,35,27.32,29.09,34.34,32.35,25.78,51.6,35.96,23.48,26,40.2,27,33.62,21.5,31.95,39.24,39,43.86,31.02,26.78,9,42.4,35.38,27,26.97,,,33.05,,,13.5,35.5,,40,,,,28,35,36,,,3,21/09/02,45,5
Maryland,Florida St.,-14,-14.02,-14.25,-7.39,-6.83,-7.35,4.52,-14.65,-14.74,-13,-14.6,-7,-13.92,-14,-13.41,-5.88,-6,-13.4,-10.11,-5.32,-7,-6.6,-23.16,-7,4.5,,,,,,-20,-11.2,,2,,,,-14,-13.5,-11,,,37,14/09/02,10,4
Maryland,Georgia Tech,1.5,2.08,7.32,1.98,-0.6,-0.26,,3.21,6.57,-2,4.5,5,5.62,2,-0.66,7.45,1,4.31,4.32,6.49,10,12.4,-7.27,8,3.79,12.14,-0.62,2.64,5.93,9.13,3.5,8.6,,-1,,4.09,,9,1.5,8,,,10,17/10/02,34,9
Maryland,NC St.,6.5,3.37,5.33,5.8,4.02,3.83,,7.94,0.78,9,3.7,6,-0.26,1.5,5.59,-3.24,8,15.33,4.49,7.42,11,14.1,-0.56,1,-1.99,5.08,5.37,3.19,0.7,3.37,-2.5,13.5,0.66,8,0.54,-0.87,-0.5,8,5.5,8,-3,1.83,21,09/11/02,24,12
Maryland,Tennessee,1,3.4,3.79,3.49,1.98,1.98,5.95,-1.85,3.97,8,-1.1,3,-0.18,5,2.91,-0.98,,-6.27,1.73,1.35,-1,-3.9,2.45,6,-4.87,4.74,3.92,1.24,3.15,2.63,6,-5.1,3.25,-1,2.63,4.3,0.8,1,0,-3,4,3.74,3,17/12/02,30,18
Maryland,Wake Forest,13.5,12.22,11.72,11.45,12.59,12.48,19.68,12.53,12.08,21,12.3,15,7.96,14.5,12.38,3.24,15,7.67,12.74,10.77,12,14.4,9.07,16,9.39,12.94,,6.1,12.88,13.41,11.5,9.6,12.79,15,14.59,12.66,13.7,18,13.5,10,12,15.49,14,30/11/02,32,15
Memphis,Army,14.5,14.65,13.1,15.07,14.43,12.38,,9.63,13.53,12,8.1,19,15.55,16,16.11,26.25,17,14.91,12.48,7.95,16,13.2,12.3,6,12.98,4.75,13.22,16.63,13.24,20.82,13.5,9.9,14.05,19,8.91,4.2,4.2,15,12.5,8,14,8.39,10,23/11/02,38,14
Memphis,Houston,6,5.08,0.21,5.62,5.7,1.21,,6.55,3.27,-1,1.8,5,5.77,3.5,7.03,3.87,8,15.8,4.44,2.76,11,7.5,3.56,-2,2.66,-2.51,2.16,3.12,1.67,5.39,6,4.7,2.62,14,,-4.2,-4.4,11,,7,4,,26,02/11/02,21,11
Memphis,Louisville,-11,-10.44,-14.89,-15.83,-10.29,-9.57,,-13.67,-14.99,-27,-15.6,-8,-14.11,-9,-10.37,-12.81,-14,-5.37,-14.37,-22.22,-20,-12.6,-21.94,-8,-14.4,,,-16.55,,-17.46,-14.5,-22.7,,,,,,-10,-11,-14,,,38,08/10/02,32,8
Memphis,Mississippi St.,2,2.44,3.5,6.83,11.96,8.35,,5.94,3.74,9,-1,6,0.05,2,4.74,-3.8,5,12.14,4.02,8.12,9,4.7,6.53,-2,-0.66,-13.34,5.39,10.68,-2.93,8.08,7.5,-2.9,,2,,0.66,,5,1.5,3,,,29,19/10/02,17,9
Memphis,Tulane,7.5,1.3,4.2,5.17,8.07,5.18,7.84,8.04,0.43,-22,3.5,6,4.01,1.5,2.21,14.23,4,6.69,4.8,-3.31,16,9.8,6.47,5,7.97,,,3.65,,,,4.2,,15,,,,9,8,9,,,10,21/09/02,38,5
Miami (Fla.),Boston College,26,18.8,14.21,28.07,31.21,24.18,13.58,31.31,15.45,22,20.1,17,29.97,25,21.69,17.48,32,43.17,24.33,30.04,17,33.9,22.63,20,14.18,,,26.05,,,24.5,26.9,,30,,,,32,28,24,,,6,21/09/02,38,5
Miami (Fla.),Connecticut,44,35.87,34.85,49.26,36.09,31.96,,48.27,41.15,41,52.1,31,40.49,34,31.03,45.64,49,62.49,43.59,48.87,24,52.8,42.62,32,46.56,,,57.71,,,60,50.3,,44,,,,59,46,46,,,14,05/10/02,48,7
Miami (Fla.),Florida St.,13,6.99,3.17,16.07,6.1,2.88,,17,2.06,11,9.6,10,14.18,9,4.87,16.9,20,17.11,11.93,20.65,2,19.2,12.12,4,17.9,,,19.2,,13.76,16,20.2,,18,,,,16,14,13,,,27,12/10/02,28,8
Miami (Fla.),Ohio St.,12.5,5.7,1.46,6.31,1.39,1.39,-4.95,8.57,1.07,6,8.8,-0.25,6.71,-1,7.5,4.68,,13.1,4.92,7.05,1,8.3,7.43,-1,31.53,1.29,8.21,3.77,0.74,4.98,3.5,8,-0.84,6,-0.88,1.26,4.4,10,12,10,1,0.66,31,17/12/02,24,18
Miami (Fla.),Pittsburgh,20.5,19.95,14.4,21.35,14.07,14.15,,17.8,21,26,19.9,18,20.54,12.5,19.49,18.52,25,21.67,18.38,17.39,13,18,21.99,15,22.44,11.8,19.81,13.23,21.75,26.23,20,15.8,18.19,15,13.11,13.33,14.9,26,18.5,34,17,11.63,21,23/11/02,28,14
Miami (Fla.),Virginia Tech,18,18.42,13.39,16.92,18.08,13.43,15.41,18.27,23.4,26,21,20,19.81,15.5,14.72,22.57,17,27.16,19,16.42,10,19.7,15.22,22,36.36,19.92,16.65,12.12,23.88,23.6,20,18.6,21.46,18,15.39,16.7,21,24,17.5,20,24,11.43,45,07/12/02,56,16
Miami (Ohio),Central Florida,3.5,13.04,10.97,8.89,9.64,10.13,,8.49,16.24,17,10.9,14,8.8,14.5,9.63,8.25,6,3.01,11.19,10.69,5,11.3,9.97,8,9.29,6.3,10.84,7.2,15.16,14.11,17.5,9.3,14.09,10,14.12,15.36,16.9,6,6,12,11,13.12,48,23/11/02,31,14
Miami (Ohio),Iowa,-4.5,4.58,-4.12,-1.21,-6.34,-2.83,-7.96,-8.85,8.55,-1,-15.9,1,-0.2,5,0.76,2.91,-7,-11.67,-2.57,-2.1,8,-11.5,2.96,-3,1.67,,,,,,7.5,-8.1,,-11,,,,-5,-5,-6,,,29,07/09/02,24,3
Miami (Ohio),Kent,11,14.4,10.13,14.9,7.89,5.79,-0.77,10.87,14.87,6,4.7,9,16.7,11,13.99,13.62,15,7.32,11.06,15.39,5,15.8,15.35,3,5.78,,,30.65,,,17.5,11.4,,9,,,,10,13,13,,,20,21/09/02,27,5
Miami (Ohio),Northern Ill.,8.5,11.57,7.17,10.3,13.11,11.64,,7.31,9.06,8,5.4,14,8.86,11.5,10.8,6.37,9,9.76,9.73,6.5,7,12.9,6.52,14,8.41,,,9.69,,11.7,6.5,11,,12,,,,6,7,12,,,48,12/10/02,41,8
Miami (Ohio),Ohio,17,19.78,18.29,20.99,15.96,17.72,,15.42,20.19,26,15.9,24,16.43,22.5,19.89,15.11,16,17.6,18.67,16.13,19,20.5,18.91,16,16.74,8.37,16.48,15.81,18.42,27.18,21,20.5,16.71,20,,12.89,15.6,23,,19,19,,20,02/11/02,38,11
Michigan,Iowa,3.5,5.34,3.36,1.15,-1.88,-0.61,,-1.65,5.25,1,4.7,5,-0.59,5,3.79,3.81,5,4.91,2.01,-1.39,-2,-0.7,4.3,2,3,3.67,2.42,-0.96,5.28,1.21,1.5,-4.3,4.78,3,,4.6,1,2,4.5,2,,,34,26/10/02,9,10
Michigan,Michigan St.,15.5,17.56,15.31,16.5,20.69,18.98,,14.27,22.08,29,14.5,17,17.93,18,15.1,15.46,18,18.24,17.67,16.14,8,17.4,15,18,16.78,18.58,17.14,12.7,20.43,20.43,22.5,15.5,19,19,,20.69,19.9,16,,17,22,,3,02/11/02,49,11
Michigan,Penn St.,4.5,3.88,1.2,5.25,3.23,3.99,,1.46,0.9,4,5.5,7,2.99,9,3.69,5.04,8,15.23,3.26,1.89,4,-0.5,8.6,4,0.35,,,4.66,,1.27,-3.5,-4.2,,-5,,,,5,4.5,4,,,24,12/10/02,27,8
Michigan,Utah,10,9.62,11.79,7.83,5.74,5.88,9.66,4.51,10.88,2,5.3,11,7.35,10.5,8.27,14.7,6,6.92,6.13,5.57,-26,6.5,11.51,16,7.95,,,-17.25,,,7.5,7.4,,13,,,,6,10.5,10,,,7,21/09/02,10,5
Michigan,Washington,5.5,5.67,2.47,9.2,12.39,9.1,7.6,0.28,5.67,7,5,6,6.2,7,5.67,9.34,0.87,11.04,6.72,2.83,4,7.7,8.66,11,,,,,,,,,,13,,,,7,6.5,0,,,29,31/08/02,31,2
Michigan,Western Mich.,22.5,25.34,21.55,21.28,16.27,15.36,28.65,24.06,29.91,18,30.7,22,18.77,15.5,21.41,24.08,21,19.83,21.26,18.51,-10,24.8,34.42,27,21.52,,,,,,12.5,23.5,,28,,,,19,24.5,25,,,12,07/09/02,35,3
Michigan,Wisconsin,11,11.67,10.26,9.18,12.79,12.28,,12.16,13.81,19,12.2,13,12.73,14,9.7,9.76,11,21.4,13.18,11.26,8,14.2,9.83,18,17.77,19.92,11.16,6.75,14.68,13.23,13.5,12,14.58,4,14.65,14.61,15.4,13,11.5,14,8,16.71,14,16/11/02,21,13
Michigan St.,California,13.5,5.13,3.62,14.68,17.36,19.44,34.73,10.87,6.22,-10,10.6,14,-1.73,14.5,3.81,17.25,13,13.06,10.91,9.82,4,13.8,11.17,6,5.28,,,,,,9,8.2,,24,,,,18,14.5,18,,,46,14/09/02,22,4
Michigan St.,Eastern Mich.,37,30.94,26.51,35.71,23.59,20.2,41.2,41.52,30.94,28,44,29,37,26,30.95,39.95,3.22,46.08,34.21,30.74,33,46.5,36.92,35,,,,,,,,,,42,,,,34,38,37,,,7,31/08/02,56,2
Michigan St.,Minnesota,3.5,0.84,3.06,1.42,0.1,-0.44,,1.35,1.38,-6,2.7,-0.25,2.95,-2,1.81,9.87,4,0.47,0.22,2.23,-1,1,2.87,-2,-5.07,-0.32,-1.77,0,2.04,3.37,-9,2.3,,5,,-4.16,,0,3.5,4,,,28,19/10/02,7,9
Michigan St.,Northwestern,23,7.93,9.41,13.07,19.03,16.58,,20.15,0.37,18,12.8,16,11.91,11.5,15.44,7.39,20,14.46,15.38,6.4,35,27.7,23.75,13,14.72,,,2.18,,,4,19.4,,33,,,,16,20.5,18,,,24,28/09/02,39,6
Michigan St.,Notre Dame,2.5,-14.1,-14.35,-4.53,-6.94,-4.66,3.93,-8.87,-20.32,-24,-11.7,-9,-13.34,-5,-8.58,-7.52,-3,-8.66,-9.31,-11,-9,-6.2,-7.31,-7,-7.09,,,-20.05,,,-20,-10.7,,1,,,,1,0,-5,,,21,21/09/02,17,5
Michigan St.,Purdue,-3,-3.82,-0.52,-6.11,-4.31,-4.53,,-6.66,0.07,-9,-0.5,-2,-4.56,-3.5,-8.23,2.56,-4,0.82,-3.6,-5.73,-11,-7.7,-9.95,-1,4.46,0.56,-5.63,-4.72,0.88,-3.55,-6,-8.3,1.32,-7,1.91,2.14,1.1,-7,-3,-6,-3,-2.02,45,16/11/02,42,13
Michigan St.,Rice,28,22.56,32.11,24.95,19.53,13.02,12.77,34.78,20.57,46,29.1,22,31.79,15,25.11,26.65,30,30.64,26.22,24.48,22,38.9,31.4,24,22.82,,,,,,13,37.2,,24,,,,33,23.5,31,,,10,07/09/02,27,3
Michigan St.,Wisconsin,-4,-4.03,-7.37,-4.16,-8.91,-7.37,,-7.43,-4.28,-14,-4.1,-2,-3.67,-4,-3.83,-4.22,-4,-1.8,-5.45,-5.14,-2,-8.6,-6.66,-4,0.78,-2.39,-5.38,-3.51,-4.68,-5.12,-13.5,-8.8,-2.42,-5,,-6.33,-9,-5,-1.5,-6,,,42,26/10/02,24,10
Middle Tenn.,Louisiana-Lafaye,9.5,2.97,-1.49,0.43,13.02,5.16,,11.91,0.45,9,9.1,4,-2.61,8,5.59,0.35,16,,3.15,-5,-7,2.1,11.25,5,13.31,-1.57,10.39,-8.5,-2.95,-10.99,-6.5,-3.1,,2,,2.56,,14,11.5,14,,,35,19/10/02,48,9
Middle Tenn.,Louisiana-Monroe,15.5,7.27,3.27,9.15,17.39,8.17,,19.24,1.17,22,14.2,13,8.43,10.5,13.51,1.58,26,,9.51,9.37,8,16.8,20.02,6,3.37,0.44,18.87,3.73,-0.68,1.19,6.5,12.1,0.23,13,3.47,3.78,3.4,24,15.5,17,4,5.39,28,16/11/02,44,13
Middle Tenn.,North Texas,-2.5,-7.46,-8.59,-5.41,-2.99,-7.7,,-4.49,-10.51,-7,-4.4,-6,-4.9,-7.5,-4.34,-3.85,2,,-7.05,-4.68,-12,-7.6,-4.69,-8,-7.27,-8.97,-1.09,-7.03,-11.31,-11.82,-12,-6.5,-10.34,-4,-11.08,-7.99,-9.9,1,0,-3,-12,-10.17,30,23/11/02,20,14
Middle Tenn.,Utah St.,6.5,0.27,-1.51,4.13,10.26,5.53,-8.69,5.29,-4.51,11,2.3,1,2.19,-0.5,5.09,0.21,9,,0.41,3.29,1,4.6,7.88,-3,-5.02,-17.21,,0.15,-5.35,-2.22,-3.5,1.8,-4.58,5,-4.08,-0.81,-1.4,4,6,3,-5,-1.47,28,30/11/02,45,15
Minnesota,Buffalo,31,25,24.19,29.69,28.27,23.13,21.66,30.17,26.22,36,29.7,24,30.38,25,23.84,25.77,28,39.52,28.39,29.1,31,36.1,35.95,18,32.31,,,3.45,,,36.5,35.3,,28,,,,36,32,28,,,17,21/09/02,41,5
Minnesota,Illinois,3.5,9.09,8.67,5.8,17.3,16.17,,4.85,12.72,24,4.2,14,17.49,11,4.77,12.12,1,7.99,10.22,10.52,6,6.7,2.13,11,16.51,,,6.94,,,20.5,8.4,,4,,,,11,3.5,4,,,10,03/10/02,31,7
Minnesota,Iowa,-10.5,-10.74,-10.27,-9.11,-18.68,-15.02,,-17.13,-10.58,-20,-10.1,-11,-9.01,-14,-10.95,-9.11,-10,-17.29,-12.56,-11.83,-12,-18.7,-14.65,-13,-6.88,-13.22,-9.76,-7.22,-10.33,-12.53,-13,-24.3,-9.37,-11,-9.82,-9.53,-10.3,-12,-8.5,-14,-18,-12.1,45,16/11/02,21,13
Minnesota,Michigan,-6.5,-4.16,-5.29,-0.53,1.6,-0.37,,-5.62,-4.2,-4,-5.4,-1,-2.88,-2.5,-4.74,-6.54,-5,-8.33,-3.68,-0.26,-4,-7.6,-7.3,-3,2.2,-5.03,-3.17,-2.19,-5.24,-4.84,1,-9.6,-3.65,-4,-4.01,-2.6,-3.7,-2,-5.5,-6,-8,-6.47,41,09/11/02,24,12
Minnesota,Northwestern,16.5,12.24,10.46,15.9,28.23,23.8,,15.85,7.46,29,10.9,20,16.75,16.5,15.16,6.63,21,21.46,17.58,13,25,20.2,16.44,18,22.06,,,10.27,,8.62,25,15.3,,24,,,,19,17.5,14,,,42,10/10/02,45,8
Minnesota,Toledo,7,1.86,3.59,6.67,-0.64,-0.73,-19.95,8.04,3.09,-1,5.2,8,7.74,-2,0.35,6.15,-1,0.18,2.57,4.81,6,6.1,6.73,3,1.91,,,,,,-9,3.9,,12,,,,7,8.5,4,,,21,14/09/02,31,4
Mississippi,Arkansas St.,29,26.65,27.07,31.33,29.04,23.24,,31.96,27.94,34,27.1,23,36.73,19,27.12,35.65,34,40.27,29.81,28.83,40,40.6,29,15,25.05,,,31.56,,35.63,30.5,30.3,,34,,,,29,29,31,,,17,12/10/02,52,8
Mississippi,Auburn,-2.5,-2.68,-1.66,-4.28,-3.61,-5.25,,-6.95,3.43,-3,-3.3,-2,1.08,-1.5,-7.45,3.1,-8,-10.34,-2.95,-3.38,-16,-13.2,-7.84,1,3.57,-2.37,-5.1,-1.59,2.88,-0.36,-5,-9.2,9.45,1,,12.18,2.5,-7,,-6,-1,,31,02/11/02,24,11
Mississippi,Florida,-13,-10.31,-10.38,-14.67,-6.85,-3.52,,-21.94,-11.56,-21,-21.4,-7,-15.59,-12.5,-9.18,-17.79,-22,-20.52,-14.73,-18.53,-26,-20.2,-13.41,-8,-10.03,,,-17.26,,,-15,-22,,-12,,,,-19,-14,-15,,,14,05/10/02,17,7
Mississippi,Louisiana-Monroe,33.5,30.21,23.54,33.34,24.85,24.02,24.99,33.23,30.21,26,41,29,27.8,27.5,30.21,27.69,3.22,43.38,30.85,24.63,36,36.9,38.64,20,,,,,,,,,,37,,,,34,35,33,,,3,31/08/02,31,2
Mississippi,Memphis,8,8.33,7.37,12.01,9.76,7.95,15.54,6.3,10.43,12,9.5,10,7.92,10.5,5.98,12.1,4,1.21,8.46,9.2,1,3.7,10.02,12,14.39,,,,,,13,2.9,,9,,,,2,9.5,8,,,16,07/09/02,38,3
Mississippi,Mississippi St.,9.5,12.85,13.01,12.72,16.5,16.21,20.56,7.91,13.88,21,13.2,15,14.78,13,11.8,8.43,10,10.13,13.32,12.34,12,11,14.24,11,9.5,9.27,,10.59,14.34,16.71,15.5,10.1,13.61,11,14.35,15.38,17.4,10,9.5,10,10,15.2,12,28/11/02,24,15
Mississippi,Vanderbilt,21,6.35,12.68,14.63,23.01,21.31,34.47,24.89,5.58,6,18.3,19,17.73,17.5,7.14,19.59,18,16.5,15.77,11.58,6,15.3,35.79,17,22.69,,,-17.15,,,21,21.4,,19,,,,14,21,14,,,38,21/09/02,45,5
Mississippi St.,Arkansas,-11.5,-16.29,-16.43,-17.94,-29.21,-24.75,,-12.31,-15.79,-26,-15.8,-16,-13.6,-16.5,-16.84,-8.46,-15,-7.14,-17.35,-14.72,-20,-11.3,-20.07,-14,-12.64,-22.81,-18.24,-15.23,-17.11,-22.48,-25.5,-11.7,-14.94,-18,-18.47,-20.06,-22.7,-8,-11,-12,-20,-22.75,26,23/11/02,19,14
Mississippi St.,Auburn,-2.5,-5.52,-7.79,-2,-7.02,-7.68,-17.25,3.27,-2.8,-25,-2.4,-2,-5.81,-1.5,-9.35,3.38,-7,-1.89,-6.3,-3.74,-36,-0.9,-9.82,-10,-1.86,,,-3.55,,,-1.5,-1.1,,-2,,,,3,-1,-8,,,42,19/09/02,14,5
Mississippi St.,Kentucky,-4.5,-5.45,-10.02,-11.31,-14.08,-10.32,,-8.23,-9.04,-13,-10.2,-6,-11.97,-6.5,-5.45,-5.53,-8,-0.57,-9.64,-9.05,-16,-11.4,-13.41,-10,-6.31,-3.31,-12.09,-10.38,-10.9,-16.26,-10.5,-12.7,-8.57,-14,,-14.39,-13.3,-1,,-6,-11,,45,02/11/02,24,11
Mississippi St.,Tennessee,-8,-9,-10.25,-9.52,-11.15,-9.24,,-11.03,-10.36,-13,-13.6,-7,-10.76,-6,-7.67,-9.26,-12,-10.01,-10.53,-9.43,-13,-9.6,-7.79,-10,-9.28,-9.56,-9.81,-7.21,-12.39,-17.01,-9,-11.5,-11.03,-13,-11.15,-13.07,-15.3,-8,-8,-10,-11,-12.76,35,16/11/02,17,13
Mississippi St.,Troy St.,10.5,12.88,11.58,5.81,-7.04,-3.31,,7.47,16.87,5,14.5,6,13.07,6.5,12.93,19.24,4,7.24,7.4,-1.22,14,17.1,9.75,5,-1.72,,,-2.09,,8.28,4,10.1,,7,,,,9,10.5,11,,,8,12/10/02,11,8
Missouri,Ball St.,15.5,21.78,17.79,18.83,4.5,6.96,10.47,14.27,23.38,17,23.6,13,14.55,13,20.3,10.39,17,16.98,14.98,15.61,10,19,15.73,11,15.43,,,,,,7,19.2,,14,,,,14,17.5,12,,,6,07/09/02,41,3
Missouri,Colorado,-4.5,-4.74,-6.93,-3.44,-5.93,-2.17,,-7.64,-8.89,-6,-9.5,-4,-7.69,-5,-0.78,-9.64,-3,-9.45,-7.17,-5.89,-10,-6.6,2.28,-7,-6.29,-16.38,-0.86,-6.76,-11.88,-13.09,-8.5,-8.6,-9.58,-3,-9.78,-10.81,-12,-6,-3.5,-6,-9,-11.92,42,09/11/02,35,12
Missouri,Kansas,22,18.6,17.65,23.47,25.31,24.43,,22.9,16.49,35,19.8,24,22.13,19,21.55,15.13,31,25.69,21.88,21.37,33,25.5,31.36,16,20.46,9.53,25.7,16.01,16.85,27.23,24.5,19.6,16.94,28,,18.16,18.9,16,23,21,,,12,26/10/02,36,10
Missouri,Kansas St.,-14.5,-12.05,-20.31,-10.96,-20.4,-19.18,,-16.41,-9.56,-23,-16.5,-13,-3.73,-13,-17.84,-3.04,-15,-23.93,-14.81,-8.15,-32,-12.3,-13.64,-16,-8.28,-14.98,-13.97,-11.33,-11.9,-16.61,-15,-16.3,-11.36,-14,-8.82,-11.79,-13,-24,-9.5,-10,-11,-14.94,38,23/11/02,0,14
Missouri,Oklahoma,-13.5,-6.14,-9.81,-11.62,-6.01,-1.68,,-10.69,-8.52,2,-12.7,-12,-9.56,-13,-3.46,-24.27,-13,-16.52,-10.49,-7.28,-23,-9.1,-9.59,-13,-12.68,,,-12.39,,,-10,-12.9,,-12,,,,-15,-13,-16,,,31,05/10/02,24,7
Missouri,Troy St.,10.5,14.36,20.21,11.3,16.17,17.99,,10.06,16.61,28,20.8,14,17.69,11,11.97,16.94,12,5.21,16.2,12.56,34,11.8,17.08,11,12.19,,,36.86,,,25,10.4,,19,,,,2,11.5,14,,,7,28/09/02,44,6
NC St.,Duke,24.5,24.59,26.31,25.38,20.36,24.55,,27.67,32.78,40,29.3,31,24.26,29.5,21.08,21.18,28,33.2,29.2,24.58,23,30.1,28.43,31,32.38,31.92,28.13,23.05,29.5,40.63,43,29,,28,,31.57,,33,27.5,28,,,22,19/10/02,24,9
NC St.,Florida St.,-5.5,-3.53,-4.47,-4.02,-6.53,-2.62,,-6.12,-3.98,-2,-4.8,-2,-4.37,-3,-3.1,-8.16,-5,-10.68,-4.07,-4.3,-5,-2.4,-3.07,-2,-2.57,-7.03,-1.94,-3.4,-4.64,-5.96,-3.5,-8.2,-3.29,-1,-5.09,-3.81,-4.7,0,-3,-6,-12,-3.3,7,23/11/02,17,14
NC St.,Georgia Tech,10,13.06,13.14,12.77,11.22,14.07,,13.55,20.86,23,12.3,16,13.83,17,9.13,9.22,8,15.11,14.97,13.69,6,12.5,14.7,22,16.7,16.84,14.03,7.26,17.3,20.54,23.5,9.1,21.3,10,,20.53,17.6,16,,12,25,,24,02/11/02,17,11
NC St.,New Mexico,13,11.76,14.02,11.28,8.77,7.4,1.48,7.1,11.76,10,9,13,14.2,11,11.76,11.03,1.27,9.57,9.93,9.68,12,5.3,11.12,16,,,,,,,,,,,,,4.6,11,,,,,14,22/08/02,34,1
NC St.,Wake Forest,13.5,17.73,25.83,9.57,14.43,16.96,12.4,15.93,16.46,54,20.3,14,15.49,17.5,19.17,5.69,18,17.16,18.5,14.66,34,19.6,9.38,20,3.32,,,,,,29,18.1,,13,,,,17,14.5,16,,,13,14/09/02,32,4
Navy,Army,3,5.06,8.64,7.27,-0.24,-0.24,3.63,6.69,5.7,2,2.7,6,3.89,3.5,4.56,12.48,7,2.5,4.41,2.4,6,5.6,5.83,0,3.2,6.7,4.46,10.66,5.09,11.7,-1.5,9.6,7.86,9,3.5,1.53,2.3,-1,3,0,5,1.65,12,07/12/02,58,16
Navy,Connecticut,-4,-6.03,-4.26,-6.09,-12.41,-9.82,,-5.85,-0.87,-13,-1.2,-9,-0.24,-7.5,-11.69,5.13,-10,-9.58,-6.35,-4.51,-15,-11.9,-5.22,-7,-4.74,-1.49,-8.65,-1.71,-3.02,-3.89,-9.5,-3.7,-3.62,-6,-6.07,-4.53,-4.6,-7,-4,-7,-15,-5.71,38,16/11/02,0,13
Navy,Duke,2,-0.66,1.53,1.43,-2.96,1.54,,1.76,0.53,-3,2.6,3,-1.64,1.5,-1.86,-2.48,-2,3.66,0.49,0.68,0,-5.7,0.21,3,0.83,,,0.61,,,-4,1.8,,10,,,,0,3.5,-2,,,43,28/09/02,17,6
Navy,NC St.,-16.5,-8.94,-10.06,-13.9,-21.59,-19.71,-22.63,-21.01,-10.11,-7,-15.7,-16,-13.13,-16,-7.72,-18.12,-19,-24.58,-17.14,-12.26,1,-28,-23.04,-28,-18.06,,,,,,-26,-12.1,,-19,,,,-20,-19.5,-32,,,65,07/09/02,19,3
Navy,Northwestern,3,6.01,0.68,-1.52,0.96,-0.31,-7.12,4.44,1.82,30,2,1,10.67,-5.5,9.93,-6.01,-1,3.2,2.98,12.45,18,-4.5,0.2,3,-1.03,,,13.05,,,-1.5,7.5,,-10,,,,-7,1,-6,,,49,21/09/02,40,5
Navy,Notre Dame,-28,-30.42,-34.3,-29.4,-42.61,-36.63,,-34.12,-34.44,-48,-37.7,-29,-29.25,-31.5,-27.55,-28.38,-32,-44.71,-35.4,-26.93,-28,-37.6,-35.87,-27,-38.29,-39.78,-30.65,-24.14,-39,-41.61,-46,-33.9,-40.05,-38,-38.43,-39.81,-42.4,-31,-28.5,-32,-35,-38.94,30,09/11/02,23,12
Navy,Rice,-7.5,-3.66,-1.5,-3.04,-4.87,-5.94,,-7.25,1.28,-11,-0.3,-1,-7.17,-4.5,-7.56,-3.89,-6,-22.33,-5.97,-6.47,-13,-20.7,-0.72,-1,-4.81,,,0.13,,-2.03,-6,-11.7,,3,,,,-8,-7,-11,,,17,12/10/02,10,8
Nebraska,Arizona St.,21.5,22.04,20.47,22.69,25.35,23.48,55.6,22.68,22.04,29,21,23,19.5,28,22.04,22.69,2.67,23.87,24.19,20.18,28,24.6,18.96,33,,,,,,,,,,,,,16.8,24,,,,,10,22/08/02,48,1
Nebraska,Colorado,-1.5,-4.2,-5.71,-2.9,-4.91,-0.99,-15.26,-4.9,-7.31,-8,-4.7,-4,-3.68,-6,-1.15,-3.17,2,-4.63,-5.22,-5.5,-4,-2.3,-0.08,-7,-5.49,-10.74,,-6.09,-8.06,-8.08,-6,-2.2,-6.88,2,-8.98,-9.64,-11.3,5,0,0,-4,-8.94,28,29/11/02,13,15
Nebraska,Kansas,36.5,26.24,25.75,28.41,33.91,33.52,,31.98,23.17,42,31.6,29,24.82,25,28.17,22.73,38,48.11,29.36,26.93,38,37.2,33.03,20,23.05,23.42,27.17,18.75,24.6,33.91,31.5,33.9,25.23,28,23.1,24.18,24.1,37,36.5,33,26,29.68,7,09/11/02,45,12
Nebraska,Mississippi,5,3.2,1.81,3.54,4.32,4.32,1.49,2.39,1.87,3,5.3,1,0.94,1,4.6,0.7,,6.05,2.86,3.25,3,3.9,0.24,2,0.61,2.03,3.09,1.38,1.64,3.15,4,4.8,1.51,6,0.08,-0.59,2.4,7,4,6,5,2.51,27,17/12/02,23,18
Nebraska,Missouri,8.5,8.71,6.37,8.84,8.28,6.83,,6.07,10.61,-4,9.5,7,8.04,13.5,5.72,13.72,14,6.3,5.78,-0.65,-7,4.4,-4.09,13,6.04,,,-2.02,,1.28,6,2.2,,10,,,,20,9.5,5,,,13,12/10/02,24,8
Nebraska,Texas,-3.5,-5.16,-6.2,-6.14,-13.11,-7.3,,-6.28,-11.25,-12,-8.2,-9,-7.92,-8.5,-3.7,-10.05,-4,-6.95,-8.93,-5.86,-27,-5.9,-13.61,-8,-15.51,-7.01,-8.35,-5.09,-10.44,-16.19,-11.5,-7,-7.79,-6,,-10.95,-11.4,-2,,-6,-21,,27,02/11/02,24,11
Nebraska,Troy St.,34,29.76,27.99,33.71,38.12,36.05,39.84,34.78,28.9,29,51.7,23,24.52,32.5,30.71,23.83,3.09,41.79,32.74,22.11,35,41.5,23.05,29,,,,,,,,,,38,,,,31,38,31,,,16,31/08/02,31,2
Nebraska,Utah St.,30,34.33,33.2,35.06,38.4,36.89,55.76,38.54,33.57,42,43,27,37.46,33.5,35.14,30.3,38,44.79,36,26.41,20,31.1,33.04,33,32.2,,,,,,41.5,38,,42,,,,32,32.5,38,,,13,07/09/02,44,3
Nevada,BYU,-14,-14.2,-18.37,-16.25,-17.61,-19.25,-52.38,-15.98,-15.81,-18,-26,-10,-8.92,-21,-12.71,-9.55,-22,-31.83,-18.53,-15.57,-15,-24,-16.84,-12,2.77,,,,,,-19.5,-24.3,,-23,,,,-20,-15,-16,,,28,14/09/02,31,4
Nevada,Boise St.,-18.5,-14.78,-13.38,-14.1,-13.77,-12.35,,-20.67,-12.51,-29,-18.8,-20,-11.44,-17.5,-17.21,-7.87,-17,-27.12,-17.08,-14.91,-18,-23.7,-12.5,-19,-17.61,-10.91,-15.37,-12.24,-13.29,-19.15,-17,-26.2,-14.47,-14,-14.97,-14.02,-14.4,-25,-14,-19,-26,-19.39,44,23/11/02,7,14
Nevada,Colorado St.,-11.5,-9.59,-9.44,-11.76,-10.16,-7.06,,-14.67,-9.35,-13,-15.7,-8,-9.6,-13,-9.99,-2.45,-14,-11.5,-11.73,-8.2,-13,-12.5,-15.18,-7,-10.92,,,-14.92,,,-11.5,-9.9,,-17,,,,-16,-10.5,-16,,,32,28/09/02,28,6
Nevada,Rice,7.5,16.95,22.82,6.48,4.7,-0.11,-9.51,11.1,22.52,31,9.3,13,24.4,3,11.66,23.72,7,6.69,12.24,23.36,13,8.1,2.13,10,11.27,,,35.15,,,11.5,15.1,,8,,,,5,5,14,,,21,21/09/02,31,5
Nevada,San Jose St.,5,0.58,0.91,2.13,1.44,-0.75,,1.66,-2.89,3,-3.5,-0.25,4.22,-3,3.57,7.16,4,0.66,1.03,0.72,9,5.4,5.61,-10,-1.45,2.19,5.22,-2.33,-2.69,-0.69,0,4.1,,9,,-4.07,,0,7,4,,,24,19/10/02,52,9
Nevada,UTEP,27,18.88,16.1,22,37.02,27.05,,24.7,13.27,28,18.7,23,23.89,19.5,25.58,18.16,32,35.82,21.87,21.23,30,33.7,35.39,16,15.69,12.14,27.45,13,13.88,20.71,21,24.9,13.38,27,11.47,14.01,13.4,25,26.5,25,8,17.76,17,09/11/02,23,12
New Mexico,Baylor,10,13.59,9,11.67,26.08,19.6,16.12,21.72,10.39,47,15.8,7,15.17,11.5,16.9,8.51,22,12.16,15.54,11.55,12,17.8,13.22,6,0.66,,,,,,18,23.1,,15,,,,20,7.5,13,,,0,14/09/02,23,4
New Mexico,San Diego St.,4,2.92,3.59,2.74,7.37,6.99,,8.1,4.44,10,5.3,8,4.66,7.5,1.94,3.9,6,7.49,5.67,4.26,-1,6.2,3.39,5,5.22,6.05,4.4,2.44,4.07,4.04,8.5,20.2,5.8,1,6.08,5.32,4.7,9,2.5,6,7,6.81,8,09/11/02,15,12
New Mexico,Texas Tech,-7,-4.38,-7.66,-8.11,2.23,3.56,,-11.96,-7,2,-7.7,-6,-4.94,-4,-1.66,-14.39,-3,-14,-6.37,-7.98,4,-14,-7.39,-11,-8.34,,,-3.08,,,-6,-14.1,,-11,,,,-7,-8.5,-10,,,49,27/09/02,0,6
New Mexico,Utah,-6,-2.76,-1.76,-2.53,-0.02,0.23,,-6.01,3.22,1,-2.1,1,0.35,2,-6.75,1.09,-6,-6.27,-0.94,1.59,-10,-8.1,-5.49,4,0.69,8.45,-2.45,1,2.2,-1.21,4,-6.9,3.51,-15,,7.02,8.2,-1,-6,-1,,,35,26/10/02,42,10
New Mexico,Wyoming,8,11.55,12.19,9.66,16.26,13.41,23.49,9.77,15.58,23,15,14,7.91,16,7.53,8.12,13,12.06,13.06,8.41,1,7.6,9.65,17,16.63,17.61,,6.49,15.06,13.7,14.5,8.5,16.49,7,17.47,18.32,19.9,10,8.5,9,9,15.44,20,30/11/02,49,15
New Mexico St.,Louisiana-Lafaye,12,12.11,13.59,12.99,24.97,20.79,,11.51,15.72,19,13.9,13,16.36,14.5,12.65,9.1,14,11.85,13.34,10.59,17,11.6,19.04,9,11.13,,,7.4,,11.23,10,7.2,,9,,,,10,10.5,14,,,28,12/10/02,31,8
New Mexico St.,Louisiana-Monroe,17.5,20.06,18.37,17.04,29.33,23.84,,20.67,22.04,27,22.2,24,22.66,21,20.33,18.28,25,18.08,21.72,22.04,33,27.1,27.82,13,18.71,14.14,23.87,12.12,21.34,22.93,25,22.1,,24,,17.61,,21,17.5,21,,,21,19/10/02,34,9
New Mexico St.,Middle Tenn.,6.5,11.85,16.68,9.84,14.01,14.62,,2,19.42,7,7.4,15,14.03,14,5.97,15.72,2,-3.55,10.89,8.84,5,8.9,3.08,16,15.92,18.85,0.85,8.88,21.45,20.48,19.5,7.9,17.55,13,,14.15,17.8,-3,,3,18,,21,02/11/02,24,11
New Mexico St.,New Mexico,,1.87,-5.1,-3.76,-3.32,-4.72,-11.85,-9.2,1.52,-2,-14.8,-5,-2,-5.5,2.23,-5.46,-7,-10.35,-6.21,-3.92,-18,-10.5,-16.52,-11,-7.63,,,10.35,,,,-11.3,,1,,,,-11,,-11,,,13,21/09/02,24,5
New Mexico St.,UTEP,17,15.24,15.13,15.63,29.76,21.86,,19.6,11.43,26,15.5,12,23.6,9,19.24,19.89,26,15.2,17.21,18.03,14,28,15.26,7,13.06,,,13.82,,,11,26.1,,18,,,,16,16,18,,,14,05/10/02,49,7
North Carolina,Clemson,-9,-4.73,-9.42,-6.73,-14.22,-13.86,,-4.97,-5.14,-13,-7.3,-8,-7.87,-8,-5.47,-5.65,-5,-8.28,-7.3,-3.39,-6,-3,-10.46,-7,-4.55,-8.7,-6.84,-4.72,-7.13,-8.08,-9,-5.9,-6.39,1,-9.86,-10.02,-9.6,-6,-10,-5,-12,-7.97,42,09/11/02,12,12
North Carolina,Georgia Tech,-3,-6.88,-13.55,-3.34,-24.56,-22.57,,-4.27,-5.15,-29,-9.2,-8,-12.72,-6,-8.74,-3.17,-7,-4.78,-10.3,-9.59,-22,-2.1,-7.97,-7,-1.66,,,-32.98,,,-17,-2.8,,1,,,,-2,0,-5,,,21,28/09/02,13,6
North Carolina,Maryland,-11.5,-6.76,-13.45,-10.83,-15.34,-16.08,,-14.69,-7.3,-21,-9.7,-12,-11.92,-9,-7.22,-7.61,-8,-8.38,-11.63,-10.85,-18,-16.6,-9.81,-15,-8.95,-15.27,-10.12,-9.95,-9.38,-14.29,-10.5,-15.2,-8.55,-2,,-11.11,-10.4,-12,,-11,-16,,59,02/11/02,7,11
North Carolina,Miami (Ohio),8,11.15,4.48,9.7,8.86,10.39,14.02,14.38,11.15,6,27,9,6.4,8,11.15,10.01,1.39,14.67,11.12,9.12,18,16.8,4.43,4,,,,,,,,,,17,,,,13,10,7,,,27,31/08/02,21,2
North Carolina,NC St.,-6.5,-6.97,-10.72,-8.99,-14.71,-14.31,,-5.93,-21.5,-21,-13.5,-12,-9.04,-9.5,-3.81,-10.38,-4,-7.33,-11.1,-10.97,-10,-0.9,-12.37,-13,-7,,,-16.26,,-20.56,-25,-1.4,,-7,,,,-10,-5.5,-6,,,34,12/10/02,17,8
North Carolina,Texas,-13,-2.47,-16,-9.3,-14.22,-10.67,-24.16,-13.96,-2.14,-15,-14.9,-11,-12.42,-7.5,-2.84,-11.73,-11,-14.24,-12.62,-9.37,-23,-12,-19.85,-20,2.92,,,,,,-19.5,-12.5,,-15,,,,-12,-15,-17,,,52,14/09/02,21,4
North Texas,Idaho,14,11.02,15,14.95,23.4,19.52,,16.75,12.2,21,12.3,16,17.21,13,11.71,11.8,13,14.8,14.57,15.41,18,19.9,1.55,15,11.44,11.1,11.04,12.62,12.6,15.89,17,16.5,12.48,14,15.71,10.68,11.5,16,14,16,12,16.64,0,09/11/02,10,12
North Texas,Louisiana-Monroe,17,14.94,12.34,17.01,24.87,17.83,,20.63,10.96,29,15.2,14,10.65,13.5,18.53,6.61,22,24.59,16.39,16.53,14,24.6,19.16,17,7.73,7.23,21.2,11.1,9.15,11.61,14.5,18,11.75,24,,8.01,8.5,26,,19,5,,2,02/11/02,41,11
North Texas,New Mexico St.,6.5,6.18,4.58,8.83,13.52,7.99,,11.02,3.16,11,4.3,5,9.74,3,9.06,2.27,11,14.91,6.69,8.7,11,12.7,5.97,5,2.39,4.15,8.11,4.86,2.36,5.1,2.5,11.8,1.54,8,0.11,-0.09,0.7,12,7,11,4,3.99,27,16/11/02,38,13
North Texas,South Florida,-2,0.78,0.19,-1.46,0.78,-1.75,,0.43,-0.44,-4,-1.8,-4,-5.12,-3,2.09,-5.6,-1,0.16,-3.51,-2.98,-22,-1.4,-9.43,-2,-13.51,,,-3.17,,,-5,-5.5,,-1,,,,-5,-1,-3,,,24,05/10/02,17,7
Northern Ill.,Bowling Green,-3.5,-3.38,-3.19,-2.36,3.1,0.43,,-0.35,-1.49,-3,-3.4,-7,1.55,-1,-3.06,2.12,1,-3.08,-2.78,0.63,-1,-2.1,1.03,-10,-13.56,2.65,-3.44,-1.3,-3.22,-7.7,-0.5,-2.6,-6.39,-6,-8.09,-1.4,0.1,1,-4,-2,-14,-7.03,17,09/11/02,26,12
Northern Ill.,Central Mich.,9.5,9.89,11.75,9.65,14.37,9.98,,14.65,12.05,21,13.9,11,13.85,13,8.84,11.57,17,10.6,12.55,15.38,9,12.6,15.08,11,9.42,12.08,13.11,7.22,10.2,12.91,18,11.4,,9,,17.12,,16,9.5,15,,,0,19/10/02,49,9
Northern Ill.,Kent,6,7.67,8.93,7.83,-0.21,-2.95,,7.57,8.34,10,12.5,4,8.34,6,7,6.02,11,9.54,7.94,11.23,22,7.1,9.95,-3,0.47,,,37.86,,,11.5,2.9,,-2,,,,10,7,4,,,6,28/09/02,13,6
Northern Ill.,Toledo,2,5.35,6.04,3.59,7.87,5.77,,6.3,8.76,9,5,4,9.48,7,2.2,10.25,1,-5.55,5.94,8.14,-1,5.3,5.64,6,6.06,5.13,3.99,4.41,7.62,6.63,10,8.3,7.27,6,5.49,10.41,11,4,2.5,5,3,7.79,33,23/11/02,30,14
Northern Ill.,Wake Forest,-1.5,-0.01,-2.29,-3.65,12.65,9.71,-6.77,-7.41,0,3,-11,2,-2.45,3.5,0,-4.76,-0.08,-3.76,-1.9,-0.75,-11,-2.4,-5.1,-14,,,,,,,,,,-2,,,,2,-2.5,-4,,,41,29/08/02,42,2
Northwestern,Duke,6,4.51,1.62,7.03,16.04,21.17,15,0.32,5.67,-6,1.4,9,-11.54,11.5,3.39,4.2,5,4.4,6.22,0.19,17,2.2,-0.34,3,3.61,,,,,,11,-6.4,,21,,,,17,7,10,,,21,14/09/02,26,4
Northwestern,Illinois,-14,-9,-4.81,-8.63,-15.73,-11.84,,-15.62,-2.44,-17,-9.5,-9,-3.09,-7,-15.86,4.89,-18,-18.22,-9.67,-8.6,-19,-19.2,-11.3,-9,-2.01,-2.69,-11.98,-6.17,-2.34,-6.37,-12,-19.4,-1.44,-12,-3.77,-1.72,-2.1,-16,-11,-17,-14,-6.65,31,23/11/02,24,14
Northwestern,Indiana,-2.5,-1.87,-1.45,0.21,-2.91,-2.77,,-4.48,-4.13,-4,-2.4,0.25,4.42,0,-1.57,6.06,-3,-3.28,-2.93,0.08,-4,-4.6,-2.22,-2,-8.47,-5.53,-2.25,0.51,-5.32,-2.81,-9,-7.2,-2.47,-4,,-2.52,-1.9,-5,,-3,-16,,37,02/11/02,41,11
Northwestern,Ohio St.,-25,-17.98,-21.93,-21.79,-30.27,-27.93,,-27.33,-16.97,-47,-21.4,-26,-22.1,-20.5,-19.14,-20.55,-26,-25.84,-26.66,-24.28,-33,-32.3,-25.77,-28,-23.85,,,-26.97,,,-38.5,-31.4,,-39,,,,-21,-23.5,-23,,,27,05/10/02,16,7
Northwestern,Purdue,-14,-5.39,-7.08,-8.07,-13.97,-12.92,,-9.04,-0.03,-12,-6.8,-8,-1.71,-5.5,-10.82,2.96,-13,-14.71,-8.35,-4.84,-17,-13.3,-15.84,-9,-3.97,-3.94,-11.17,-5.57,-2.27,-6.97,-15.5,-12.1,-1.3,-13,,-0.62,-7,-9,-14,-7,,,42,26/10/02,13,10
Northwestern,TCU,-6.5,0.15,-13.66,-0.88,-2.56,-1.04,-4.71,-4.14,5.32,-21,-6.8,0.25,-9.25,-0.5,-4.82,1.72,-8,-15.16,-6.71,-1.31,-21,-9.3,-21.36,-12,-5.8,,,,,,-12,-15,,5,,,,-3,-5,0,,,48,07/09/02,24,3
Notre Dame,Boston College,10,18.15,20.98,14.78,29.54,26.08,,13.84,27.71,27,20.6,18,16.18,23.5,13.36,17.01,11,14.42,18.97,13.6,8,13.1,19.97,18,23.72,29.33,16.36,12.38,27.12,23.28,29.5,13,20.3,10,,22.14,27.1,9,,14,24,,14,02/11/02,7,11
Notre Dame,Maryland,3,3.41,-2.65,-2.23,-3.8,-3.8,-28.46,-2.99,3.42,-14,0,0.25,-2.3,1,3.41,-2.3,-0.3,1.01,-2.61,-2.99,-5,-3.9,10.52,-1,,,,,,,,,,-4,,,,-2,1.5,-4,,,0,31/08/02,22,2
Notre Dame,Michigan,-3.5,2.75,0.02,1.3,4.01,0.1,-7.92,9.44,1.29,15,2.1,3,7.23,-1.5,3.78,3.86,3,1.98,3.29,6.78,17,6.5,1.09,3,4.99,,,,,,-3,7.7,,-4,,,,1,-3.5,2,,,23,14/09/02,25,4
Notre Dame,NC St.,0,2.08,3.31,-0.12,2.69,2.69,15.59,-3.68,6.18,2,3.4,4,0.91,4,-0.77,3.91,,0.52,3.47,-1.41,1,-1.9,1.53,-1,34.39,6.64,-0.95,1.8,7.52,4.76,5,-0.4,6.72,-1,8.28,6.67,7.8,-7,0,0,2,3.64,28,17/12/02,6,18
Notre Dame,Pittsburgh,7.5,15.14,17.75,10.91,16.66,18.21,,6.8,23.83,17,17.1,13,12.22,10.5,12.25,15.91,10,16.28,13.55,7.11,10,4.4,12.56,16,7.26,,,9.21,,15.03,21,5.6,,16,,,,5,7,29,,,6,12/10/02,14,8
Notre Dame,Purdue,6,13.01,11.68,9.44,9.14,5.19,3.26,12.97,15.65,25,11.6,10,13.18,5,10.1,10.56,12,14.33,10.38,11.31,11,12.6,8.21,6,15.62,,,,,,7,12.7,,8,,,,4,7,4,,,17,07/09/02,24,3
Notre Dame,Rutgers,28.5,36.92,36.69,35.17,46.69,42.44,,28.07,50.9,47,38.9,26,36.92,30.5,25.79,42.52,31,33.83,37.84,31.06,23,28.4,31.99,31,47.76,42.79,29.33,33.9,50.18,53.96,53.5,25.6,51.9,38,44.84,42.58,45.8,29,29.5,30,27,43.92,0,23/11/02,42,14
Notre Dame,Stanford,8,13.85,21.81,8.93,27.77,24.04,,16.6,19.95,10,15,24,15.41,16.5,9.31,20.4,8,16.77,15.97,7.62,19,18.5,19.44,20,14.62,,,11.14,,,24,14.9,,2,,,,11,7.5,13,,,7,05/10/02,31,7
Ohio,Akron,3,4.07,3.35,2.66,6.22,5.81,,9.37,6.64,12,7.8,5,7.56,4.5,2.74,10.72,9,0.23,5.11,4.5,-2,6.4,-0.07,4,3.18,2.1,7.76,-0.39,6.54,3.39,4,2.3,5.6,12,5.39,11.76,11.5,0,3,7,11,5.83,10,09/11/02,27,12
Ohio,Buffalo,8,5.54,0.8,5.81,1.31,-1.51,,11.39,3.98,2,6.3,-0.25,-6.42,7,7.11,-1.02,12,8.36,3.12,-1.4,-5,5,12.86,1,-0.47,,,-2.37,,,2.5,2.5,,-1,,,,9,8,7,,,32,28/09/02,34,6
Ohio,Eastern Mich.,9,3.92,-0.52,3.63,6.92,2.73,,12.65,-8.08,16,8.4,-4,11.34,0,10.79,0.19,20,2.48,3.64,0.18,4,6.7,22.62,-5,-3.54,,,-10.89,,-8.38,-7,3.3,,19,,,,3,11,8,,,27,12/10/02,55,8
Ohio,Marshall,-15,-6.9,-8.41,-5.28,-3.99,-5.21,,-3.6,-7.4,-6,-6.9,-10,-2.95,-8.5,-6.39,-5.15,-4,-14.44,-7.1,1.01,-7,-3.7,-5.15,-11,-12.43,-1.14,-2.48,-5.14,-6.98,-9,-9.5,-5.5,-9.02,-12,-10.77,-6.45,-6.9,-11,-15,-9,-14,-9.45,24,23/11/02,21,14
Ohio St.,Indiana,27.5,19.23,20.49,15.96,26.15,26.44,,20.8,20.27,33,21,24,28.28,23,18.48,26.39,21,22.09,21.99,20.69,7,22.9,25.36,18,16.42,,,24.89,,,25.5,21.8,,28,,,,17,26,25,,,17,28/09/02,45,6
Ohio St.,Kent,28,29.54,23.43,23.44,20.95,20.38,18.01,29.17,30.51,23,39.6,21,26.36,20,28.57,20.85,31,33.5,24.67,16.02,-7,31,29.09,14,14.03,,,,,,47,27.9,,26,,,,29,31,27,,,17,07/09/02,51,3
Ohio St.,Michigan,4,9.04,7.36,9.35,13.47,11.9,,8.13,14.29,17,7.3,12,10.82,15.5,6.78,14.17,6,1.39,10.46,8.81,7,7.8,11.01,14,19.75,7.08,7.73,10.22,12.95,13.21,16,9,14.97,11,8.68,9.58,9.6,9,4.5,7,13,7.36,9,23/11/02,14,14
Ohio St.,Minnesota,13.5,16.39,16.59,14.52,17.92,17.78,,13.74,25.3,22,15.3,18,19.25,20,13.35,21.25,14,7.77,16.8,13.17,10,16.2,14.72,14,15.39,17.24,14.03,14.33,22.74,25.33,22.5,19.7,20.49,19,,15.82,18.6,12,,13,36,,3,02/11/02,34,11
Ohio St.,Penn St.,4.5,9.3,9.15,9.39,6.44,8.41,,4.7,18.71,13,9.9,16,16.38,18,4.21,15.58,6,2.7,10.47,9.57,5,0.5,5.75,17,11.46,12.36,6.36,11.96,15.88,20.44,17,4.5,17.68,2,,14.79,15.9,6,4.5,5,,,7,26/10/02,13,10
Ohio St.,San Jose St.,28.5,22.07,27.04,24.58,27.25,25.93,,26.61,32.41,36,27.3,31,26.39,25.5,20.85,29.7,29,26.81,28.21,27.44,28,26.2,32.04,21,22.41,,,28.76,,38.27,40,27.9,,36,,,,28,27,26,,,7,12/10/02,50,8
Ohio St.,Texas Tech,6,8.9,8.5,5.44,2.83,6.05,-7.99,1.75,8.9,5,1,-0.25,5.1,8,8.9,2.86,0.46,-0.12,2.34,2.81,-11,0.2,-11.1,3,,,,,,,,,,,,,-3.1,5,,,,,21,22/08/02,45,1
Ohio St.,Washington St.,8,9.96,9.04,5.84,-1.93,4.82,-4.64,9.14,11.16,17,6.1,5,4.84,8,8.65,-1.85,6,12.64,6.67,8.16,-4,14.2,2.49,4,3.72,,,,,,9,13.3,,4,,,,8,8,5,,,7,14/09/02,25,4
Oklahoma,Alabama,12,12.56,15.84,9.58,21.44,20.85,28.24,10.87,8.77,15,12.2,13,18.6,13.5,16.3,14.8,13,19.32,16.14,13.84,32,12.2,14.23,18,10.58,,,,,,23,11.8,,15,,,,15,14.5,18,,,27,07/09/02,37,3
Oklahoma,Colorado,12,15.45,13.27,15.05,16.98,19.78,,13.3,-78,20,13.1,20,13.52,13.5,13.31,17.62,15,13.68,14.15,15.3,28,15,24,12,23.74,11.19,19.41,14.11,19.74,26.19,26,14.3,20.64,13,,17.26,14.2,16,,14,33,,11,02/11/02,27,11
Oklahoma,Colorado,7,4.12,1.45,2.82,8.97,8.97,0.59,4.44,1.02,6,3.1,7,2.93,7.5,7.49,-0.62,9,4.08,4.59,-1.91,13,7.2,11.32,0,23.11,-3.45,6.48,1.07,1,2.79,7.5,2.3,2.08,7,1.27,1.53,-1.8,9,6.5,3,9,2.44,7,07/12/02,29,16
Oklahoma,Iowa St.,9,6.64,6.64,3.89,10.38,9.3,,4.18,6.72,6,7.6,13,14.91,9.5,4.48,19.73,9,5.65,7.4,2.11,9,2.1,6.12,6,20.95,6.32,5.26,4.23,8.04,5.72,6.5,5.9,,3,,7.38,,9,8.5,13,,,3,19/10/02,49,9
Oklahoma,South Florida,28,20.05,23.41,23.83,17.77,20.23,,30.5,18.18,6,25.3,21,22.07,22.5,21.98,31.6,27,28.87,20.43,9.85,6,30.7,23.86,23,18.7,,,-4.84,,,22.5,25.7,,19,,,,23,29,32,,,14,28/09/02,31,6
Oklahoma,Texas Tech,13,12.9,12.68,15.65,18.88,20.77,,10.49,12.56,20,11.1,23,13.5,16.5,13.24,17.25,17,8.54,14.21,12.09,23,9.4,19.18,7,22.05,7.53,14.49,9.41,13.1,17.66,20.5,7.1,12.81,21,12.18,11.96,13.1,14,15,9,21,10.99,15,23/11/02,60,14
Oklahoma,UTEP,43,32.33,35.31,38.91,45.27,37.17,64.22,44.99,30.51,50,46,34,40.88,32,34.2,42.1,50,58.62,40.24,34.71,35,54.9,42.58,30,2.71,,,,,,35,49.8,,49,,,,42,41.5,46,,,0,14/09/02,68,4
Oklahoma,Washington St.,6.5,3.02,1.67,3.47,4.54,4.54,9.69,3.94,-0.52,7,1.6,7,2.93,7.5,6.6,0.56,,9.39,4.58,1.54,17,8.6,9.22,4,15.62,0.54,4.58,1.07,-0.94,2.19,5.5,3.3,-0.01,7,0.64,0.04,-3,8,6,6,7,1.47,14,17/12/02,34,18
Oklahoma St.,Baylor,28.5,18.82,16.97,23.55,31.27,25.59,,27.28,13.01,36,19.6,21,20.84,18,24.78,16.17,30,25.87,22.68,22.22,42,33.3,34.96,21,15.42,15.42,23.92,15.88,12.26,22.97,22.5,31.5,13.46,30,10.7,11.76,12.2,32,29.5,29,20,18.71,28,23/11/02,63,14
Oklahoma St.,Nebraska,-8,-9.3,-13.24,-6.11,-5.46,-8.89,,-4.96,-18.07,-5,-13.4,-8,-1.82,-9.5,-3.43,-5.52,-5,-5.75,-8.69,-5.92,-6,3.1,-2.49,-7,-16.69,-18.22,-6.07,-6.51,-19.63,-24.13,-23,-3.6,,4,,-17.27,,-6,-6.5,-1,,,21,19/10/02,24,9
Oklahoma St.,Oklahoma,-14.5,-16.58,-13.61,-15.76,-19.3,-17.28,-28.55,-19.1,-17.74,-26,-18.6,-22,-8.76,-23,-15.27,-8.16,-18,-18.94,-18.11,-14.17,-26,-17.3,-18.08,-14,-27.06,-11.61,,-11.78,-18.45,-21.37,-24,-13.8,-16.83,-14,-18.93,-17.72,-20.2,-16,-15.5,-14,-27,-18.23,28,30/11/02,38,15
Oklahoma St.,SMU,17,16.28,14.86,16.41,20.4,16.6,5.78,19.58,15.89,31,11.7,22,24.95,15,16.87,17.15,20,24.85,18.27,22.26,24,14.3,19.82,15,11.91,,,2.55,,,25,25.2,,19,,,,22,14.5,20,,,16,21/09/02,52,5
Oklahoma St.,Southern Miss.,7,6.65,6.63,4.83,4.31,4.31,1.65,12.25,7.34,10,7.1,2,9.45,3,5.91,8.53,,3.58,8.75,8.47,9,20.2,6.53,14,19.56,21.75,6.62,6.92,7.51,8.96,3,20.4,11.44,16,4.7,2.85,6.2,7,7,17,4,7.71,23,17/12/02,33,18
Oklahoma St.,Texas A&M,-3,-2.37,-3.26,-0.54,-4.64,-6.29,,-2.92,-3.35,-5,-3.5,-4,-0.32,-4.5,-1.13,-6.76,-1,-2.33,-3.03,0.7,-5,2,1.44,-3,-4.52,-3.72,-2.39,-1.99,-4.04,-4.53,-3,0,-9.76,-3,,-12.97,-6.1,-1,,2,-9,,23,02/11/02,28,11
Oklahoma St.,UCLA,-7,-14.21,-19.68,-5.87,-10.32,-10.62,-13.23,-8.08,-20.72,-20,-32.6,-5,-7.73,-8.5,-8.24,-7.31,-7,-1.4,-9.44,-5.57,-2,-5.3,-8,-1,1.28,,,,,,-15.5,-8.1,,-7,,,,-4,-5,-4,,,38,14/09/02,24,4
Oregon,Arizona St.,10.5,13.85,14.91,9.27,13.76,12.49,,13.3,20.18,14,15.7,18,14.54,18.5,8.91,16.18,12,9.3,13.05,9.85,0,6.2,11.54,15,25.93,15.21,2.09,7.48,19.18,17.25,21.5,8.7,,4,,18.06,,12,11,14,,,45,19/10/02,42,9
Oregon,Fresno St.,17,16.25,17.72,14.78,10.54,13.3,1.33,17.33,16.77,18,19.1,14,13.05,17,15.75,10.56,19,20.83,14.81,18.84,6,21.6,15.54,14,19.02,,,,,,10,21.4,,11,,,,12,13,10,,,24,07/09/02,28,3
Oregon,Idaho,32,32.07,35.27,35.25,43.58,43.36,61.49,44.16,33.87,35,47.6,33,30.08,36.5,30.7,29.75,41,40.8,36.19,37.8,16,45.4,26.82,28,2.79,,,,,,41.5,45.9,,42,,,,35,32,37,,,21,14/09/02,58,4
Oregon,Mississippi St.,9.5,14.32,12,12.91,21.34,22.55,44.55,21.96,14.32,32,22,15,8.5,19.5,14.32,7.72,1.66,25.3,19.14,19.02,17,26.4,12.16,14,,,,,,,,,,22,,,,17,10,12,,,13,31/08/02,36,2
Oregon,Stanford,13,13.15,12.8,11.27,22.01,23.22,,17.58,11.7,22,15.9,19,13.2,19,14.29,12.21,13,11.63,15.58,8.92,10,22.3,15.03,18,17.53,14.55,10.86,7.97,14.21,14.74,19.5,15.9,11.63,25,,16.61,15.8,17,,12,12,,14,02/11/02,41,11
Oregon,USC,1,1.51,-2.16,-5.27,-4.86,1.79,,2.62,-1.23,-3,0.8,-2,-0.88,2.5,-0.27,8.46,-5,6.01,-1.76,-4.52,-18,0.7,-12.48,-2,19.98,-3.26,-10.39,-6.92,-1.47,-5.83,-6,-3.9,0.02,-2,,9.32,-6,2,0,-3,,,44,26/10/02,33,10
Oregon,Wake Forest,7,4.61,4.47,4.47,4.83,4.83,0.9,3.16,1.8,6,6.7,3,-0.03,3,7.55,0.51,,3.93,3.68,0.84,4,5.4,2.47,1,10.79,-2.17,1.85,1.15,3.57,4.57,1.5,3.2,2.97,7,4.06,3.13,6.5,7,6,0,5,4.48,38,17/12/02,17,18
Oregon,Washington,7,8.79,7.76,8.31,14.48,15.62,,9.71,9.74,13,11.6,12,6.52,11,7.66,6.01,10,11.83,9.73,6.31,3,11.5,7.11,11,11.09,7.3,5,3.89,9.71,9.33,12,8.7,9.53,14,9.49,10.56,11.4,13,8,6,5,12.5,42,16/11/02,14,13
Oregon St.,Arizona,15,13.1,14.65,16.44,28.39,24.07,,14.46,12.4,27,16,14,14.77,13,15.85,11.1,16,16.67,16.18,13.99,15,21.4,13.08,16,8.47,19.59,19.37,11.2,13.96,17.04,19.5,17.9,8.97,19,,11.6,17.1,20,,11,9,,3,02/11/02,38,11
Oregon St.,California,5.5,2.16,-3.38,0.62,2.31,2.19,,3.34,-4.57,1,2.3,1,-0.54,0,4.86,-2.74,11,7.93,0.39,-2.8,-1,8.9,-9.55,-2,0.85,-5.35,1.66,-3.11,-6.25,-6.48,-3,-1,-4.27,14,,-5.02,2.2,16,6,0,,,13,26/10/02,24,10
Oregon St.,Fresno St.,11.5,8.37,14.69,7.98,17.29,12.86,-9.51,8.09,7.66,27,15.2,12,17.29,9.5,9.29,12.35,18,14.4,11.39,13.35,10,14.3,17.67,11,8.95,,,-9.95,,,18.5,13.5,,13,,,,15,11.5,10,,,19,21/09/02,59,5
Oregon St.,Oregon,4.5,4.43,5.08,7.35,12.06,8.92,,4.11,2.41,10,4.3,9,4.86,6,7.34,4.52,10,9.69,5.73,6.79,6,7.7,4.46,4,1.14,6.95,10.8,5.98,1.76,3.12,6.5,4,1.79,7,3.08,2.65,2.6,9,4.5,5,-1,4.75,24,23/11/02,45,14
Oregon St.,Pittsburgh,2.5,3.6,2.45,4.42,6.74,6.74,-14.41,2.08,-0.86,5,4.5,2,-0.96,-0.5,8.91,-1.51,,6.99,1.98,0.91,3,3.7,-0.29,1,-10.69,2.91,6.13,2.42,-0.59,1.45,-1.5,1.4,-1.23,6,-0.24,-1.29,1.9,6,0,13,-3,0.44,38,17/12/02,13,18
Oregon St.,UCLA,4,3.12,3.57,4.97,13.89,8.5,,6.32,1.95,12,4.5,7,7.55,4.5,4.62,-1.6,9,8.83,7.1,8.27,35,10.9,3.56,5,2.14,,,5.75,,,1,10.6,,8,,,,10,4.5,7,,,43,05/10/02,35,7
Oregon St.,UNLV,15.5,19.6,18.34,18.08,21.55,15.34,11.75,20.67,16.56,41,19.8,15,25,15.5,22.68,10.85,22,22.05,20.6,19.07,26,26.4,23.14,24,2.32,,,,,,32,21.7,,14,,,,26,15,18,,,17,14/09/02,47,4
Penn St.,Auburn,6,1.88,3.54,0.84,4.05,4.05,9.8,4.28,1.45,9,3.1,4,0.82,3.5,2.38,0.52,,5.73,3.22,-0.44,-3,6.3,-2.15,4,3.42,4.61,3.24,0.54,2.77,2.31,2.5,4.7,2.75,5,4.93,3.8,3,6,4.5,0,-1,3.11,13,17/12/02,9,18
Penn St.,Central Florida,12.5,13.65,11.68,12.9,1.96,-1.32,2.43,9.57,13.64,4,4,15,10.3,8,13.64,13.51,0.54,1.62,7.4,7.22,-6,5,-3.08,17,,,,,,,,,,8,,,,8,13,13,,,24,31/08/02,27,2
Penn St.,Illinois,14,15.58,15.51,14.78,25.06,21.28,,13.37,17.84,26,13.6,19,17.86,18.5,14.3,20.07,12,16.79,17.04,13.53,11,19.3,15.96,14,12.66,14.42,16.23,8.81,17.61,19.32,23.5,15.3,20.06,22,,22.22,18.2,16,,14,22,,7,02/11/02,18,11
Penn St.,Iowa,8,13.53,14.53,9.73,11.83,12.32,,8.04,15.73,16,7.9,13,15.41,10.5,11.14,15.82,7,13.36,11.14,8.01,5,11.1,9.51,11,17.01,,,10.38,,,15.5,13.1,,-1,,,,7,8.5,10,,,42,28/09/02,35,6
Penn St.,Louisiana Tech,14.5,16.64,16.22,16.67,12.86,6.56,-3.55,17.05,17.71,18,16,13,19.93,12.5,15.66,18.67,20,15.93,15.52,14.11,7,23.5,9.46,16,20.54,,,23.35,,,24.5,25.4,,13,,,,16,15.5,15,,,17,21/09/02,49,5
Penn St.,Michigan St.,21,20.74,18.17,19.92,28.65,25.16,,21.05,20.71,38,17.6,24,17.71,24.5,20.78,17.02,23,25.45,21.96,17.52,17,24.5,22.07,18,17.7,24.28,21.33,12.22,20.06,21.81,29.5,22.9,19.32,25,20.58,21.11,22.2,23,21,21,19,25.02,7,23/11/02,61,14
Penn St.,Nebraska,-5,-11,-14.5,-8.74,-18.25,-19.66,-28.22,-7.19,-6.42,-45,-11.8,-8,-20.07,-14.5,-15.01,-5.7,-15,-13.66,-13.44,-10.07,-18,-7.3,-13.98,-7,2.75,,,,,,-20,-9.7,,-12,,,,-7,-4.5,-5,,,7,14/09/02,40,4
Penn St.,Northwestern,25.5,20.49,20.09,19.55,35.28,29.65,,22.58,21.89,31,20.1,29,23.31,21,21.5,19.95,27,22.99,24.02,16.79,22,28.7,21.73,21,25.67,19.21,24.76,13.52,23.11,27.05,35,25.9,,38,,20.81,,21,24.5,22,,,0,19/10/02,49,9
Penn St.,Virginia,15.5,9.07,8.07,8.28,18.52,13.17,,12.93,4.2,14,8.4,12,9.75,9,12.39,9.37,14,13.16,10.24,7.5,14,20.2,11.67,12,8.76,5.84,10.26,4.14,4.43,7.79,11,15.5,5.07,19,4.31,4.27,3.7,14,16,12,9,10,14,09/11/02,35,12
Pittsburgh,Boston College,4,2.51,0.78,2.7,13.94,9.8,,5.74,-2,10,1.2,6,0.31,7.5,4.58,-2.29,4,1.34,3.25,3.29,3,7.5,2.67,6,3.5,2.66,5,2.17,-1.97,-3.95,6.5,3.8,-0.48,5,,2.61,7.5,3,2.5,-15,,,16,26/10/02,19,10
Pittsburgh,Ohio,21,15.34,19.09,24.23,17.31,18.08,43.03,32.95,15.34,28,24,24,27.6,15,15.34,23.03,2.38,30.12,23.65,24.9,23,31.3,22.34,35,,,,,,,,,,26,,,,26,19.5,6,,,14,31/08/02,27,2
Pittsburgh,Rutgers,25,29.37,26.43,30.01,36.93,28.19,31.45,28.83,33.91,29,29.1,21,25.11,21.5,25.17,28.25,30,36.31,27.38,35.09,-4,29.1,27.35,19,31.08,,,51.45,,,30.5,23.3,,26,,,,32,26,6,,,3,21/09/02,23,5
Pittsburgh,Temple,17,17.92,21.48,17.69,23.71,24.71,,21.17,22.34,31,22.2,19,17.28,19.5,14.61,11.51,20,22.06,20.95,20.25,15,23.2,18.42,20,25.53,21.9,18.15,16.23,21.32,25.47,31,23,22.13,17,22.95,25.39,24.3,22,19.5,-1,15,26.28,22,09/11/02,29,12
Pittsburgh,Texas A&M,-3.5,1.17,-1.33,0.88,3.28,-0.19,-6.86,1.47,2.64,1,-0.9,-2,-0.07,-2,-0.26,1.7,5,4.15,-0.65,1.88,-5,2.1,-3.73,-4,7.95,,,,,,-1,4.8,,2,,,,0,-3,-23,,,14,07/09/02,12,3
Pittsburgh,Toledo,4.5,0.52,1.08,5.85,3.5,1.07,,9.57,2.57,-5,5.1,5,-2.27,1,-1.62,11.29,1,-6.32,1.27,-0.78,3,4,5.08,6,2.96,,,-17.5,,,10.5,6.6,,7,,,,0,4,-14,,,19,28/09/02,37,6
Pittsburgh,West Va.,2.5,1.64,4.15,3.53,3.03,3.04,12.58,3.5,3.58,3,5.3,4,2.93,3.5,-0.11,-0.82,4,4.95,3.81,4.44,-1,5.8,2.44,3,6.69,1.93,,6.07,4.01,4.23,7.5,4.6,3.96,5,8.83,4.27,4.5,5,3.5,-11,0,4.63,24,30/11/02,17,15
Purdue,Indiana,22,16.4,16.3,18.93,27.69,23.92,,21.22,12.77,30,17.4,21,15.78,18.5,20.29,7.22,20,26.87,18.86,18.75,19,25.3,19.6,22,10.86,16.33,20.14,13.25,13.14,18.96,18.5,21.6,14.37,16,14.04,14.76,15.9,21,20,22,13,17.56,10,23/11/02,34,14
Purdue,Michigan,-3.5,-7.65,-11.32,-3.32,-4.7,-6.61,,-7.82,-13.08,-8,-11.1,-7,-12.04,-7.5,-2.52,-10.14,-5,-10.45,-8.29,-3.12,-4,-5.7,-3.17,-7,-14.82,-14.34,-4.02,-3.46,-16.97,-13.93,-9,-8.6,,-5,,-16.78,,-4,-3.5,-10,,,23,19/10/02,21,9
Purdue,Minnesota,3,-0.53,-3.54,1.67,-0.52,-1.25,,0.94,-3.89,-17,-3.1,-0.25,-9.61,1,2.95,2.11,2,-1.55,-1.76,-7.37,-7,-1.1,6.08,2,-12.05,,,-14.4,,,16.5,-2.7,,7,,,,0,4,2,,,15,28/09/02,28,6
Purdue,Ohio St.,-6.5,-11.75,-13.89,-9.29,-9.9,-12.26,,-11.98,-22.35,-20,-15.3,-16,-10.42,-20,-4.45,-16.48,-6,-0.86,-14.99,-8.17,-12,-9.8,-7.82,-21,-28.74,-21.3,-8.16,-11.28,-22.7,-23.28,-25,-12.4,-24.08,-8,-21.49,-23.96,-22.7,-7,-6.5,-9,-30,-18.36,10,09/11/02,6,12
Purdue,Wake Forest,10,10.61,12.4,7.72,15,15.06,6.84,6.72,11.13,7,10.2,14,8.52,14.5,10.08,12.39,10,11.48,10.31,9.97,20,11.8,11.04,14,3.22,,,-13.35,,,15,11.4,,15,,,,10,12,9,,,24,21/09/02,21,5
Purdue,Western Mich.,17,12.13,11.47,14.95,10.12,9.82,18.25,19.49,9.5,31,12.8,13,17.95,8.5,15.19,16.9,12,11.67,15.35,14.86,26,20.5,22.32,20,3.22,,,,,,6,20.3,,16,,,,16,17,18,,,24,14/09/02,28,4
Rice,Fresno St.,,-11.33,-11.65,-12.69,-8.2,-7.54,,-20.06,-14.46,-15,-16,-8,-14.41,-9,-8.22,-13.69,-11,-16.07,-14.02,-20.87,-15,-12.9,-19.29,-11,-12.36,,,-23.86,,,-9.5,-16.1,,-17,,,,-16,,-18,,,31,28/09/02,28,6
Rice,Hawaii,-9.5,-10.87,-13.94,-10.21,-8.47,-7.93,,-12.12,-12.72,-15,-13.2,-11,-7.62,-11.5,-9.24,-2.02,-6,-13.28,-12.08,-10.03,-11,-9.5,-10.92,-7,-18.7,-14.24,-9.75,-9.6,-14.38,-15.44,-19.5,-11.4,-11.97,-11,-14.36,-14.73,-16.4,-10,-10,-10,-20,-15.85,33,16/11/02,28,13
Rice,Houston,8,11.85,6.7,13.9,20.77,18.93,52,6.78,11.85,24,11,14,16.55,16,11.84,15.94,1.32,17.34,14.66,12.82,5,12.5,14.38,14,,,,,,,,,,14,,,,6,8.5,5,,,24,31/08/02,10,2
Rice,Louisiana Tech,-6,-8.34,-11.19,-4.25,-6.08,-8.05,,-6.46,-14.02,-6,-4.6,-11,-8.9,-4.5,-2.52,-17.31,-1,4.34,-7.97,-7.26,-15,-0.8,-3.83,-11,-10.45,,,-10.38,,,-11.5,-7.4,,-20,,,,-8,-4,-10,,,20,05/10/02,37,7
Rice,SMU,8.5,8.75,4.97,10.21,16.96,13.8,,6.11,6.9,14,6.3,12,7.42,10,10.37,8.44,11,3.27,9.07,10.21,7,6.4,10.38,11,16.56,2.19,9.35,8.01,5.24,8.5,11.5,4.9,5.99,18,,15.62,8.5,7,9.5,2,,,15,26/10/02,27,10
Rutgers,Army,-4,0.6,1.38,0.69,-3.7,-0.01,-6.13,-3.11,0.07,-11,-10.8,6,4.64,-1,1.04,12.1,-7,-11.82,-1.86,-7.01,0,-2.8,1.1,11,3.7,,,,,,-8,-0.3,,-2,,,,-10,-3,-1,,,0,14/09/02,44,4
Rutgers,Buffalo,7,7.86,3.52,6.55,-0.57,-1.63,0.05,9.47,8.76,-6,6,12,7.05,6.5,6.99,7.13,6,-1.99,4.02,0.84,-3,0,18.68,11,-0.66,,,,,,1,-3.8,,3,,,,3,8,10,,,34,07/09/02,11,3
Rutgers,Miami (Fla.),-39,-39.36,-39.35,-44.82,-44.99,-36.97,,-47.1,-50.01,-52,-45.6,-37,-48.36,-31,-31.54,-50.51,-44,-54.74,-43.35,-43.31,-36,-43,-35.99,-30,-51.45,-39.58,-36.16,-40.59,-46.19,-70.18,-55.5,-40.8,-47.99,-45,,-34.76,-41.1,-46,,-42,-52,,42,02/11/02,17,11
Rutgers,Temple,-8,-13.58,-8.86,-15.29,-15.11,-9.37,,-9.65,-21.62,-7,-7.2,-9,-14.35,-10.5,-7.23,-22.89,-6,-9.61,-11.77,-16.65,-16,-9.1,-7.85,-6,-11.76,-7.71,-5.49,-18.28,-16.95,-28.86,-17.5,-8,-20.72,-15,-10.06,-4.39,-6.4,-7,-10,-10,-18,-10.03,20,16/11/02,17,13
Rutgers,West Va.,-13,-15.87,-14.71,-19.85,-12.84,-11.36,,-9.68,-29.92,-13,-17.5,-15,-21.61,-15,-9.03,-27.27,-9,-5.96,-16.57,-25.04,-13,-7.8,-12.03,-8,-13.61,,,-39.44,,-35.93,-29.5,-5.6,,-17,,,,-15,-14.5,-14,,,40,12/10/02,0,8
SMU,Louisiana Tech,-13,-11.37,-6.45,-8.57,-7.28,-9.08,,-5.18,-14.69,-12,-7,-17,-7.84,-11,-9.27,-4.97,-9,-6.2,-9.72,-10.04,-20,-1.6,-9.13,-7,-8.68,-5.14,-12.41,-9.22,-11.35,-16.06,-11,-9.3,,-11,,-11.49,,-7,-11.5,-8,,,34,19/10/02,37,9
SMU,Navy,11.5,10.52,12.1,7.61,11.31,13.9,25.68,12.69,10.51,17,7,14,19.1,12,10.52,16.41,0.41,9.52,12.43,12.65,9,10.1,7.75,18,,,,,,,,,,8,,,,9,10,18,,,38,31/08/02,7,2
SMU,Nevada,-6.5,-7.66,-9.43,-10.72,-7.06,-9.42,,-7.89,-9.15,-16,-7.1,-13,-4.82,-11.5,-7.79,-1.31,-6,-5.11,-9.7,-9.61,-14,-6.5,-10.21,-10,-9.48,-10.1,-17.84,-10.7,-10.17,-13.09,-15.5,-6,-10.09,-9,,-13.62,-11.3,-2,,-6,-22,,24,02/11/02,6,11
SMU,San Jose St.,-6.5,-12.88,-12.31,-8.03,-16.34,-15.12,,-7.72,-17.44,-15,-10.2,-19,-13.56,-14,-8.49,-6.22,-8,-2.46,-11.79,-18.39,-25,-3.6,-6.78,-11,-13.75,,,-14,,,-25,-13.4,,6,,,,-3,-3.5,-6,,,34,05/10/02,23,7
SMU,Texas Tech,-18.5,-20.02,-13.11,-16.76,-20.4,-13.32,-11.4,-20.76,-19.91,-22,-22,-20,-14.93,-11,-20.18,-18.23,-25,-21.79,-18.04,-17.33,-9,-10.5,-36.55,-11,-15.27,,,,,,-14.5,-26.3,,-24,,,,-24,-16,-13,,,24,07/09/02,14,3
SMU,Tulsa,7.5,6.25,6.51,5.71,5.61,3.61,,6.8,8.51,4,7.1,7,5.52,7.5,3.99,6.51,8,10.62,6.41,6.46,7,8.1,3.04,7,2.94,8.18,6.48,1,8.77,7.93,5.5,4.4,7.98,7,6.97,7.79,8.1,8,10.5,8,3,4.96,21,23/11/02,24,14
San Diego St.,Arizona St.,-6,-6.11,-9.31,-5.13,-9.81,-8.58,-2.82,-9.11,-9.57,5,-16.9,-8,2.09,-8.5,-2.2,-7.91,-10,-14.34,-8.49,-7.12,-16,-11.1,-8.35,-7,2.48,,,,,,-16.5,-27.8,,-7,,,,-12,-4,-7,,,39,14/09/02,28,4
San Diego St.,Colorado St.,-12.5,-14.29,-17.87,-12.87,-18.36,-13.4,,-16.16,-17.14,-25,-19.8,-17,-9.67,-20,-11.81,-10.21,-14,-24.03,-17.56,-11.85,-16,-15.6,-15.76,-14,-14.44,-20.91,-13.04,-10.77,-19.34,-19.6,-25.5,-30.1,-20.12,-6,-23.19,-23.36,-25.6,-13,-13,-15,-23,-24.08,49,16/11/02,21,13
San Diego St.,UCLA,-14.5,-13.17,-20.53,-13.08,-21.24,-16.47,,-16.52,-17.46,-14,-21.5,-19,-18.82,-16,-8.5,-24.77,-17,-18.45,-16.69,-12.47,-11,-14.9,-15.38,-14,-22.58,,,-13.19,,,-32,-13.7,,-16,,,,-16,-13.5,-18,,,43,28/09/02,7,6
San Diego St.,UNLV,2.5,2.81,0.13,4.78,-0.28,2.66,,0.54,-0.23,4,-1,1,-0.15,0.5,5.07,-6.02,-3,1.65,0.19,2.58,2,2.2,4.83,1,-3.7,0.31,3.45,0.66,-1.65,-0.15,-5,-18,-3.22,-2,,-2.25,5.7,-1,2.5,-1,,,21,26/10/02,31,10
San Diego St.,Utah,-10.5,-10.74,-15.22,-11.81,-26.67,-19.61,,-16.09,-17.27,-18,-14.8,-13,-19.02,-11,-9.28,-16.81,-16,-18.49,-15.95,-12.68,-14,-17.4,-17.86,-13,-16.86,,,-9.56,,-12.55,-23,-25.6,,-16,,,,-15,-11,-16,,,17,12/10/02,36,8
San Jose St.,Boise St.,-16,-8.74,-12.26,-13.5,-14.33,-12.9,,-22.76,-3.9,-23,-12.2,-12,-3.63,-8,-12.66,-4.36,-18,-29.25,-13.37,-11,-20,-25.8,-10.64,-7,-11.25,-8.72,-14.95,-10.41,-7.3,-14.65,-14,-24.1,-5.9,-11,,-3.78,-12.5,-21,-16.5,-18,,,45,26/10/02,8,10
San Jose St.,Fresno St.,-6,-0.88,-1.89,-1.52,1.67,1.95,,-4.83,-0.9,-1,-2.9,2,0.04,0,-0.96,2.4,-6,-5.85,-2.18,0.51,-7,-3.4,-5.81,-2,-1.51,-4.25,-0.1,-1.93,-2.23,-3.62,-3,-3.3,-1.63,-7,-0.89,-1.3,-1.8,-3,-5.5,-6,-5,-1.94,19,23/11/02,16,14
San Jose St.,Louisiana Tech,-4,2.56,4.3,4.7,5.09,2.73,,0.37,7.01,1,4.9,6,10.13,9,-0.29,10.32,-2,-1.2,3.38,7.05,-7,0.8,0.92,2,2.32,2.65,1.12,4.76,6.06,5.89,6,-1.4,5.25,3,6.39,6.04,6.9,-1,-4.5,-1,-5,5.28,30,09/11/02,42,12
San Jose St.,UTEP,17,18.28,12.28,13.91,25,19.9,,14.62,16.71,24,18,17,21.37,16,20.06,15,19,19.84,16.84,15.42,30,23.4,17.26,4,15.16,,,19.15,,,-12.5,23,,15,,,,16,15,15,,,24,28/09/02,58,6
South Carolina,Arkansas,-3,-2.75,-3.65,-7.45,-10.15,-10.12,,-4.82,-0.76,-7,-0.4,-3,1.34,-1.5,-6.26,2.75,-6,-4.71,-4.23,-3.84,-13,-1.6,-11.51,3,-1.68,-5.58,-8.38,-6.18,-1.92,-7.01,-9.5,-1.3,-0.47,-4,-1.62,-1.53,-1.8,0,-1,-2,-10,-7.04,23,09/11/02,0,12
South Carolina,Georgia,-5,-8.91,-15.69,-7.69,1.84,3.66,-1.63,-7.91,-13.34,-11,-11,-4,-13.02,-3,-5.28,-2.48,-9,-9.54,-6.54,-5.88,-8,-5.9,-14.04,-12,0.66,,,,,,,-4.9,,1,,,,0,-4,-8,,,13,14/09/02,7,4
South Carolina,Mississippi St.,4,8.96,13.33,7.66,21.55,17.84,,9,11.42,19,14,11,11.77,9,6.33,7.71,7,10.43,10.84,13.1,-4,8,7.12,12,17.11,,,17.47,,,9,7.7,,4,,,,9,5,10,,,10,05/10/02,34,7
South Carolina,New Mexico St.,23.5,21.76,17.72,20.66,25.17,22.69,7.74,30.83,21.76,25,34,25,29,18.5,21.76,30.16,2.26,32.96,25.39,21.73,32,36.2,29.5,22,,,,,,,,,,27,,,,32,23,29,,,24,31/08/02,34,2
South Carolina,Temple,15,7.76,7.34,11.74,16.1,15.5,13.87,6.97,7.22,10,12.2,9,6.92,11.5,8.32,12.36,11,12.04,9.16,1.65,3,6.5,3.67,5,18.02,,,-6.85,,,0,8.8,,23,,,,16,13.5,12,,,21,21/09/02,42,5
South Carolina,Tennessee,-1.5,2.67,1.7,3.07,5.52,2.62,,-2.49,7.25,4,2.6,5,5.09,6,0.38,-0.31,-3,3.25,2.7,5.19,-11,1.5,-1.87,6,0.21,11.13,1.17,3.83,5.52,-0.63,9.5,-1.2,5.07,-1,,5.34,6.2,1,,0,-3,,18,02/11/02,10,11
South Florida,Bowling Green,2.5,4.45,2.34,4.89,9.86,5.97,,-1.6,8.18,-2,1,7,6.8,3.5,1.27,10.85,5,6.62,4.21,2.87,10,-1.8,4.18,5,-2.34,24.28,-0.46,1.51,8.56,8.03,6,-1.7,6.89,-2,3.47,4.06,7.1,2,3.5,0,4,3.45,7,16/11/02,29,13
South Florida,Memphis,17,17.63,21.87,22.39,33.11,22.51,,15.5,25.78,42,22,25,27.55,21,13.32,23.28,20,26.79,24.67,25.41,21,19.6,19,24,22.71,37.13,26.22,15.34,28.7,29.61,26.5,23.5,25.54,13,28.41,32.56,36.1,22,13,21,21,29.65,28,09/11/02,31,12
South Florida,Northern Ill.,7.5,-7.24,1.77,5.66,13.38,5.78,11.83,7.2,-12.72,9,-4.5,8,6.2,3.5,-1.92,7.74,10,9.24,5.68,8.24,19,7.7,8.27,17,8.12,,,,,,-5,4.1,,11,,,,9,5.5,5,,,6,07/09/02,37,3
South Florida,Southern Miss.,-3,0.63,5.7,3.4,10.82,3.35,,-7.3,7.92,11,-6.2,0.25,13.15,-2,-0.23,1.92,2,-3.2,1.74,10.76,-8,3.6,0.32,-2,-0.25,,,5.01,,5.65,5,2.5,,-6,,,,-4,-4.5,-3,,,13,12/10/02,16,8
Southern Miss.,Cincinnati,,8.74,11.38,9.08,14.53,14.15,,8.99,10.9,11,11.8,13,12.29,10,8.41,14.31,13,18.66,10.66,9.56,17,8.9,5.79,11,17.84,1.06,8.16,7.86,7.63,12.88,10,8.7,,2,,9.2,,17,,13,,,14,19/10/02,23,9
Southern Miss.,East Carolina,10,7.22,6.8,8.66,13.26,13.62,10.63,2.3,6.09,9,8.4,10,5.74,10,8.47,6.4,10,5.56,7.33,3.52,6,4.2,5.76,4,3.42,2.8,,4.33,7.06,8.71,8.5,2.8,7.12,11,16.69,7.99,8.7,8,11.5,2,12,8.33,7,30/11/02,24,15
Southern Miss.,Illinois,6,4.29,11.7,-0.59,3.27,3.83,-4.93,2.32,1.98,13,5.6,5,6.85,6,7.04,5.69,6,14.06,5.25,-0.39,23,7.9,11.38,5,-2.09,,,,,,0.5,4.8,,-6,,,,13,3.5,0,,,20,07/09/02,23,3
Southern Miss.,Louisville,-1,2.95,4.25,0.43,-2.25,0.09,,-2.87,5.9,1,2.1,5,5.28,3.5,-0.33,5.9,-1,3.35,2.59,3.41,1,-2.4,-4.51,6,6.97,5.76,-1.12,0.61,4.27,2.78,7,0,4.93,2,5.58,5.97,6.2,3,0,1,3,3.77,20,16/11/02,17,13
Southern Miss.,Memphis,11,15.17,10.59,10.96,14.44,11.81,16.1,13.95,16.96,27,26.5,13,8.72,13.5,13.32,13.13,18,15.57,12.57,9.56,-16,14.9,16.09,12,3.18,,,,,,8,14.4,,10,,,,16,10,11,,,14,14/09/02,33,4
Stanford,Arizona,1.5,2.23,-0.29,0.96,-7.65,-4.53,,-0.31,5.03,1,3.1,3,3.21,2.5,1,3.46,1,-0.32,0.94,2.45,1,-2.4,-0.78,2,0.09,0.18,4.19,1.47,1.27,3.19,-0.5,0.4,,4,,0.57,,3,0,0,,,6,19/10/02,16,9
Stanford,Oregon St.,-12.5,-6.68,-6.28,-7.99,-20.7,-20.72,,-9.63,-1.19,-20,-8.6,-9,-0.89,-9,-13.71,2.29,-9,-14.16,-9.27,-4.67,-16,-15,-7.01,-7,-1.93,-7.71,-12.17,-7.68,-3.38,-6.82,-11.5,-8.7,-3.27,-13,-6.23,-6.77,-6.2,-14,-12.5,-7,-13,-9.85,31,16/11/02,21,13
Stanford,San Jose St.,19,12.76,7.97,22.36,17.9,18.67,19.22,24.17,10.82,11,11.8,13,13.86,17,14.69,22.35,23,26.56,17,16.55,5,23.4,19.19,20,4.8,,,,,,17.5,20.7,,28,,,,23,20,22,,,26,14/09/02,63,4
Stanford,USC,-16.5,-13.12,-17.66,-18.1,-30.4,-24.68,,-17.3,-13.82,-29,-17.2,-19,-13.27,-17,-14.77,-5.41,-19,-15.32,-19.34,-14.5,-24,-21.2,-24.73,-22,-14.67,-25.24,-20.38,-15.6,-17.5,-20.85,-29.5,-20.6,-14.82,-18,-18.18,-20.6,-21.3,-16,-16.5,-15,-26,-21.54,49,09/11/02,17,12
Stanford,Washington St.,-8,-6.07,-13.64,-7.91,-23.19,-16.26,,-9.46,-20.18,-22,-11.5,-12,-9.69,-7,-3.58,-6.85,-7,-9.64,-12.96,-16.6,-23,-13.4,-20.16,-10,-9.86,,,-19.12,,-22.02,-20.5,-14.2,,10,,,,-9,-6,-10,,,36,12/10/02,11,8
Syracuse,Miami (Fla.),-20,-25.87,-24.22,-22.96,-24.28,-23.73,-46.22,-22.5,-32.32,-38,-30.7,-35,-25.74,-26.5,-21.14,-26.25,-23,-21.2,-27.51,-18.57,-27,-20,-22.94,-24,-37.49,-28.01,,-21.21,-34.67,-35.72,-34.5,-21.6,-32.04,-19,-28.73,-31.6,-36.4,-21,-20,-21,-35,-27.14,49,30/11/02,7,15
Syracuse,North Carolina,5.5,10.18,6.08,10.47,10.1,9.24,5.67,18.13,12.19,12,8,10,6.45,8,8.06,7.39,9,8.45,8.88,10.62,-4,8.4,5.63,6,16,,,,,,12.5,6.8,,9,,,,7,5.5,10,,,30,07/09/02,22,3
Syracuse,Pittsburgh,1.5,-1.29,-10.24,3.76,-7.59,-7.74,,3.37,-7.85,-6,-6,-5,0.88,-1,6.48,-6.94,8,7.76,-0.02,-5.02,-16,5.4,5.67,-7,-7.33,,,-1.23,,,24,-2.5,,6,,,,7,2.5,21,,,48,05/10/02,24,7
Syracuse,Rutgers,16,14.37,5.3,17.73,15.75,10.17,,16.1,15.12,1,9.2,13,13.59,12,12.32,21.91,21,11.09,12.15,20.76,11,17.3,5,5,17.06,1.99,2.97,21.14,6.01,25.27,15,12.7,12.71,23,,-3.83,4.1,23,15,14,,,14,26/10/02,45,10
Syracuse,Virginia Tech,-11.5,-15.88,-19.32,-16.91,-16.76,-19.66,,-11.83,-22.46,-27,-18.1,-22,-12.49,-20.5,-12.36,-18.88,-13,-11.35,-19.23,-13.92,-25,-10.6,-20.1,-13,-24.48,-20.26,-17.17,-16.42,-24.94,-29.17,-31,-11.7,-25.01,-19,-26.03,-27.26,-27.2,-8,-13,-9,-29,-27.15,42,09/11/02,50,12
TCU,Houston,11,11.6,20.08,14.86,22.12,16.78,,16.49,14.66,9,17.9,14,7.93,15.5,8.51,10.99,16,22.42,15.19,14.22,9,17.1,14.51,14,15.2,,,15.97,,,18.5,11.6,,15,,,,22,12.5,16,,,17,05/10/02,34,7
TCU,Memphis,14.5,16.49,21.81,16.2,30.07,24.51,34.18,14.92,20.56,35,23.7,22,19.39,21,12.22,14.9,15,21.92,20.98,18.23,7,16.4,18.18,19,19.1,14.34,,12.43,21.35,21.12,26.5,14.4,21.08,21,32.4,28.36,31.5,16,13.5,16,15,26.02,20,30/11/02,27,15
TCU,North Texas,12.5,9.54,15.56,16.72,21.05,15.92,16.44,11.83,9.25,-1,20.4,9,5.97,15.5,9.81,8.08,15,13.83,11.03,7.89,-3,13.4,19.18,3,13.64,,,-2.85,,,13.5,6.3,,3,,,,21,12.5,13,,,10,21/09/02,16,5
TCU,SMU,17.5,26.54,27.47,18.35,28.16,20.88,18.43,20.05,26.98,35,23.6,22,28.17,19,26.11,14.62,26,34.63,22,20.74,28,7.1,23.08,6,2.84,,,,,,28.5,20.3,,12,,,,28,17.5,20,,,6,14/09/02,17,4
TCU,Southern Miss.,2.5,2.69,8.69,2.54,10.69,8.99,,3.69,3.76,6,2.1,2,6.53,4.5,0.24,1.04,1,1.29,4.11,6.38,,4.4,3.07,7,5.46,1.59,1.7,3.82,3.37,0.26,6.5,3.1,4.7,-1,,7.31,4.2,1,,5,-3,,7,31/10/02,37,11
TCU,Tulane,13,12.8,17.59,12.95,20.65,16.77,,13.93,14.09,16,14.5,16,11.4,11.5,11.48,11.36,16,16.26,14.1,13.73,13,14.6,20.32,12,15.43,7.08,11.82,13.3,15.19,17.48,18,4.9,14.34,8,14.63,13.73,14,16,13,14,13,16.07,10,09/11/02,17,12
Temple,Boston College,-9.5,-8.12,-9.64,-10.28,-9.63,-8.06,,-13.7,-9.47,-15,-13.1,-8,-9.69,-8,-6.72,-5.13,-12,-11.06,-10.46,-10.58,-11,-12.2,-8.57,-8,-6.57,-7.29,-7.72,-8.29,-10.82,-12.45,-16.5,-13.1,-9.79,-12,-9.68,-10.14,-11.2,-14,-9.5,-13,-11,-12.66,36,23/11/02,14,14
Temple,Cincinnati,-4.5,-0.94,-0.43,-3.11,-2.49,-1.29,,-4.47,-1.25,-1,-5.9,-1,-0.23,-2.5,-0.61,0.78,-5,-5.69,-3.62,-4.72,-9,-4.2,-4.83,1,-0.73,,,-13.55,,,-14,-4.1,,-3,,,,-2,-7,-4,,,35,28/09/02,22,6
Temple,Miami (Fla.),-37,-32.96,-27.88,-39.1,-44.47,-36.33,-34.09,-40.84,67.92,-55,-45.1,-21,-29.34,-28,-33.81,-16.85,-49,-57.93,-31.49,-28.92,-29,-41.9,-49.56,-17,2.2,,,,,,-44.5,-39.2,,-37,,,,-43,-38.5,-33,,,44,14/09/02,21,4
Temple,Oregon St.,-9.5,-6.21,-8.44,-8.8,-10.03,-8.8,9.68,-13.55,-4.91,-5,-21,-1,-4.65,-7.5,-7.71,-2.4,-10,-13.82,-8.73,-4.5,-1,-9.6,-15.78,-2,-8.62,,,,,,-15,-13.7,,-15,,,,-18,-12.5,-12,,,35,05/09/02,3,3
Temple,Syracuse,-3.5,-0.85,2.8,-5.47,-0.66,2.1,,-6.16,8.95,4,0.1,2,0.44,-6,-3.06,-1.25,-8,-11.22,-2.26,-1.75,-9,-4.7,-5.18,2,-6.83,,,-3.11,,4.81,-0.5,-4.7,,-8,,,,-7,-5.5,-4,,,16,12/10/02,17,8
Temple,West Va.,-6.5,-4.44,-3.45,-5.17,-10.48,-8.48,,-4.57,-3.98,-10,-6.7,-5,-7.05,-4.5,-4.83,-5.05,-9,-2.58,-5.62,-3.07,-12,-4.1,-7.3,-10,-0.61,-2.1,-5.29,-4.89,-2.13,-7.55,-8.5,-3.8,-5.48,-2,,-7.66,-4.5,-7,,-5,-9,,46,02/11/02,20,11
Tennessee,Alabama,2.5,-1.11,-5.13,-7.45,-5.46,-4.79,,-2.26,-7.56,-5,-2,-2,-7.17,-2.5,0.23,2.42,-2,-5.64,-3.15,-7.3,-6,-3,-7.74,-2,7.55,-7.64,-3.98,-7.48,-7.19,-8.33,18.5,-1.7,-4.15,1,,-0.71,-9.1,2,3,1,,,34,26/10/02,14,10
Tennessee,Arkansas,11,-1.36,-3.79,7.44,-1,-1.68,,6.77,-1.84,1,3.7,4,3.35,9.5,-0.84,14.77,11,4.18,2.35,-1.45,-7,3.6,8.32,10,8.34,,,-14.23,,,-7,8.1,,4,,,,9,13.5,10,,,38,05/10/02,41,7
Tennessee,Florida,4,2.77,7.72,1.68,0.49,0.35,15.34,-1.97,1.86,16,-4.1,12,17.71,6,4.1,12.3,-2,-6.41,2.67,4.8,2,0.6,-1.15,5,5.48,,,-27.55,,,11.5,-1.1,,-7,,,,-1,1.5,7,,,30,21/09/02,13,5
Tennessee,Kentucky,8,4.81,4.36,3.55,5.46,6.93,5.85,5.06,6.07,6,5.9,6,2.29,3.5,3.55,1.29,9,15.22,5.06,4.86,4,3.5,3.52,4,7.31,6.6,,0.37,6.23,5.83,1.5,2.8,6.25,3,4.17,4.86,5,8,9,5,12,5.67,0,30/11/02,24,15
Tennessee,Miami (Fla.),-8.5,-10.69,-6.94,-13.74,-10.2,-7.05,,-10.78,-12.88,-18,-12.9,-12,-15.72,-11,-7.84,-14.12,-14,-13.65,-11.9,-10.36,-8,-6.6,-9.26,-7,-19.25,-12.64,-10.41,-13.97,-13.36,-18.39,-21.5,-9.4,-12.82,-11,-11.17,-11.49,-11.7,-14,-7.5,-11,-22,-9.91,26,09/11/02,3,12
Tennessee,Middle Tenn.,21.5,25.44,22.58,31.74,26.56,23.74,18.24,25.67,25.31,23,28.4,24,25.45,28.5,25.8,26.6,30,25.34,24.15,19.84,21,26.8,24.18,17,10.72,,,,,,19.5,24,,28,,,,31,28.5,26,,,3,07/09/02,26,3
Tennessee,Rutgers,41.5,31.22,31.28,43.23,36.82,29.41,,40.05,32.88,43,34.4,26,35.24,28.5,30.32,47.92,38,39.37,36.42,40.89,30,41.7,43.36,21,38.04,,,56.26,,,34.5,32.4,,47,,,,43,42,37,,,14,28/09/02,35,6
Tennessee,Wyoming,30.5,30.89,31.38,36.32,38.6,35.43,47,40.68,30.89,40,37,25,32.6,31.5,30.89,28.52,3.98,41.43,35.43,31.12,29,45.5,31.57,36,,,,,,,,,,36,,,,39,32.5,37,,,7,31/08/02,47,2
Texas,Baylor,40.5,36.5,35.17,39.3,47.82,41.36,,42.97,36.65,63,40.8,33,34.11,33,38.27,32.31,47,56.83,41.11,36.12,50,46.6,56.04,31,41.17,34.7,42.55,26.85,36.68,48.27,46.5,43.5,34.23,46,33.5,36.63,37.5,47,39.5,44,34,41.22,0,09/11/02,41,12
Texas,Houston,36,28.32,31.5,36.77,40.97,33.16,64,41.92,28.16,40,33.7,29,39.59,27.5,28.49,37.65,44,46.29,36.76,34.65,21,46.6,45.04,32,32.47,,,25.95,,,32.5,40.9,,47,,,,44,39,41,,,11,21/09/02,41,5
Texas,Iowa St.,12.5,6.57,6.6,3.03,13.77,9.93,,7.26,2.64,10,9.1,11,5.93,9,7.14,12.34,15,11.86,7.61,-0.75,26,10,13.48,5,11.03,3.07,8.42,-0.52,3.47,1.93,6,6.6,2.69,8,,-2.22,10.2,14,11.5,11,,,10,26/10/02,21,10
Texas,LSU,10,7.78,8.8,8.46,9.07,9.07,15.95,10.94,6.32,18,8.8,8,6.75,9,9.26,5.98,,10.83,10.3,7.33,11,11,14.91,12,39.46,10.16,8.74,4.34,6.67,8.65,12.5,8,6.68,11,7.08,7.7,8.4,12,10,8,-1,8.23,20,17/12/02,35,18
Texas,North Texas,37,32.99,30.42,35.21,29.83,27.41,32.3,34.9,33,32,41,26,27.5,28.5,32.99,25.16,3.65,45.3,33.44,26.58,36,39.2,31.92,29,,,,,,,,,,39,,,,41,40,37,,,0,31/08/02,27,2
Texas,Oklahoma,3,-0.17,-2.52,-1.12,0.49,0.49,,2.53,-6.54,3,-0.9,-0.25,-0.97,0,1.68,-3.62,1,4.84,-1.08,-5.36,-7,2.8,2.42,4,-10.85,,,-10.09,,-9.55,-3.5,1.5,,5,,,,2,3,-1,,,35,12/10/02,24,8
Texas,Oklahoma St.,24.5,20.93,21.97,26.19,27.47,22.2,,23.46,22.08,39,26.3,28,23.84,26.5,19.87,29.6,37,27.24,25.55,28.58,12,19.4,33.65,18,31.98,,,32.64,,,35,22.9,,28,,,,25,23.5,22,,,15,05/10/02,17,7
Texas,Texas A&M,13.5,15.3,11.29,13.71,17.93,15.23,29.5,10.43,17.3,23,16.6,15,12.95,17.5,13,13.26,17,13.07,15.75,12.33,14,11.3,18.11,16,20.75,16.67,,8.91,15.48,16.71,20.5,11.8,15.52,12,15.99,17.66,19.4,15,13.5,13,22,18.38,20,29/11/02,50,15
Texas A&M,Louisiana Tech,13,9.42,9.21,13.67,20.49,16.6,,17.43,11,18,18.7,13,10.55,13,8.04,11.72,17,14.97,13.55,11.19,20,17.1,11.4,11,14.02,,,2.34,,,15,14.2,,16,,,,15,11,11,,,3,28/09/02,31,6
Texas A&M,Louisiana-Lafaye,28,35.74,23.12,34.73,30.99,26.17,26.3,37.57,35.74,31,41,31,33.5,29,35.74,35.49,3.42,38.89,32.92,28.35,31,37.5,42.86,24,,,,,,,,,,34,,,,34,31,35,,,7,31/08/02,31,2
Texas A&M,Missouri,9,6.11,13.29,5.05,11.91,9.94,,11.23,7.62,11,9.4,11,6.96,10,4.2,11.85,11,9.08,9.51,4.81,6,11.9,4.4,17,11.67,13.96,5.39,3.97,10.31,9.07,9,10.6,10.17,9,10.27,11.5,11.8,14,9.5,10,-1,11.2,33,16/11/02,27,13
Texas A&M,Nebraska,5,4.39,5.18,6.25,12.32,9.27,,7.05,6.8,14,4.5,9,9.09,6.5,4.42,4.34,4,0.33,6.64,7.23,13,8.7,6.2,11,0.02,7.65,6.86,4.46,4.89,9.24,3,10.3,7.15,7,,5.18,2,-1,3,7,,,38,26/10/02,31,10
Texas A&M,Oklahoma,-9,-15.26,-18.52,-18.34,-20.97,-15.84,,-15.3,-26.48,-22,-19.6,-20,-19.47,-16.5,-9.67,-17.85,-13,-16.39,-19.95,-19.87,-24,-14.6,-19.5,-16,-34.5,-26.07,-16.91,-17.71,-29.3,-31.99,-30.5,-18.9,-24.4,-10,-20.72,-21.95,-24.2,-9,-10,-17,-31,-16.93,26,09/11/02,30,12
Texas A&M,Texas Tech,6,7.4,9.25,5.82,7.76,11.52,,3.51,9.53,11,4.2,12,5.66,7,5.34,5.59,4,3.27,6.64,5.68,32,-0.8,1.33,2,9.26,,,1.17,,,8.5,2.2,,4,,,,1,6,3,,,48,05/10/02,47,7
Texas A&M,Virginia Tech,-2,-5.2,-10.7,-7.97,-6.39,-6.89,4.01,-10.19,2.48,-20,-3.6,1,-14.22,-4.5,-11.41,0.04,-10,-16.78,-7.45,-8.54,-22,-12.3,-2.87,3,-4.94,,,4.25,,,-15,-9.5,,-13,,,,-6,-3,-4,,,13,21/09/02,3,5
Texas Tech,Baylor,30.5,23.21,20.87,26.66,27.19,22.26,,30.18,22.73,39,26.9,28,24.69,25.5,25.07,23.93,35,39.36,27.56,25.66,40,34.4,39.34,18,18.3,19.05,28.92,18.89,20.76,30.7,30.5,32.2,22.18,34,,22.42,20.9,34,,31,24,,11,02/11/02,62,11
Texas Tech,Clemson,5.5,4.41,0.94,3.53,0.16,0.16,11.11,4.46,3.19,7,4.4,5,4.78,4.5,5.47,3,,6.01,5.15,5.57,10,9.4,4.26,11,6.98,3.79,4.01,2.17,3.02,4.4,5.5,8.7,2.88,9,3.66,2.56,3.8,4,5,10,4,5.69,15,17/12/02,55,18
Texas Tech,Mississippi,4,0.14,-10.55,-1.47,8.82,5.33,-0.42,2.08,1.29,-8,-0.5,3,-7.57,0.5,-0.93,2.35,-1,-1.05,-0.44,0.76,-37,6.1,4.72,3,1.43,,,,,,-7,-3,,16,,,,11,5,2,,,28,14/09/02,42,4
Texas Tech,Missouri,6.5,8.89,9.83,7.91,8.11,5.17,,9.45,15.18,8,14.1,12,14,14,5.25,16.35,13,13.3,10.59,9.07,6,13,8.69,16,4.92,16.71,5.7,7.48,12.98,16.52,13,12.6,,6,,11.57,,15,7.5,8,,,38,19/10/02,52,9
Texas Tech,NC St.,1.5,1.23,-0.57,1.78,-0.39,-0.87,4.09,-2.33,5.04,-22,-1.8,1,-6.76,-1,-2.68,7.54,-2,-9.27,-1.01,-5.65,-12,2.7,4.53,-3,-2.83,,,14.55,,,11.5,-1.6,,1,,,,0,3,-2,,,51,21/09/02,48,5
Texas Tech,Oklahoma St.,9,8.11,8.34,7.49,11.05,7.33,,5.02,11.14,13,11,14,9.53,14,6.77,20.21,14,8.07,8.91,6.69,-1,8.6,6.39,11,5.83,8.12,9.04,4.68,10.6,8.57,10.5,6.9,9.21,9,11.47,11.19,10.9,10,8.5,9,-4,10.43,24,09/11/02,49,12
Texas Tech,Texas,-6,-6.36,-7.29,-6.59,-11.11,-8.4,,-3.38,-8.3,-9,-5.8,-12,-4.93,-11.5,-4.6,-10.31,-7,-7,-8,-3.74,-26,2.7,-11.11,-10,-18.27,-5.21,-5.2,-4.36,-8.4,-10.6,-12,-1.9,-7.88,-10,-7.95,-8.77,-9.5,-3,-6,-5,-18,-7.65,38,16/11/02,42,13
Toledo,Ball St.,18,15.56,11.56,20.53,23.23,22.68,,13.63,8.51,12,15.9,19,8.93,19,18.97,10.23,24,22.94,17.59,11.39,24,22.4,14.43,16,18.68,,,18,,13.6,21.5,18.5,,28,,,,21,16.5,15,,,17,12/10/02,37,8
Toledo,Bowling Green,2.5,1.61,1.87,3.31,5.76,3.97,5.06,5.57,2.13,3,2.5,4,5.47,3,1.1,5.74,7,2.12,2.74,4.62,-1,4.4,5.52,5,-0.73,5.47,,-0.99,2.05,1.13,3.5,5.9,1.85,-2,-0.66,1.69,1.8,3,3.5,4,1,0.99,24,30/11/02,42,15
Toledo,Central Mich.,14,12.87,8.86,10.23,18.09,13.95,,13.03,9.68,15,15.9,17,8.03,12.5,14.4,10.74,23,15.23,13.2,6.73,14,17.5,18.22,17,13.25,12.9,15.5,6.42,10.05,13.13,14.5,8.4,11.1,19,11.86,12.69,12.8,17,14,12,14,13.34,17,09/11/02,44,12
Toledo,Miami (Ohio),3,4.39,2.86,6.03,7.32,6.51,,1.12,3.16,3,4.7,8,4.82,7,4.06,2.12,6,6.41,4.54,5.08,3,1.7,1.39,5,12.69,7.71,5.27,4.1,2.57,3.22,9.5,3.7,3.67,2,,1.86,-2,6,4,4,,,27,26/10/02,13,10
Toledo,UNLV,7.5,7.01,4.1,9.67,17.99,15.64,30.56,7.6,0.96,20,0.4,11,9.74,17,13.34,4.18,13,17.58,10.77,10.39,46,13.5,6.89,14,16.75,,,-21.35,,,-20,12,,6,,,,15,6.5,9,,,21,21/09/02,38,5
Troy St.,Utah St.,7.5,-1.34,-4.3,4.39,12.07,11.35,,7.8,-6.26,11,-2.9,8,2.92,5.5,3.55,3.76,8,13.29,2.35,3.7,1,7,-3.5,8,7.58,-13.28,,0.39,-9.72,-7.65,3,5,-4.37,5,0.26,-7.54,-9,19,9.5,10,-7,0.03,19,16/11/02,16,13
Tulane,Army,19.5,29.26,25.94,29.64,27.97,25.58,,24.35,37.7,38,23.9,35,30.45,33.5,23.3,31.42,25,24.98,28.4,30.29,20,27.2,18.18,27,26.99,18.32,26.52,30.79,35,47.57,32,29,35.85,28,27.55,25.82,27.9,23,19.5,24,34,23.46,14,16/11/02,10,13
Tulane,Cincinnati,-5,-2.68,-4.66,-4.8,2.55,4.17,,-10.76,-3.67,-10,-9.1,-2,-8.71,0.5,-3.99,-14.03,-7,-0.49,-5.79,-5.61,-15,-9.1,-16.39,-2,-3.13,,,-4.91,,-10.05,-6,-8.4,,-15,,,,-2,-7,-5,,,17,12/10/02,35,8
Tulane,Navy,16,15.74,12.82,15.83,20.95,23.29,,20.9,15.35,38,15.5,23,13.35,22,15.9,8.79,14,28.62,18.63,19.18,14,27.1,12.88,19,14.16,7.24,19.16,10.82,13.67,18.1,26.5,20.9,13.89,15,,15.01,21,24,15.5,22,,,30,26/10/02,51,10
Tulane,Southern Miss.,-6.5,-6.92,-6.44,-4.05,-2.53,-1.86,,-1.72,-7.75,-1,-6.9,-4,-2.77,-2.5,-6.07,-4.46,-5,-10.27,-4.64,-1.22,-11,0.2,-3.89,2,-6,-4.05,-3.04,-5.76,-9.13,-9.41,-6.5,-1.3,-7.61,4,-6.25,-5.62,-6.9,-7,-5.5,-4,-1,-5.22,10,23/11/02,31,14
Tulane,Texas,-31,-15.69,-27.5,-25.07,-21.41,-17,,-33.72,-15.97,-26,-30.4,-19,-27.74,-19,-15.41,-31.22,-30,-29.18,-25.26,-26.85,-20,-35.4,-29.97,-28,-29.53,,,-25.19,,,-22.5,-33.2,,-28,,,,-25,-28,-30,,,49,28/09/02,0,6
Tulane,UAB,4,6.56,1.55,6.62,12.7,10.29,,0.04,4.74,15,0.5,9,6.98,7,8.28,5.49,7,9.78,8,5,5,77.5,10.12,6,-0.56,0.06,10.18,4.44,0.84,2.44,7.5,7.4,,-2,,2.97,,5,4,7,,,14,19/10/02,35,9
Tulsa,Boise St.,-25.5,-21.33,-26.13,-25.64,-25.16,-22.76,,-31.72,-21.66,-33,-27.7,-28,-23.46,-25,-19.89,-21.82,-28,-34.31,-27.45,-24.72,-44,-35.1,-26.41,-17,-30.71,,,-26.87,,-25.7,-26.5,-38.4,,-24,,,,-28,-27,-28,,,52,12/10/02,24,8
Tulsa,Kansas,-4.5,-4.98,-8.93,-10.82,-0.02,0.59,,-9.35,-6.83,-8,-7.3,-4,-5.12,-7,-3.15,-13.22,-6,-10.99,-7.46,-8.81,-32,-13.7,-0.38,-1,-5.32,,,-2.54,,,-0.5,-15.9,,-12,,,,-6,-5,-10,,,43,28/09/02,33,6
Tulsa,Oklahoma,-36,-29.15,-31.94,-38.88,-34.28,-30.64,-55.79,-41.24,-29.16,-42,-40,-28,-30.6,-26,-29.15,-31.73,-3.76,-43.64,-36.5,-35.9,-39,-42,-31.61,,,,,,,,,,,-44,,,,-36,-38,-44,,,37,30/08/02,0,2
Tulsa,Rice,-10,-4.08,-1.52,-2.53,0.25,-3.3,,-6.34,-0.3,-6,-4.1,-3,-1.4,-4,-4.94,-1.81,-4,-8.21,-4.62,-3.11,-19,-6.2,-4.16,-9,-2,2.66,-3.63,-2.63,-1.61,-4.69,-3,-4.2,-8.44,-15,,-5.46,-0.2,-4,,-5,-4,,33,02/11/02,18,11
Tulsa,San Jose St.,-10,-10.78,-11.25,-11.15,-3.69,-4.15,,-9.05,-14.18,-12,-12.9,-16,-6.53,-17,-7.61,-4.3,-8,-14.37,-11.23,-11.39,-22,-7.1,-10.75,-7,-11.09,-9.76,-9.76,-7.64,-15.5,-16.71,-13.5,-10,-14.34,-4,-14.28,-15.19,-16.8,-6,-10,-8,-20,-11.49,49,16/11/02,38,13
Tulsa,UTEP,2.5,-1.94,-5.6,0.13,14.23,7.37,,-0.27,-11.6,3,-1.6,-8,-0.63,-7.5,6.63,-4.59,9,-0.19,-1.26,-3.19,-14,11.3,4.63,-6,-2.42,-8.24,4.58,-3.17,-13.75,-14.64,5,2.1,-10.84,7,,-3.27,-0.8,8,2.5,2,,,0,26/10/02,20,10
UAB,East Carolina,1,-3.72,-0.24,-2.88,2.36,0.96,,1.26,-1.11,-3,0.8,0.25,2.63,1.5,-6.33,4.14,-4,0.18,-0.5,-3.17,-12,0.2,-9.9,5,6.38,2.04,-4.35,-2.26,1.07,-2.45,-0.5,-0.4,0.76,1,4.95,3.41,2.5,-1,1.5,-2,-4,0.47,29,16/11/02,36,13
UAB,Houston,3,1.25,-0.27,4.43,4.5,0.01,,13.06,0.91,-5,7.3,4,2.61,6.5,-1.23,5.01,6,11.65,0.81,2.04,-6,-62.3,-3.75,6,9.38,,,-0.1,,1.55,2.5,5.8,,-1,,,,12,5,6,,,34,12/10/02,51,8
UAB,Memphis,-8.5,-4.83,-9.49,-3.31,-8.7,-12.21,,-4.96,-2.56,-10,-0.8,-7,-13.63,-1.5,-7.23,-3.02,-4,,-11.24,-5.91,-32,-76.4,-10.02,-7,3.5,,,-20,,,-19,-15.9,,5,,,,-5,-6,-12,,,17,28/09/02,31,6
UAB,Pittsburgh,-6.5,2.46,-3.65,-5.01,-4.97,-1.99,3.41,-8.47,7.73,15,-5.7,-0.25,-0.94,-1,-2.26,-1.29,-2,-0.12,-5.78,-4.03,-27,-81.3,-13.28,-8,4.01,,,,,,-4,-11,,-4,,,,-5,-5.5,9,,,26,14/09/02,20,4
UAB,Southern Miss.,-7,-8.65,-7.32,-11.37,-5.11,-7.46,,-5.73,-6.56,-12,-7.7,-8,-3.95,-4.5,-11.41,-0.82,-8,-12.86,-10.82,-10.16,-22,-73.2,-16.28,-14,-4.79,0.65,-17.78,-9.31,-6.81,-14.28,-10,-12.4,-6.25,-9,-3.93,-3.84,-5.5,-10,-7,-9,-14,-8.25,20,09/11/02,13,12
UAB,Troy St.,1.5,0.43,-2.28,8.02,9.26,11.65,10.07,5.94,5.92,-10,18.3,4,-4.71,5.5,-4.69,2.9,3,6.49,-0.29,4.36,-18,-70.5,-7.53,4,-1.79,,,,,,-9,2.9,,13,,,,5,5.5,6,,,26,07/09/02,27,3
UCLA,Colorado,12,15.43,16.33,7.12,9.99,13.21,-0.13,11.64,18.56,24,16.1,14,23,12,12.76,7.87,11,,12.27,17.75,11,15.3,2.8,2,6.22,,,-2.35,,,29,18.3,,7,,,,10,9.5,8,,,31,21/09/02,17,5
UCLA,Colorado St.,7,1.41,-3.39,5.17,9.89,12.41,-16.17,7.76,-2.94,1,10,5,-2.56,1.5,4.75,-0.36,12,,3.99,1.6,12,8.4,8.97,3,-5.75,,,,,,-1,6.7,,16,,,,11,7.5,5,,,19,07/09/02,30,3
UCLA,New Mexico,10.5,14.63,13.27,14.39,9.51,9.51,15.57,7.36,12.72,11,15.6,13,9.62,10.5,16.59,11.17,,,12.61,11.46,19,12.3,14.86,5,11.96,2.78,14.1,10.71,14.24,17.41,11.5,11.5,16.69,16,13.85,11.92,18.1,10,10,9,12,15.55,13,17/12/02,27,18
UCLA,Oregon,2.5,1.96,-1.06,2.63,0.32,3.4,,-6.03,-1.06,11,-2.2,1,-1.13,-2.5,4.91,-3.95,5,,0.76,6.07,5,2.9,4.83,-1,-9.32,,,2.5,,1.36,-0.5,-5.2,,-3,,,,2,3,3,,,31,12/10/02,30,8
UCLA,Stanford,9,11.73,10.24,13.78,21.13,20.36,,12.82,7.02,26,11,17,8.63,14.5,15.7,6.52,14,,14.07,11.78,13,22.6,15,14,12.21,7.85,17,9.92,7.99,11.06,15,11.6,7.23,21,,16.87,14.2,19,9,13,,,18,26/10/02,28,10
UCLA,USC,-5.5,-5.47,-4.21,-4.8,-11.42,-5.7,,-4.78,-5.68,-5,-4.5,-5,-5.79,-6.5,-5.26,-7.4,-4,,-5.92,-3.37,-12,-4.2,-9,-11,-5.14,-7.61,-4.77,-5.59,-6.24,-7.4,-10,-7.7,-5.31,-5,-3.69,-5.83,-6.8,0,-3,-3,-7,-3.48,52,23/11/02,21,14
UCLA,Washington St.,-2.5,-0.06,-0.49,1.54,-7.19,-0.51,0.77,-5.62,-3.25,1,0.5,1,-5.18,-0.5,2.97,-7.16,4,,-1.55,0,-2,-1.5,1.34,-7,-6.64,-1.4,1.61,-1.44,-4.1,-3.14,-2,-2.4,-4.41,1,-1.77,-2.98,-1,2,-2.5,-1,-9,-2.31,48,07/12/02,27,16
UNLV,Air Force,-6,-9.55,-11,-8.37,-6.45,-9.66,,-5.33,-7.96,-13,-10.9,-11,-4.08,-11,-11.15,-7.38,-10,-5.03,-9.3,-4.08,-16,-6.3,-12.05,-8,-9.43,-9.37,-10.71,-6.36,-9.37,-12.05,-11,-6.7,-10.22,-11,-12.56,-12.56,-13.9,-1,-6,-6,-17,-12.38,49,16/11/02,32,13
UNLV,Kansas,14.5,5.35,11.64,4.56,20.68,18.21,10.27,12.7,4.16,14,16.8,10,6.36,4.5,6.49,3.1,14,15.11,11.58,5.51,8,18.7,23.79,3,10.77,,,,,,11.5,15.1,,15,,,,18,15,11,,,20,07/09/02,31,3
UNLV,Nevada,-2,0.15,-6.44,-0.02,3.21,-1.42,,1.55,-0.05,-8,6.8,1,-2.89,3.5,0.33,-5.72,7,1.63,-0.16,-7.52,-7,0.8,1.12,2,2.77,,,-11.63,,,-4.5,2.5,,2,,,,14,-1,2,,,17,05/10/02,21,7
UNLV,New Mexico,7,4.81,5.64,0.48,8.78,4.54,,3.84,2.16,1,4.2,6,5.76,3,3.8,18.73,2,5.3,3.73,2.14,-2,12.5,-5.15,-1,7.29,,,-2.29,,2.64,0.5,13.8,,2,,,,5,5,6,,,25,12/10/02,16,8
UNLV,Wisconsin,-4,-10.19,-8.44,-9.36,-1.34,-0.15,-15.3,-2.1,-13.9,-3,-6.4,-4,-9.65,-10.5,-7.13,-13.63,-0.4,-6.54,-6.1,0.39,-8,-2.7,-1.96,-7,,,,,,,,,,-1,,,,-4,-3.5,-8,,,27,31/08/02,7,2
UNLV,Wyoming,7.5,7.25,4.44,5.18,11.92,8.8,,6.77,5.2,9,8.4,8,8.34,7,7.44,10.95,11,7.51,7.04,2.15,0,6.4,5.09,5,9.52,1.66,6.13,4.84,3.85,4.8,4.5,4.6,17.18,12,,18.3,6.7,9,,5,-1,,48,02/11/02,49,11
USC,Arizona St.,15,17.64,17.26,17.85,24.89,22.02,,18.36,16.43,28,17.8,23,15.34,19.5,19.3,8.54,19,21.87,18.69,16.93,20,20.1,23.92,14,15.01,20.5,20.11,12.95,17.04,19.32,26,18.8,14.49,10,15.35,16.75,19.6,18,13.5,18,10,18.1,13,16/11/02,34,13
USC,Auburn,7,2.94,3.21,5.25,3.17,4.39,-3.82,16.55,2.95,10,15,5,6.15,2.5,2.95,8.6,0.63,6.88,7.44,8.04,8,17.6,,7,,,,,,,,,,17,,,,18,7,5,,,17,01/09/02,24,2
USC,California,12.5,10.34,6.84,11.58,4.09,8.81,,14.75,7.04,14,9.7,11,9.22,10.5,11.82,6.97,17,11.87,11.8,11.62,18,20.4,14.66,12,4.23,,,7.02,,6.24,12,16.9,,17,,,,23,12.5,14,,,28,12/10/02,30,8
USC,Iowa,6,6.11,6.13,7.92,5.77,5.77,16.58,5.7,2.72,7,9.8,4,2.14,6,9.97,0.98,,4.97,5.57,4.94,10,5.1,10.34,1,-1.88,6.17,9.24,6.03,4.68,5.59,6.5,3.1,2.36,6,-0.72,4.58,10.6,3,5.5,2,-6,1.35,17,17/12/02,38,18
USC,Notre Dame,11,9.93,8.57,13.64,12.63,13.67,17.31,15.41,2.22,18,9.8,5,6.15,6.5,16.61,-2.35,13,19.63,10,13.22,7,18.9,13.57,13,-1.62,7.94,,8.26,2.87,7.91,7,15.6,1.57,15,0.74,4.37,4.7,19,10.5,11,-5,4.93,13,30/11/02,44,15
USC,Oregon St.,3,7,2.48,5.69,4.84,4.47,,1.32,7.42,6,2,3,-1.46,2,6.44,9.59,5,-5.9,4.42,0.06,32,0.2,7.79,4,1.04,,,13.57,,,4.5,1.4,,-1,,,,1,2.5,5,,,0,28/09/02,22,6
USC,Washington,8,12.52,11.94,14.36,17.71,16.38,,12.82,13.39,22,12.4,13,9.08,9,13.64,11.39,13,14.43,14.61,16.18,16,20.2,19.17,14,6.07,12.01,19.02,11.84,10.51,15.23,19.5,19.1,,24,,9.48,,17,7,11,,,21,19/10/02,41,9
UTEP,Boise St.,-32.5,-24.17,-26.29,-30.09,-34.7,-32.75,,-36.03,-19.75,-46,-31.6,-32,-22.19,-27.5,-30.54,-13.99,-38,-58.68,-31.47,-29.32,-41,-46,-36.93,-24,-29.51,-17.75,-36.72,-23.41,-23.03,-34.74,-33,-43.1,-15.1,-33,,-18.01,-23.3,-38,,-32,-31,,58,02/11/02,3,11
UTEP,Hawaii,-19.5,-7.91,-11.01,-16.53,-14.54,-13.56,-31.53,-27.57,2.73,-27,-8,-2,-16.45,-4.5,-18.65,-16.9,-25,-29.92,-17.04,-18.26,-53,-39,-12.93,-11,-23.18,,,30.75,,,-2,-37.9,,-22,,,,-24,-17,-21,,,31,21/09/02,6,5
UTEP,Rice,,-6.52,-5.63,-7.73,-12.41,-15.54,,-13.28,4.97,-11,-9.4,-2,-4.89,-2.5,-13.58,-9.43,-14,-24.21,-9.41,-12.56,-19,-24.2,-16.97,-7,-6.87,2.19,-16.11,-4.35,2.54,-7.7,-1.5,-18.6,,-13,,-1.99,,-11,,-12,,,35,19/10/02,38,9
UTEP,SMU,-5.5,1.58,4.16,3.56,3.01,0.94,,-3.12,6.14,4,-0.6,8,2.09,8,-3.68,0.86,-6,-13.29,0.93,2.41,-12,-8,-10.23,6,4.55,5.5,-2.5,2.43,5.12,2.77,6,-5.5,4.64,-6,7.69,6.29,6.6,-4,-7,-4,1,3.84,42,16/11/02,35,13
Utah,Air Force,9,-0.47,-2.65,11.47,2.76,0.98,,12.72,-4.07,-7,-1.5,7,-0.55,3,3.24,2.95,8,8.9,2.92,2.62,-2,7.1,8.71,4,-1.48,,,-7.2,,,-5,-2.7,,13,,,,16,11,9,,,30,28/09/02,26,6
Utah,BYU,8,5.83,4.69,7.89,12.14,8.51,,9.05,2.31,10,5.4,6,6.07,4,9.44,5.97,10,10.96,6.04,6.92,6,10.6,11.46,7,2.96,1.32,8.65,2.56,1.48,3.78,3,6.1,1.59,12,1.6,0.59,-0.2,10,8,8,2,3.55,6,23/11/02,13,14
Utah,Colorado St.,1,-3.37,-8.38,-1.34,-5.06,-3.01,,3.05,-11.54,-1,-5.4,-4,-6.09,-6,2.7,-9.35,4,1.52,-3.1,-4,0,4.8,3.82,-10,-5.19,-14.97,0.58,-8.46,-13.03,-11.74,16.5,2.5,,7,,-15.85,,3,2,-3,,,28,19/10/02,20,9
Utah,Indiana,14.5,10.71,14.12,9.03,10.46,9.83,22.18,4.09,9.42,15,5.2,13,15.2,10,11.92,11.3,8,14.85,9.85,7.94,9,-3.1,20.63,6,2.74,,,,,,10,3.8,,3,,,,6,14,15,,,13,07/09/02,40,3
Utah,UNLV,10.5,6.54,2.22,8.59,5.18,5.26,,8.13,0.43,7,3.7,5,2.65,3,11.58,1.35,9,12.28,3.87,3.63,8,8.9,12.33,-2,1.49,-7.87,9.15,2.08,-1.61,2.95,-0.5,4.8,-1.39,9,-3.39,-3.76,-3.6,10,8.5,5,-2,0.8,17,09/11/02,28,12
Utah St.,BYU,-17,-10.16,-13.03,-17.28,-12.19,-15.1,,-14.58,-6.76,-29,-15.4,-11,-11.82,-13,-13.88,-7.94,-20,-25.31,-15.15,-13.01,-9,-18.6,-21.98,-8,-17.43,,,-14.01,,,-22.5,-16.8,,-19,,,,-7,-14,-18,,,35,04/10/02,34,7
Utah St.,New Mexico,-3,-3.67,-6.25,-5.93,-4.81,-8.45,,-4.02,-9.28,-12,-11.5,-4,-8.55,-5,-2.29,-3.07,-5,-6.02,-6.64,-6.12,1,0.9,-12.15,-10,-4.3,-10.46,-8.16,-5.55,-7.22,-11.54,-10.5,-3.7,,-6,,-12.28,,0,-2.5,-8,,,44,19/10/02,45,9
Utah St.,New Mexico St.,-2,-3.53,-8.47,-3.69,-2.67,-7.74,,-2.34,-10.05,-12,-9,-9,-4.31,-11,-0.27,-5.21,1,1.14,-6.79,-3.69,-1,-1.6,-4.45,-11,-11.67,-0.6,-5.48,-4.13,-11.06,-9.71,-13.5,-3.5,-12.27,-2,-14.87,-17.31,-17.9,7,-2.5,-4,-19,-12.15,30,09/11/02,32,12
Utah St.,Utah,-10.5,-9.63,-14.58,-16.62,-9.37,-9.33,-20.05,-20.67,-9.62,-13,-24,-4,-13.6,-8,-9.63,-9.09,-1.5,-23.21,-14.94,-11.9,-32,-21.3,-12.07,-10,,,,,,,,,,-18,,,,-11,-10.5,-22,,,23,31/08/02,3,2
Vanderbilt,Alabama,-22,-20.04,-22.98,-23.67,-33.07,-28.78,,-31.82,-25.83,-38,-26.9,-22,-26.97,-20,-17.39,-27.81,-27,-38.83,-27.01,-25.58,-30,-28.3,-29.65,-20,-27.02,-23.26,-24.22,-20.52,-26.6,-35.99,-38.5,-31.9,-26.65,-22,,-29.74,-27.9,-23,,-25,-37,,30,02/11/02,8,11
Vanderbilt,Connecticut,8,5.61,3.33,4.37,-3.75,-0.95,,-0.51,3.19,-1,5,2,-3.01,4.5,5.37,2.04,3,9.59,2.67,3.97,1,7,-3.77,2,2.29,5.49,0.01,5.08,0.87,2.78,-0.5,-0.7,3.26,7,,-8.58,5.2,13,8,9,,,24,26/10/02,28,10
Vanderbilt,Florida,-21.5,-18.49,-18.27,-14.23,-19.48,-15.19,,-24.61,-20.99,-26,-28.2,-17,-18.56,-16.5,-15.09,-22.16,-23,-27.97,-21.03,-16,-21,-20.6,-17.13,-19,-26.95,-22.75,-15.39,-12.74,-21.5,-26.49,-28,-24.7,-22.38,-19,-22.8,-24.64,-25.2,-22,-21,-20,-20,-27.08,21,09/11/02,17,12
Vanderbilt,Middle Tenn.,7,17.1,14.76,15.98,10.75,11.91,,-0.7,22.15,3,2.5,11,22.66,6.5,10.46,21.71,3,13.63,10.81,16.98,24,20.2,0.45,7,-7.84,,,15.26,,23.47,10.5,11.2,,1,,,,3,6,5,,,21,12/10/02,20,8
Vanderbilt,South Carolina,-9.5,-0.46,-10.53,-5.07,-6.87,-5.28,,-18.62,-0.98,-10,-17.1,-7,-0.97,-7.5,0.09,-5.33,-11,-5.12,-7.67,-4.73,-5,-9.2,-11.68,-8,-19.89,,,-5.15,,,-3.5,-18,,-1,,,,-9,-10.5,-9,,,20,28/09/02,14,6
Vanderbilt,Tennessee,-18,-14.02,-13.13,-9.54,-18.6,-17.64,,-15.09,-18.15,-22,-19.4,-13,-12.2,-11,-9.78,-20.87,-14,-18,-15.4,-11.37,-14,-11.6,-10.17,-14,-24.01,-15.37,-11.41,-8.49,-17.64,-19.03,-16,-15.3,-18.65,-16,-17.3,-18.21,-19.8,-14,-18,-15,-18,-20.19,24,23/11/02,0,14
Virginia,Akron,23,23.41,24.66,19.33,14.1,14.65,22.49,26.54,22.15,40,24.9,23,27.37,19,24.68,27.66,25,23.42,22.57,19.03,16,26.5,21.55,21,15.26,,,27.65,,,19,28.6,,16,,,,21,22.5,28,,,29,21/09/02,48,5
Virginia,Clemson,-5,0.49,-0.42,-3.43,1.94,3,,-2.67,5.44,1,-0.7,3,-3.72,2,-1.06,3.23,-5,-6.31,-0.72,-0.41,-9,-0.4,-6.31,5,-1.95,,,-1.7,,1.99,0,-0.1,,-2,,,,-1,-5.5,-2,,,17,12/10/02,22,8
Virginia,Colorado St.,2.5,1.42,1.52,-0.37,-2.86,0.04,-20.32,3.22,1.42,-4,-1,2,0.8,-2,1.42,1.31,0.09,-3.73,-0.23,0.06,3,0.7,4.45,6,,,,,,,,,,,,,-4.4,3,,,,,35,22/08/02,29,1
Virginia,Maryland,-9.5,-6.06,-4.02,-6.06,-7.74,-5.55,,-10.02,-2.88,-13,-7.2,-7,-4.1,-6,-8.66,-1.24,-9,-8.55,-6.63,-6.31,-16,-12.7,-6.07,-8,-3.96,-6.12,-7.17,-2.46,-3.2,-6.08,-4.5,-9.3,-3.48,-9,-1.36,-2.86,-3.4,-11,-9,-6,-11,-6.16,13,23/11/02,48,14
Virginia,NC St.,-7,-3.52,-1.55,-4.88,-7.74,-4.79,,-7.24,-0.63,-9,-5.7,-3,-3.93,-5,-6.04,0.83,-8,-5.06,-4.84,-4.03,-11,-6.7,-6.67,-8,-5.28,-1.3,-5.9,-2.9,-0.68,-3.42,-8.5,-4.3,-1.44,-7,0.19,-2.56,-2.4,-8,-5.5,-5,-13,-6.45,9,16/11/02,14,13
Virginia,North Carolina,4.5,10.48,15.34,9.47,14.44,19.9,,4.61,19.13,18,9.5,17,10.12,14,7.99,10.5,1,0.8,11.72,12.05,3,2.2,10.17,17,7.63,17.84,10.69,11.49,19.59,18.68,20,5.1,,3,,20.07,,6,4.5,8,,,27,19/10/02,37,9
Virginia,South Carolina,-4.5,2.41,-3.5,-2.35,-13.65,-11.92,-19.07,-3.51,-0.57,-3,-7.8,-1,-1.6,-4,5.4,-0.5,-3,-10.01,-5.07,-4.53,-7,-3.3,9.86,-12,-12.27,,,,,,-10,-3.4,,-7,,,,-2,-3.5,-6,,,21,07/09/02,34,3
Virginia Tech,Air Force,11.5,8.21,7.75,9.15,7.4,7.4,19.25,15.39,8.66,10,8.7,9,8.51,10.5,7.72,6.15,,12.39,10.53,9.96,15,14.9,13.11,6,15.52,3.52,7.29,6.74,9.71,10.79,11,17.5,12.95,10,8.36,8.1,7.4,14,11.5,15,6,12.28,13,17/12/02,20,18
Virginia Tech,Arkansas St.,37,40.44,27.24,45.14,40.74,35.48,39.94,48.36,40.44,41,49,33,35.15,34.5,40.44,35.83,5.69,,37.89,36.79,40,51.4,40.92,22,,,,,,,,,,,,,42.9,48,,,,,7,22/08/02,63,1
Virginia Tech,LSU,7,-1.85,2.04,7.17,10.3,11.14,10.7,1.18,-5.68,9,3.8,5,1.15,10,2.94,-1.91,0.89,3.75,5.38,-3.85,14,3.8,12.68,,,,,,,,,,,9,,,,8,8,4,,,8,01/09/02,26,2
Virginia Tech,Marshall,11.5,12.57,7.56,13.46,15.86,15.3,,23.48,12.29,15,25.2,14,7.94,13,12.96,7.94,25,15.54,13.59,9.83,22,19.1,14.26,5,2.61,,,,,,,17.3,,17,,,,10,10,5,,,21,12/09/02,47,4
Virginia Tech,Pittsburgh,13,16.75,13.65,17.06,13.67,18.03,,7.01,19.63,20,12.4,14,12.68,15.5,15.02,12.38,15,8.35,15.47,13.89,13,7.3,20.18,17,18.85,13.01,14.69,12.34,16.95,20.83,22,7.1,21.29,16,,17.7,13.7,11,,28,21,,28,02/11/02,21,11
Virginia Tech,Rutgers,42,45.75,46.88,55.99,60.33,54.4,,44.27,57.08,63,46.6,33,50.14,34,39.31,47.17,45,46.85,49.65,56.18,43,44.8,60.24,32,49.42,43.82,48.62,60.47,54.51,86.58,67,40.6,,45,,44.27,,46,41.5,39,,,14,19/10/02,35,9
Virginia Tech,Temple,28,30.51,30.99,36.1,35.85,37.46,,22.62,36.54,49,31.6,29,28.82,29.5,27.27,23.52,34,34.73,33.17,33.44,33,25.2,40.23,25,34.36,30.47,33.28,32.71,34.27,50.14,50.5,23.8,33.92,34,,39.95,28.4,28,30,24,,,10,26/10/02,20,10
Virginia Tech,Virginia,7,3.25,3.33,5.41,9.41,8.71,6.21,2.17,-2.16,7,3.7,7,-1.62,2,8.17,3.29,12,2.5,2.87,-1.88,8,1.9,9.55,-7,1.33,-5.14,,0.77,-1.64,0.89,5.5,-3.6,-0.18,13,5.64,1.22,1.5,6,6.5,-4,4,3.62,9,30/11/02,21,15
Virginia Tech,West Va.,7.5,4.66,4.89,5.88,4.83,6.87,,0.15,4.46,6,7.4,10,0.11,9,4.91,8.09,10,7.87,5.34,0.26,4,2.7,8.36,3,11.57,2.22,5.85,6.09,3.99,5.26,11.5,-3.5,5.44,10,7.28,6.63,6.8,6,9,-1,5,7.54,21,23/11/02,18,14
Wake Forest,Duke,13.5,11.73,11.83,10.77,7.17,11.67,,12.72,13.72,19,13.3,15,13.63,15.5,9.95,11.22,13,17.74,14.34,12.61,10,16.7,16.21,14,18.37,,,7.46,,9.47,24,17.7,,21,,,,18,13.5,18,,,10,12/10/02,36,8
Wake Forest,East Carolina,4.5,3.14,8.18,2.76,-5.78,-4.38,7.16,5.29,2.55,17,-0.5,9,8.55,-2,3.8,9.23,1,1.28,4.89,7.96,4,5.4,12.8,12,14.16,,,,,,-0.5,10.2,,-1,,,,1,5.5,5,,,22,07/09/02,27,3
Wake Forest,Florida St.,-10,-8.47,-7.45,-9.65,-6.2,-5.27,,-7.16,-6.89,-6,-9.9,-7,-7.82,-6,-9.26,-5.32,-10,-5.33,-7.14,-4.31,-15,-4.9,-4.55,-1,-2.55,-2.17,-7.82,-7.57,-7.86,-13.26,-8,-3.4,-9.95,-10,,-10.65,-7.8,-10,,-3,-19,,34,02/11/02,21,11
Wake Forest,Navy,27,28.43,25.33,22.71,27.8,29.79,,31.27,29.15,42,28.1,30,21.35,27.5,27.7,17.56,27,34.92,28.32,25.95,23,34.8,25.86,24,24.22,25,28.02,17.76,28.95,31.26,33.5,30.4,31.25,32,26.33,25.81,27.2,32,27.5,31,26,26.98,27,23/11/02,30,14
Wake Forest,North Carolina,5.5,6.2,8.99,8.1,11.74,16.6,,4.74,8.98,17,5.4,12,9.34,10,6.41,5.78,3,4.55,8.37,9.66,3,5.2,10.16,11,4.31,7.58,10.63,7.86,8.18,8.93,13,2.3,7.25,-1,,13.95,12.2,5,5,7,,,0,26/10/02,31,10
Wake Forest,Virginia,2,0.01,-5.25,1.08,4.62,2.7,,-0.52,1.02,3,0.4,2,0,1.5,-0.98,-5.08,-1,3.44,0.63,-0.52,-5,-0.6,3.28,2,-0.85,,,-3.07,,,9,-4.9,,-1,,,,3,1.5,2,,,38,28/09/02,34,6
Washington,Arizona,13.5,5.1,2.42,9.03,7.33,7.87,,7.45,-2.77,16,5.4,8,4.5,9.5,9.23,-0.89,9,11.38,7.53,9.71,6,7.7,14.53,9,2.66,,,7.49,,3.05,5.5,8.2,,10,,,,8,13.5,11,,,28,12/10/02,32,8
Washington,California,12,7.2,4.42,9.98,0.93,4.75,,7.58,8.82,1,7.3,13,5.03,16,5.31,10.68,10,8.92,7.2,7.11,0,6.4,10.81,6,10.68,,,0.35,,,9.5,5,,2,,,,13,12.5,16,,,34,05/10/02,27,7
Washington,Idaho,30.5,18.51,22.76,28.51,37.18,32.97,,28.67,15.53,32,28.3,28,27.97,28.5,21.64,29.33,33,34.68,27.58,22.72,27,26.6,29.64,19,28.56,,,12.65,,,42.5,25.3,,34,,,,30,29,34,,,27,28/09/02,41,6
Washington,Oregon St.,-5.5,-3.71,-6.19,-4.45,-11.37,-12.44,,-8.65,-3.26,-13,-7.6,-6,-1.98,-4,-5.69,1.71,-3,-8.07,-6.92,-6.13,-13,-11.2,1.04,-8,-1.54,-10.01,-13.64,-3.53,-4.42,-6.2,-9,-8.2,-3.91,-7,-5.78,-5.9,-6.3,-10,-1,-5,-11,-8.06,29,09/11/02,41,12
Washington,Purdue,3.5,5.46,4.74,4.17,2.35,2.35,9.2,7.9,6.68,10,8.2,3,5.81,3.5,4.03,4.54,,4.48,6.62,6.5,1,7.6,3.81,4,36.13,3.93,5.29,3.97,6.7,6.17,7.5,10,5.82,5,5.57,6.33,9.4,3,3.5,11,1,7.6,34,17/12/02,24,18
Washington,San Jose St.,30,22,17.64,24.7,21,17.48,17.08,29.71,18.87,21,23.9,24,29.53,21,25.29,27.62,29,24.19,23.12,20.96,-8,28.8,32.46,28,23.85,,,,,,21.5,25.1,,25,,,,29,30.5,37,,,10,07/09/02,34,3
Washington,UCLA,-1,-3.05,-4.93,-4.72,-6.1,-5.56,,-3.59,-2.97,-6,-5.9,-3,-3.16,-3,-3.4,0.56,-4,-3.4,-3.96,-4.76,-7,-5.1,-0.12,-3,-1.14,-7.48,-3.85,-2.79,-4.02,-5.59,-7.5,-3.1,0.41,-6,,-0.02,-4.7,-5,,-2,-5,,34,02/11/02,24,11
Washington,Wyoming,30.5,24.72,27.79,28.3,36.58,30.35,40.1,33.31,21.76,41,27.2,26,34.14,28,27.9,30.47,38,36.52,28.92,30.07,22,33.5,35.1,24,29.89,,,-3.65,,,22,32.2,,28,,,,28,30,36,,,7,21/09/02,38,5
Washington St.,Arizona St.,7.5,7.53,8.12,8.68,8.88,7.87,,4.32,15.43,13,7.1,12,8.67,10.5,4.54,7.26,9,6.43,8.78,9.11,6,0.4,11.74,5,9.75,6.36,,9.9,12.61,14.68,14.5,3.1,13.92,3,,13.18,11.2,9,,7,24,,22,02/11/02,44,11
Washington St.,Idaho,27.5,20.46,29.06,29.91,31.21,31.37,57.88,35.92,20.67,31,37.7,25,28.27,25,20.25,32.55,32,29.81,31.02,34.46,16,34.2,23.43,28,37.62,,,,,,32,36.2,,38,,,,33,28,40,,,14,07/09/02,49,3
Washington St.,Nevada,27,22.11,24.7,24.09,25.07,26.1,36.97,30.15,22.12,33,36,17,25.1,23.5,22.11,23.1,2.86,32.06,27.27,21.06,28,36,29.16,20,,,,,,,,,,29,,,,35,29,29,,,7,31/08/02,31,2
Washington St.,Oregon,5,6.59,8.22,8.48,4.32,7.21,,4.07,14.83,15,5.5,14,12.42,12,2.91,9.61,5,4.79,9.25,11.15,6,3.7,8.38,12,7.77,13.31,13.26,9.2,12.43,14.11,14.5,3.8,13.12,2,11.93,11.31,11.9,7,6,7,11,9.66,21,09/11/02,32,12
Washington St.,USC,-3,-5.38,-5.1,-6.46,-17.31,-10.14,,-6.46,-2.36,-8,-4.5,-2,-9.02,-0.5,-8.74,5.65,-9,-4.71,-7.86,-5.7,-32,-17.6,-19.63,-3,6.64,,,-11.8,,,-3.5,-14,,-9,,,,-2,-3,-2,,,27,05/10/02,30,7
Washington St.,Washington,8,13.81,14.07,11.58,15.38,16.31,,9.31,20.45,20,13.8,17,10.86,14.5,8.28,12.52,9,7.96,14.04,10.36,7,8.7,8.96,14,18.43,18.53,11.37,9.42,20.15,18.53,19,6.4,19.72,16,18.4,18.95,20.6,12,7,5,15,16.53,29,23/11/02,26,14
West Va.,Boston College,3.5,0.62,-2.96,-0.94,6.8,7.21,,1.14,-4.71,7,-1.1,2,-3.34,1.5,4.37,-2.68,1,1.03,-0.82,-3.79,-4,1.9,1.22,4,-8.96,-0.18,3.73,-5.28,-5.17,-6.15,-9,-3.1,-3.68,-1,-2.39,-1.21,-2.3,2,3,0,-3,-3.85,14,09/11/02,24,12
West Va.,East Carolina,7,12.28,12.16,4.36,14.54,16.2,,6.36,15.79,16,11.8,14,15.2,7,9.04,17.55,6,7.53,11.67,12.87,21,11.4,8.81,11,9.03,,,15.59,,,14.5,10,,10,,,,6,7,11,,,17,28/09/02,37,6
West Va.,Maryland,3,8.18,0.74,3.93,13.12,9.9,,1.96,10.59,18,2.2,5,9.6,4.5,6,0.75,5,4.94,4.89,11.05,-21,2.8,6.46,-1,-4.63,,,10.95,,,23,-2.2,,2,,,,1,3,0,,,48,05/10/02,17,7
West Va.,Miami (Fla.),-19,-16.04,-16.97,-21.71,-14.82,-9.15,,-22.62,-21.42,-17,-24.6,-17,-23.81,-12,-10.97,-22.58,-23,-20.03,-19.74,-18.43,-18,-18.4,-14.98,,-28.78,-18.21,-16.25,-19.69,-23.95,-34.25,-27,-21.5,-18.84,-29,,-17.86,-19.5,-21,-21,-18,,,40,26/10/02,23,10
West Va.,Syracuse,7.5,11.85,16.4,8.9,15.88,17.9,,2.26,20.87,28,14.1,19,9.46,11.5,8.02,10.22,7,5.38,12.77,11.2,7,5,6.15,7,8.5,21.28,15.76,7.26,20.86,22.28,23.5,7.2,,1,,28.29,,4,7,10,,,7,19/10/02,34,9
West Va.,Virginia,5,4.26,2.85,3.33,6.71,6.71,-5.5,5.93,2.74,10,3.7,5,2.32,4.5,5.49,1.4,,2.59,4.37,4.23,5,3.4,5.61,5,18.51,5.96,3.25,-3.73,2.99,2.85,4,6.6,3.03,3,2.94,4.13,5.3,4,5,5,7,5.6,48,17/12/02,22,18
Western Mich.,Central Florida,-1.5,5.48,6.01,0.06,10.41,6.09,,-2.87,11.64,5,6.1,6,0.35,4.5,3.6,-1.29,-1,-2.55,2.55,2.37,3,0,-2.55,5,0.41,,,1.52,,5.73,0.5,0.1,,3,,,,-7,-3.5,-3,,,31,12/10/02,27,8
Western Mich.,Eastern Mich.,23,15.58,12.42,22.3,24.82,16.48,,25.41,3.38,23,16.9,18,17.96,12,25.74,11.65,28,29.07,16.56,16.54,20,32.2,22.89,5,10.79,4.18,25.51,12.57,3.58,13.45,8,24.3,2.59,36,4,6.27,7.8,26,26,26,4,9.03,31,09/11/02,33,12
Western Mich.,Northern Ill.,-3,-2.34,-6.1,4.29,-0.96,-4.13,,-6.93,-10.81,-10,-6.7,-2,-1.64,-4,2.24,-7.37,1,3.77,-4.78,-1.24,0,-1.7,-2.78,-8,-6.4,-6.36,-1.19,0.21,-11.02,-6.95,-15.5,-6,-11.54,7,,-15.51,-18.4,-4,0,-3,,,24,26/10/02,20,10
Western Mich.,Toledo,-6.5,-6.81,-7.94,-4.68,-4.94,-6.34,,-9.57,-9.17,-15,-11.1,-8,-4.96,-8,-4.36,-5.07,-8,-7.57,-8.3,-3.73,-9,-8,-6.37,-6,-11.2,-7.96,-7.24,-4.6,-10.59,-10.78,-14,-8.9,-11.34,3,-11.86,-13.59,-14.3,-6,-7.5,-8,-12,-11.75,42,16/11/02,21,13
Western Mich.,Virginia Tech,-22.5,-18.81,-26.21,-20.66,-20.52,-23.94,,-29.68,-24.68,-32,-30.8,-20,-20.21,-20,-12.79,-20.91,-23,-27.5,-23.5,-21.21,-27,-25.7,-22.3,-18,-26.46,,,-17.36,,,-35,-27.1,,-26,,,,-17,-20,-20,,,30,28/09/02,0,6
Wisconsin,Arizona,5,4.69,7.16,4.13,0.74,7.05,12.16,3.43,8.35,-5,2.7,11,-4.08,12.5,1.91,8.32,1,6.41,3.45,-0.02,-30,3.4,0.94,12,6.24,,,-6.45,,,7.5,-0.5,,10,,,,9,6,8,,,10,21/09/02,31,5
Wisconsin,Fresno St.,7,7.66,8.09,5.64,-6.52,-4.31,-32.64,-7.1,7.66,-11,-2,3,-1.35,4.5,7.66,-4.41,0.66,-3.87,-1.13,1.19,-1,-4.4,8.23,-7,,,,,,,,,,,,,-7.6,2,,,,,21,22/08/02,23,1
Wisconsin,Illinois,8.5,10.7,15.26,10.07,11.12,14.51,,7.76,14.11,17,13.5,13,11.7,14.5,7.31,14.03,5,1.93,11.92,8.62,2,10.2,10.53,16,8.4,13.24,9.79,5.34,15.75,14.71,16,8.8,14.42,15,18.02,18.55,18.9,10,8.5,6,9,14.49,37,09/11/02,20,12
Wisconsin,Minnesota,7,4.77,6.16,4.94,2.16,5.74,,5.58,2.2,7,3.8,4,3.82,3.5,7.27,4.34,8,6.16,4.05,4.22,1,8.8,6.99,3,-4.14,0.41,6.17,0.88,2.03,3.24,1,7.7,1.12,10,2.3,1.6,1.7,8,7.5,6,2,2.49,31,23/11/02,49,14
Wisconsin,Northern Ill.,22,24.48,33.95,20.13,11.47,12.37,15.84,18.37,23.5,28,26,20,12.54,20.5,25.71,8.37,24,24.05,20.07,14.93,30,30.1,19.14,20,4.93,,,,,,14.5,17.3,,16,,,,17,20,21,,,21,14/09/02,24,4
Wisconsin,Ohio St.,-7,-7.15,-6.75,-9.6,-9.1,-7.45,,-6.4,-13.97,-14,-6.3,-10,-7.98,-9.5,-5.33,-5.28,-5,-8.03,-9.73,-12.44,-14,-3,-7.91,-7,-12.59,-10.96,-9.35,-15.65,-10.95,-25.03,-16.5,-7.8,,-5,,-8.95,,-5,-4.5,-8,,,19,19/10/02,14,9
Wisconsin,Penn St.,2,5.26,11.6,1.97,-0.32,5.6,,0.42,11.84,1,8.6,9,3.91,12,-0.18,10.05,2,-2.32,3.03,0.88,-8,-2.2,5.78,6,2.74,,,-1.45,,,14.5,-1.9,,-10,,,,0,2.5,4,,,34,05/10/02,31,7
Wisconsin,West Va.,10.5,14.85,13.31,11.99,3.48,7.18,21.52,9.05,22.03,18,13,15,11.96,12.5,8.09,13.41,10,12.45,12.07,12.23,-12,8.6,20.98,14,18.72,,,,,,16,7.8,,10,,,,9,11.5,14,,,17,07/09/02,34,3
Wyoming,Air Force,-17.5,-22.52,-26.17,-20.64,-26.92,-25.64,,-21.76,-27.92,-39,-28.4,-26,-21.76,-21.5,-20.86,-19.31,-22,-26.86,-25.69,-18.55,-33,-25.1,-27.39,-17,-29.61,-23.93,-25.01,-19.61,-29.95,-37.43,-35.5,-28.8,-32.06,-27,,-33.27,-16.5,-11,-15.5,-21,,,26,26/10/02,34,10
Wyoming,Boise St.,-7,-9.39,-11.19,-8.87,-22.45,-17.96,-33.61,-16.76,-11.74,-7,-17,-9,-6.57,-13,-7.12,-10.76,-11,-13.06,-12.58,-10.03,-2,-14.2,-15.91,-7,2.55,,,,,,-11.5,-15.2,,-19,,,,-16,-11,-14,,,35,14/09/02,13,4
Wyoming,San Diego St.,-5,-3,-2.63,-6.77,-6.59,-1.74,,-7.14,2.16,-6,-5.1,1,-4.49,1.5,-5.69,2.57,-5,-8.94,-3.26,-8.35,-13,-5.9,-8.12,-2,-1.25,3.31,-5.76,-6.13,1.8,-8.55,4.5,5.2,,-4,,-0.43,,3,-4.5,-2,,,24,19/10/02,20,9
Wyoming,Utah,-10,-4.12,-4.01,-3.76,-8.24,-5.73,,-6.81,-2.84,-6,-7.5,-4,0.75,-3,-5.55,0.31,-10,-10.08,-4.36,2.19,-8,-3.6,-7.14,-2,-6.77,-3.03,,-2.32,-2.94,-5.76,-1.5,-2.2,-4.55,-4,-3.65,-4.92,-5.2,-5,-8.5,-1,-7,-5.8,23,16/11/02,18,13
