Home,Road,line,linesag,linebemiss,linepfz,linelaz,linemore,linesagelo,linemarsee,linenutshell,lineargh,linecpa,linehow,linesagpred,linecparetro,linekam,linebass,lineavg,lineelo,lineborn,linesuper,linedunk,linebill,linecovers,linebihl,linethompson,linemassbcs,lineimes,lineclaa,linemedian,linewolf,lineharm,lineanderson,linecoll,linemaas,linefox,lineopen,linepig,linenutshellretro,linecons,linecong,linesportrends,linetsrslots,linel2,linebenson,lineash,linegupta,lineca,lineburdorf,linesprs,linekeep,linekerns,linel2hf,linetsrelo,linelog,linebmc,lineatom,linesprs3,linetsr4,linedwig,linegpa,linestd,vscore,hscore,week,linetrexler,linedokter
Arizona,Idaho,27,25.8,,29.67,22.37,37.38,25.8,32,40.65,25,32.8,22.5,25.8,32.8,30.25,,28.54,32.53,37.95,36.5,24.79,28,13.95,,,,29.08,28.38,28.38,,25,,,,33,28,29,37.59,29.89,18.39,6.9,,,19.09,27,,27,31,27.63,27.91,34.59,,,,,29.66,,,33.55,25,5.21,0,70,1,23,24.36
Army,Temple,-7.5,7.65,,-3.33,5.4,-2.3,7.65,1,5.47,-2,2.2,7.5,7.65,2.2,6.15,,-1.47,2.41,-0.15,4.92,-10.15,-2.67,-1.49,,,,-1.43,2.84,-1.49,,-6,,,,2,-2,-5,9.41,-0.19,-16.72,4.1,,,-11,-4,,-6.5,-14.2,-7.61,-16.06,0.55,,,,,-3.17,,,-12.5,-22.5,6.89,35,7,1,-2,-1.61
Auburn,Louisiana-Monroe,26,29.84,,20.48,28.18,22.41,29.84,19,29.11,22,45.1,23.5,29.84,45.1,24.33,,24.83,15.9,21.85,44,30.09,29.67,12.34,,,,16.75,20.56,23.64,,25,,,,25,28.5,34,33.23,28.92,20.6,7.6,,,23.64,22,,26,13.9,25.3,19.45,19.93,,,,,20.88,,,23.75,35,7.48,0,34,1,19,25.3
Baylor,Wake Forest,-11.5,-13.29,,-34.99,-9.96,-20.86,-13.29,-20,-15.1,-11,-20.3,-13,-13.29,-20.3,-18.39,,-16.59,-18.51,-20.35,-28.33,-14.44,-17.33,-5.72,,,,-19.94,-20.39,-15.3,,-13,,,,-19,-14,-19,-9.39,-19.93,-19.85,-9.9,,,-17.77,-13,,-12.5,-25.4,-14.1,-6.72,-16.95,,,,,-14.04,,,-25.3,-6.5,5.57,41,13,1,-15,-10.98
Buffalo,UTEP,3,-4.78,,2.78,-4.09,7.83,-4.78,8,-0.6,4,3.7,-5,-4.78,3.7,2.26,,4.74,9.37,6.95,-3.42,8.13,1,3.43,,,,7.56,5.4,5.4,,7,,,,4,2.5,1,-6.05,4.62,9.27,0.1,,,11.96,10,,3,11.2,6.01,13.37,2.14,,,,,7.32,,,8.2,-1,5.30,17,42,1,5,1.46
California,Michigan St.,5,11.11,,10.96,10.76,-3.9,11.11,1,4.49,13,5.9,14,11.11,5.9,5.99,,5.86,0.13,-0.15,16.83,9.51,-0.33,3.08,,,,4.2,4.11,5.54,,7,,,,1,5.5,4,15.77,7.51,2.23,2.1,,,3.36,8,,5,1.6,5.54,6.56,4.25,,,,,9.09,,,0.65,15.5,4.78,31,38,1,3,6.6
Clemson,Alabama,5,2.77,,14.68,2.72,9.07,2.77,9,9.86,2,3.7,3.5,2.77,3.7,2.79,,6.76,6.95,10.2,6.92,2.49,10.33,8.54,,,,14.85,5.6,6.95,,8,,,,8,7,6,6.66,7.53,1.11,4.9,,,4.53,9,,5,6.8,7.19,9.77,6.89,,,,,5.8,,,7.05,2.5,3.59,34,10,1,8,5.01
Colorado St.,Colorado,-11,-5.38,,-5.67,-4.77,-9.89,-5.38,-13,-9.25,-14,-27.2,-7,-5.38,-27.2,-8,,-10.34,-8.24,-9,-16,-8.14,-11.67,-5.82,,,,-11.96,-11.39,-9.78,,-8,,,,-9,-12.5,-16,-9.07,-12.71,-10,-4.2,,,-8.99,-13,,-11,-10.9,-11.57,-10.84,-13.53,,,,,-9.78,,,-13.2,-21.5,5.27,38,17,1,-6,-9.6
East Carolina,Virginia Tech,-9,-21.26,,-15.76,-19.13,-16.62,-21.26,-17,-17.81,-11,-18.7,-18,-21.26,-18.7,-18.55,,-14.75,-21.67,-19.6,-31.17,-12.83,-15.67,-3.56,,,,-11.46,-14.05,-14.9,,-8,,,,-21,-10.5,-13,-14.48,-15.96,-3.27,-6.5,,,-12.95,-13,,-10,-14.9,-10.58,-5.19,-20.73,,,,,-11.16,,,-18.45,-10.5,5.50,22,27,1,-9,-14.44
Florida,Hawaii,34.5,18.23,,18.71,15.18,21.36,18.23,14,18.74,30,30.6,18,18.23,30.6,24.59,,22.02,15.65,17.15,22.42,38.16,-0.67,17.92,,,,14.25,9.9,18.74,,36,,,,16,28,25,17.23,19.17,15.84,3.3,,,41.43,22,,33.5,23.5,28.94,27.25,32.69,,,,,31.03,,,18.65,32.5,8.42,10,56,1,14,24.87
Indiana,Western Kentucky,20,11.47,,3.28,12.07,19.19,11.47,14,30.28,15,19.1,13,11.47,19.1,21.4,,15.63,13.88,17.35,15.33,17.97,22.33,15.4,,,,7.47,17.09,14.63,,18,,,,30,22,,31.76,16.03,10.91,,,,23.8,8,,19,11,15.43,10.72,15.01,,,,,12.85,,,13.95,16.5,6.24,13,31,1,6,14.26
Kansas,Florida Intl.,35.5,36.14,,52.39,31.27,48.01,36.14,50,52.78,32,45.2,31.5,36.14,45.2,51.15,,41.82,38.68,50.95,50.5,31.97,41,24.7,,,,,45.22,41.4,,40,,,,48,41,43,51.38,40.93,40.91,19.9,,,35.94,39,,36,42.3,39.17,49.4,47.98,,,,,41.8,,,45.35,29.5,7.04,10,40,1,44,29.53
Kansas St.,North Texas,27,26.69,,27.93,25.81,28.04,26.69,26,33.13,22,30.3,24,26.69,30.3,35.11,,25.77,15.95,30.35,34.25,21.13,20,14.31,,,,19.08,24.99,26,,26,,,,28,26.5,26,34.12,23.66,15.3,12.4,,,26.05,24,,27,21.5,24.2,29.01,37.01,,,,,29.29,,,28.1,18.5,4.52,6,45,1,25,25.08
Kent,Boston College,-10,-24.07,,-23.59,-19.03,-28.14,-24.07,-28,-25.87,-13,-19,-21.5,-24.07,-19,-28.53,,-19.69,-23.54,-27.85,-41.33,-5.81,-26.33,-5.3,,,,-18.7,-28.1,-21.5,,-12,,,,-22,-10.5,-16,-23.07,-23.45,-21.36,-5.9,,,-14.19,-11,,-11,-24,-11.82,-9.44,-28.66,,,,,-17.69,,,-26.45,-17,7.33,21,0,1,-13,-14.36
Louisiana Tech,Mississippi St.,-8,-8.16,,-12.5,-4.18,-21.59,-8.16,-12,-18.32,-12,-17.4,-3.5,-8.16,-17.4,-14.3,,-12.15,-11.46,-17.85,-15.83,-12.62,-12.33,-1.73,,,,-18.76,-12.84,-12.4,,-5,,,,-16,-9.5,-16,-12.41,-13.65,-10.72,-0.7,,,-14.77,-10,,-8.5,-14,-11.53,-4.3,-17.38,,,,,-15.35,,,-20.55,-23.5,4.80,14,22,1,-6,-11.29
Louisville,Kentucky,4,10.07,,-2.28,10.01,-2.09,10.07,1,5.44,2,3.5,12.5,10.07,3.5,1.97,,2.37,1.02,-2.35,14.42,-0.17,1,3.05,,,,-2.58,-4.68,1.97,,4,,,,5,5.5,3,10.16,1.88,-1.69,13.6,,,14.76,4,,4,-3.5,1.05,-1.43,-11.23,,,,,-2.31,,,-6.65,1.5,5.25,27,2,1,2,2.47
Miami (Ohio),Vanderbilt,3.5,-5.45,,-9.73,-2.48,-9.38,-5.45,-3,-11.36,-1,-1,-1,-5.45,-1,-13.87,,-3.62,-6.54,-5.45,-8.83,7.2,-4,4.5,,,,-1.36,-7.37,-3,,1,,,,-8,1,0.01,-9.05,-2.7,2.84,2.5,,,-8.55,-1,,2.5,-4.9,1.88,-0.59,-18.8,,,,,-6.8,,,-12.85,8.5,4.73,34,13,1,2,2.97
Michigan,Utah,3,8.96,,5.64,9.34,5.64,8.96,1,10.75,3,4.7,9,8.96,4.7,6.55,,4.15,3.08,9.15,9.17,1.33,8.67,-0.01,,,,-6.1,5.78,3.1,,-1,,,,4,5.5,2,16.6,4.93,-0.7,4.3,,,-0.29,-3,,3,2.1,0.01,-3.61,3.06,,,,,1.72,,,3.1,6.5,4.43,25,23,1,3,7.84
Middle Tenn.,Troy St.,-6,-2.88,,-4.1,0.18,-9.99,-2.88,-9,-6.59,-0.25,-4.1,-2.5,-2.88,-4.1,-7.42,,-7.18,-10.35,-13.05,-7.08,-3.22,-9,-3.88,,,,-8.07,-9.98,-7.13,,-3,,,,-8,-5,-7,-1.06,-7.73,-11.11,0.7,,,-18.43,-4,,-6,-13.5,-7.13,-11.47,-21.18,,,,,-4.58,,,-17,-1,4.17,31,17,1,-8,-1.75
Minnesota,Northern Ill.,8,11.12,,3.79,12.2,17.03,11.12,9,17.8,15,15.4,9.5,11.12,15.4,15.55,,10.62,11.65,17.85,12.5,5.13,9.33,6.1,,,,4.79,9.49,11,,11,,,,16,10,11,16.08,9.27,2.49,3.2,,,15.3,7,,8,11.4,6.24,0.54,16.75,,,,,9.72,,,1.35,19.5,4.49,27,31,1,6,10.19
Mississippi,Memphis,8,10.11,,2.69,9.08,12.54,10.11,7,12.87,11,19.5,6,10.11,19.5,12.75,,9.33,12.49,13.15,10.25,4.01,0.01,4.65,,,,4.84,6.06,10.11,,5,,,,14,11.5,11,11.75,9.55,4.68,-0.9,,,-3.01,7,,8,13.4,7.77,10.78,16.28,,,,,12.48,,,10.55,9,4.81,24,41,1,1,13.42
Missouri,Illinois,9,11.41,,13.18,10.62,15.12,11.41,12,14.82,11,6.3,13.5,11.41,6.3,9.96,,10.93,9.05,12,22.67,6.72,2.33,10.05,,,,19.94,9.2,11.41,,12,,,,13,8,7,14.51,8.78,12.25,3.2,,,-10.8,13,,9.5,15.5,11.21,16.09,10.52,,,,,16.99,,,12.4,3,5.62,42,52,1,12,6.4
Nebraska,Western Mich.,14.5,16.98,,5.55,15.55,7.29,16.98,10,18.89,11,19.7,15.5,16.98,19.7,13.57,,12.65,8.18,13.95,20.67,17.44,13,4.96,,,,4,11.54,12.95,,17,,,,12,13.5,16,22.37,12.95,0.58,7.7,,,12.78,5,,14.5,3.6,12.26,8.1,24.67,,,,,14.54,,,6.5,22.5,5.52,24,47,1,8,13.05
New Mexico,TCU,-6.5,-4.33,,-2.42,-2.17,-4.86,-4.33,1,-7.11,-3,-9.6,-3.5,-4.33,-9.6,-3.36,,-2.85,-2.98,0.35,-11,-3.51,2.33,-2.21,,,,-0.93,3.34,-3.5,,-3,,,,-4,-5.5,-7,-11.29,-3.59,2.81,-4.4,,,-5.13,-7,,-5.5,-1.6,-4.62,-4.26,-5.58,,,,,-2.19,,,-7.3,-7.5,3.26,26,3,1,1,-4.31
Northwestern,Syracuse,11.5,6.35,,8.84,5.91,13.45,6.35,13,8.08,8,18.2,10,6.35,18.2,11.04,,11.52,6.46,9.95,16.92,9.53,15.33,10.34,,,,10.38,12.47,10.38,,10,,,,15,12.5,14,6.6,12.28,17.35,4.5,,,8.38,17,,11.5,10,12.68,19.15,11.66,,,,,11.5,,,6.8,3.5,4.07,10,30,1,15,5.24
Oregon,Washington,13.5,13.07,,25.15,12.79,14.97,13.07,20,16.71,13,16.2,18,13.07,16.2,13.86,,16.35,9.95,20.75,25,17.38,17,7.74,,,,17.38,19.92,16.71,,14,,,,15,14,15,15.79,18.35,22.58,7.6,,,12.77,20,,13.5,18.6,16.29,20.99,20.15,,,,,10.94,,,14.05,9,3.97,10,44,1,19,7.85
Pittsburgh,Bowling Green,13.5,14.32,,13.55,12.37,15.76,14.32,4,23.54,16,27.8,9,14.32,27.8,17.81,,14,4.96,20.75,17.25,10.63,6.33,4.4,,,,5.32,4.88,14.32,,16,,,,16,12.5,19,22.15,15.89,6.5,4.3,,,13.33,11,,13.5,18.3,13.21,19.29,16.64,,,,,18.11,,,11.15,19.5,6.16,27,17,1,7,11.39
Rice,SMU,4,3.95,,5.92,2.92,8.43,3.95,1,4.5,13,1.9,8,3.95,1.9,4.73,,5.9,3.88,6.05,7.08,6.8,3.33,6,,,,9.97,6.54,6,,-1,,,,6,3,1,1.21,6.03,10.5,2.4,,,9.2,11,,4,6.8,5.78,9.92,-3.84,,,,,9.07,,,3.35,12.5,3.15,27,56,1,5,8.07
Rutgers,Fresno St.,5,8.24,,19.95,5.55,7.23,8.24,8,14.94,13,5.8,8.5,8.24,5.8,13.05,,8.4,7.68,8.15,12.25,9.06,5.33,4.09,,,,3.59,6.19,8.15,,5,,,,10,5.5,4,21.54,8.78,-1.28,5.1,,,-3.72,14,,5.5,8.1,6.83,12.8,18.02,,,,,14.77,,,2.9,9,4.49,24,7,1,7,5.43
South Carolina,NC St.,14.5,9.49,,20.88,7.86,20.13,9.49,15,14.57,19,19.3,12,9.49,19.3,14.07,,14.42,10.3,18.35,21.58,8.32,12.33,5.31,,,,10.06,11.31,13,,11,,,,18,13.5,12,11.48,18.42,22.32,1.5,,,4.71,15,,14.5,24.1,12.84,18.64,12.39,,,,,16.68,,,17.75,17.5,4.88,0,34,1,13,12.02
Southern Miss.,Louisiana-Lafaye,10,17.34,,16.82,16.31,16.43,17.34,24,22.26,11,14.6,17.5,17.34,14.6,17.3,,13.76,8.14,19.75,23.33,9.28,12,8.05,,,,10.2,15.23,14.93,,14,,,,17,13.5,17,23.25,14.93,9.1,4.1,,,5.52,8,,10,8.5,10.93,7.63,9.04,,,,,12.03,,,7.55,20,4.73,21,51,1,16,12.16
Stanford,Oregon St.,-3,-10.15,,-28.53,-7.81,-11.45,-10.15,-13,-11.58,-4,-5.9,-12,-10.15,-5.9,-11.53,,-9.3,-12.9,-14.45,-23.5,0.01,-13.33,0.26,,,,-7.17,-13.34,-10.15,,-7,,,,-14,-5,-7,-9.17,-11.33,-11.35,-8.5,,,-11.81,-9,,-4,-10.5,-4.55,-6.16,-16.85,,,,,-5.26,,,-10.1,6,5.56,28,36,1,-8,-2.33
Texas,Florida Atlantic,24,32.47,,16.98,32.27,15.55,32.47,19,34.56,19,26.1,28,32.47,26.1,20.58,,21.77,15.28,26.55,40.75,17.97,18.33,16.45,,,,11.93,17.06,20.58,,19,,,,26,26,21,40.51,22.86,13.84,14.3,,,28,21,,24,8.2,19.25,17.12,24.87,,,,,21.76,,,9.95,31,7.34,10,52,1,19,21.44
Texas A&M,Arkansas St.,19,22.69,,17.96,22.25,25.73,22.69,20,29.35,18,30.6,19,22.69,30.6,29.89,,22.11,18.7,28.35,35,23.88,26,12.94,,,,15.78,17.85,21.99,,22,,,,29,20.5,26,28.89,23.5,13.11,11,,,20.96,21,,19,20.6,20.48,18.23,17.25,,,,,22.33,,,18.65,26,5.18,18,14,1,14,21.99
UAB,Tulsa,-13.5,-7.79,,-19.21,-5.61,-17.33,-7.79,-18,-20.93,-8,-18.2,-13.5,-7.79,-18.2,-17.04,,-14.68,-12.93,-25.95,-24.08,-10.49,-18.33,-7.28,,,,-18.61,-19.78,-16.59,,-11,,,,-19,-14,-21,-14.77,-16.59,-15.07,-6.3,,,-18.74,-16,,-13.5,-18.6,-16.62,-21.63,-6.35,,,,,-8.53,,,-21.9,-1.5,5.68,45,22,1,-18,-1.07
UCLA,Tennessee,-7,0.01,,-6.38,2.5,0.49,0.01,1,1.71,-4,0.8,-2,0.01,0.8,2.06,,-2.33,0.63,2.15,-7.08,-4.07,-8,-1.87,,,,-8.45,-5.53,-1.18,,-6,,,,0.01,-7,-4,-0.07,-3.49,-10.68,4,,,-23.04,-3,,-6,3.7,-5.1,-1.1,-0.99,,,,,4,,,-4.45,-13,5.14,24,27,1,-5,-1.18
UNLV,Utah St.,12.5,9.33,,9.88,7.98,2.08,9.33,5,11.08,11,7.3,7,9.33,7.3,8.27,,8.93,5.12,5.65,12,8.52,5.33,9.48,,,,6.13,6.19,9,,9,,,,8,12.5,11,14.44,7.8,2.35,3.8,,,15.62,17,,12,-1.4,11.22,17.65,13.63,,,,,11.73,,,6.5,13,3.97,17,27,1,9,9.75
Virginia,USC,-19.5,-15.81,,-16.77,-12.59,-18.54,-15.81,-9,-17.32,-11,-18.6,-15.5,-15.81,-18.6,-14.94,,-14.49,-7.75,-14.85,-19.67,-23.45,-6.33,-12.35,,,,-6.22,-8.01,-14.94,,-16,,,,-14,-17,-20,-20.87,-11.41,-12.96,-6.8,,,-35.95,-19,,-18.5,-16.9,-17.64,-17.17,-16.24,,,,,-11.38,,,-16.95,-8,5.81,52,7,1,-11,-6.42
Washington St.,Oklahoma St.,-7,0.6,,-6.5,2.07,-4.84,0.6,-6,-1.1,-12,-7.5,-1,0.6,-7.5,-4.83,,-4.44,2.94,-0.85,-8.58,-10.18,-3.67,-1.22,,,,-5.53,-4.26,-4.83,,-9,,,,-5,-5,-8,0.34,-5.06,-6.31,2.2,,,-25.64,-7,,-7,2.3,-6.97,-4.63,-6.22,,,,,-9.62,,,-0.5,-9.5,5.49,39,13,1,-6,2.59
Wisconsin,Akron,27,25.05,,23.7,22.07,32.26,25.05,26,30.42,23,39.8,23,25.05,39.8,29.37,,27.46,22.3,31.45,44,24.1,29.67,18.05,,,,19.28,23.99,26,,27,,,,33,28,33,28.12,32.51,25.19,11.5,,,26.75,30,,27,30.1,26.87,31.84,26.57,,,,,25.43,,,24.35,27,5.48,17,38,1,23,24.86
Wyoming,Ohio,12.5,9.21,,1.83,9.66,3.26,9.21,4,6.08,10,14.1,6,9.21,14.1,12.63,,9.08,3.88,4.45,13.25,12.8,4.67,5.46,,,,6.92,6.1,9.21,,7,,,,6,9,13,12.13,9.77,3.35,3.5,,,10.34,16,,12,5.4,12.47,20.58,14.23,,,,,13.31,,,6.4,8.5,4.51,20,21,1,4,10.03
Alabama,Tulane,30,32.16,,25.75,29.28,26.91,29.92,34,23.33,25,44.11,24.5,34.06,38.73,34.83,26.41,28.79,19.16,31.45,49.69,23.73,26.59,25.4,,,,30.52,31.86,28.36,,27,,,,30,28.5,36,21.14,32.22,21.29,7.3,,,38.88,28,,30,28.2,29.17,28.51,36.49,,,,,26.92,,,29.7,35.5,6.36,6,20,2,24,27.53
Arizona,Toledo,24,16.09,,20.34,19.75,30.68,10.1,26,30.52,21,34.18,14,24.4,24.5,36.71,33.59,24.03,21.67,37.45,30.31,19.8,20.06,23.9,,,,21.35,19.57,21.84,,21,,,,26,22,26,27.18,25.45,13.15,3.2,,,19.63,21,,24,29.1,22.67,24.49,46.16,,,,,33.22,,,20.65,21.5,6.48,16,41,2,22,19.64
Arizona St.,Stanford,14,7,,14.06,7.44,8.94,7.65,14,16.11,15,11.91,16,6.38,11.33,18.44,3.15,11.7,18.84,4.55,17.94,16.88,9.01,17.4,,,,10.12,4.49,13.65,,15,,,,19,14.5,13,19.18,13.29,12.46,8.4,,,15.31,17,,14,3.7,15.17,19.66,-7.59,,,,,14,,,5,14,4.93,17,41,2,18,9.19
Arkansas,Louisiana-Monroe,14,17.96,,20.85,19.3,19.77,16.22,22,29.33,16,24.09,20.5,19.96,27.3,30.74,,17.67,18.07,21.75,29.63,9.91,27.36,15,,,,12.88,20.14,18.07,,15,,,,23,14.5,19,31.11,21.81,8.52,8.1,,,7.34,13,,14,5.5,14.17,13.51,12.37,,,,,18.45,,,13.05,21.5,6.54,27,28,2,14,26.59
Auburn,Southern Miss.,17.5,18.3,,10.63,13.61,18.05,17.39,20,16.12,20,29.79,16.5,19.83,37.05,17.65,18.14,17.78,17.5,15.65,29.5,15.33,23.23,14.4,,,,19.86,16.07,17.89,,17,,,,20,20,22,16.9,20.35,21.84,1,,,19.38,20,,17.5,16.5,17.67,18.19,9.53,,,,,17.73,,,18.65,24,5.15,13,27,2,12,25.51
Ball St.,Navy,7,-0.98,,1.15,0.12,-0.87,-2.5,9,-3.02,11,7.12,-1.5,0.71,4.1,-3.1,6.72,3.61,2.21,3.05,-1.25,1.11,-4,7.2,,,,5.46,3.05,3.44,,7,,,,0.01,7,4,-2.49,3.23,10.3,-4.7,,,9.61,11,,6.5,6.3,7,8.46,3.64,,,,,5.45,,,1.55,21.5,4.43,23,35,2,6,4.52
Boston College,Georgia Tech,7,11.71,,8.68,6.21,17.16,10.81,9,10.18,14,12.32,9.5,12.84,9.5,8.04,12.46,10.66,10.15,11.85,17.94,5.06,15.8,5.5,,,,12.37,12.96,10.89,,4,,,,7,7,13,7.92,14.55,18.27,3.6,,,8.23,14,,7.5,17.9,9,13.26,0.5,,,,,12.47,,,7.85,9.5,3.68,19,16,2,7,10.97
Bowling Green,Minnesota,4.5,4.18,,7.67,0.81,3.98,1.5,33,-4.55,5,8.32,7.5,6.84,9.57,9.42,11.46,8.48,6.57,4.95,9.13,8.55,8.31,10.8,,,,13.9,16.19,7.59,,3,,,,6,5.5,8,-8.69,10.62,14.47,0.6,,,6.91,11,,5,12,7.33,12.78,4.91,,,,,6.23,,,12.55,7,6.08,42,17,2,11,5.53
Central Florida,South Florida,-14,-5.23,,-4.9,-6.97,-4.28,-4.49,-8,-6.62,-7,-12.22,-5,-6.44,-13.5,-5.9,-7.46,-9.27,-6.09,-9.85,-16.81,-15.87,-3.22,-10.7,,,,-7.74,-2.16,-7.87,,-11,,,,-9,-13.5,-12,-9.09,-7.46,-8.71,1,,,-30.17,-14,,-13,-10.5,-11.83,-16.73,-17.02,,,,,-13.46,,,-11.4,-9,5.38,31,24,2,-5,-8.91
Duke,Northwestern,-6,-3.05,,-2.78,-2.45,-6.61,-4.83,-5,-8.49,-4,0.25,-7.5,-1.07,0.72,-10.98,3.5,-4.37,-0.42,-1.75,-12.88,-7.68,-15.96,-3.6,,,,-0.83,-5.23,-3.8,,-3,,,,-3,-6,-3,-7.05,-5.56,-6.66,-8.8,,,-11,-8,,-6,-0.4,-5.33,-11.07,-0.78,,,,,0.76,,,1.65,1,4.40,24,20,2,-6,1.57
East Carolina,West Va.,-7.5,-7.06,,-9.82,-9.33,-18.09,-7.54,-6,-19.98,-3,-9,-12,-6.58,-11.73,-17.63,-8.32,-9.57,-22.04,-12.55,-16.06,-5.35,-1.92,-8.8,,,,-0.9,-1.73,-9.33,,-9,,,,-19,-8,-11,-20.52,-6.21,-2.91,-7.5,,,-16.78,-10,,-7.5,-9,-9.33,-13.37,8.86,,,,,-11.3,,,-17.55,-6,5.47,3,24,2,-10,-10.14
Florida,Miami (Fla.),23,23.15,,23.84,20.78,32.57,23.38,35,30.3,24,22,19,23.5,25.5,34.73,30.9,26.18,20.35,37.05,27.44,19.86,24.93,20.3,,,,22.34,30.88,23.92,,24,,,,23,24,22,24.54,24.67,27.53,9.7,,,29.22,28,,23,31.1,23.17,33.44,23.83,,,,,37.05,,,22.2,14.5,4.90,3,26,2,21,23.04
Florida Atlantic,UAB,13,6.59,,9,3.61,18.04,8.65,17,10,14,15.76,10,4.69,18.6,6.72,-4.28,12.44,13.99,13.85,12.25,9.93,24.32,13.6,,,,15.69,14.7,13.77,,6,,,,15,14.5,17,9.78,13.79,20.32,4.7,,,14.47,21,,13,19.7,9.67,24.82,-5.19,,,,,13.74,,,20.7,3.5,6.18,34,49,2,13,8.91
Georgia,Central Mich.,24,22.57,,15.1,21.46,27.87,24.34,29,20.33,23,28.68,19,20.8,32.2,22,23.7,22.44,22.39,31.95,34.56,20.81,24.67,18.2,,,,13.95,18.03,22.58,,27,,,,26,24,27,16,24.16,19.86,4.4,,,22.98,19,,24,26.2,23,22.59,15.95,,,,,26.46,,,18,34,4.62,17,56,2,20,25.63
Iowa,Florida Intl.,27,29.46,,28.39,31.9,22.97,23.9,10,34.31,18,33.78,22.5,36.15,32.1,26.3,31.51,25.39,21.34,26.25,38.13,30.94,15.23,23.8,,,,17.38,23.09,25.4,,26,,,,29,26,34,36.64,24.79,21.08,14.6,,,26.85,22,,27,15.8,27.83,23.35,34.16,,,,,23.99,,,19.4,30,6.53,0,42,2,31,30.51
Iowa St.,Kent,8.5,16.1,,11.84,14.76,19.18,10.84,2,18.79,7,14.47,12.5,21.54,10.25,11.16,23.51,12.73,14.57,25.45,18.88,4.92,9.2,8.8,,,,13.03,12.7,12.6,,11,,,,18,7,13,17.91,15.08,2.81,2,,,12.32,5,,9,21,9,7.14,14.14,,,,,13.59,,,5.95,12.5,5.75,28,48,2,10,17
Kansas,Louisiana Tech,21,16.19,,19.75,14.95,33.49,15.92,16,39.72,23,26.67,19.5,16.53,27.73,30.98,21.85,24.68,27.47,32.25,34.5,17.99,18.85,25.4,,,,16.62,17.68,24.76,,23,,,,33,21.5,25,41.84,26.48,28.45,19,,,22.73,32,,21,32.4,25.08,38.65,13.56,,,,,32.52,,,29.45,26.5,7.00,0,29,2,28,24.51
Memphis,Rice,3,2.81,,-7.23,-0.96,0.19,6.79,6,-3.3,4,-0.43,4.5,-1.24,5.42,-2.43,-8.73,1.2,6.91,-4.95,-1,5.07,9.97,7,,,,2.17,-1.48,1.67,,1,,,,4,3,5,-0.11,-0.48,2.82,0.4,,,10.3,0.01,,3,-2.7,2.67,0.59,-14.49,,,,,1.16,,,0.15,10.5,4.39,42,35,2,3,2.8
Michigan,Miami (Ohio),14.5,26.11,,20.55,23.35,30,24.92,22,34.61,16,29.89,21.5,27.4,19.85,28.3,16.07,20.35,18.3,26.45,36.81,10.23,27.58,14,,,,11.49,21.28,20.61,,14,,,,25,15.5,20,34.92,23.89,14.53,10.6,,,14.76,12,,15,29,15,10.82,20.67,,,,,20.14,,,15.9,23,6.95,6,16,2,15,20.97
Michigan St.,Eastern Mich.,21,23.49,,2.48,19.29,24.06,31.08,21,26.78,17,28.36,16,16.07,28.1,24.23,9.61,16.88,21.36,23.05,30.94,23.95,23.54,20.1,,,,-2.01,12.84,18.24,,18,,,,21,24,26,26.94,18.03,13.49,7.6,,,10.73,13,,21,18.3,18.17,13.6,-14.75,,,,,20.58,,,14.05,20,7.56,10,42,2,10,19.86
Middle Tenn.,Maryland,-12.5,-12.37,,-7.13,-10.93,-19.98,-11.83,-6,-19.13,-7,-23.1,-8,-12.94,-23.2,-12.82,-9.08,-12.56,-11.34,-18.75,-23.88,-9.46,-16.15,-13.7,,,,-2.13,-10.47,-12.06,,-11,,,,-19,-14,-21,-17.45,-14.62,-8.84,-2.1,,,-18.37,-9,,-12.5,-18.3,-12.67,-10.05,-12.29,,,,,-11.12,,,-16.75,15.5,5.59,14,24,2,-8,-16.93
Nebraska,San Jose St.,26,20.85,,8.67,19.66,16.63,19.85,18,24.14,15,21.59,16.5,21.84,27.89,26.05,26.8,18.67,12.82,22.15,32.94,22.52,10.12,20.1,,,,3.49,17.25,19.93,,22,,,,15,28.5,21,24.98,19.47,11.97,13.9,,,27.91,20,,25,12.2,21.67,23.53,21.11,,,,,24.68,,,14.05,27,6.11,12,35,2,16,21.71
Nevada,Texas Tech,-10,-11.22,,-4.75,-9.22,-16.99,-14.25,-11,-16.76,-10,-16.42,-6.5,-7.92,-24.3,-9.93,-1.22,-11.09,-11.18,-13.25,-19.63,-12.43,-13.67,-12.8,,,,-2.77,-1.33,-11.61,,-14,,,,-10,-9.5,-14,-15.82,-12.4,-10.41,-3.5,,,-25.48,-12,,-10,-12.7,-11,-15.61,0.51,,,,,-15.21,,,-19.1,-25.5,5.49,35,19,2,-6,-12.49
New Mexico,Texas A&M,-2.5,0.4,,0.46,0.01,-1.96,3.48,3,-5.04,-1,-2.31,-0.5,-2.17,6.9,-0.7,3.34,0.04,-3.29,2.35,-1.31,-5.42,7.49,0.9,,,,1.23,2.49,-0.08,,-1,,,,-4,-1.5,-7,-9.08,1.24,9.3,0.2,,,-0.24,2,,-2,4.7,-1.5,5.09,-2.28,,,,,-0.92,,,-3,-9,4.08,28,22,2,3,-9.21
North Texas,Tulsa,-21.5,-17.73,,-19.66,-16.04,-25.17,-12.53,-21,-32.07,-12,-22.99,-23.5,-23.27,-22.2,-21.99,-19.48,-21.94,-10.03,-31.35,-30.5,-26.44,-19.13,-14.7,,,,-13.64,-26.91,-22.52,,-24,,,,-24,-18,-25,-31.09,-20.54,-22.21,-8.4,,,-32.22,-20,,-21.5,-30.2,-22.83,-22.99,-32.01,,,,,-21.58,,,-26.05,-8.5,5.95,56,26,2,-25,-10.66
Notre Dame,San Diego St.,21.5,17.3,,13.11,14.8,15.17,17.76,14,12.93,17,24.06,14.5,16.96,24.06,9,15.07,15.41,6.96,9.25,27.88,26.95,17.03,17.8,,,,16.65,15.29,15.12,,19,,,,8,20,19,13.62,14.96,11.35,7.4,,,31.22,18,,20,13.6,17.92,13.43,13.24,,,,,18.48,,,7.05,37,5.78,13,21,2,8,23.17
Ohio St.,Ohio,33.5,33.12,,27.22,29.94,35.32,31.4,30,38.93,28,44.97,26,35.96,46.55,36.12,37.44,33.4,28.39,37.85,49.94,31.88,30.65,31.8,,,,28.82,29.41,32.6,,32,,,,38,37,41,41.01,34.13,29.8,12.7,,,32.8,41,,33.5,32.4,35.5,47.77,27.06,,,,,36.34,,,33.05,47.5,6.11,14,26,2,31,35.64
Oklahoma,Cincinnati,22.5,13.92,,9.31,13.96,9.95,13.12,12,14.4,11,19.9,12.5,15.57,19.9,15.92,20.64,14.31,4.18,15.35,17.44,25.7,6.7,16.6,,,,11.76,15.3,13.98,,21,,,,13,19.5,16,15.62,11.54,8.3,9,,,32.47,16,,21,7.9,18.08,21.15,9.99,,,,,18.88,,,6,19.5,5.58,26,52,2,14,14.45
Oklahoma St.,Houston,15.5,17.64,,5.86,13.71,19.65,20.68,18,15.83,18,14.34,10.5,13.94,17.8,22.09,4.64,14.04,11.81,18.55,25.44,18.73,11.9,7.6,,,,10.28,10.58,13.82,,16,,,,11,12.5,13,11.67,16.88,4.94,-1.6,,,28.31,13,,15.5,18.6,13.67,13.31,5.34,,,,,17.77,,,14.8,17.5,5.46,37,56,2,6,14.84
Oregon,Utah St.,35.5,38.66,,33.88,36.91,40.97,36.54,37,49.56,31,40.21,34,41.28,38.57,45.19,43.91,37.07,26.68,46.95,57.81,33.7,34.13,28.6,,,,24.43,43.24,36.96,,33,,,,40,37.5,40,47.92,38.27,30.54,15.1,,,35.37,40,,35.5,37.2,36.5,40.34,37.88,,,,,40.38,,,36,37.5,6.42,24,66,2,35,33.14
Penn St.,Oregon St.,15.5,5.98,,13.41,9.43,5.54,0.71,14,5.59,9,19.24,8,11.86,12.36,12.82,15.56,10.95,2.04,9.75,10.56,17.89,4.26,17.3,,,,15.32,12.34,9.59,,14,,,,9,13,13,8.25,12.24,5.97,6.3,,,29.8,6,,14.5,7.5,13.92,7.52,18.99,,,,,7.97,,,8.35,22,5.69,14,45,2,19,8.23
Pittsburgh,Buffalo,13,12.96,,0.21,11.47,12.86,18.96,2,19.25,14,10.13,13.5,7.11,16.05,5.36,1.74,9.67,11.35,8.45,18.25,14.59,6.66,10.1,,,,2.6,-1.69,10.72,,10,,,,15,11.5,17,23.67,7.24,5.82,8.8,,,25.82,14,,13,13.2,11.83,12.66,-7.64,,,,,8.69,,,4.15,24,6.20,16,27,2,4,15.44
Syracuse,Akron,5,1.96,,-1.7,3.85,4.14,3.43,-4,6.09,8,5.62,2,0.55,8.3,2.64,4.29,2.03,5.78,3.35,4.13,0.01,1.9,4.2,,,,0.57,-0.39,2.32,,1,,,,6,6,5,6.94,3.84,-5.46,-5.7,,,-6.72,3,,4.5,2,3.25,4.83,-3.46,,,,,1.01,,,-3.4,13,3.68,42,28,2,1,10.47
Temple,Connecticut,-6.5,-12.85,,-7.63,-10.25,-13.53,-14.53,-5,-18.04,-8,-17.18,-11,-11.63,-21.16,-13.88,-16.78,-11.61,-17.82,-11.75,-23.44,-2.74,-19.25,-12,,,,-5.41,-11.92,-11.81,,-10,,,,-17,-7,-14,-21.31,-10.82,-4.24,-3.4,,,-14.81,-13,,-7.5,-8.9,-10.17,-11.87,-5.15,,,,,-11.59,,,-18.05,-6,4.80,12,9,2,-9,-12.14
UTEP,Texas,-27,-30.43,,-26.53,-31.07,-34.43,-25.35,-32,-30.82,-19,-38.65,-29,-36.02,-30.45,-34.47,-32.81,-29.24,-17.96,-40.35,-49.25,-22.87,-25.21,-21.8,,,,-15.48,-34.71,-29.47,,-24,,,,-29,-26,-28,-28.76,-29.54,-25.28,-11.9,,,-39.63,-30,,-27,-34.6,-26.5,-29.61,-46.97,,,,,-29.58,,,-29.4,-24.5,6.82,42,13,2,-23,-28.7
Utah,UNLV,21.5,28,,17.93,21.38,27.48,30.12,28,27.57,20,31.25,23,26.08,30.68,24.24,20.98,23.64,22.24,26.35,41.75,27.14,32.09,22.1,,,,17.26,24.26,22.82,,19,,,,29,23.5,29,26.4,27.21,23.98,15.7,,,22.63,20,,21.5,25,21.83,20.12,15.45,,,,,21.69,,,20.1,32,5.04,21,42,2,20,22.58
Vanderbilt,South Carolina,-10,-7.07,,-2.23,-6.25,-7.31,-5.12,1,-5.69,-7,-4.77,-4.5,-10.31,-0.35,-9.81,-14.47,-6.81,-0.31,-4.55,-11.38,-4.65,-4.67,-7.7,,,,-1.51,-3.68,-6.45,,-7,,,,-4,-9.5,-11,-4.66,-5.45,-6.65,-1.7,,,-24.45,-4,,-9.5,-7.3,-7.42,-9.13,-14.88,,,,,-2.28,,,-9.55,-13,4.69,17,24,2,-3,-9.72
Wake Forest,Mississippi,7,13.18,,17.27,9.23,15.22,11.92,17,16.19,14,12.63,15,14.66,19.2,11.13,4.97,13.53,13.68,17.55,24.75,6.09,22.96,8.1,,,,14.53,12.89,14,,8,,,,15,10,13,15.92,18.69,18.6,9.9,,,2.04,17,,8,15.8,11.75,19.09,10.45,,,,,12.96,,,13.6,4.5,4.72,28,30,2,14,14.58
Washington,BYU,-7.5,-7.73,,-19.12,-7.38,-7.84,-1.66,-11,-5.06,-2,-11.88,-11.5,-12.78,-6.9,-10.53,-11.48,-10.73,-3.17,-13.35,-19.63,-5.33,-12.37,-14,,,,-10.22,-17.43,-11.24,,-11,,,,-10,-9.5,-13,-3.22,-13.76,-11.96,-9.3,,,-12.18,-10,,-8,-8.4,-11.5,-14.21,-26.27,,,,,-3.11,,,-13.2,-9.5,4.32,28,27,2,-15,-7.4
Washington St.,California,-13.5,-9.64,,-11.83,-10.28,-6.12,-7.09,-8,-6.21,-10,-11.65,-11,-11.76,-10.6,-16.37,-4.57,-9.54,2.19,-6.15,-22.06,-16.09,-5.17,-12,,,,-6.31,-16.47,-9.82,,-10,,,,-4,-11,-11,-4.57,-12.64,-8.75,3,,,-17.44,-8,,-12.5,-6.6,-10.83,-6.92,-22.22,,,,,-6.79,,,-10.35,-15,4.63,66,3,2,-10,-5.95
Western Mich.,Northern Ill.,6,3.45,,4.51,-1.88,8.79,5.98,17,9.57,13,11.08,9,0.98,7.05,4.81,7.36,7.66,11.73,10.15,7.31,10.68,11.35,10.1,,,,11.02,11.93,7.79,,7,,,,12,6,6,7.78,7.67,10.52,3,,,6.5,11,,6,7.9,7.33,6.87,-6.03,,,,,6.99,,,2.4,9.5,3.61,26,29,2,8,6.6
Wisconsin,Marshall,20.5,18.01,,13.14,14.93,22.45,20.92,27,24.4,19,28.75,20.5,14.91,31.1,24.21,11.26,19.62,19.79,20.15,34.5,23.71,31.99,24.3,,,,10.54,18.27,19.97,,17,,,,19,21.5,26,25.04,23.13,20.53,16.1,,,13.48,23,,20.5,16.6,21,23.52,9.53,,,,,19.69,,,16.1,25,5.70,14,51,2,18,20.92
Wyoming,Air Force,2.5,-1.96,,-4.09,-3.58,-9.54,2.26,-11,-11.93,4,-0.84,-1.5,-6.37,3.2,-8.68,-7.27,-3.89,-9.5,-13.45,-4.63,3.99,-7.22,-1.5,,,,-1.55,0.59,-2.83,,-1,,,,-12,1,-3,-9.87,-2.67,3.09,-0.8,,,7.19,3,,1.5,-8.7,-0.67,0.16,-14.27,,,,,-1.78,,,-6.75,7,5.47,23,3,2,-8,1.29
Akron,Ball St.,-7,-0.78,,-6.46,-2.51,-6.97,0.95,1,-7.3,-3,-6.82,-3.5,-2.64,-9.83,-5.19,,-6.59,-3.38,-9.35,-8.44,-3.22,-7.01,-10.9,,,,-7.5,-10.57,-7,,-12,,,,-10,-6,-7,-5.74,-7.04,-5.39,-2,,,-8.22,-7,,-7,-7.1,-8.32,-15.27,-1.09,,,,,-8.67,,,-14.5,3,3.68,41,24,3,-11,-2.96
Alabama,Western Kentucky,28,26.39,,15.14,25.53,29.06,26.86,24,39.59,22,32.69,19.5,25.92,41.2,30.23,,26.25,26.14,26.05,44.94,29.54,31.89,31,,,,18.94,27.55,25.81,,24,,,,35,29,,38.65,29.15,20.11,,,,28.7,21,,28,25.7,23.62,22.75,23.49,,,,,24.88,,,21.45,38,6.68,7,41,3,18,25.46
Arizona St.,UNLV,23.5,22.38,,23.25,21.36,31.12,22.21,24,32.85,21,31.12,24.5,22.6,28.68,30.76,20.98,24.85,21.92,26.95,41.06,26.87,34.38,21.6,,,,18.69,24.18,24,,22,,,,29,23,29,32.96,30.14,23.1,12.8,,,19,23,,23.5,22.1,23.87,26.87,14.97,,,,,25.03,,,24.45,32,4.89,23,20,3,24,26.53
Arkansas St.,Southern Miss.,2.5,-3.5,,1.31,-5.32,-5.78,-2.32,5,-11.79,3,-0.15,0.01,-4.73,6.5,-3.16,18.14,1.23,1.2,0.45,-0.88,5.75,12.29,-5.1,,,,14.12,6.05,0.28,,-1,,,,-3,-2.5,-5,-14.24,2.89,2.09,-4.2,,,18.86,6,,2.5,-7.2,1.68,4.66,-6.17,,,,,-2.99,,,-5.6,-3.5,6.90,27,24,3,7,0.12
BYU,UCLA,8.5,2.84,,9.74,0.18,2.34,4.91,1,4.59,9,0.29,7.5,1.26,2.17,5.97,,6.09,2.12,2.95,7,6.16,6.99,14.6,,,,9.17,1.27,6.16,,12,,,,11,10.5,8,5.93,7.58,9.47,10.9,,,-1.12,14,,8.5,4.7,10.5,17.83,-6.54,,,,,6.8,,,4.1,11.5,4.55,0,59,3,13,6.89
Baylor,Washington St.,3,-1.57,,8.28,2.63,-3.27,-10.51,2,-8.23,4,1.75,1.5,5.98,-6.8,-0.01,,1.69,-3.17,8.85,-3.13,2.67,-4.68,2.5,,,,10.17,7.92,2.02,,1,,,,1,3,3,-9.43,3.1,2.34,-6.3,,,-0.39,2,,3,-0.7,2.02,3.96,15.63,,,,,3.71,,,-10.2,4.5,4.92,17,45,3,9,3.68
Boise St.,Bowling Green,17,16.23,,20.71,16.1,15.46,13.47,26,24.29,13,23.09,18.5,19.04,10.92,29.1,,18.26,10.82,26.25,27.75,13.74,20.91,14.5,,,,12.54,11.95,18,,20,,,,27,17,19,25.83,18.58,14.49,10.9,,,25.47,18,,17,14.8,17.93,21.45,14.56,,,,,21.06,,,10.55,8,5.42,7,20,3,26,13.57
Buffalo,Temple,6.5,1.56,,8.07,1.31,3.96,3.66,-5,8.25,5,8.42,3.5,-0.63,4.46,5.8,,3.66,-1.3,2.15,3.69,8.83,3.56,10.8,,,,-3.58,-1.11,3.72,,10,,,,4,4,4,8.5,3.68,1.65,7.9,,,10.74,10,,6,-0.9,4.27,5.98,-1.79,,,,,3.72,,,-1.7,-11,3.92,28,30,3,6,0.74
Clemson,NC St.,19,12.54,,16.43,12.14,23.68,10.49,7,22.07,16,17.38,11.5,14.39,13.2,17.01,,16.97,9.14,23.75,21.56,22.51,15.92,15.1,,,,18.59,11.28,17.76,,21,,,,23,19.5,18,21.1,18.53,23.5,11.1,,,17.76,20,,19,22.9,18.36,20.92,4.94,,,,,23.25,,,15.05,19.5,4.62,9,27,3,18,18.56
Connecticut,Virginia,10.5,1.14,,13.32,3.47,-0.16,-2.42,12,-0.56,11,8.87,5.5,4.4,9.96,9.63,,8.12,4.52,-0.55,9.19,13.34,3.86,15.5,,,,16.94,11.3,8.87,,10,,,,7,12.5,7,3.41,10.25,9.79,1.3,,,1.48,14,,10.5,5.7,11.41,17.44,6.12,,,,,8.81,,,5.2,4,5.46,10,45,3,18,10.87
Duke,Navy,2,-2.18,,-2.83,3.23,-2.22,-5.34,-7,-9.8,2,3.21,-9.5,1.19,4.58,-11.86,6.72,-0.84,-2.01,1.45,-7.56,3.44,-14.17,0.1,,,,-0.01,-0.56,-0.29,,-3,,,,-9,0,1,-12.48,-1.57,-1.62,-10.8,,,10.77,2,,2,1.7,-1.04,2.72,9.97,,,,,0.62,,,-0.7,18,5.49,31,41,3,-3,2.63
Eastern Mich.,Toledo,2,-4.36,,12.78,-1.31,3.57,-7.6,7,-0.63,6,0.18,-0.5,-1.15,-0.1,1.78,33.59,2.81,2.77,-1.45,-2.31,5.2,0.97,3.2,,,,4.5,0.14,1.76,,4,,,,4,1.5,-1,-0.81,2.02,1.99,-1.5,,,1.74,5,,2,4.9,1.1,-2.28,1.94,,,,,-1.76,,,1.35,-3,6.93,41,17,3,13,0.47
Fresno St.,Wisconsin,-1.5,-3.2,,-2.71,-3.7,-3.96,-4.09,11,-9.48,-2,2.83,-4.5,-2.16,0.32,6.66,,-1.09,2.86,-2.95,-7.75,4.51,-3.22,-3.8,,,,1.54,-2.91,-1.65,,-5,,,,-1,,1,-12.67,-1.81,0.14,-5,,,-7.08,-1,,-1.5,1.2,-1.65,-1.56,-5.66,,,,,1.24,,,2.25,-9.5,4.08,13,10,3,1,-1.13
Houston,Air Force,2.5,-7.75,,-8.19,-5.05,-6.02,-9.45,-17,-7.92,-4,0.24,-1.5,-5.81,-0.18,-9.48,-7.27,-4.52,-11.7,-7.1,-12.31,-2.82,-5.57,0.5,,,,-12.07,-13.34,-4.76,,1,,,,-1,1,0.01,-7.03,-9.79,1.8,2,,,2.19,1,,1.5,-7.7,0.55,2,-4.48,,,,,3.94,,,-8.35,10.5,5.21,31,28,3,1,-3.35
Idaho,Western Mich.,-7.5,-12.43,,-10.28,-8.22,-9.94,-9.71,-22,-15.61,-5,-13.44,-8.5,-15.57,-6.85,-18.69,,-11.22,-9.52,-13.45,-11.75,-6.55,-6.91,-7.4,,,,-6.25,-6.36,-10,,-5,,,,-10,-8,-11,-12.38,-6.28,-11.59,-5,,,-11.94,-10,,-7.5,-4,-8.61,-13.54,-37.2,,,,,-10.49,,,-16.2,2.5,4.11,51,28,3,-9,-15.1
Illinois,Louisiana-Lafaye,24.5,17.87,,25.26,18.54,33.26,16.11,28,33,22,32.07,18,19.65,29.05,30.84,,26.5,25.63,34.45,27.63,30.84,35.99,24.6,,,,30.35,25.24,27,,27,,,,33,25.5,35,31.45,26,20.88,0.6,,,27.53,24,,24.5,27,26.91,27.99,11.98,,,,,27.59,,,29.55,36.5,5.32,17,20,3,27,25.23
Iowa,Iowa St.,13.5,10.61,,14.69,8.47,5.42,7.67,23,7.78,10,14.03,10,14.8,13.7,16.07,,11.51,4.2,6.45,16.75,16.94,4.83,13.1,,,,13.41,5.81,12.24,,15,,,,9,12.5,12,9.66,12.24,14.58,3.4,,,18.57,14,,13.5,1.3,12.51,11.18,13.78,,,,,9.79,,,7.85,19,4.74,5,17,3,15,15.12
Kentucky,Middle Tenn.,17.5,19.17,,16.06,16.31,24.15,16.79,24,27.04,16,17.09,16,21.87,18.54,25.96,,20.11,18.12,21.65,32.75,19.86,24.54,20.3,,,,16.39,21.08,19.86,,21,,,,28,16.5,20,22.62,23.83,21.26,5.2,,,19.05,19,,18,23.1,18.06,19.04,8.14,,,,,18.17,,,19.55,21.5,3.98,14,20,3,21,23.8
LSU,North Texas,41.5,43.99,,47.15,37.32,58.49,41.66,48,55.3,33,46.52,35,46.41,43.1,53.57,,44.35,43.78,56.45,59.81,51.99,41.51,37.4,,,,23.23,48.22,43.99,,42,,,,52,42.5,47,55.4,40.92,39.4,24.2,,,34.17,42,,41.5,49.3,39.52,45.42,50.32,,,,,41.6,,,46.9,38.5,7.79,3,41,3,46,43.58
Marshall,Memphis,3.5,7.79,,3.3,5.75,5.88,9.03,1,7.34,10,3.13,8,6.56,4.86,6.62,,6.12,9.09,7.25,11,8.17,1.75,3.1,,,,7.9,10.65,6,,2,,,,8,3,3,8.65,8.2,5.96,2.6,,,5.17,6,,4,9.5,4.65,4.68,-0.58,,,,,5.85,,,8.9,7.5,2.64,16,17,3,6,9.63
Maryland,California,-14,-14.57,,-13.84,-17.51,-4.04,-10.23,-22,-5.98,-8,-18.27,-9,-19.29,-22.3,-19.92,-4.57,-13.45,-9.95,-21.75,-26.63,-11.09,-6.71,-9.6,,,,-23.93,-20.14,-11.56,,-18,,,,2,-11.5,-8,-8.42,-15.27,-6.24,-1.8,,,-22.87,-10,,-14,-11.4,-13.73,-11.71,-36.38,,,,,-10.74,,,-13.1,-5.5,6.92,27,35,3,-10,-5.93
Michigan St.,Florida Atlantic,17,20.19,,13.19,22.65,18.05,15.05,34,24.53,11,16.9,12.5,25.99,12.65,24.61,,17.5,13.85,24.25,26,14.2,7.53,15.2,,,,14.1,14.87,16.9,,20,,,,21,16.5,16,24.11,17.08,7.48,11.4,,,18,14,,17,13.9,16.38,18.55,34.6,,,,,18.62,,,4.95,14.5,5.70,0,17,3,17,19.77
Mississippi St.,Auburn,-10,-20.52,,-10.11,-19.21,-8.93,-18.2,-17,-12.52,-8,-22.96,-13,-23.02,-18.64,-20.52,,-13.79,-11.63,-14.65,-30.19,-7.85,-7.94,-6.5,,,,-11.5,-22.12,-12.52,,-12,,,,-3,-9.5,-13,-14.94,-17.31,-8.56,-8.4,,,-14.16,-8,,-10.5,-13.5,-11.58,-10.26,-29.85,,,,,-12.05,,,-15.55,-6.5,5.91,3,2,3,-9,-9.92
Missouri,Nevada,26.5,16.74,,14.9,11.1,34.12,19.59,31,30.47,25,23.46,22.5,13.82,32.76,32.6,,23.81,27.73,23.75,32.69,29.82,29.95,22.9,,,,29.88,20.73,23.75,,31,,,,29,28,22,29.62,26.29,22.39,6.1,,,21.82,20,,26.5,28.4,25.15,16.67,-1.66,,,,,26.59,,,29.95,31.5,6.11,17,69,3,21,21.87
Nebraska,New Mexico St.,25.5,26.25,,19.6,23.94,24.68,26.27,27,34.18,25,26.02,26,25.94,23.97,30.06,,25.52,24.4,32.85,40.44,27.89,22.17,21.9,,,,35.36,30.71,26,,24,,,,26,25.5,23,32.48,26.84,14.11,11.1,,,26.76,17,,25.5,26.9,25.95,22.8,26.26,,,,,28.13,,,20.95,30,5.00,7,38,3,24,26.23
New Mexico,Arizona,-10,-9.27,,-15.77,-11.08,-13.86,-3.27,-15,-17.67,-11,-19.24,-4.5,-16.5,-14.82,-23.01,,-13.35,-13.1,-16.65,-21,-13.8,-0.91,-14.4,,,,-16.45,-21.95,-13.86,,-14,,,,-11,-11,-12,-15.04,-14.76,-0.28,0.9,,,-12.95,-9,,-10.5,-12.7,-11.25,-10.31,-23.19,,,,,-13.43,,,-16.55,-19.5,5.45,28,36,3,-17,-16.6
Notre Dame,Michigan,-1,-5.76,,-9.5,-2.85,-6.45,-7.2,1,-11.22,1,-3.99,-4,-4.56,-0.4,-8.74,,-4.55,-3.6,-8.15,-7.5,1.74,-11.03,-3,,,,-1.3,-7.32,-4.56,,-5,,,,-7,-4,-3,-12.01,-4.62,-7.45,-6.7,,,0.39,2,,-2,-3.2,-3.65,-6.27,-9.86,,,,,-5.22,,,-10.1,10,3.75,17,35,3,-3,1.88
Ohio,Central Mich.,-3,0.56,,-2.21,5.31,-3.79,-3.52,8,-4.48,-1,-8.73,-2.5,4.63,-14.72,6.34,23.7,0.03,-0.32,10.95,-4.31,2.51,-2.69,-5.3,,,,-5.81,-4.89,-1,,-7,,,,-2,-2.5,-5,-6.82,-1.5,0.54,0.2,,,-0.86,-1,,-3,3.8,-3.41,1.97,13.52,,,,,1.36,,,-6.45,-4.5,6.63,31,28,3,1,4
Oregon St.,Hawaii,13.5,7.25,,-0.27,3.51,9.89,7.88,9,10.28,9,5.03,1,6.88,2.3,11.27,,6.66,2.56,8.25,6.75,16.85,-1.5,5,,,,-2.15,-7.35,6.88,,7,,,,6,9.5,7,7.12,4.52,8.42,-2.9,,,29.41,9,,12.5,11.1,5.72,6.21,2.93,,,,,14.03,,,-1.95,14.5,6.44,7,45,3,3,16.12
Purdue,Oregon,-7.5,-11.2,,-9.77,-10.99,-15.51,-10.15,-10,-13.9,-9,-13.11,-6,-12.49,-8.21,-11.53,,-11.27,-11.05,-22.55,-18.5,-2.84,-8.7,-6.4,,,,-7.34,-10.8,-10.15,,-3,,,,-5,-5,-10,-11.94,-10.78,-9.58,-5.1,,,-15.86,-10,,-8,-20.7,-7.98,-16.51,-35.56,,,,,-12.17,,,-17.25,-3,4.75,32,26,3,-5,-3.58
Rutgers,North Carolina,6,7.71,,7.74,4.41,6.56,10.06,5,13.38,10,-11.01,8.5,5.78,-5.57,7.58,,5.81,1.01,8.05,10.56,1.22,14.37,7.3,,,,2.35,0.55,6.78,,2,,,,-1,5.5,4,17.09,6.99,10.39,8.7,,,4.79,15,,6,13.7,5.71,12.62,9.94,,,,,7.34,,,0.01,-4.5,5.78,44,12,3,2,0.36
San Jose St.,San Diego St.,6,1.22,,7.48,-1.74,1.5,4.01,13,-1.54,5,5.12,7.5,-1.57,0.67,1.97,15.07,4.63,-1.58,-1.15,4.5,6.85,13.1,5.2,,,,8.85,15.83,4.91,,11,,,,6,6,3,-1.46,6.53,4.81,7.4,,,8.51,5,,6,4.1,6.41,2.54,-3.1,,,,,0.7,,,-5.3,5.5,4.72,10,35,3,7,4.71
South Carolina,Georgia,-7,-1.39,,-7.12,-1.56,-14.93,-3.16,-4,-6.8,-0.25,-19.22,-8,0.64,-15.04,-7.95,,-7.48,-8.45,-8.05,-8.13,-3.36,-14.31,-9,,,,-7.24,-10.75,-7.95,,-12,,,,-9,-7,-13,-4.87,-6.97,-10.64,-5.2,,,-11.78,-2,,-7,-10.8,-8.29,-3.79,3.23,,,,,-5.91,,,-10.4,-27,4.75,14,7,3,-7,-3.52
South Florida,Kansas,3.5,0.23,,0.51,1.07,-2.24,1.4,15,-1.1,5,0.01,3.5,-1.08,0.17,10.29,,0.75,-3.05,-3.65,1.88,7.12,-6.79,3.7,,,,-0.94,-1.67,0.27,,-1,,,,5,6,2,-1.27,0.96,0.26,3.5,,,-1.63,6,,3,-9.7,2.24,3.62,-5.72,,,,,0.27,,,-6.35,4.5,4.58,34,37,3,1,1.87
Syracuse,Penn St.,-27.5,-23.46,,-29.36,-22.44,-32.93,-20.15,-31,-25.77,-17,-38.77,-20.5,-27,-31.29,-28.07,,-28.26,-27.72,-37.55,-45.75,-25.89,-22.16,-25.8,,,,-22.82,-27.4,-28.07,,-31,,,,-29,-28,-28,-22.45,-29.12,-30.41,-12.7,,,-34.17,-26,,-27.5,-33.7,-26.55,-28.51,-36.22,,,,,-29.38,,,-35.65,-23.5,5.94,55,13,3,-33,-21.14
TCU,Stanford,14,14.71,,27.57,15.87,11.88,9.74,15,12.92,11,8.97,16.5,20.17,5.23,18.18,3.15,15.32,12.3,19.05,27.25,17.87,0.52,16.2,,,,24.82,14.33,15.94,,16,,,,23,13.5,13,14.12,17.27,16.57,17.3,,,21.33,22,,14,16.5,17.32,23.94,15.46,,,,,13,,,8.25,-4,6.48,14,31,3,23,8.8
Tennessee,UAB,31,30.16,,23.74,28.16,36.19,29.28,33,33.62,26,27.29,26.5,31.07,29.14,34.89,-4.28,29.03,29.43,37.75,46.38,27.78,32.65,28.3,,,,17.89,31.48,30.07,,25,,,,35,30.5,34,33.25,31.04,29.97,12.6,,,31.59,31,,31,29.7,27.89,31.33,32,,,,,27.79,,,32.1,31,7.75,3,35,3,25,31.57
Texas Tech,SMU,36.5,31.53,,23.87,31.58,38.32,29.94,34,32.41,31,44.12,30,33.14,37.98,39.97,,35.52,31.28,42.25,49.75,40.17,30.89,33.7,,,,27.09,37.06,34.04,,41,,,,35,38,33,30.03,35.64,34.04,15.2,,,33.97,39,,36.5,36.8,36.03,46.62,48.46,,,,,39.48,,,39.2,37.5,5.56,7,43,3,34,30.79
Tulane,East Carolina,-13,-17.44,,-15.84,-13.08,-19.07,-15.99,-13,-11.85,-12,-31.15,-15.5,-19.15,-38.4,-14.92,,-17.65,-20.75,-24.65,-33.81,-10.01,-29.46,-18.5,,,,-14.95,-28.34,-15.5,,-11,,,,-14,-13.5,-20,-10.54,-22.76,-13.66,-4,,,-12.35,-8,,-13,-19.9,-14.39,-13.29,-13.85,,,,,-11.7,,,-27.85,-13,7.31,28,24,3,-13,-17.83
USC,Ohio St.,11,14.13,,11.9,16.28,15.61,11.63,33,11.59,2,6,7.5,17.97,5.5,13.03,,11.09,12.74,21.55,5.25,16.93,5.77,3,,,,8.48,18.12,10,,9,,,,13,9,5,6.75,6.43,3.63,-3.4,,,12.23,8,,11,18.3,7.89,6.28,29.8,,,,,5.91,,,-2,-5,6.50,3,35,3,10,2.04
Utah St.,Utah,-24.5,-25.4,,-25.93,-20.49,-24.74,-28.43,-8,-29.94,-21,-29.41,-24.5,-22.95,-33.57,-25.29,,-24.83,-21.62,-25.15,-45.81,-27,-28.28,-24.1,,,,-15.76,-33.79,-25.15,,-19,,,,-24,-23.5,-30,-29.59,-27.8,-19.31,-13.9,,,-26.83,-23,,-24.5,-19.2,-23.38,-26.39,-31.99,,,,,-23.21,,,-30.9,-26,6.31,58,10,3,-23,-25.72
Vanderbilt,Rice,8,18.42,,11.54,15.04,14.67,18.57,16,10.15,17,18.93,12.5,18.29,21.8,20.9,-8.73,14.04,16.8,20.15,25.88,3.85,15.79,12.2,,,,14.61,16.19,14.86,,9,,,,17,8.5,11,11.96,16.95,10.5,3.9,,,2.11,12,,9,11.6,11.22,14.41,23.79,,,,,18.71,,,20.35,10.5,6.38,21,38,3,8,14.03
Virginia Tech,Georgia Tech,6.5,6.9,,7.42,5.87,17.72,5.99,12,14.84,9,0.58,5,7.67,-3.6,9.08,12.46,7.35,8.5,12.55,5.81,2.77,2.36,4.6,,,,7.67,-1.22,7.54,,5,,,,14,7.5,9,11.77,6.8,14.19,3.4,,,-3.08,9,,6.5,13.4,7.17,9.05,-0.83,,,,,13.98,,,5.15,8,5.07,17,20,3,3,10.46
Washington,Oklahoma,-20.5,-15.2,,-27.8,-12.83,-17.55,-11.81,-23,-16.3,-8,-22.99,-22.5,-18.7,-18.46,-19.37,,-19.6,-14.22,-21.05,-28.69,-23.06,-16.7,-22.2,,,,-21.79,-24.59,-20,,-24,,,,-19,-20.5,-19,-14.07,-19.39,-20.73,-8,,,-21.23,-20,,-20.5,-16,-21.51,-22.27,-24.63,,,,,-13.44,,,-21.35,-9.5,4.70,55,14,3,-29,-16.44
Air Force,Utah,-9,-4.48,,-0.61,-3.98,-7.05,-6.25,,-2.92,-5,-6.89,-1,-2.9,-16.36,,1.65,-5.94,0.01,-6.45,-9.56,-10.48,-4.23,-8.4,,,,-4.11,-3.71,-5.23,,-3,,,,-2,-6.5,-9,-2.14,-5.23,-10.09,-1.9,,,-12.5,-7,,-8.5,-6.2,,-10.64,-18.29,,,,,-7.13,,,-9.4,-12,4.16,30,23,4,2,-4.56
Arizona St.,Georgia,-7,-9.41,,-5.95,-4.66,-10.68,-9.24,,-2.38,-6,-18.13,-9,-9.59,-18.93,,-5.64,-8.94,-10.73,-10.25,-14.13,-4.12,-6.29,-7,,,,-10.66,-16.34,-9.41,,-11,,,,-12,-5.5,-14,0.49,-7.62,-10.35,-3.1,,,-12.14,-1,,-7,-11,,0.68,-15.88,,,,,-2.58,,,-8.1,-17,4.75,27,10,4,-3,-12.2
Arkansas,Alabama,-9,-8.16,,-0.23,-9.21,-2.64,-1.65,,-0.62,-7,-16.97,-1.5,-13.82,-11.82,,-5.28,-7.69,-10.06,-5.95,-13.81,-12.87,4.86,-11.2,,,,-7.11,-12.24,-7.71,,-10,,,,2,-8,-14,1.99,-7.71,-8.43,0.9,,,-11.78,-6,,-9,-12,,-4.83,-23.01,,,,,-6.69,,,-9.9,-10,5.30,49,14,4,-5,-2.96
Arkansas St.,Middle Tenn.,6,-0.01,,4.42,1.89,-0.97,-0.52,,0.36,7,5.3,5,0.34,-0.91,,7.12,3.17,-0.01,11.25,4.13,2.98,11.44,5.1,,,,1.3,0.67,3,,6,,,,3,5,4,3.81,3.6,4.97,2.6,,,1.92,9,,5.5,-1.9,,5.77,-1.58,,,,,1,,,-5.85,-1,3.66,14,31,4,10,3
Army,Akron,-10.5,-11.06,,-5.37,-10.55,-9.73,-7.86,,-10.85,-10,-13.2,-7,-14.5,-6.73,,-5.35,-9.93,-11.76,-12.55,-8.38,-4.47,-10.75,-2.7,,,,-14.69,-24.74,-9.73,,-4,,,,-3,-7,-11,-9.36,-4.47,-10.74,-3.8,,,-8.18,-8,,-10.5,-14.3,,-6.8,-25.07,,,,,-9.25,,,-11.95,-16,4.30,22,3,4,-8,-8.99
Auburn,LSU,-2.5,-0.42,,-6.2,-1.78,-10.18,1.94,,-6.07,7,-3.15,4,-3,-4.46,,1.3,-2.34,-9.87,-10.95,2.13,-0.78,-1.31,-7.1,,,,16.5,5.13,-1.78,,-7,,,,-4,,-1,-6.75,4.78,-1.08,-5.1,,,-20.9,0.01,,-2.5,-7.1,,-3.36,2.67,,,,,-1.21,,,-9.2,5,6.69,26,21,4,-3,2.56
BYU,Wyoming,28,25.58,,24.48,21.6,32.9,23.74,,31.59,20,32.9,19.5,27.32,23.85,,30.38,26.69,24.45,39.95,41.5,35.47,28.31,28.4,,,,27.63,25.62,27,,24,,,,32,28,27,27.04,29.2,22.13,11,,,11.98,26,,28,27.9,,25.84,29.51,,,,,27.59,,,19.95,33,5.92,0,44,4,27,27.03
Boston College,Central Florida,10,15.93,,17.89,12.67,4.45,16.32,,7.19,9,4.3,13.5,15.59,5.9,,3.66,8.86,3.71,6.45,25.19,15.51,11.56,12.1,,,,4.63,5.35,8,,7,,,,8,10.5,7,8.39,9.17,7.55,10.1,,,3.06,12,,10,6.1,,8.26,9.64,,,,,7.89,,,0.25,6,5.21,7,34,4,8,12.68
Cincinnati,Miami (Ohio),12,18.72,,18.66,13.35,25.1,15.82,,24.29,14,22.42,16.5,21.62,21.92,,17.57,19.71,19.03,25.95,31.69,10.07,27.5,15.4,,,,21.88,16.87,19.03,,16,,,,26,13,21,27.21,22.16,19.76,8.6,,,15.57,19,,13.5,34,,21.22,16.56,,,,,22.73,,,19.45,19,5.37,20,45,4,15,15.38
Colorado,West Va.,-3,-5.23,,-8.51,-0.98,-13.77,-8.72,,-7.05,-1,-5.47,-5,-2.65,0.62,,-8.07,-5.36,3.03,-5.65,-10.94,0.13,-14.95,-4.5,,,,-1.62,1.69,-5.23,,-6,,,,-11,-3.5,-3,-11.22,-4.31,-10.37,-10.8,,,-22.28,-6,,-3,-4.5,,-6.12,2.45,,,,,-5.46,,,-12.15,-5.5,5.52,14,17,4,2,-2.45
Colorado St.,Houston,-6.5,-3.92,,-5.84,-6.7,-2.85,2.95,,-2.81,-4,-10.55,-4,-11.32,-7.92,,-10.62,-6.83,-5.04,-9.95,-11.13,-8.8,-9.8,-9.5,,,,-3.27,0.6,-7.55,,-2,,,,-5,-6.5,-9,-3.03,-4.07,-10.07,-3.6,,,-7.55,-10,,-6.5,-9.8,,-11.59,-17.9,,,,,-7.69,,,-7.55,-4,3.84,25,28,4,-8,-1.83
Connecticut,Baylor,12.5,15.19,,19.81,9.93,17.13,15.3,,15.09,14,17.27,14.5,15.18,16.61,,11.26,16.35,18.49,15.55,27.56,10.08,19.89,19.9,,,,23.08,17.31,17.27,,10,,,,22,14.5,15,16.34,20.04,21.12,4.8,,,11.05,18,,13.5,18.3,,21.15,1.8,,,,,20.56,,,19.3,18,4.11,28,31,4,18,17.59
Florida Intl.,South Florida,-28.5,-28.04,,-40.32,-23.92,-35.97,-26.87,,-37.99,-25,-41.21,-27.5,-29.36,-38.91,,-33.27,-32.17,-29.36,-37.05,-46.5,-26.04,-32.11,-31.1,,,,-29.78,-31.69,-31.69,,-29,,,,-38,-26.5,-35,-37.79,-30.94,-32.37,-7.8,,,-29.11,-31,,-28.5,-29.5,,-40.31,-31.78,,,,,-32.85,,,-36,-27.5,5.47,17,9,4,-28,-32.41
Florida St.,Wake Forest,5,2.65,,0.96,3.93,-2.25,-0.68,,-0.32,2,3.36,2,7.29,-3,,11.61,2.6,2.28,5.15,0.94,1.61,-1.38,4.2,,,,-4.4,-13.63,2.65,,7,,,,10,4,3,-0.48,-1.26,2.01,0.9,,,5.99,7,,5,-2.3,,4.77,2.86,,,,,5.72,,,2.25,1,5.08,12,3,4,7,10.38
Georgia Tech,Mississippi St.,8,17.03,,9.37,13.14,0.35,17.98,,10.77,4,6.18,10,16.05,12.59,,21.04,9.26,12.84,7.95,26.13,5.74,13.17,11.3,,,,5.44,18.87,8.29,,8,,,,7,7,5,9.27,13.25,-2.79,5.9,,,8.29,6,,8,5.2,,7.16,11.84,,,,,4.29,,,2.45,-4,6.19,7,38,4,10,6.21
Indiana,Ball St.,3.5,0.56,,-0.14,-0.01,4.13,0.44,,1.36,3,-0.11,1.5,0.68,2.77,,-0.58,1.03,-0.85,0.45,-1.06,-0.01,0.29,2.3,,,,2.42,-4.47,0.68,,1,,,,2,3.5,-1,3.95,0.17,4.8,-2.7,,,6.23,4,,3,-5.8,,0.7,1.53,,,,,0.61,,,-5.6,-4.5,2.74,42,20,4,7,4.85
Louisiana-Lafaye,Kent,2.5,4.54,,-2.2,1.05,6.65,4.38,,1.15,3,-1.1,4,4.7,-1.52,,-0.36,22.51,12.52,3.55,3.69,4.89,-0.8,2.9,,,,6.21,-1.26,3,,8,,,,3,2.5,-2,-0.63,3.65,2.9,-0.8,,,-0.73,1,,2.5,11.2,,-1.62,3.49,,,,,6.13,,,-2.25,1,3.79,27,44,4,1,6.85
Louisville,Kansas St.,-4.5,-1.55,,3.02,-8.08,3.17,5.76,,3.62,4,-6.89,7,-9.63,6.98,,-5.67,-2.13,-2.48,-7.35,-1.13,-2.26,12.56,-2.8,,,,-2.09,-4.49,-2.35,,-10,,,,5,-3,-5,3.62,-0.96,6.74,9.5,,,-5.85,4,,-4.5,-2.3,,-7.42,-25.25,,,,,-9.63,,,-2.35,,5.86,29,38,4,-6,-4.26
Maryland,Eastern Mich.,22,26.38,,14.19,22.65,27.87,28.81,,19.37,15,29.35,19.5,24.06,19.71,,21.76,22.11,24.98,31.15,34.38,24.42,22.84,16,,,,15.29,32.57,22.8,,17,,,,25,22,29,23.98,24.82,13.69,5,,,21.67,12,,22,25.8,,21.23,24.3,,,,,22.11,,,22.8,24.5,6.27,24,51,4,9,25.29
Michigan St.,Notre Dame,8,2.19,,6.11,1.51,8.7,-1.13,,9.96,5,-0.2,3,5.88,-7.76,,1.6,6.65,6.66,7.85,3.5,6.41,2.45,11.8,,,,9.01,-5.67,6.11,,12,,,,15,7,6,12.07,3.48,13.78,-0.7,,,26.21,13,,8,9.6,,20.61,4.55,,,,,10.22,,,1.55,6,7.06,7,23,4,10,0.18
Minnesota,Florida Atlantic,7,16.35,,11.24,17.04,8.61,16.24,,12.46,10,8.5,13.5,16.68,4.29,,8.71,9.09,13.02,6.55,19.31,5.17,-6.58,1.6,,,,8.81,30.68,8.71,,7,,,,13,7,8,12.53,12.82,-6.25,8.2,,,10.5,2,,7,4.7,,4.64,12.39,,,,,7.27,,,-4.35,2,7.28,3,37,4,8,17.27
Mississippi,Vanderbilt,7,-5.83,,-6.77,-4.87,0.88,-7.81,,-2.44,-4,-7.37,-2.5,-3.73,-13,,-3.42,-2.67,-1.71,-9.95,-13.31,8.32,-6.88,8.9,,,,-5.92,-13.9,-3.42,,5,,,,6,4.5,1,-1.22,-7.82,-0.7,-2.1,,,14.72,-2,,6,-1.1,,0.76,-10.17,,,,,-4.08,,,-10,2.5,6.35,23,17,4,1,1.26
Missouri,Buffalo,34,26.45,,23.58,22.37,37.54,27.03,,37.25,25,30.86,30,25.91,39.6,,26.62,29.87,27.1,38.15,45.44,38.25,32.75,25.5,,,,26.61,20.18,30,,38,,,,44,31,31,35.19,30.23,23.83,13.3,,,30.32,30,,33,32.1,,28.3,19.29,,,,,30.76,,,27,33,6.31,21,42,4,29,31.12
NC St.,East Carolina,-7,-11.58,,-15.29,-8.63,-15.15,-8.13,,-17.24,-12,-19.69,-9,-14.71,-22.3,,-8.74,-14.5,-20.65,-20.15,-26.94,-3.77,-20.99,-8.8,,,,-14.82,-37.04,-14.37,,-11,,,,-4,-8,-8,-13.07,-20.47,-18.43,-0.2,,,-13.21,-6,,-8,-20.6,,-13.25,-25.62,,,,,-14.37,,,-16.75,-14,7.26,24,30,4,-9,-9.08
Navy,Rutgers,-5,2.23,,4.89,4.5,-2.71,-4.37,,-1.05,-4,0.48,4,8.04,-9.85,,4.98,0.21,4.29,3.75,-0.94,-8.06,-7.02,-4.9,,,,4.24,9.83,1,,1,,,,5,-4,-1,-1.19,1.18,-6.01,-8.4,,,-8.34,-9,,-4.5,3.3,,-8.3,9.12,,,,,-0.62,,,-0.01,2.5,5.63,21,23,4,5,6.49
North Carolina,Virginia Tech,3,-8.22,,-7.77,-1.45,-3.51,-11.43,,-9.15,0.25,1.08,-8.5,-5.36,1.19,,-3.64,-2.68,-0.91,-0.95,-9.13,-4.32,-8.69,0.6,,,,-1.47,-0.8,-1.47,,-4,,,,-7,0,5,-13.66,-3.26,-4.01,-7.2,,,-7.73,1,,1.5,-0.1,,4.97,-0.83,,,,,0.41,,,-1.8,7,4.40,20,17,4,3,-0.95
Northwestern,Ohio,11.5,15.64,,11.57,13.48,10.4,17.74,,7.26,15,16.05,14.5,13.47,23.35,,14.62,14.01,8.36,15.15,26.06,15.05,12.81,8.7,,,,19.35,39.15,14,,14,,,,13,10.5,17,9.63,21.47,2.31,0.8,,,14.42,11,,11.5,10.8,,10.65,5.51,,,,,11.88,,,6.6,11.5,6.47,8,16,4,16,15.92
Ohio St.,Troy St.,20.5,13.83,,12.07,11.59,16.13,17.5,,24.62,11,17.92,12,10.28,19.6,,2.07,13.42,1.4,12.25,21.88,24.46,24.48,25.8,,,,-3.62,-11.47,13.83,,21,,,,16,21.5,23,28.84,11.66,14.47,11.4,,,10.36,19,,19.5,13.1,,14.16,1.72,,,,,18.2,,,8.35,22,8.27,10,28,4,10,19.97
Oregon,Boise St.,10.5,8.94,,5.06,10.66,18.45,9.31,,18.86,15,9.52,6.5,8.59,9.41,,16.53,11.53,16.17,15.55,12.75,14.34,6.16,12.6,,,,11.71,10.24,11.4,,15,,,,8,13.5,9,17.11,11.37,9.97,1.7,,,1.51,12,,10.5,16.5,,13.98,15.33,,,,,14.4,,,11.4,13,4.19,37,32,4,6,12.59
Penn St.,Temple,28.5,31.16,,30.92,26.79,33.3,33.32,,35.02,21,31.61,26,29.85,32.76,,28.36,28.54,22.16,34.85,50.13,33.3,26.43,29.3,,,,23.61,23.71,29,,32,,,,34,28.5,29,33.17,31.51,18.73,18.7,,,30.97,29,,28.5,25,,28.25,27.79,,,,,23.82,,,19.7,26.5,5.70,3,45,4,29,29.49
Pittsburgh,Iowa,-1,-7.75,,-3.83,-7.9,1.65,-2.22,,-1.66,1,-8.3,-3.5,-14.08,-8,,-11.89,-3.86,-7.29,-6.75,-12.88,3.15,-2.48,2.4,,,,-7.63,-15.55,-3.83,,-4,,,,1,1,-2,0.36,-7.14,4.04,-0.1,,,-8.06,5,,-1,3.8,,8.39,-13.76,,,,,-1.84,,,-2.1,6,5.89,20,21,4,-5,-5.24
Purdue,Central Mich.,10.5,7.18,,6.27,15.75,10.61,3.53,,17.81,8,7.72,6.5,10.84,8.23,,15.51,10.05,8.27,18.55,9.75,14.03,5.72,7.8,,,,9.32,7.5,9.32,,14,,,,13,10,9,14.56,9.64,6.51,2.5,,,0.53,12,,10.5,11.3,,17.25,7.71,,,,,10.96,,,3.4,5,4.32,25,32,4,14,13.35
SMU,TCU,-24.5,-27,,-26.99,-26.19,-32.24,-23.12,,-28.44,-20,-35.03,-21,-31.15,-28.34,,-30.77,-27.82,-30.65,-35.95,-45.25,-20.93,-26.32,-21,,,,-32.75,-30.51,-28,,-22,,,,-24,-24,-23,-27.44,-28.03,-27.4,-6,,,-22.35,-28,,-25,-28.8,,-31.99,-39.44,,,,,-30.83,,,-34.15,-27,5.33,48,7,4,-25,-24.6
Southern Miss.,Marshall,7.5,13.05,,13.43,12.03,10.47,11.92,,15.32,11,10.36,12.5,14.14,14.63,,20.17,12.82,19.02,16.15,19.25,13.94,14.9,9.9,,,,14.06,13.84,12.82,,9,,,,11,10,13,13.52,14.76,7.37,7.9,,,9.54,11,,9,12,,15.75,18.96,,,,,12.82,,,6.4,9,3.03,34,27,4,11,9.53
Stanford,San Jose St.,8,9.81,,-10.38,6.08,11.82,11.39,,13.7,8,10.03,3.5,8.3,15.3,,9.37,7.95,7.68,13.55,12.63,7.12,17.48,6.9,,,,6.26,-5.26,8.3,,6,,,,6,10,12,16.46,7.32,10,0.3,,,10.59,11,,8,5.4,,7.14,-0.71,,,,,12.71,,,9.35,12.5,5.51,10,23,4,4,10.86
Tennessee,Florida,-7.5,-8.39,,-11.11,-9.99,-7.18,-5.59,,-10.55,-5,-17.69,-7,-12.16,-15.86,,-19.58,-10.35,-7.11,-11.55,-9.88,-3.57,-4.8,-6.9,,,,-15.75,-14.67,-9.26,,-7,,,,-7,-7,-10,-10.55,-7.65,-3.96,1.2,,,-19.75,-10,,-7.5,-5.1,,-15.96,-23.05,,,,,-8.57,,,-10.65,-11,4.57,30,6,4,-9,-9.26
Texas,Rice,29,26.23,,23.52,23.72,26.86,25.54,,26.93,24,27.55,29.5,27.06,25.3,,23.51,26.17,21.11,30.05,41.94,27.38,30.83,29.9,,,,23.02,14.08,26.89,,31,,,,31,31,27,27.62,26.89,30.39,11,,,32.14,26,,28.5,24.5,,28.23,17,,,,,30.69,,,19.5,26,4.55,10,52,4,26,27.04
Texas A&M,Miami (Fla.),-3,1.48,,3.52,1.25,10.15,2.98,,8.29,6,-3.54,5,0.01,-1.26,,-0.42,2.88,3.24,7.25,3.63,-6.11,8.16,-6.6,,,,4.46,9.96,3.52,,-2,,,,5,-2.5,2,9.07,7.4,6.11,5.4,,,-15.44,7,,-2,6.5,,9.08,-1.67,,,,,11.2,,,0.7,-1,5.41,41,23,4,-1,6.36
Toledo,Fresno St.,-7,-8.34,,-4.99,-8,-13.64,-8.63,,-10.21,-6,-21.7,-5.5,-8.09,-24.21,,-2.76,-10.65,-12.06,-9.85,-16.19,-4.36,-15.47,-12.9,,,,-5.75,-17.11,-9.85,,-8,,,,-9,-7,-20,-11.81,-11.86,-10.66,2.2,,,-12.65,-5,,-7,-13.5,,-6.86,-12.98,,,,,-7.94,,,-13.25,-13.5,5.26,55,54,4,-11,-9.29
Tulane,Louisiana-Monroe,6,5.49,,0.79,8.71,1.26,1.99,,5.45,2,4.69,-1.5,9.04,-2.05,,7.62,3.72,1.14,10.95,1.19,1.37,1.93,3.7,,,,-0.51,9.36,3.7,,2,,,,-4,4.5,5,4.48,4.22,0.67,-1.6,,,8.13,5,,6,3,,6.95,12.39,,,,,7.22,,,-6.55,4,3.65,10,24,4,4,3.17
Tulsa,New Mexico,10,5.62,,11.84,4.16,2.69,3.82,,7.16,11,4.25,12,7.39,8.67,,-8.35,7.42,11.16,1.25,12.56,14.13,0.93,10.1,,,,3.58,14.61,7.39,,14,,,,10,9.5,10,9.36,7.74,4.72,7.1,,,17.54,7,,10,9.8,,0.24,2.38,,,,,6.62,,,5.55,8.5,5.45,14,56,4,14,9.25
UCLA,Arizona,-3,1.56,,-12.23,-0.54,1.19,13.41,,-5.6,1,2.66,6,-9.02,17.8,,-14.97,-2.09,5.43,-10.35,2.56,-6.14,11.4,-4.7,,,,-10.15,2.72,-2,,-3,,,,-2,-3,3,-0.36,0.8,-5.33,6.5,,,2.12,-7,,-3,1.2,,-13.73,-22.62,,,,,-5.81,,,1.55,1,7.74,31,10,4,-5,-2.57
UNLV,Iowa St.,2.5,0.98,,2.05,-4.31,-2.02,4.26,,-5.39,6,4.23,2.5,-2.19,11.76,,-4.52,1.18,5.35,-3.25,3.69,4.44,2.48,5.5,,,,6.62,0.55,2.48,,3,,,,-4,4,-4,-8.78,3.81,3.91,-2.6,,,-15.09,6,,2.5,1.3,,3.83,0.82,,,,,3.9,,,4.4,1,5.13,31,34,4,-4,-0.01
UTEP,New Mexico St.,7,4.61,,9.43,2.79,2.14,5.08,,9.21,9,-3.48,7.5,4.15,0.01,,12.9,4.42,1.05,7.35,4.19,3.23,8.9,6,,,,6.48,-5.06,4.61,,7,,,,7,6,4,9.25,2.98,5.71,2.4,,,9.45,3,,7,1,,5.94,-8.55,,,,,6.46,,,2.5,5.5,3.86,34,33,4,4,4.09
Utah St.,Idaho,5,9.98,,-2.29,7.37,8.89,9.43,,11.79,6,4.4,3.5,10.78,3.03,,15.57,6.74,12.55,9.95,4.44,2.88,4.94,3.6,,,,7.01,7.19,6.37,,-1,,,,5,4,2,12.07,5.97,6.37,-5.5,,,-3.14,3,,5,8.8,,7.8,22.41,,,,,11.42,,,6.15,7.5,4.24,17,42,4,4,7.09
Akron,Cincinnati,-11,-8.33,,-0.62,-6.57,-19.8,-8.99,-9,-17.85,-5,-12.56,-8,-7.63,-16.4,-15.21,-9.94,-11.79,-9.5,-17.15,-19.42,-15.83,-19.95,-14.9,,,,-2.8,1.94,-12.56,,-14,,,,-22,-9.5,-14,-18.82,-9.45,-17.04,-3.2,,,-14.48,-14,,-11,-13.8,,-14.23,-9.48,,,,,-16.18,,,-12.2,,5.77,17,15,5,-7,-10.57
Auburn,Tennessee,6.5,10.08,,12.58,6.1,4.97,9.47,14,3.3,8,13.29,10.5,10.65,14.02,9.34,12.29,8.73,12.56,5.45,17.08,3.59,7.45,-0.4,,,,14.47,22.29,8.66,,2,,,,7,6.5,8,3.62,14.69,4.47,2.3,,,4.8,7,,6.5,7,,8.66,9.1,,,,,4.91,,,4.85,,4.44,12,14,5,10,8.9
Ball St.,Kent,19,23.3,,28.8,21.06,27.48,22.76,27,24.99,24,30.01,24.5,23.96,28.54,27.8,20.09,24.39,33.17,31.55,40.42,20.73,23.66,17.5,,,,22.94,38.49,23.96,,22,,,,23,18,24,19.85,30.39,19.02,2.3,,,-0.39,17,,20,30.6,,23.55,28.51,,,,,22.21,,,23.7,,6.95,20,41,5,25,22.85
California,Colorado St.,26.5,23,,21.42,23.16,19.89,17.82,20,26.32,22,24.68,20.5,28.34,16.54,22.72,17.96,22.37,15.41,26.95,36,28.23,14.56,23.6,,,,16.74,11.99,23,,23,,,,17,25.5,21,27.26,23.15,24.11,7.9,,,35.64,27,,26,23.6,,28.64,29.66,,,,,28.94,,,13,,5.43,7,42,5,22,24.43
Central Mich.,Buffalo,7,10.71,,2.73,4.26,7.35,12.32,10,6.27,5,9.73,12.5,9.11,16.73,12.17,8.18,6.91,9.41,-1.15,15.58,4.18,9.14,6.9,,,,0.54,-1.04,7,,10,,,,12,7,7,8.66,6.25,4.74,10.9,,,10.99,7,,7,3.3,,2.51,3.29,,,,,5.11,,,2.9,,4.49,25,27,5,2,9.82
Clemson,Maryland,11.5,8.77,,4.65,7.57,4.74,8.06,5,3.8,8,11.83,7.5,9.46,11.8,4.78,12.29,8.17,0.4,9.15,13.58,7.28,3.14,10.2,,,,9.52,12.22,8.77,,15,,,,15,10.5,11,4.45,10.6,8.39,9.9,,,-1.67,14,,11.5,3.3,,10.67,0.39,,,,,10.27,,,4.25,,4.20,20,17,5,11,13.7
Duke,Virginia,7,-4,,32.32,3.28,-3.57,-10.06,16,-0.29,4,3.11,-3.5,1.66,3.89,-1.78,4.12,3.63,6.17,4.15,-6.58,10.04,-15.49,7.2,,,,4.06,15.39,2.76,,2,,,,-5,5.5,2,-11.83,2.76,-6.78,-6.9,,,-2.54,2,,6.5,2.7,,10.18,14.06,,,,,2.54,,,2.65,,9.03,3,31,5,19,4.76
East Carolina,Houston,11,13.17,,14.01,6.78,11.01,17.06,24,11.45,19,23.76,14.5,8.81,23.45,13.12,6.29,13.53,15.24,9.65,24.92,14.29,21.78,11.4,,,,16.74,27.24,13.12,,9,,,,3,10.5,11,8.61,21.63,10.81,-0.7,,,7.64,6,,11,14,,5.53,20.12,,,,,10.1,,,10.8,,6.46,41,24,5,8,13.17
Eastern Mich.,Northern Ill.,-6.5,-5.67,,-2.36,-6.36,0.37,-3.86,-20,6.68,1,0.79,-2.5,-7.65,3.12,-6.39,1.57,-3.66,-18.07,-2.05,-6.42,-2.78,8.28,3.4,,,,-2.99,-11.9,-2.78,,-2,,,,-1,-6,-7,3.28,-1.92,0.12,0.5,,,-6.77,2,,-6.5,-7.2,,-3.19,-4.65,,,,,-2.09,,,-10.2,,5.98,37,0,5,-9,-7.77
Florida,Mississippi,22.5,28.87,,32.28,25.55,27.17,28.11,18,29.76,22,32.26,26,30.71,33.92,32.63,29.68,26.61,18.65,34.75,36.58,27.8,31.51,20.3,,,,26.73,19.59,27.8,,26,,,,25,24,27,28.72,24.89,28.99,17.7,,,9.17,30,,23.5,28.1,,28.69,28.32,,,,,30.48,,,19.85,,5.52,31,30,5,22,26.66
Florida St.,Colorado,5.5,2.82,,6.69,5.89,0.01,-2.1,-5,-0.41,1,-0.44,4,8.1,4.07,-2.38,3.16,2.6,-4.48,2.85,2.33,2.33,-0.93,8.1,,,,2.51,-9.13,2.82,,1,,,,9,6,4,1.47,0.43,8.1,3.5,,,6.28,9,,5.5,-0.3,,4.85,-3.11,,,,,4.22,,,-1.45,,4.73,21,39,5,12,10.4
Georgia,Alabama,7,5.63,,0.23,2.8,12.51,8.41,15,9.45,3,8.03,8,2.58,5.8,6.36,10.56,6.7,3.51,6.95,4.42,12.8,10.4,8.2,,,,0.01,-1.89,7,,7,,,,14,7.5,9,11.4,5.64,10.2,0.1,,,9.52,7,,7,7.7,,6.96,1.22,,,,,5.24,,,0.45,,4.03,41,30,5,3,9.12
Hawaii,San Jose St.,3,8.34,,-14.38,4.49,7.12,12.01,-8,3.16,7,5.94,11.5,5.09,8.65,11.77,5.21,5.31,-3.27,5.75,14.17,6.89,18.07,3.9,,,,7.47,-6.57,6.21,,3,,,,11,3,7,14.9,6.04,18.42,13.9,,,10.58,14,,3.5,-1.6,,10.18,-5.68,,,,,10.36,,,2.05,,7.38,20,17,5,-6,6.21
Indiana,Michigan St.,-8,-9.98,,-3.45,-9.89,-13.66,-9.19,-7,-12.16,-3,-11.44,-4,-10.96,-1.09,-10.59,-6.15,-8.11,-7.54,-14.45,-21.5,-12.45,-8.51,-4.3,,,,-4.93,-2.21,-8.51,,-4,,,,-7,-8.5,-10,-9.06,-8.71,-4.82,-6.8,,,-10.53,-4,,-8,-17.9,,-4.99,-16.81,,,,,-10.03,,,-10.2,,4.74,42,29,5,-1,-6.81
Iowa,Northwestern,8,6.43,,7.32,8.72,6.06,2.69,10,11.01,4,5.15,3,11.2,2.19,15.36,10.87,6.14,3.86,7.65,4.33,5.12,-4.3,9.1,,,,0.95,-4.23,6.43,,10,,,,6,8,8,10.72,4.49,7.12,1.6,,,5.8,8,,8,4.9,,10.33,4.98,,,,,7.87,,,-0.7,,4.13,22,17,5,8,8.08
Kansas St.,Louisiana-Lafaye,20.5,20.89,,20.8,23.56,14.32,18.62,9,20.41,17,18.02,17.5,24,19.07,21.39,26.88,19.32,5.55,22.45,27.25,29.81,15.06,21.9,,,,13.66,17.48,20,,23,,,,22,20,20,26.41,19.53,12.97,4.9,,,34.79,15,,20.5,9.5,,20.87,18.72,,,,,25.52,,,7.4,,6.09,37,45,5,25,24.41
Kentucky,Western Kentucky,21,24.08,,18.59,18.85,30.65,27.23,25,37.21,16,24.87,18,21.09,34.32,33.11,17.42,24.49,27.51,24.55,42.58,27.87,34.08,23.9,,,,20.93,31.94,24.08,,20,,,,32,22.5,,37.54,28.16,18.16,,,,21.26,17,,21,22.6,,27.11,22.95,,,,,20.33,,,17,,6.64,3,41,5,21,26.2
LSU,Mississippi St.,24.5,31.78,,26.84,23.82,28.81,32.61,20,26.01,18,32.37,22,31.09,31.82,25.58,30.81,25.77,24.91,31.45,43.58,28.07,23.64,22.6,,,,19.82,31.14,25.58,,28,,,,22,23.5,23,30.41,30.8,18.55,14.8,,,24.91,22,,24.5,29.1,,28.72,21.42,,,,,22.3,,,18.4,,5.28,24,34,5,26,23.64
Louisville,Connecticut,3.5,2.02,,2.1,3.24,-0.49,4.44,-2,0.96,-3,4.85,2,0.01,3.63,-1.93,2.1,-0.4,-2.19,0.55,-0.33,6.88,-3.84,-3,,,,-5.73,-3.38,-0.23,,2,,,,3,1.5,2,3.66,-3.69,-1.51,12.7,,,1.33,3,,3,-6.4,,-0.23,-6.17,,,,,-4.29,,,-4.35,,3.20,26,21,5,-2,-3.99
Memphis,Arkansas St.,-1.5,-4.03,,-4.49,-3.4,-3.78,-4.41,-1,-4.41,-8,-4.39,-4.5,-3.71,-15.21,-6.01,-14.6,-5.76,-9.63,-8.55,-10.92,-8.28,-11.17,2.7,,,,-11.29,-12.26,-4.5,,3,,,,5,-2,-2,-0.63,-8.86,-2.31,0.3,,,-14.5,-3,,-2.5,-2,,-5.28,-11.18,,,,,-4.65,,,-9,,5.11,17,29,5,-10,3.66
Miami (Fla.),North Carolina,7.5,9.21,,4.59,5.2,-2.35,11.84,5,-1.54,6,1.9,8.5,6.49,4.63,0.82,12.41,4.51,2.09,0.55,16.17,10.49,1.39,3.3,,,,10.34,2.71,4,,5,,,,5,7,4,4.5,5.32,1.58,8.1,,,22.01,4,,6.5,1,,-2.16,0.01,,,,,-2.13,,,3.2,,5.30,28,24,5,6,1.5
Michigan,Wisconsin,-6,-4.68,,-13.75,-4.77,-7,-3.26,-14,-5.05,-7,-16.32,-4.5,-5.87,-8.95,-1.73,-10.16,-8.56,-13.69,-8.45,-11.17,-1.75,-5.46,-6.7,,,,-11.59,-28.67,-7,,-7,,,,-5,-3,-10,0.58,-13.01,-7.43,1.9,,,-5.62,-7,,-6,-11.7,,-4.21,-12.5,,,,,-3.49,,,-12.2,,5.40,25,27,5,-14,-3.18
NC St.,South Florida,-9.5,-5.78,,-11.14,-3.97,-12.68,-3.63,1,-13.43,-11,-10.61,-10,-7.6,-4.98,-12.06,-2.27,-10.46,-9.6,-9.05,-18.42,-4.12,-15.25,-15.7,,,,-9.44,-6,-11,,-12,,,,-12,-9.5,-9,-18.33,-13.44,-21.26,-3.7,,,-15.75,-17,,-9.5,-11.5,,-21.45,-5.52,,,,,-13.78,,,-13.2,,5.25,41,10,5,-14,-8.99
Nebraska,Virginia Tech,7,-2.47,,9.73,3.38,-4.41,-5.76,3,0.54,2,2.92,-1,0.62,1.08,-0.71,4.6,1.47,1.66,1.45,-2.5,1.3,-8.74,1.5,,,,2.56,12.74,1.5,,7,,,,-9,6.5,2,-1.04,2.63,-2.56,-0.7,,,2.41,2,,6,2.4,,9.16,0.53,,,,,0.57,,,-7.25,,5.24,35,30,5,15,0.73
New Mexico St.,New Mexico,-3,-7.45,,11.89,-6.98,-12.78,-9.11,6,-17.23,-1,-8.95,-3.5,-6.13,-11.13,-5.76,-6.35,-5.41,-10.23,-12.35,-10.42,0.17,-13.17,-4.5,,,,-3.48,5.87,-6.13,,-3,,,,-8,-4,-5,-16.37,-2.43,-10.11,-2.8,,,4.66,-6,,-3,-10,,-13.37,-3.22,,,,,-10.36,,,-8,,6.58,35,24,5,2,-0.36
Notre Dame,Purdue,2,3.58,,1.54,3.45,0.8,4.69,2,-0.81,5,7.42,3,2.57,3.93,-0.81,4.09,0.85,0.47,3.95,5.25,4.61,8.51,-3.8,,,,0.53,0.01,1.54,,-5,,,,-5,3,3,-3.51,3.18,-4.46,-1.2,,,-19.49,-2,,2,1.5,,-3.91,3,,,,,0.59,,,-0.4,,5.07,21,38,5,-1,4.99
Ohio St.,Minnesota,19.5,14.57,,2.31,8.13,12.17,15.44,-4,15.86,9,19.72,13.5,13.86,18.48,12.53,25.63,14.75,7.42,17.15,20.83,23.87,22.66,28.8,,,,9.83,-4.92,14.57,,14,,,,18,17,21,22.23,12.09,26.9,9.9,,,18.96,26,,19.5,10.2,,22.8,8.9,,,,,22.09,,,10.55,,7.98,21,34,5,4,18.91
Oklahoma,TCU,18.5,9.94,,5.76,11.36,15.62,10.22,19,19.46,8,18.6,8.5,9.63,18.16,21.26,17.99,13.68,13.86,19.35,7.92,11.86,10.57,16.9,,,,8.69,5.95,13.86,,21,,,,17,18.5,14,17.43,6.98,11.06,6.4,,,18.44,13,,18,16,,16.92,12.28,,,,,16.16,,,9.95,,4.68,10,35,5,11,14.41
Oklahoma St.,Troy St.,17,8.67,,4.93,14.05,16.72,8.29,-2,21.48,9,17.5,10.5,9.15,15.31,9.83,3.96,11.34,7.77,18.15,17.33,21.87,11.42,17.4,,,,6.42,11.52,12,,18,,,,15,17,15,21.66,12.62,0.9,3,,,11.83,12,,16,15.7,,14.45,-1.8,,,,,13.2,,,1.65,,5.48,24,55,5,14,12.57
Oregon St.,USC,-25.5,-19.65,,-30.51,-19.76,-18.54,-15.97,-14,-22.95,-12,-18.11,-16.5,-25.72,-21.24,-21.18,-22.79,-20.45,-24.43,-23.45,-17.25,-21.13,-10.85,-20.3,,,,-23.3,-33.85,-20.3,,-26,,,,-14,-21.5,-19,-19.24,-14.2,-11.72,-5.3,,,-34.37,-11,,-25,-22,,-12.03,-35.05,,,,,-14.23,,,-27.75,,6.35,21,27,5,-26,-12.19
Penn St.,Illinois,15,19.82,,24.36,22.56,18.29,15.59,32,21.41,18,18.8,19,26.31,10.72,23.79,23.62,18.88,22.01,27.55,30.5,12.53,1.05,11.5,,,,17.69,18.71,18.71,,18,,,,15,16.5,11,14.2,17.17,17.88,6.6,,,10.05,16,,15.5,21.3,,23.12,31.35,,,,,19.24,,,13.2,,6.21,24,38,5,24,18.19
Rice,North Texas,17,14,,27.35,12.33,17.27,12.58,24,20.33,19,18.27,20,15.49,16.4,17.62,9.99,17.01,22.82,17.85,17.83,22.93,13.24,8.9,,,,24.36,23.26,17,,13,,,,17,17.5,17,24.33,15.13,14.16,9,,,3.45,16,,17,20.8,,11.93,20.73,,,,,15.04,,,13.85,,4.87,20,77,5,22,17.44
San Diego St.,Idaho,11,14.68,,6.38,15.76,13.95,10.97,16,22.44,5,16.25,8.5,18.77,6.11,22.61,16.51,13.16,18.63,28.55,7.58,19.29,6.04,6.5,,,,0.76,-1.63,14.41,,13,,,,18,9,15,25.96,5.88,8.65,3.5,,,19.99,8,,11,11.9,,14.8,19.4,,,,,16.97,,,12.4,,6.67,17,45,5,10,14.41
South Carolina,UAB,26.5,27.35,,22.68,24.57,31.88,26.59,34,31.7,17,27.68,18.5,28.13,32.73,36.24,21.72,26.62,28.72,28.65,39.08,33.9,22.73,23.9,,,,21.51,33.99,27,,20,,,,30,26.5,27,31.62,27.26,20.37,7.8,,,23.98,26,,26.5,21.1,,34.8,32.33,,,,,25.49,,,20.75,,5.72,13,26,5,19,29.51
Syracuse,Pittsburgh,-15,-10.51,,-15.33,-9.51,-15.82,-10.83,-9,-15.09,-10,-21.41,-8,-10.27,-15.13,-14.08,-5.97,-13.07,-11.65,-16.75,-18.83,-10.41,-7.78,-14.6,,,,-5.1,-16.83,-13.85,,-12,,,,-10,-16.5,-19,-12.93,-14.48,-18.44,-10.8,,,-15.97,-16,,-15,-16.5,,-20.22,-16.08,,,,,-13.85,,,-11.7,,4.36,34,24,5,-13,-6.3
Temple,Western Mich.,-4,-4.78,,-9.16,0.13,-0.47,-8.46,1,0.01,-3,-0.79,-9,-1.07,-3.66,3.03,1.18,-2.14,3.06,-0.15,-12.25,4.16,1.02,-2.5,,,,-2.96,-11.88,-1.07,,-9,,,,-6,-3,-2,-0.85,-4.89,2.34,-6.2,,,-8.67,-5,,-4,1.8,,0.86,4.48,,,,,1.94,,,3.7,,4.63,7,3,5,-8,-2.08
Texas,Arkansas,27,19.2,,23.21,22.61,18.74,11.23,41,18.43,19,26.66,19,26.48,15.73,24.93,21.78,22.67,23.51,31.85,28.83,30.24,9.48,19.8,,,,,23.94,22.37,,27,,,,19,26.5,25,14.9,22.37,25.1,1.2,,,20.64,21,,26.5,27.2,,20.15,29.09,,,,,22.92,,,16.5,,6.25,10,52,5,33,18.85
Texas A&M,Army,27,27.33,,16.64,24.27,27.74,26.49,33,29.13,21,25.59,22,28.78,28.66,28.25,16.85,25.22,23.88,28.25,30.25,23.54,28.63,17.6,,,,25.91,25.52,25.91,,24,,,,28,29,31,30.87,19.47,24.68,13.4,,,26.6,29,,27,25.3,,27.14,21.62,,,,,27.78,,,15.75,,4.09,17,21,5,20,33.35
Toledo,Florida Intl.,20,18.04,,31.78,16.67,16.82,14.72,17,22.62,17,13.69,20,21.52,15.95,23.28,19.39,18.48,15.08,19.95,17,22.64,9.87,11.4,,,,20,11.9,18,,23,,,,18,17,17,21.09,13.77,18.4,13.6,,,32.58,17,,20,15.1,,21.75,20.97,,,,,17.46,,,11.2,,4.79,35,16,5,21,20.21
Tulane,SMU,18.5,11.49,,30.84,15.76,20.75,5.48,26,17.97,15,19.14,9,17.72,12.49,22.35,13.08,17.73,29.76,23.45,11.67,21.27,7.11,9.2,,,,11.57,21.18,17.97,,13,,,,11,16.5,11,11.66,12.85,17.8,-1,,,27.16,18,,18.5,20.6,,25.81,31.12,,,,,19.1,,,21.1,,6.50,27,34,5,19,12.39
UCLA,Fresno St.,-7,-1.26,,-22.3,-0.13,1.72,5.71,-16,-1.67,-1,-5.49,0.01,-6.81,-4.25,-3.95,0.82,-6.24,-8.28,-7.05,-2.17,-9.52,3.06,-2,,,,-15.31,-12.98,-5.49,,-10,,,,-2,-3.5,-7,10.76,-6.25,-10.23,6.3,,,-15.3,-3,,-7,-5.7,,-4.4,-19.93,,,,,-2,,,-8.9,,6.29,36,31,5,-14,-2.99
UNLV,Nevada,3.5,7.91,,13.04,5.54,4.15,10.82,29,7.01,13,11.7,6.5,5.31,13.01,12.21,4.66,7.63,11.98,10.35,13.75,0.67,5.12,0.4,,,,11.24,20.74,5.56,,2,,,,-4,3,2,-4.72,13.26,-1.22,-4.2,,,5.44,0.01,,3.5,2.1,,3.74,16.83,,,,,5.56,,,3.1,,6.60,49,27,5,9,4.79
UTEP,Central Florida,-4.5,-7.93,,-6.85,-4.22,-17.76,-7.3,1,-14.37,-5,-14.31,-6,-8.56,-13.55,-6.61,-1.57,-8.14,-16.62,-12.35,-11.25,-0.16,-12.99,-3,,,,-4.14,-7.11,-7,,1,,,,-15,-4.5,-9,-15.42,-7.02,-9.71,0.5,,,-5.91,-7,,-5,-13.3,,-5.9,-6.78,,,,,-6.04,,,-18.35,,4.90,13,58,5,-6,-6.56
Wake Forest,Navy,16,19.74,,19.45,18.44,20.41,16.97,24,17.76,21,25.96,17.5,22.9,26.33,8.37,17.28,19.7,24,20.85,32.08,21.3,20.51,16.7,,,,27.24,30.65,19.74,,14,,,,14,14.5,20,13.89,26.92,21.1,-0.4,,,13.93,18,,16.5,20.9,,15.52,20.61,,,,,18.37,,,13.55,,5.05,24,17,5,16,19.32
Washington,Stanford,3,1.27,,-11.76,2.75,4.22,3.31,-2,4.4,3,-0.17,0.5,-0.52,2.24,0.31,7.03,0.6,3.87,2.85,-1.08,7.68,-7.54,2.9,,,,-2.31,-9.01,2.1,,5,,,,7,5,1,6.06,-2.33,-1.52,3.4,,,-7.85,4,,3,2.1,,3.97,-6.03,,,,,6.7,,,-0.55,,4.83,35,28,5,-7,3.46
Washington St.,Oregon,-21.5,-17.94,,-20.21,-17.77,-23.94,-14.48,-33,-32.55,-20,-15.73,-16,-21.16,-13.87,-37.16,-14.4,-22.16,-20.99,-23.35,-32.42,-30.39,-14.39,-27.3,,,,-16.41,-29.59,-21.16,,-22,,,,-17,-19.5,-15,-28.7,-23.68,-22.38,-1.6,,,-32.39,-20,,-21.5,-17.7,,-22,-37.46,,,,,-22.11,,,-22,,6.51,63,14,5,-23,-18.29
West Va.,Marshall,15,14.44,,0.35,14.13,27.38,14.15,5,29.09,7,15.88,11,14.86,6.89,19.02,19.57,14.66,12.82,21.85,20.83,18.23,18,22.8,,,,0.16,-4.25,15.88,,18,,,,30,17,19,28.66,10.08,19.17,15.3,,,8.99,21,,15,18.2,,23.4,5.75,,,,,22.02,,,6.05,,8.23,3,27,5,5,17.92
Wyoming,Bowling Green,-3,-2.23,,4.51,-2.88,-2.39,0.74,-10,2.44,-1,7.81,1,-4.99,-2.02,-3.56,-2.63,-1.54,-4.65,2.15,-4.83,1.31,5.31,-5.5,,,,-6.18,-9.8,-2.02,,-5,,,,0.01,-3,-1,3.39,-2.59,-3.71,3,,,2.43,-1,,-3,2,,3.83,-5.75,,,,,0.59,,,-6.5,,4.03,45,16,5,-1,-3.51
Air Force,Navy,5,7.73,,8.75,7.16,6.29,6.75,8,11.53,6,2.46,6,8.6,-0.75,3.59,6.46,6.02,7.01,10.15,5.95,3.13,8.02,9.1,,,,6.78,5.98,6.46,,4,,,6.67,4,6,1,10.22,6.95,7.86,-1.5,,,,6,,5,7.7,,3.29,1.79,,,,,6.37,,,3.05,,2.59,33,27,6,8,5.29
Alabama,Kentucky,15,13.78,,15.79,11.46,9.65,13.89,13,8.76,10,21.47,12,13.7,16.69,5.35,7.78,12.32,16.88,9.95,12.3,13.46,13.16,16.1,,,,13.99,10.44,12.21,,13,,,12.05,10,17,18,4.71,9.45,7.6,6.5,,,,12,,14.5,13.6,,12.21,14.47,,,,,11.37,,,10.4,,3.43,14,17,6,13,6.72
Arizona,Washington,22,14.76,,39.56,12.92,14.69,10.88,17,14.88,17,18.34,16.5,20.18,9.73,13.99,10.24,16.48,8.74,18.95,17,16.77,14.09,16,,,,19.35,16.19,16.19,,27,,,19.33,19,18,16,13.87,17.64,17.32,1.6,,,,18,,20.5,15.9,,17.78,14.62,,,,,13.89,,,5.4,,5.73,14,48,6,24,10.3
Arkansas,Florida,-24.5,-15.98,,-25.32,-20.07,-20.43,-3.64,-23,-20.89,-12,-14.12,-13,-31.48,-4.99,-22.15,-13.99,-18.2,-20.42,-26.75,-24.15,-27.17,0.82,-20.9,,,,-12.82,-13.14,-20.1,,-26,,,0.89,-16,-22,-21,-15.76,-13.25,-20.1,-1.1,,,,-17,,-23.5,-22.7,,-21.54,-31.96,,,,,-19.96,,,-25,,7.19,38,7,6,-24,-17.79
Baylor,Oklahoma,-25,-19.5,,-20.25,-18.87,-29.58,-20.45,-31,-32.37,-17,-30.54,-26,-18.77,-26.66,-32.6,-14.84,-24.64,-28.79,-30.05,-30.4,-31.36,-22.92,-27.2,,,,-21.67,-21.77,-25,,-26,,,-17.19,-29,-27,-25,-33.04,-20.18,-26.04,-13.9,,,,-24,,-25,-25.8,,-27.12,-23.09,,,,,-28.31,,,-24.65,,4.91,49,17,6,-21,-22.99
Boise St.,Louisiana Tech,24,26.65,,23.86,23.18,23.67,25.89,21,25.7,19,31.45,23,28.22,21.1,30.71,28.6,24.62,18.67,25.85,41.05,19.83,14.9,23.4,,,,22.82,24.67,24.34,,30,,,27.03,27,21.5,24,26.34,27.05,21.41,20.1,,,,27,,24,22,,29.66,30.57,,,,,27.72,,,14.6,,4.83,3,38,6,23,23.75
Bowling Green,Eastern Mich.,20.5,28.12,,12.76,20.82,21.52,32,32,7.77,18,29.78,20,24.54,22.88,24.7,18.06,21.8,31.33,28.85,35.2,23.06,13.03,11.7,,,,18.81,32.69,21.52,,20,,,29.16,20,20,23,6.34,24.15,16.07,5.5,,,,14,,20.5,25.2,,15.08,28.48,,,,,17.73,,,21.95,,6.72,24,21,6,17,18.82
California,Arizona St.,8.5,15.85,,21.57,12.55,4.82,11.47,16,11.49,12,11.9,12.5,20.9,11.6,15.3,7.17,11.72,8.98,16.75,16.85,16.83,-0.86,4.2,,,,14.91,15.39,12.12,,15,,,14.8,9,8,7,7.46,15.72,6.45,3.7,,,,9,,9,10.1,,12.24,13.6,,,,,12.12,,,5.85,,4.84,14,24,6,13,4.97
Central Florida,SMU,14,7.36,,14.88,9.45,19.88,4.3,3,19.29,9,13.9,13,10.47,9.99,13.09,0.65,10.35,3.07,5.05,6.25,18.04,15.42,13.3,,,,5.12,5.12,10.2,,12,,,1.1,19,14.5,9,23.82,5.69,19.9,7.5,,,,15,,14,3.3,,18.06,-4.76,,,,,16.2,,,10.2,,5.73,17,31,6,10,14.31
Colorado,Texas,-13,-9.1,,-15.49,-14.68,-12.14,-3.56,-19,-10.97,-10,-14.3,-15,-15.68,-7.61,-20.21,-17.67,-13.57,-14.38,-19.45,-20,-16.56,-6.84,-9.8,,,,-10.48,-14.52,-14.38,,-18,,,-10.16,-12,-13.5,-11,-9.57,-11.26,-20.1,-10.8,,,,-12,,-13,-12.8,,-15.71,-18.95,,,,,-15.01,,,-14.7,,4.24,38,14,6,-17,-8.83
Colorado St.,UNLV,2,-1.79,,-2.55,2.15,3.57,0.29,-1,3.4,-1,-0.73,1.5,-3.69,-3.21,-0.27,-1.32,0.48,1.71,1.75,-6.8,4.52,2.13,-2.5,,,,-1.9,-5.84,0.18,,5,,,-0.92,10,0,1,7.45,-2.21,0.52,8.6,,,,0.01,,2,-0.8,,4.99,3.11,,,,,1.47,,,-1.85,,3.36,28,41,6,1,0.18
Fresno St.,Hawaii,21,18.04,,26.39,12.64,14.61,17.24,21,14.69,19,26.86,14,18.85,23.7,17.17,12.75,17.51,16.32,19.05,25.2,25.53,11.11,15.2,,,,19.57,24.31,17.93,,18,,,24.05,11,20,21,10.68,21.57,13.3,-6.3,,,,10,,20.5,19.5,,9.55,13.15,,,,,17.93,,,10.25,,5.03,32,29,6,22,13.44
Georgia Tech,Duke,13.5,8.53,,1.36,9.54,10.35,8.25,17,17.92,8,9.31,16,9.12,5.33,17.6,9.24,10.24,15.67,10.25,6.8,9.66,13.06,17.4,,,,8.89,2.94,9.31,,18,,,2.76,19,14,10,18.2,7.41,11.97,9.7,,,,13,,13,8.7,,9.27,7.91,,,,,6.99,,,3.25,,4.49,0,27,6,10,4.56
Idaho,Nevada,-24,-20.04,,-20.24,-19.11,-23.66,-19.35,-23,-23.87,-15,-26.51,-19.5,-21.19,-20.16,-25.14,-20.74,-22.37,-30.42,-29.25,-27.65,-27.75,-13.72,-10.7,,,,-25.46,-26.04,-20.74,,-20,,,-19.86,-22,-23.5,-25,-23.46,-16.51,-15.81,-6.4,,,,-20,,-24,-27.8,,-32.42,-44.23,,,,,-20.2,,,-27.35,,4.97,49,14,6,-19,-11.98
Iowa St.,Kansas,-11.5,-7.13,,-15.49,-5.92,-18.01,-6.67,-8,-14.23,-8,-8.15,-11.5,-7.81,-16.44,-15.82,-5.75,-12.75,-14.77,-8.75,-21.1,-9.53,-19.25,-15.9,,,,-10.41,-13.62,-12,,-12,,,-9.77,-17,-13.5,-12,-13.82,-14.71,-22.8,-5.5,,,,-16,,-11.5,-10.6,,-20.35,-17.64,,,,,-16.32,,,-15.7,,4.76,35,33,6,-9,-11.19
Kansas St.,Texas Tech,-7,-7.14,,-6.03,-2.88,-11.26,-9.77,-12,-9.96,-3,-11.92,-6.5,-4.11,-12.98,-5.83,-4.24,-9.06,-17.84,-8.75,-21.85,-3.13,-8.17,-10.7,,,,-7.41,-10.21,-9.77,,-11,,,-10.4,-13,-6,-14,-9.18,-12,-10.96,-4.9,,,,-11,,-7,-14.7,,-9.12,-9.32,,,,,-6.48,,,-14.45,,4.56,58,28,6,-4,-3.02
Kent,Akron,-3.5,-9.92,,-4.46,-6.75,-9.06,-10.26,-3,-7.03,-3,-6.42,-5.5,-9.77,-3.87,-12.02,-2.65,-6.12,-12.35,-9.05,-15.9,-9.04,-2.55,0.9,,,,-5.35,-10.68,-6.38,,2,,,-9.29,0.01,-3.5,-5,-4.04,-6.59,-2.57,1.7,,,,3,,-3.5,-7.2,,-2.05,-18.47,,,,,-6.38,,,-13.5,,4.31,30,27,6,-5,-1.31
Louisiana-Monroe,Louisiana-Lafaye,-2.5,-4.36,,3.09,-0.99,5.38,-0.34,-4,5.74,5,2.3,5.5,-8.64,-2.75,-3.2,0.6,0.39,3.35,-2.65,-1.8,-3.11,3.82,0.2,,,,0.01,-1.77,1,,3,,,6.57,9,-2.5,1,9.47,1.78,8.13,0.4,,,,2,,-2,4.5,,-5.98,-19.05,,,,,-1.33,,,-3.1,,4.14,44,35,6,1,2.83
Marshall,Cincinnati,-3,-4.84,,-5.86,-5.29,-11.03,-2.53,-9,-15.82,-3,-5.97,-7.5,-6.81,-4.41,-11.17,-7.19,-7.99,-3.84,-10.75,-13.4,0.13,-14.01,-9.6,,,,-6.69,-5.9,-7.19,,-3,,,-3.79,-14,-3,-10,-15.8,-8.2,-13.36,-1.2,,,,-12,,-4,-6.8,,-12.59,-13.2,,,,,-13.81,,,-4.8,,4.04,33,10,6,-4,-9.11
Miami (Fla.),Florida St.,2.5,-1.65,,-5.7,-1.05,-5.79,-0.71,4,-2.02,-3,-5.44,-1.5,-2.79,-5.77,-2.38,-7.34,-3.69,2.08,-5.45,-10.2,-2.11,-6.8,3.6,,,,-9.12,-7.66,-3.06,,-4,,,-9.96,-3,3,-3,-4.25,-6.88,-6.88,1.7,,,,-3,,1,-3.6,,-3.57,-3.84,,,,,-7.24,,,-1.45,,3.04,41,39,6,-3,-3.06
Miami (Ohio),Temple,7,3.58,,3.32,0.18,2.65,10.79,3,3.84,4,4.06,7.5,-3.67,7.21,1.11,6.92,3,-1.96,0.25,5.15,4.99,2.49,5,,,,5.71,3.1,3.32,,5,,,12.15,8,8,3,4.21,4.46,-1.13,12.2,,,,8,,6,-11.2,,2.27,-1.18,,,,,-0.39,,,-6.25,,4.08,28,10,6,3,5.11
Michigan,Illinois,2.5,7.19,,4.95,8.24,3.69,12.55,1,5.27,7,7.76,12,2.41,4.5,-1.51,6.46,3.65,4.54,1.65,12,-0.18,0.8,-1.8,,,,5.83,7.08,3.69,,-4,,,13.79,-1,2,0.01,5.87,7.74,3.9,6,,,,-1,,2.5,2.1,,-4.36,2.84,,,,,2.26,,,-1.3,,4.37,45,20,6,2,5.38
Michigan St.,Iowa,7,9.18,,3.17,3.73,14.61,12.5,7,9.96,8,16.58,8.5,4.66,9.22,10.97,1.21,9.13,11.03,11.15,17.1,10.22,17.39,9,,,,12.47,8.25,9,,7,,,15.78,12,8,9,9.92,12.79,11.09,0.6,,,,8,,7,13.4,,6.29,0.84,,,,,7.51,,,5.8,,4.01,13,16,6,6,5.33
Middle Tenn.,Florida Atlantic,2.5,7.19,,18.78,6.03,2.67,2.9,4,6.66,4,6.72,6,11.33,9.43,9.63,8.91,5.25,10.2,6.45,12.6,0.18,-5.29,-1.9,,,,4.64,5.07,5.06,,-2,,,3.93,4,1.5,1,4.43,5.97,-3.05,7.9,,,,2,,3,3.2,,9.16,10.7,,,,,4.71,,,5.05,,4.77,13,14,6,6,4.56
Minnesota,Indiana,7,16.53,,15.53,14.08,10.94,18,18,10.32,12,14.66,13,15.04,13.29,19.8,3.08,11.52,18.82,9.05,23.55,9.42,5.83,0.7,,,,12.41,16.84,12,,7,,,15.6,11,8,11,4.94,15.84,0.52,2.3,,,,4,,8,15.9,,9.13,14.72,,,,,9.55,,,6.75,,5.28,7,16,6,9,5.78
Mississippi,South Carolina,2.5,4.31,,-1.67,1.08,2.95,3.63,12,-3.18,3,10.89,1,4.96,5.16,-0.27,1.3,3.29,10.12,6.55,4.75,5.81,1.42,0.7,,,,6.77,5.57,3,,-1,,,7.74,3,3,4,-5.67,5.57,-3.3,-3.4,,,,-3,,2.5,8.8,,0.69,3.75,,,,,-0.79,,,2.05,,3.94,31,24,6,3,2.57
NC St.,Boston College,-8,-8.44,,-20.6,-11,-16.93,3.45,-14,-14.57,-6,-4.72,-10.5,-21.94,-0.18,-22.03,-9.33,-10.91,-10.37,-18.25,-11.4,-7.47,-8.85,-5.4,,,,-8.67,-5.67,-10.54,,-13,,,-0.13,-16,-6.5,-7,-15.69,-8.46,-19.19,-6.5,,,,-10,,-8,-18.3,,-12.46,-10.54,,,,,-11.26,,,-11.15,,5.96,38,31,6,-12,-10.85
Nebraska,Missouri,-10.5,1.04,,-3,0.36,-16.1,-1.59,-4,-13.12,-6,-7.19,-4.5,3.84,-14.17,-4.97,-1.4,-7.7,-1.51,-12.65,-9.75,-16.67,-13.91,-10.7,,,,-7.43,-0.79,-7.43,,-12,,,-4.3,-18,-9,-9,-11.46,-4.49,-15.39,2.4,,,,-14,,-10.5,-12.4,,-13.49,-2.27,,,,,-10.3,,,-10.95,,6.18,52,17,6,-9,0.61
New Mexico,Wyoming,11.5,9.51,,0.01,10.48,17.2,8.19,14,13.5,8,18.35,10,11.15,11.32,16.59,5.38,10.29,14.12,16.05,11.35,11.15,13.67,6.1,,,,11.69,7.8,10,,4,,,2.92,13,10.5,12,10.35,9.23,14.74,1.4,,,,10,,11.5,9.7,,9.38,6.99,,,,,10.64,,,5.9,,3.88,0,24,6,9,8.43
North Carolina,Connecticut,7.5,0.66,,1.99,2.3,2.81,-3.59,14,1.45,-2,3.18,-5,4.42,-1.08,7.19,-3.45,1.02,10.95,0.75,-9.1,3.31,-8.81,0.3,,,,-2.47,-3.53,0.75,,3,,,-6.27,2,7,6,-0.96,-2.85,-4.64,4,,,,0.01,,6.5,0.3,,-0.48,7.14,,,,,2.13,,,0.4,,4.99,12,38,6,1,4.74
North Texas,Florida Intl.,-6.5,-6.63,,-6.68,-4.35,-10.65,-2.52,-16,-4.44,-2,-10.22,-0.5,-11.1,-1.13,-8.66,-6.05,-8.02,-19.48,-26.25,-6.7,-3,-3.8,2.3,,,,-5.83,-11.59,-6.39,,-4,,,-5.35,-7,-7,-8,1.29,-3.08,-6.39,4.9,,,,-4,,-6.5,-19.1,,-4.43,-21.75,,,,,-7.23,,,-20.9,,5.94,42,10,6,-10,-1.03
Notre Dame,Stanford,6.5,4.84,,11.9,9.98,6.92,5.58,3,8,7,7.18,8,4.25,9.72,5.33,9.97,6.29,4.07,8.55,10.1,3.08,2.24,5.1,,,,8.64,10.82,5.58,,3,,,12.99,5,7.5,6,4.51,9.29,3.32,5.6,,,,4,,6.5,5.5,,1.57,1.49,,,,,4.93,,,3.15,,2.86,21,28,6,10,5.58
Oklahoma St.,Texas A&M,25.5,22.41,,23.19,19.17,24.74,18.3,24,19.71,22,28.18,16.5,26.45,19.26,26.91,22.34,23.46,30.05,33.25,38.7,27.1,12.44,17.9,,,,19.17,27.47,22.41,,22,,,29.7,23,23.5,18,14.39,28.11,15.29,2,,,,21,,25.5,32.6,,35.73,36.06,,,,,22.08,,,18.95,,6.44,28,56,6,27,10.95
Purdue,Penn St.,-13.5,-15.68,,-22.05,-13.41,-16.27,-11.54,-20,-11.41,-13,-14.55,-13,-21.22,-11.99,-14.84,-12.64,-15.58,-18.64,-21.75,-25.9,-16.34,-10.8,-8.5,,,,-15.88,-21.35,-14.84,,-17,,,-10.92,-10,-10.5,-14,-9.39,-16.94,-11.85,-2.7,,,,-10,,-13.5,-15.6,,-22.74,-32.82,,,,,-15.1,,,-19.85,,4.28,20,6,6,-14,-9.72
South Florida,Pittsburgh,13.5,11.86,,11.44,8.26,13.81,14.36,14,11.63,13,15.76,16,10.07,11.02,17.46,5.54,13.88,16.97,14.95,21.1,17.45,23.06,14.3,,,,12.5,11.5,14,,13,,,12.74,21,13,14,13.85,15.22,15.71,4.4,,,,18,,13.5,13.7,,19.79,6.12,,,,,15.65,,,12.3,,3.97,26,21,6,16,7.59
Southern Miss.,UTEP,8,12.64,,15.97,10.99,13.54,14.81,10,13.57,13,11.07,16.5,10.45,17.5,10.31,7.98,10.72,12.61,2.55,19.75,2.95,1.77,11.1,,,,10.44,13.41,11,,7,,,15.76,13,7,7,18.07,13.36,4.95,3.4,,,,11,,8.5,8.1,,10.85,12.44,,,,,8.7,,,8.3,,4.23,40,37,6,10,11.43
TCU,San Diego St.,24.5,28.01,,32.57,21.15,28.14,28.27,36,30.82,22,32.68,24,27.94,33.22,32.38,23.3,28.6,29.96,25.35,47.65,30,33.68,24.4,,,,34.07,31.28,28.27,,19,,,35.24,30,26,27,26.63,33.12,27.18,19.1,,,,33,,25,24.7,,33.9,30.23,,,,,27.57,,,22.3,,5.55,7,41,6,26,22.6
Tennessee,Northern Ill.,16,8.02,,0.76,11.59,23.86,10.42,1,25.07,7,18.17,11.5,5.11,13.8,11.45,17.07,11.72,0.14,20.05,10.55,14.17,28.63,20.6,,,,4.85,-3.46,11.59,,24,,,-7.49,20,17,20,29.04,5.19,18.65,10.1,,,,15,,16,13.8,,13.57,6.52,,,,,14.72,,,-0.35,,7.95,9,13,6,7,9.72
Toledo,Ball St.,-7.5,-16.58,,-16.8,-9.66,-11.56,-20.82,-15,-7.83,-17,-22,-17,-12.25,-23.33,-14.51,-9.5,-14.5,-20.1,-12.45,-37.2,-5.69,-18.03,-6.5,,,,-12.55,-29.57,-13.52,,-11,,,-29.18,-12,-5.5,-17,-8.15,-23.71,-5.7,0.9,,,,-4,,-8.5,-13.8,,-7.67,-12.49,,,,,-13.52,,,-16.85,,7.16,31,0,6,-10,-11.98
Tulane,Army,20,23.6,,23.51,16.12,19.08,21.82,27,21.89,18,19.58,17,25.44,14.33,16.11,11.63,20.25,22.77,19.15,20.3,15.35,15.75,16.7,,,,26.43,33.6,19.08,,17,,,37.2,14,20,16,19.99,17.92,19.04,2.1,,,,20,,20,22.6,,25.77,21.75,,,,,17.32,,,17.4,,4.63,44,13,6,20,17.74
Tulsa,Rice,16,8.16,,13.56,11.73,15.46,7.44,11,19.59,13,15.8,20.5,8.86,10.42,18.67,5.6,14.33,11.67,17.85,15.75,19.75,17.61,22.8,,,,9.3,9.4,14.5,,33,,,10.41,23,15,17,15.22,12.76,17.27,12.8,,,,15,,16,14.5,,21.09,-2.79,,,,,15.29,,,10.7,,5.60,28,63,6,17,9.11
UAB,Memphis,-3,-4.47,,-11.33,-3.66,-5.53,-3.91,-5,-2.79,-1,-6.5,-3.5,-5.08,-12.24,-8.55,5.49,-5.51,-13.84,-7.75,-10.6,0.15,-4.93,-1.5,,,,-3.94,-10.67,-5,,-1,,,-8.97,-3,-4.5,-5,-1.63,-5.43,-0.66,-3.1,,,,-4,,-3,-5.5,,-11.11,-17.14,,,,,-1.32,,,-12.25,,4.14,33,30,6,-6,-0.91
UCLA,Washington St.,17.5,11.98,,4.59,11.49,18.4,11.74,18,18.43,12,17.04,12.5,12.55,17.56,19.25,2.81,12.47,11.06,16.95,11.85,21.19,15.26,14.1,,,,8.26,8.77,12,,12,,,2.26,15,16.5,15,21.13,9.49,12.11,6.2,,,,10,,16.5,12.5,,8.26,8.35,,,,,14.83,,,10.6,,4.23,3,28,6,10,11.98
USC,Oregon,16.5,11.64,,8.81,9.38,12.84,8.86,9,16.82,8,11.02,12.5,17.73,4.2,13.09,2.91,10.15,10.49,12.55,7.6,15.58,10.67,17.7,,,,8.12,0.92,10.49,,11,,,-1.82,13,16,11,13.67,5.18,9.12,3.5,,,,10,,15.5,13.2,,8.56,19.05,,,,,10.97,,,7.25,,3.74,10,44,6,10,5.9
Utah,Oregon St.,11.5,6.43,,13.71,3.01,-1.06,13.77,11,5.18,13,8.9,12.5,1.17,6.55,6.06,2.27,7.47,3.93,-6.85,13.95,13.75,4,19,,,,12.27,18.18,5.4,,11,,,24.38,4,8,5,4.95,14.19,1.23,5,,,,3,,11.5,-4.5,,3.95,2.87,,,,,3.88,,,5.4,,6.09,28,31,6,15,5.26
Utah St.,BYU,-28.5,-23.28,,-35.2,-25.02,-29.88,-18.79,-23,-44.74,-22,-41.58,-26.5,-28.35,-33.59,-37.06,-33.72,-29.33,-19.17,-43.95,-38.8,-35.12,-33.6,-26.6,,,,-19.79,-27.36,-28.35,,-23,,,-19.35,-36,-28,-37,-38.14,-25.57,-24.84,-18.9,,,,-27,,-28.5,-25.1,,-31.87,-33.52,,,,,-33.73,,,-22.4,,7.16,34,14,6,-30,-28.92
Vanderbilt,Auburn,-4,5.42,,12.13,0.95,-5.56,8.33,18,-2.55,3,6.07,-3.5,3.26,2.45,0.33,-1.57,2.46,13.51,-1.35,12.25,1.22,-8.9,-2.5,,,,8.67,16.25,1.22,,-2,,,21.76,-2,-6,-5,-3.92,8.74,-9.38,-6.7,,,,-6,,-3.5,-0.9,,-7.05,2.91,,,,,-0.99,,,8.05,,7.26,13,14,6,3,1.37
Virginia,Maryland,-13,-9.11,,-24.87,-8.28,-10.56,-5.71,-16,-12.32,-8,-16.19,-8.5,-12.18,-13.89,-13.94,-7.21,-11.81,-16.63,-16.15,-19.3,-17.29,-4.93,-9.7,,,,-12.85,-16.79,-12,,-11,,,-15.7,-7,-13.5,-12,-5.28,-13.64,-5.74,1,,,,-5,,-13,-12.9,,-10.66,-17.77,,,,,-9.39,,,-8.6,,4.65,0,31,6,-14,-8.9
Virginia Tech,Western Kentucky,28,27.09,,18.01,25.09,32.66,29.32,32,39.78,16,31.72,23.5,25.14,28.01,36.13,28.8,27.22,31.21,30.55,47.25,27.39,38.24,28.5,,,,23.17,31.03,27.42,,24,,,23.31,38,28,,40.84,31.53,17.66,,,,,18,,28,26,,26.56,28.59,,,,,24.2,,,17.9,,7.16,13,27,6,19,27.46
West Va.,Rutgers,14,15.77,,14.8,15.35,23.24,17.78,14,22.63,9,20.5,12.5,13.77,15.14,16.41,9.6,15.21,17.37,20.15,25.7,17.47,17.78,13,,,,13.56,17.31,15.14,,19,,,17.27,18,13,13,19.8,17.05,12.93,1,,,,9,,14,21.9,,8.53,12.2,,,,,12.55,,,9.3,,4.32,17,24,6,13,11.63
Western Mich.,Ohio,7,13.38,,16.55,6.22,3.86,18.51,14,0.9,13,14.81,13.5,8.23,18.14,2.88,3.28,9.56,9.94,7.75,21.15,2.81,6,6.6,,,,16.56,18.54,8.23,,7,,,24.7,5,4,9,1.14,17.9,5.25,2.1,,,,10,,7,10.1,,4.2,-3.3,,,,,7.85,,,2.85,,5.65,20,41,6,8,10.71
Wisconsin,Ohio St.,-2,2.93,,6.72,3.28,0.35,1.25,7,0.01,3,1.99,0.5,4.4,-3.4,3.86,5.72,0.88,-2.9,1.25,-1.4,-4.14,-5.76,-0.5,,,,-0.27,5.11,1.25,,-2,,,3.59,0.01,-2,-4,-1.4,2.83,-2.72,-4.8,,,,-3,,-1.5,-0.01,,1.73,5.17,,,,,-2.89,,,-4.9,,3.36,20,17,6,4,2.81
Akron,Bowling Green,-1,3.52,,5.76,1.2,1.51,4.28,8,2.45,4,0.35,3.5,4.58,10.84,5.16,2.45,2.53,5.63,3.35,2.68,4.95,2.65,-5.6,6.05,,,5.58,3.32,3.33,,-4,,,2.33,0.01,-1.5,4,3.28,4.25,-3.29,1,,,,-3,,-0.5,3.6,,3.98,-1.23,,,,,0.86,,,-1.4,,3.09,37,33,7,2,-0.56
Arkansas St.,Louisiana-Monroe,14.5,16.52,,17.94,11.93,5.88,22.15,16,6.79,15,21.38,12.5,16.18,20.08,13.9,16.84,13.92,14.8,11.95,19.25,10.56,14.69,6,19.31,,,18.43,20.34,14.75,,10,,,19.67,4,10.5,11,5.69,15.64,4.93,4.8,,,,12,,14.5,6,,26.98,19.45,,,,,10.23,,,12,,5.63,29,37,7,15,4.97
Army,Eastern Mich.,0,0.73,,6.83,4.03,3.63,2.55,3,-3.92,-2,13.12,-2,0.89,-0.01,7.76,0.83,2.52,12.81,11.85,1.43,8.12,-5.73,-1.8,13.28,,,-1.25,-1.12,1.94,,-3,,,-5.62,4,2,4,-7.63,2.39,-3.91,0.7,,,,-5,,0,9.4,,1.59,2.29,,,,,3.92,,,7.2,,5.33,13,17,7,1,0.83
Auburn,Arkansas,17,17.08,,23.98,15.39,18.03,9.91,22,14.56,13,20.54,14.5,22.13,21.57,20.63,13.27,17.44,22.69,23.15,25.82,15.73,4.82,18,17.97,,,15.47,17.22,17.15,,16,,,11.14,17,18.5,22,7.98,19.25,19.61,4.3,,,,15,,17,22.6,,15.66,15.51,,,,,14.92,,,14.65,,4.47,25,22,7,21,22.02
BYU,New Mexico,23,18.57,,30.51,15.74,21.72,11.66,18,30.34,18,21.24,19,21.95,22.13,25.4,21.3,20.68,10.82,29.05,24.07,27.96,18.4,26.8,17.71,,,16.16,18.1,20.31,,25,,,18.34,26,23,21,26.61,19.63,14.97,12.1,,,,19,,23,21.2,,18.66,17.66,,,,,22.33,,,10.3,,4.89,3,21,7,26,23.92
Baylor,Iowa St.,5,6.27,,8.52,1.92,-1.12,8.11,-2,1.74,7,1.89,5.5,4.34,9.5,-2.24,5.91,3.59,1.06,3.55,9.54,-0.99,5.98,1.4,-0.16,,,7.47,5.13,3.14,,4,,,9.15,1,4,-1,-0.53,7.1,3.08,-2.9,,,,4,,5,0.9,,3.2,12.47,,,,,2.97,,,0.3,,3.42,10,38,7,3,0.33
Buffalo,Western Mich.,1.5,0.66,,-3.52,1.68,0.48,0.64,4,4.42,-1,10.4,-8.5,3.29,-2.65,7.48,2.01,0.59,-1.51,1.85,-5.89,-2.87,-1.42,2.5,6.61,,,-2.91,-0.29,0,,-3,,,-6.62,-4,0,0.01,3.3,-1.68,1.61,0.8,,,,0.01,,1.5,-0.5,,7.35,7.74,,,,,3.87,,,-1.35,,4.02,34,28,7,-2,-1.44
Central Mich.,Temple,7.5,6,,8.9,2.13,8.95,9.05,2,10.81,6,-1.93,12,1.07,4.36,6.2,10.93,5.99,-1.07,4.75,13.32,4.19,13.07,14.3,-1.86,,,5.06,6.45,6,,14,,,12.47,10,10.5,7,12.6,9.34,4.52,12.9,,,,11,,7.5,4.2,,3.69,-3.27,,,,,4.25,,,-2.65,,4.33,14,24,7,6,3.57
Cincinnati,Rutgers,7.5,17.47,,16.81,10.12,11.89,31.35,24,15.55,15,14.2,17.5,11.92,13.86,23.04,4.38,15.73,18.61,12.85,35.93,14.16,20.89,11.5,23.39,,,23.34,25.7,14.18,,12,,,28.86,12,8,9,14.86,25.79,12.56,4.4,,,,7,,9,16.5,,10.02,9.4,,,,,9.76,,,11.5,,7.06,10,13,7,10,14.21
Colorado St.,TCU,-15.5,-15.16,,-21.63,-14.79,-16.87,-4.48,-19,-17.75,-11,-28.62,-15,-23.45,-9.5,-18.35,-12.02,-16.23,-18.13,-21.65,-26.64,-17.94,-15.13,-14.1,-20.35,,,-12.33,-10.78,-17.41,,-10,,,-4.42,-18,-13,-19,-17.53,-12.42,-20.93,-3,,,,-18,,-15.5,-19.4,,-17.34,-16.65,,,,,-17.48,,,-19,,5.02,13,7,7,-18,-15.55
Florida,LSU,6,5.06,,12.54,10.74,2.83,-3.62,15,9.41,7,15.25,6,17.72,-3.04,12.47,5.09,6.91,5.76,7.65,2.54,2.81,-4.96,2.7,18.5,,,9.86,3.88,6.85,,2,,,-3.73,8,6,5,8.29,3.53,8.01,1.4,,,,9,,6,6.7,,7.99,14.26,,,,,12.83,,,3.8,,5.54,21,51,7,5,7.79
Florida Atlantic,Troy St.,-3.5,-9.53,,-19.08,-4.04,-3.52,-10.49,1,-4.44,-5,-10.96,-7,-9.69,-11.62,-10.12,-9.52,-6.82,-5.61,-11.25,-19.25,-9,-2.84,-1.9,-1.6,,,-10.55,-5.06,-6.16,,1,,,-10.78,-10,-3.5,-3,-4.43,-8.9,-4.13,3.8,,,,-4,,-4,-1.9,,-6.32,-11.44,,,,,-5.12,,,-10,,4.79,30,17,7,-6,-3.06
Florida Intl.,Middle Tenn.,2,1.51,,-0.85,-0.32,0.21,1.8,8,-7.44,1,-6.62,-3,3.31,-7.9,0.33,-10.08,0.05,6.69,8.85,-1.11,6,-4.24,-0.6,4.14,,,0.48,1.59,0.25,,1,,,0.28,0.01,-2.5,0.01,-13.09,1.79,-2.41,0,,,,-1,,2,8,,-8.81,-3.94,,,,,-0.63,,,4.15,,4.79,21,31,7,2,-1.63
Fresno St.,Idaho,34,29.85,,31.43,29.26,36.97,23.49,30,41.34,30,32.68,32,33.71,32.48,36.85,24.61,31.82,32.08,40.35,32.61,40.36,30.38,27.8,29.71,,,23.75,27.94,31.72,,31,,,21.43,37,32,38,38.11,22.68,34.11,13.8,,,,29,,34,32.7,,38.05,42.46,,,,,34.02,,,22.8,,4.86,32,45,7,30,35.11
Georgia,Tennessee,12.5,17.05,,20.78,11.11,14.94,33,17,11.93,13,17.28,15,13.27,23.06,14.78,10.46,16.4,16.99,12.35,30.36,17.12,12.98,15.8,21.18,,,19.34,25.46,15,,11,,,26.88,16,13,14,8.73,24.23,11.42,4.4,,,,12,,13,13.4,,14.53,14.55,,,,,12.16,,,15.05,,5.51,14,26,7,15,16.27
Hawaii,Louisiana Tech,7.5,9.04,,1.08,8.86,13.42,6.64,3,10.18,6,4.72,12,11.51,3.96,14.62,16.28,7.82,0.62,9.15,12.32,12.95,5.62,3.5,3,,,1.9,2.16,8.38,,10,,,-0.3,14,5.5,10,11.44,4.37,12.01,16.2,,,,14,,7.5,9.1,,16.98,7.89,,,,,15.12,,,-1.85,,4.73,14,24,7,3,7.02
Houston,UAB,18.5,20.46,,22.42,15.58,19.18,26.5,15,21.32,18,19.29,21,20.49,18.54,20.41,17.78,19.24,17.99,21.15,29.25,24.09,19.16,17.3,14.75,,,16.45,19.28,19.23,,13,,,18.81,25,20,18,20.24,19.87,15.59,8.1,,,,22,,18.5,18.5,,20.78,22.61,,,,,20.05,,,13.2,,3.43,20,45,7,18,21.19
Illinois,Minnesota,12,4.4,,-0.66,1.86,9.1,5.97,6,4.68,2,5.3,1,4.29,7.26,9.16,8.88,6.48,3.56,8.05,6.75,6.8,13.93,6.3,6.85,,,4.99,1.51,6.55,,7,,,-1.97,11,11,13,10.95,4.25,10.82,-0.4,,,,13,,11,10,,14.32,8.49,,,,,9.38,,,1.6,,3.84,27,20,7,4,6.97
Indiana,Iowa,-5.5,-5.23,,-9.11,-8.32,-2.91,-2.38,-3,-5.49,-1,-13.97,-2.5,-10.15,-9.23,-3.54,-8.12,-4.69,-5.66,-5.45,-9.86,-1.97,4.84,-0.7,-6.33,,,-4,-5.97,-5,,-2,,,0.33,-2,-5,-6,-2.49,-4.34,0.53,-1.8,,,,-1,,-5.5,-6,,-3.02,-10.38,,,,,-5.58,,,-9.25,,3.62,45,9,7,-5,-5
Kansas,Colorado,14,5.67,,19.75,8.07,13.31,1.96,18,10.3,11,8.44,12,10,4.62,15.71,10.24,11.7,9.75,9.75,6.61,10.82,9.54,15.4,14.77,,,9.03,9.45,10.91,,13,,,5.57,18,14,11,10.52,10.61,19.55,9.8,,,,16,,14,15.3,,13.91,3.82,,,,,15.44,,,10.45,,4.28,14,30,7,16,15.01
Kent,Ohio,-2,1.59,,6.29,0.43,-3.93,0.68,4,-7.2,1,-2.53,-2,2.07,-3.65,-2.23,-0.55,-0.9,-1.41,1.05,-0.14,0.37,-3.61,-2.9,-0.94,,,0.21,0.89,-0.74,,-1,,,-0.32,-5,-1,1,-6.96,1.97,-6.08,3.8,,,,3,,-2,-1.1,,3.02,-6.02,,,,,-0.25,,,-6.65,,2.90,26,19,7,-1,-1.43
Kentucky,South Carolina,-2.5,8.54,,11.77,5.08,7.45,2.78,8,5.39,7,7.14,7,11.47,4.37,4.87,1.58,6.77,8.18,13.55,9.39,7.54,12.25,0.9,7.65,,,9.79,8.26,7.07,,8,,,8.31,6,0,3,5.21,8.21,9.11,0.5,,,,5,,-1,11.1,,4.99,1.03,,,,,5.63,,,5.45,,2.95,24,17,7,3,4.28
Memphis,Louisville,-6.5,-2.94,,-1.68,-6.07,-8.09,-2.33,9,-14.05,-1,-3.92,-5,0.25,-5.29,-7.74,-9.71,-4.44,3.16,-10.45,-10.32,-10.24,-14.12,-5.5,4.71,,,-2.02,-4.62,-4.93,,-5,,,-2.67,-8,-6.5,-6,-15.96,-4.86,-7.47,-7.3,,,,-7,,-6.5,-1.2,,-3.12,-6.72,,,,,-5.18,,,-0.3,,5.00,35,28,7,-2,-2.6
Miami (Fla.),Central Florida,16.5,14.85,,9.96,17.48,9.15,10.02,19,9.29,13,28.1,10.5,17.35,24.28,19.15,18.44,15.36,21.01,24.75,22.18,19.18,7.89,15.4,24.6,,,14.18,10.48,15.2,,10,,,9.12,12,14,17,-1.46,15.44,4.36,9.3,,,,11,,16.5,16.1,,17.67,24.91,,,,,11.84,,,13.2,,5.64,14,20,7,15,17.26
Michigan,Toledo,16,15.25,,11.06,14.29,18.23,19.09,11,17.6,14,11.24,19.5,11.81,19.98,20.57,14.74,15.31,10.2,13.85,26.61,21.54,28.05,13,13.1,,,12.75,17.04,14.3,,13,,,18.03,17,17,24,22.2,18.54,12.42,5.3,,,,10,,16,14.3,,10.57,11.04,,,,,16.35,,,4.15,,4.91,13,10,7,11,22.94
Mississippi St.,Vanderbilt,-1.5,-15.93,,-20.53,-7.83,-2.27,-30.86,-11,-6.16,-11,-22.58,-11,-9.66,-18.53,-8.86,-7.89,-10.81,-9.67,-7.05,-34.96,-9.25,-8.81,-5.8,-16.33,,,-13.48,-27.44,-9.05,,-6,,,-35.05,3,-2,-4,-5.53,-23.54,2.82,0.1,,,,1,,-2.5,-4.6,,-4.93,-10.52,,,,,-4.92,,,-12.95,,9.29,14,17,7,-5,-2.57
Missouri,Oklahoma St.,14.5,8.78,,15.61,7.35,12,15.01,23,12.54,17,12.03,14,7.96,9.63,20.9,7.89,12.26,5.22,8.65,9.21,10.48,13.28,13,23.86,,,17.61,12.8,12.02,,14,,,10.48,14,13.5,8,12.31,8.43,14.8,7.4,,,,11,,14.5,12.4,,13.54,10.69,,,,,11.35,,,4.45,,4.45,28,23,7,10,9.69
Nevada,New Mexico St.,19.5,14.63,,16.02,14.45,18.93,16.37,18,16.78,13,12.89,17.5,16.54,4.79,19.12,12.91,16.02,20.84,20.65,29.32,23.26,13.24,13.2,14.32,,,12.41,14.67,16.01,,15,,,9.59,19,19.5,16,19.83,17.41,12.03,9.3,,,,17,,19,23.1,,25.08,12.95,,,,,19.53,,,14.75,,4.54,48,45,7,13,17.79
North Carolina,Notre Dame,9,7.75,,9.36,5.13,6.37,5.78,13,2.71,5,9.25,3,12.05,1.38,11.8,4.06,7.5,10.51,7.45,8.11,11.8,2.71,4.3,12.8,,,7.57,4.93,7.51,,10,,,3.31,14,5.5,9,3.32,7.09,6.94,0.7,,,,8,,9,7.4,,10.51,11.41,,,,,9.56,,,2.75,,3.34,24,29,7,8,3.34
North Texas,Louisiana-Lafaye,-21.5,-13.24,,-17.35,-11.57,-18.24,-0.69,-20,-15.08,-13,-25.77,-14,-21.11,-19.5,-19.33,-10.85,-15.34,-18.47,-26.75,-7.75,-17.9,-3.83,-6.3,-20.13,,,-13.64,-12.31,-16.14,,-16,,,-7.76,-18,-23.5,-15,-9.65,-3.37,-14.31,0,,,,-12,,-20.5,-23.3,,-16.28,-25.49,,,,,-17.08,,,-17.4,,6.27,59,30,7,-22,-5.09
Northern Ill.,Miami (Ohio),11,16.55,,22.88,13.32,11.52,4.6,23,6.58,12,12.6,11,23.57,9.68,17.04,12.65,12.94,20.27,14.65,16.39,8.96,-0.12,6.2,19.26,,,14.28,9.52,12.62,,7,,,9.07,12,10.5,13,1.24,11.56,8.34,5.6,,,,10,,11,23.8,,16.83,11.43,,,,,13.62,,,13.7,,5.60,13,17,7,13,12.66
Northwestern,Michigan St.,-1.5,2.51,,3.44,-1.84,-7.79,15.33,4,-9.3,1,-6.83,-0.5,-0.14,1.39,-7.58,0.38,-0.74,3.11,-3.45,4.43,-5.13,-1.66,0.9,3.41,,,-1.05,5,-0.38,,-7,,,6.32,-3,-3,1,-9.49,2.86,-6.52,-1.4,,,,-2,,-1.5,-1.7,,-3.92,-5.02,,,,,-4.73,,,0.15,,4.95,37,20,7,2,-0.25
Ohio St.,Purdue,19,17.84,,17.44,11.47,15.48,18.79,17,11.98,15,8.24,19.5,16.05,12.31,14.4,13.83,16.6,17.22,19.65,28.25,16.9,22.27,19.3,12.47,,,18.46,17.51,17.11,,14,,,20.64,15,18,21,11.2,21.72,19.28,9.3,,,,20,,19,17.3,,16.06,11.81,,,,,17.51,,,11.35,,3.92,3,16,7,16,22.92
Oklahoma,Texas,6.5,2.24,,1.27,1.78,7.06,3.41,4,9.45,0.25,1.31,2,1.5,7.63,-1.53,0.43,4.02,7.75,7.8,1.25,3.04,1.08,3.1,5.57,,,-0.81,-0.62,4,,9,,,-1.47,5,7,5,10.7,0.59,0.57,2.6,,,,5,,6,10.2,,9.34,-0.23,,,,,4.76,,,9,,3.40,45,35,7,6,4.94
Oregon,UCLA,19.5,16.06,,23.48,14.59,11.49,19.68,26,23.14,19,24.93,16,19.45,15.26,26.32,12.66,18.44,18.38,21.35,25.64,14.1,9.51,14,27.19,,,16.38,18.29,18.33,,18,,,18.01,19,17,12,24.5,20.85,20.39,10.5,,,,20,,19.5,13.1,,21.62,26.33,,,,,19.35,,,15,,4.64,24,31,7,17,16.05
Oregon St.,Washington St.,30,29.01,,34.75,22.02,30.88,30.1,42,33.81,25,38.29,25,35.93,23.72,44.33,12.68,30.1,33.72,38.65,41.21,35.31,21.9,20.1,42.47,,,33.55,29.23,29.09,,25,,,22.37,29,29,25,28.87,29.16,27.85,8.5,,,,26,,30,30.3,,40.81,40.08,,,,,27.39,,,25.2,,7.20,13,66,7,26,27.14
SMU,Tulsa,-24,-23.12,,-32.44,-22.3,-28.64,-28.52,-20,-27.82,-28,-41.74,-28.5,-23.43,-33.65,-26.14,-17.38,-27.33,-33.24,-35.35,-43.93,-32.1,-22.74,-20.2,-31.95,,,-15.1,-32.21,-27.41,,-27,,,-31.03,-25,-24,-26,-21.21,-28.08,-25.68,-4.5,,,,-19,,-24.5,-24.6,,-33.21,-35.72,,,,,-25.64,,,-33.95,,6.46,37,31,7,-25,-19.37
San Diego St.,Air Force,-10.5,-12.63,,-14.32,-7.35,-12.35,-17.53,-12,-14.77,-8,-14.71,-12,-12.09,-21.74,-12.97,-7.43,-12.06,-9.75,-11.05,-26.93,-16.16,-18.42,-10.7,-8.2,,,-9.87,-17.05,-12,,-5,,,-18.92,-10,-8.5,-9,-15.57,-15.23,-8.33,0.6,,,,-9,,-10.5,-10,,-14.7,-18.21,,,,,-9.1,,,-10.15,,4.79,35,10,7,-12,-3.59
San Jose St.,Utah St.,14,11.89,,24.83,10.25,8.01,15.18,21,15.93,11,12.89,15.5,10.82,19.25,17.89,5.53,13.62,16.22,4.15,17.89,11.83,24.93,9.6,18.96,,,11.07,14.22,14.11,,14,,,15.98,19,14.5,17,16.06,14.25,8,11.2,,,,10,,14,6.7,,14.99,8.59,,,,,8.35,,,10.65,,5.03,7,30,7,16,15.74
Southern Miss.,Boise St.,-11,-16.52,,-12.85,-10.71,-13.56,-22.57,-14,-10.69,-12,-15.63,-14,-12.46,-13.58,-14,-8.27,-15.07,-19.49,-17.35,-35.39,-17.01,-20.51,-10.6,-16.9,,,-16.05,-20.79,-14.82,,-18,,,-25.66,-16,-12.5,-18,-7.47,-20.94,-13.44,-0.5,,,,-11,,-11.5,-15.9,,-5.29,-16.48,,,,,-10.74,,,-18.35,,5.29,24,7,7,-12,-11.1
Stanford,Arizona,-7,-1.76,,-16.85,-8.04,-11.15,10.63,1,-9.94,-2,-11.69,-2.5,-8.99,4.4,-9.02,-8.63,-5.51,0.75,-12.05,0.43,-10.2,1.98,-9.3,-0.59,,,-5.4,-2.44,-7.29,,1,,,0.39,-11,-6,-7,-9.81,-1.94,-7.58,-2.4,,,,-9,,-7,-8.3,,-10.98,-9.43,,,,,-6.92,,,-3.85,,5.91,23,24,7,-9,-3.14
Texas A&M,Kansas St.,-3.5,-3.05,,-2.38,-3.5,0.45,1.21,1,0.01,-0.25,-6.23,2.5,-7.15,3.54,3.88,-6.16,-1.52,0.99,-6.65,-4.21,-7.48,4.77,-4.2,2.95,,,-0.3,-4.46,-0.84,,-4,,,-1.54,1,-3.5,1,4.8,-1.29,0.71,5.6,,,,3,,-3.5,-2.2,,-4.71,-8.32,,,,,-3.05,,,0.6,,3.53,44,30,7,-5,-0.39
Texas Tech,Nebraska,20.5,11.39,,18.47,10.8,15.96,11.92,17,10.49,13,12.05,14.5,11.74,9.67,19.48,10.56,14.68,17.16,17.75,18.25,17.49,10.71,15.9,9.59,,,10.02,9.08,14.29,,20,,,9.52,25,18.5,18,8.58,12.27,17.88,14.3,,,,20,,19.5,20.9,,21.64,3.38,,,,,18.67,,,10.6,,4.42,31,37,7,22,14.07
USC,Arizona St.,28,25.5,,28.04,24.74,26.25,17.24,29,28.36,18,33.48,22,35.96,12.59,30.93,23.72,24.59,21.59,32.95,28.64,31.17,17.79,15.9,29.65,,,24.41,24.55,24.64,,29,,,19.86,28,25.5,20,25.31,22.67,22.41,12,,,,22,,27.5,29.8,,29.67,25.99,,,,,21.22,,,17.5,,5.37,0,28,7,25,18.37
UTEP,Tulane,4,9.6,,0.48,5.95,2.64,15.2,12,-1.49,10,15.22,9,8.97,16.19,15.39,16.31,8.82,11.45,14.45,11.25,13.58,14.7,1.1,15.42,,,13.05,6.6,9.55,,-1,,,11,7,4,12,-3.55,9.51,8.14,5.1,,,,2,,4.5,12.9,,-0.5,6.81,,,,,11.59,,,3.8,,5.50,21,24,7,5,3.56
Virginia,East Carolina,-6.5,0.93,,-11.7,3.86,5.08,7.31,-3,-5.46,-3,0.27,-1.5,-1.14,0.89,3.57,4.12,0.13,3.47,4.05,0,3.63,2.03,-8.2,-1.15,,,-1.17,-4.08,0.41,,1,,,0.55,5,-4,8,-2.03,-0.9,-2.76,6.8,,,,0.01,,-5.5,5.8,,-2.15,-4.49,,,,,0.67,,,-1.1,,4.20,20,35,7,-6,2.28
Wake Forest,Clemson,2,11.63,,8.76,5.03,1.32,17.57,20,1.82,8,9.7,6,11.7,8.39,7,-0.01,7.21,13.1,-2.35,18.04,-1.15,6.28,3.4,23.74,,,16.44,14.34,6.14,,-3,,,15.02,-3,0,1,2.89,14.97,3,-0.7,,,,1,,2.5,3.7,,6.98,12.09,,,,,2.34,,,4.9,,7.07,7,12,7,5,4.93
West Va.,Syracuse,24,17.1,,29.43,18.81,34.45,12.36,14,32.99,16,11.15,21.5,17.17,13.49,25.24,20.06,21.85,19.71,29.15,27.64,28.52,27.61,26.2,9.14,,,13.95,13.79,21.75,,29,,,15.94,36,25,28,34.58,19.55,31.59,15.4,,,,30,,24,27,,23.35,12.08,,,,,26.13,,,9.65,,7.42,6,17,7,22,24.35
Western Kentucky,Ball St.,-16.5,-18.4,,-19.05,-14.65,-18.22,-24.82,-13,-25.12,-13,-25.34,-15.5,-18.27,-26.96,-24.06,-10.75,-19.49,-25.6,-19.75,-41.07,-14.1,-25.92,-18.4,-22.54,,,-17.55,-23.99,-19,,-24,,,-22.75,-19,-17.5,,-22.99,-24.08,-9.56,,,,,-10,,-16.5,-16.9,,-26.8,-22.28,,,,,-15.74,,,-21.6,,6.51,24,7,7,-17,-17.27
Wisconsin,Penn St.,-6,-8.72,,-13.57,-6.14,-5.59,-12.7,-13,-6.07,-8,-19.36,-7.5,-10.22,-20.81,-8.3,-4.51,-9.32,-12.57,-4.15,-15.36,-9.23,-4.32,-7.7,-16.99,,,-13.35,-14.59,-8.25,,-10,,,-13.73,-3,-4,-3,-4.73,-8.21,-1.69,5.6,,,,-3,,-6,-5,,-16.37,-10.95,,,,,-6.33,,,-16.5,,5.18,48,7,7,-7,-3.23
Wyoming,Utah,-23.5,-25.84,,-24.04,-20.34,-29.41,-29.54,-27,-27.39,-19,-34.94,-23,-29.2,-25.83,-31.11,-17.09,-25.17,-24.13,-30.55,-43.79,-27.92,-23.47,-25.3,-29.84,,,-21.81,-30.25,-25.15,,-23,,,-28.36,-25,-23,-23,-21.02,-29.24,-18.51,-1.4,,,,-15,,-23.5,-21.3,,-28.07,-33.19,,,,,-21.34,,,-18.3,,5.64,40,7,7,-25,-19.96
Alabama,Mississippi,13,21.19,,27.22,15.19,16.01,24.14,17,17.69,21,16.94,22.5,18.57,18.7,11.56,,18.08,15.46,19.15,25.39,10.45,28,20.2,13.84,,,20.02,21.53,18.5,,18,,,23.67,13,13.5,21,17.69,19.52,19.86,11.2,-1.95,,,19,,14,18.5,,14.9,10.45,,25.62,,,15.89,,-2.31,12,,4.28,20,24,8,15,15.75
Arizona,California,-2,-3.78,,0.01,-2.79,4.06,-10.57,2,-0.71,-3,-8.04,-3.5,0.62,-17.82,-0.13,,-1.6,1.72,-0.35,-10.79,3.14,3.22,4.6,-0.25,,,-8.38,-9.76,-0.13,,-3,,,-10.02,6,-1.5,1,-0.91,-6.21,0.83,-0.9,25.27,,,3,,-2,4.7,,-0.01,-6.72,,-15.04,,,2.02,,-3.3,-3.95,,5.33,27,42,8,1,0.64
Boise St.,Hawaii,24.5,20.48,,27.59,16.71,15.65,16.68,25,21.01,21,23.27,19,22.16,21.18,27.36,,21.08,18.35,24.85,29.82,21.29,13.63,23.9,24.61,,,22.04,21.15,21.18,,28,,,23.6,17,24,20,18.36,24.42,15.12,11.2,29.27,,,16,,24,20,,18.34,14.35,,17.68,,,21.44,,31.38,14.35,,4.33,7,27,8,27,22.49
Boston College,Virginia Tech,2.5,0.54,,7.73,2.63,3.69,-9.53,1,4.19,1,-1.67,-2,7.12,-3.79,2.37,,0.59,-1.8,3.55,-7.61,-0.92,-0.49,0.2,-9.16,,,-2.33,-4.88,0.54,,-1,,,-6.35,4,1.5,0.01,0.21,-2.86,5.83,3.2,-22.88,,,6,,2.5,2.6,,11.1,-3.7,,-11.8,,,1.97,,-14.83,-3.85,,4.76,23,28,8,5,2.83
Bowling Green,Miami (Ohio),9,18.93,,15.24,12.37,10.26,25.11,16,8.94,16,14.16,16,16.14,13.58,9.28,12.65,13.69,13.72,11.75,25.5,12.93,8.88,10.3,16.09,,,16.81,21.85,13.21,,8,,,22.64,9,9,11,6.95,19.92,9.24,6,-0.85,,,11,,10,11.7,,13.62,14.63,,23.11,,,11.29,,-1.8,11.3,,4.44,27,20,8,12,10.5
Buffalo,Army,12,14.79,,5.52,12.88,13.37,15.92,25,14.34,14,11.07,11.5,18.91,13.1,14.09,,14.33,11.36,12.35,17.32,13.51,13.02,15.7,17.77,,,12.71,18.2,14,,15,,,13.99,12,10.5,12,17.71,14.68,19.15,5.9,7.25,,,17,,12,13.3,,19.03,15.42,,11.42,,,15.24,,-6.42,10.05,,3.72,24,27,8,8,10.73
Central Mich.,Western Mich.,-2,0.12,,-1.12,1.41,4.65,-1.4,-2,6.44,-2,-3.68,-3,0.14,-5.43,4.7,2.01,0.37,-2.28,1.25,-6.93,4.54,4.07,4.7,-1.33,,,-3.36,-2.42,0.13,,8,,,-3.48,2,3.5,2,8.76,-1.61,2.72,4.3,2.87,,,1,,-2,0.7,,-1.19,-3.55,,-5.22,,,0.85,,3.55,-3.15,,3.34,28,38,8,-2,1.7
Clemson,Georgia Tech,-2.5,-6.82,,-4.77,-1.2,0.89,-13.07,-12,-1.12,-1,-7.91,-4,-5.54,-10.04,-8.52,,-3.53,-12.89,5.05,-15.32,-6.09,-5.05,-1.2,-14.54,,,-5.6,-9.11,-5.05,,2,,,-12,7,4,6,3.57,-9.45,10.8,6.7,-14.17,,,9,,-2.5,2.3,,-7.67,-8.89,,-13.3,,,6.19,,4.74,-8.55,,7.36,21,17,8,-2,4.85
Colorado,Kansas St.,3.5,3.17,,-2.17,1.33,7,9.58,5,8.66,4,-3.92,1.5,0.39,4.65,9.1,-6.16,3.47,4.53,2.35,7.32,0.26,10.77,5,6.64,,,6.42,4.21,4,,-3,,,4.99,4,2.5,4,7.31,5.43,2.8,1.2,8.08,,,5,,3.5,4.3,,3.32,7.26,,3.39,,,1.06,,4.61,-1.8,,4.00,13,14,8,-1,1.22
Duke,Miami (Fla.),-3,6.46,,19.13,0.39,-3.33,17.75,7,-4.41,3,3.68,-4,6.84,8.37,-5.5,,3.61,8.39,2.05,11.93,3.13,4.92,-4.4,8.45,,,7.57,12.52,4,,-5,,,10.65,-4,-6,-3,-5.05,9.35,-5.47,-6.7,8.35,,,-4,,-2.5,2.8,,4.63,7.28,,17,,,4.26,,8.07,5.45,,6.58,49,31,8,1,1.31
East Carolina,Memphis,8.5,11.53,,4.87,6.75,7.74,14.67,7,14.1,10,3.27,12,9.42,1.71,11.72,,8.38,4.39,4.25,19.21,3.97,18.98,12.3,8.91,,,6.02,11.38,7.74,,5,,,10.36,10,9.5,6,19.28,13.4,13.19,4.5,13.75,,,7,,8.5,5.9,,-1.79,6.75,,9.61,,,13.61,,13.65,2.35,,4.74,10,30,8,5,11.07
Eastern Mich.,Akron,-4,-8.46,,-2.98,-8.51,-6.06,-7.6,-7,-4.07,-3,-19.49,-6,-10.76,-8.83,-14.02,,-6.73,-6.01,-11.35,-9.32,-9.1,-6.54,0.9,-11.09,,,-4.19,-9.89,-7,,3,,,-4.01,-2,-3,-4,-1.69,-4.92,-1.2,1.1,-23,,,3,,-4,-2.9,,-7.24,-13.3,,-7.01,,,-7.84,,-23.87,-10.8,,4.79,42,35,8,-3,-7.08
Georgia,Vanderbilt,15,10.49,,8.62,12.82,18.29,9.61,12,15.6,8,11.61,12,11.31,4.06,12.38,-7.89,12.75,9.74,14.65,12.86,21.93,14.28,12.5,12.41,,,10.14,7.76,12.46,,18,,,7.51,19,15.5,16,15.58,10.05,20.72,8.4,14.98,,,19,,15,14.4,,24.92,13.69,,10.99,,,14.7,,13.74,6.05,,5.80,14,24,8,11,13.53
Illinois,Indiana,16.5,12.13,,13.61,11.59,19.38,7.68,18,16.03,12,7.96,13,11.92,11.27,18.39,,14.5,13.32,17.45,20.36,13.51,16.15,17,17.35,,,11.79,11.18,13.61,,13,,,9.45,20,15.5,18,14,15.28,11.31,3.2,0.12,,,15,,16.5,21.3,,20.8,12.54,,8.7,,,13.98,,-2.01,8.55,,3.73,13,55,8,11,16.51
Iowa,Wisconsin,4,3.68,,14.11,6.89,1.45,7.25,13,-1.89,7,6.97,3,10.62,5.55,13.84,,5.82,8.59,4.45,7.29,-1.64,-8.48,-2.2,11.97,,,11.71,8.52,6.05,,8,,,6.79,3,4.5,2,-5.17,6.79,-2.28,3.2,29.43,,,1,,4,8.2,,12.78,5.4,,11.64,,,6.03,,29.4,6.05,,5.32,16,38,8,6,3.4
Iowa St.,Nebraska,-8.5,-10.26,,-6.56,-6.3,-6.46,-14.82,-6,-7.43,-8,-10.98,-13,-8.53,-18.69,-6.67,10.56,-8.88,-10.89,-7.15,-25.79,-3.15,-7.3,-4,-11.86,,,-8.27,-15.4,-8.14,,-11,,,-13.75,-5,-5.5,-7,-7.55,-15.02,-7.38,2.2,-9.3,,,-6,,-8.5,-9.1,,-12.14,-19.03,,-18.18,,,-7.73,,-10.56,-10.5,,5.85,35,7,8,-4,-9.17
Kentucky,Arkansas,8,11.08,,21.88,12.06,12.7,3.5,20,15.48,14,10.16,11.5,19.74,14.09,18.17,13.27,13.56,19.29,19.95,15.5,3.54,-0.23,11.7,21.31,,,13.14,14.08,13.23,,14,,,7.04,12,10,12,9.19,13.01,15.5,-1.6,-15.47,,,9,,9,15.3,,12.72,10.06,,3.5,,,13.77,,8.17,17.1,,5.24,20,21,8,11,13.18
Louisiana Tech,Idaho,20,19.61,,13.49,16.57,16.51,25.58,22,23.58,18,20.87,17.5,16.47,28.95,25.85,24.61,20.19,28.28,20.15,18.57,24,28.14,11.9,22.64,,,16.36,21.96,20.21,,16,,,20.26,21,17.5,20,21.2,14.52,15.82,8.3,32.43,,,13,,20,14.8,,21.72,26.04,,33.22,,,16.06,,30.58,21.55,,4.52,14,46,8,17,24.02
Louisiana-Lafaye,Arkansas St.,3,1.99,,-1.51,1.63,1.63,0.15,9,-0.37,-0.25,-3.85,-1.5,3.66,-7.35,3.86,,0.95,4.83,1.35,0.64,-2.02,-8.11,5.8,5.22,,,-5.39,-0.24,1.11,,2,,,-2.9,4,3,4,-2.78,-0.01,-0.24,3.6,14.41,,,3,,3,6.2,,1.9,-1.26,,-2.48,,,3,,18.96,-1.45,,3.66,23,28,8,-1,1.11
Louisiana-Monroe,North Texas,18,9.04,,19.71,13.14,22.13,-1.94,19,23.91,17,13.88,16.5,15.84,6.68,20.2,,15.56,18.42,26.25,4.21,23.66,8.97,7.9,15.66,,,10.72,6.9,16.5,,14,,,6.77,28,17.5,17,20.08,5.12,23.56,11.2,16.34,,,14,,18,24.9,,6.39,6.46,,7.72,,,18.41,,17.38,9.9,,7.27,23,35,8,21,18.02
Louisville,Middle Tenn.,14.5,10.51,,14.34,13.01,15.77,8.14,7,18.07,11,9.17,14.5,8.86,16.18,9.41,-10.08,12.45,9.33,21.85,21.14,19.93,19.59,15.3,7.27,,,12.72,13.91,13.46,,16,,,12.53,20,15.5,16,17.29,16.41,14.18,14.5,3.88,,,16,,14.5,12,,14.88,5.57,,18.7,,,9.64,,3.99,2.1,,5.83,23,42,8,14,11.46
Maryland,Wake Forest,-1.5,-8.46,,-7.68,-6.26,-1.93,-7.06,-2,0.4,-5,-15.01,-3.5,-11.98,-8.34,-8.41,,-6.03,-6.4,-2.85,-14.29,0.12,-2.9,-2.6,-9.92,,,-11.12,-10.67,-5.8,,4,,,-6.92,0.01,0,-3,1.46,-8.82,-3.72,0.4,-21.12,,,-3,,-2,-5.8,,-13.28,-15.71,,-7.87,,,-5.7,,-19.88,-9.75,,4.86,0,26,8,-2,-2.23
Michigan St.,Ohio St.,-3.5,0.71,,5.02,1.93,0.17,4.32,4,-1.12,3,2.13,0.01,3.1,-0.62,0.98,,0.87,4.21,0.55,2.61,2.66,-7.04,-5,4.48,,,7.39,5.39,1.4,,-5,,,3.56,-1,-3,-3,-2.29,3.93,-6.22,-3.2,-1.47,,,-6,,-2.5,1.6,,4.41,1.35,,6.26,,,-1.78,,1.64,1.4,,3.64,45,7,8,1,4.64
NC St.,Florida St.,-11,-11.12,,-21.33,-10.7,-11.56,-8.34,-12,-10.28,-14,-20.39,-10.5,-13.79,-11.94,-15.42,,-13.63,-10.13,-15.55,-23,-16.28,-9.53,-10,-15.62,,,-13.72,-14.65,-13.54,,-9,,,-15.49,-13,-13.5,-10,-9.38,-15.67,-15.18,-3.3,-7.32,,,-13,,-11,-12.8,,-19.53,-17.61,,-10.54,,,-13.58,,-14.71,-10.85,,3.79,26,17,8,-13,-13.54
Navy,Pittsburgh,-2.5,2.65,,-0.21,0.27,-0.17,6.65,5,-0.26,1,0.01,5.5,2.63,-1.57,-2.73,,0.9,6.13,1.25,4.54,-1.63,0.97,-2.7,4.36,,,0.2,-1.15,0.82,,-2,,,0.84,6,-4,0.01,1.65,1.67,-4.9,1.2,-19.06,,,-5,,-1.5,0.9,,-4.03,-0.18,,2.19,,,0.53,,-17.67,2.85,,3.19,42,21,8,1,5.6
Nevada,Utah St.,22,13.76,,28.06,16.02,12.48,12.53,19,15.76,20,16.24,21.5,16.61,18.07,15.16,5.53,17.36,19.2,13.05,22.07,17.35,13.81,16.1,17.66,,,18.76,18.34,16.94,,22,,,16.2,21,18.5,21,18.91,16.53,14.91,12.8,22.39,,,22,,21,12.8,,29.08,12.55,,22.33,,,17.26,,42.37,14.95,,4.54,17,44,8,21,17.7
New Mexico,San Diego St.,14.5,13.92,,7.85,10.41,16.58,16.13,19,13.07,11,11.23,15,10.69,18.89,9.94,,14.37,14.25,12.85,24.14,12.99,23.52,7.9,11.06,,,16.95,17.8,13.92,,11,,,20.88,13,14.5,18,13.68,17,19.39,9,26.17,,,18,,14.5,18.3,,18.49,12.55,,22.46,,,14.28,,25.51,8.15,,4.06,7,70,8,11,9.54
New Mexico St.,San Jose St.,-1.5,-2.47,,-2.46,-2.85,-8.12,0.01,1,-9.08,2,-2.69,-3,-3.98,-2.98,-1.7,,-2.25,-1.2,-5.85,-1.68,-6.12,-9.02,-2.2,-0.79,,,0.11,0.63,-2.46,,-5,,,1.95,-3,-2,1,-10.48,-0.18,0.89,8.6,-21.63,,,6,,-1.5,-6.2,,-0.15,-7.27,,1.93,,,-1.51,,-21.79,-3.1,,3.33,31,14,8,1,-2.67
Northern Ill.,Toledo,9,6.66,,15.25,8.07,5.92,0.38,17,6.11,11,1.12,9.5,11.77,-3.9,16.07,14.74,8.46,10.3,6.45,9.04,6.56,0.55,9.3,15.52,,,12.1,6.99,8.03,,4,,,5.5,10,7,8,0.15,7.98,6.51,3.5,-18.13,,,8,,9,8.4,,13.62,3.68,,2.35,,,10.56,,-17.98,7.05,,4.92,7,38,8,10,5.38
Northwestern,Purdue,4,9.88,,16.19,3.7,0.34,18.91,11,-2.91,10,8.6,10,9.13,11.09,1.01,13.83,7.62,9.18,5.65,22.43,7.11,7.42,9.9,9.05,,,12.31,17.3,8.58,,1,,,20.44,-1,3,5,-6.3,17.43,-2.25,-0.4,18.6,,,2,,4.5,1.4,,9.19,3.89,,23.37,,,2.73,,15.8,8.55,,6.25,26,48,8,6,10.35
Oklahoma,Kansas,20,14.25,,14.7,15.68,13.26,11.07,17,20.89,14,17.11,17,16.75,11.95,21.87,,15.71,20.58,23.05,13.68,14.21,7.44,12.7,19.29,,,13.33,10.53,15,,23,,,7.69,13,18,11,18.48,10.05,10.18,10.3,25.32,,,14,,19.5,17.8,,24.82,21.84,,9.8,,,16.15,,24.95,15.25,,4.47,31,45,8,15,11.88
Oklahoma St.,Baylor,17,17.5,,15.18,15.7,22.15,24.98,22,22.18,25,23.01,28,12.59,26.29,22.33,,21.47,27.1,20.45,31.21,22,24.58,23.2,21.58,,,19.45,21.97,22.15,,21,,,24.66,26,18.5,23,21.89,23.31,19.66,9.1,18.37,,,23,,18,17.5,,27.18,6.89,,26.28,,,20.74,,18.03,17,,3.94,6,34,8,19,23.61
Penn St.,Michigan,24.5,29,,40.41,23.43,29.51,28.36,40,23.06,28,40.38,27,33.62,32.6,35.23,,30.33,33.79,33.95,43.18,27.39,20.19,22.2,37.52,,,30.13,34.14,30,,27,,,31.39,30,24,25,17.53,31.2,23.49,5.7,55.28,,,25,,25,35.5,,41.4,31.92,,37.67,,,25.75,,53.08,28.3,,6.65,17,46,8,25,18.08
Rice,Southern Miss.,1.5,6.21,,7.36,0.15,0.97,11.99,13,1.45,10,1.5,6,5.03,1.38,2.8,,4.48,10.77,2.35,11.93,0.01,0.88,-0.4,8.62,,,8.69,8.32,3.76,,4,,,11.2,2,3,3,-0.87,9.26,0.64,-1,20.43,,,3,,1.5,0.2,,-0.99,3.96,,11.88,,,2.41,,20.34,5.25,,4.09,40,45,8,5,2.1
Rutgers,Connecticut,-1,-11.12,,-11.47,-2.72,2.3,-24.15,-7,-3.85,-9,-15.96,-9.5,-4.67,-23.4,-5.86,,-7.18,-5.26,-3.55,-29.96,1.6,-12.8,0.4,-11.26,,,-8.96,-21.05,-6.23,,3,,,-25.42,5,3.5,1,-1.69,-18.82,-0.57,6.9,-14.08,,,3,,-1.5,2.5,,-6.93,-10.9,,-27.28,,,-1.1,,-4.32,-10.65,,8.83,10,12,8,-2,-6.23
SMU,Houston,-13.5,-15.17,,-25.75,-14.27,-14.61,-13.92,-11,-16.53,-16,-25.07,-17,-18.72,-26.43,-17.08,,-16.55,-15.05,-17.85,-23.29,-9.32,-12.4,-12,-14.2,,,-8.92,-15.35,-16,,-16,,,-13.51,-17,-14,-13,-14.4,-13.42,-15.97,-3.1,-16.09,,,-16,,-14,-12.7,,-24.65,-24.7,,-17.7,,,-19.08,,-24.23,-18.65,,4.47,44,38,8,-15,-18.37
South Carolina,LSU,-2,-0.16,,6.01,1.02,-3.81,5.07,11,-5.08,4,4.9,1,0.75,3.65,-0.63,5.09,1.68,9.32,-2.45,1.75,2.61,-7.78,-9.3,12.01,,,8.8,5.08,1.01,,-9,,,3.23,-1,-3,-1,-8.32,3.65,-4.11,-4.2,-6.08,,,-2,,-1.5,2.8,,4.54,5.93,,6.78,,,0.35,,-1.15,-0.01,,5.25,24,17,8,1,-1.26
South Florida,Syracuse,24,21.11,,37.69,18.3,23.77,24.12,25,25.23,26,20.86,27,19.69,28.12,31.6,20.06,25.3,22.52,23.25,41.32,19.92,31.03,27.7,20.62,,,22.26,28.42,25.28,,29,,,31.44,28,25,25,28.7,31.09,32.3,12.9,20.17,,,32,,24,21.3,,29.95,18.97,,31.15,,,26.94,,22.21,15.1,,5.42,13,45,8,26,25.32
TCU,BYU,0,2.72,,7.12,2.88,-3.89,6.82,8,-6.23,2,0.51,2.5,3.15,1.9,6.81,,1.74,8.26,-4.75,4.57,-5.52,-2.96,-5.6,5.84,,,6.66,1.59,1.94,,-2,,,1.11,2,-2.5,-1,-4.21,2.81,-0.41,7.8,24.36,,,5,,0,-4.2,,9.79,-0.01,,-1.19,,,-0.39,,23.34,6.4,,4.28,7,32,8,1,3.46
Tennessee,Mississippi St.,7.5,6.42,,4.11,12.19,8.49,-3.85,10,14.36,5,4.08,7.5,10.65,-6.44,9.08,,7.71,4.41,10.45,8.04,13.43,9.09,7.5,9.56,,,6.11,4.58,8.4,,11,,,-0.01,8,8,7,16.59,5.77,12.35,10.1,35.06,,,12,,7.5,8.4,,15.52,5.27,,-7.43,,,11,,36.39,-0.55,,4.74,3,34,8,6,14.73
Texas,Missouri,4.5,15.08,,14.08,9.26,3.7,13.28,12,2.87,16,19.01,19.5,14.15,4.38,6.7,,9.47,16.5,7.65,9.07,2.86,12.65,2.8,5.73,,,14.97,13.2,8.4,,2,,,12.99,5,7,12,-0.58,7.47,6.1,5.4,-22.33,,,4,,5,5.8,,5.94,15.42,,16.17,,,8.43,,-21.73,8.4,,5.06,31,56,8,8,10.51
Texas A&M,Texas Tech,-21,-19.8,,-22.3,-15.68,-19.76,-23.51,-23,-18.24,-18,-25.99,-19.5,-21.09,-31.45,-15.62,,-21.05,-26.01,-23.95,-38,-17.57,-10.79,-22.1,-23.89,,,-12.28,-24.92,-22.1,,-25,,,-23.72,-19,-20.5,-21,-10.59,-24.27,-16.66,0.8,-38.05,,,-14,,-21,-25.2,,-20.66,-25.06,,-30.95,,,-18.06,,-38.12,-23.5,,5.50,43,25,8,-23,-15.39
Troy St.,Florida Intl.,10,10.84,,15.78,9.73,10.8,8.93,9,12.49,11,5.28,13,10.57,10.94,18.17,,11.47,8.32,9.05,17.04,4.62,12.37,9.4,10.89,,,11.94,5.74,10.89,,9,,,8.43,20,8,14,22.53,12.09,20.62,12.1,17.3,,,19,,10,6,,16.46,10.04,,5.17,,,16.36,,16.25,5.2,,4.19,23,33,8,11,13.29
Tulsa,UTEP,20,14.67,,20,14.39,20.77,17.38,22,25.94,22,17.87,25,13.05,18.98,20.82,,17.7,20.81,18.85,32.68,20.48,16.3,18.9,16.56,,,10.49,17.83,18.98,,21,,,20.17,26,17.5,23,24.71,21.22,16.99,8.8,32.27,,,19,,20,16.2,,22.12,8.77,,29.33,,,17.14,,44.59,17.5,,4.34,35,77,8,20,20.07
UAB,Marshall,-3,-8.31,,-2.42,-1.73,-6.37,-17.04,3,-4.88,-4,-5.11,-7,-0.78,-14.72,1.48,,-3.84,-0.85,-2.75,-10.89,-7,-12.61,-1.7,2.37,,,-2.85,-10.32,-2.85,,2,,,-13.3,-3,-3.5,-3,-5.61,-4.91,-2.14,6.5,-19.6,,,-2,,-3,0.7,,7.31,-0.01,,-17.4,,,-0.84,,-4.75,-6.65,,5.35,21,23,8,-2,-6.12
UCLA,Stanford,-2,-3.56,,-3.11,2.95,2.34,-11.95,-6,-0.22,-4,-14.51,-2.5,-3.43,-10.19,-1.79,,-3.42,-5.91,0.35,-13.61,-3.19,-0.37,2.4,-10.18,,,-5.26,-8.95,-3.19,,4,,,-9.1,8,3,2,2.43,-8.49,3.15,10.5,11.3,,,3,,-2,0.5,,-8.53,-10.03,,-13.17,,,0.01,,9.22,-7.75,,5.70,20,23,8,-1,0.52
UNLV,Air Force,-3.5,-6.34,,-8.25,-7.97,-12.03,-3.6,-7,-10.24,-4,-11.92,-8.5,-9.54,-8.02,-12.46,-7.43,-8.59,-8.95,-14.95,-14.32,-7.25,-8.03,-6.3,-9.06,,,-6.51,-5.8,-8.14,,-3,,,-3.87,-14,-5.5,-9,-14.16,-8.3,-7.94,-1.6,-30.5,,,-3,,-4.5,-14.8,,-11.11,-12.33,,-7.8,,,-7.32,,-32.12,-10.9,,3.22,29,28,8,-6,-7.88
Utah,Colorado St.,23,21.07,,24.52,17.43,22.11,20.72,23,25.14,22,22.89,26.5,21.51,14.24,21.23,,21.22,15.37,22.55,35.25,16.62,26.98,24.8,22.01,,,14.61,21.79,22,,18,,,21.94,24,23,23,24.12,24.87,25.06,10.9,27.35,,,20,,23,21.2,,19.14,15.94,,27.97,,,22.61,,26.22,11.6,,4.15,16,49,8,23,26.14
Virginia,North Carolina,-5,-6.09,,-10.13,-4.42,-5.57,-4.01,-13,-8.95,-8,-8.43,-5.5,-7.63,-10.18,-5.77,,-7.07,-7.2,-7.95,-12.93,-2.49,-4.8,-10.7,-14.41,,,-7.87,-10.12,-7,,-7,,,-9.36,-2,-5,-6,-1.09,-8.87,0.11,7.9,4.6,,,-1,,-5,-4.2,,-3.45,-9.94,,-10.28,,,-4.73,,5,-7.75,,3.96,13,16,8,-7,-4.74
Washington,Oregon St.,-15.5,-17.81,,-33.55,-14.12,-14.97,-18.8,-19,-14.09,-15,-23.49,-18.5,-20.68,-18.1,-17.54,,-18.41,-15.37,-22.15,-33.64,-18.57,-13.16,-12.1,-19.96,,,-15.46,-21.58,-17.54,,-17,,,-21.7,-16,-14,-16,-7.28,-20.66,-19.04,-2.5,-17.52,,,-14,,-15.5,-15.5,,-27.4,-34.34,,-32.69,,,-12.52,,-17.64,-15.35,,5.07,34,13,8,-16,-13.72
Washington St.,USC,-43,-35.52,,-50.45,-36.99,-43.08,-27.63,-42,-50.63,-29,-57.33,-33.5,-52.72,-39.44,-59.44,,-41.27,-38.4,-52.45,-48.57,-48.17,-26.58,-33.7,-46.12,,,-29.27,-40.77,-39,,-39,,,-28.72,-40,-41,-36,-46.28,-32.96,-38.23,-7.9,-51.75,,,-32,,-43,-41,,-48.58,-58.29,,-32.2,,,-37.38,,-66.66,-38.65,,9.46,69,0,8,-39,-35.04
Western Kentucky,Florida Atlantic,-2,4.06,,15.36,2.6,-1.61,7.51,2,-5.78,5,-0.17,6,3.63,-1.37,-2.9,,1.49,-1.74,5.65,4.5,4.92,-10.01,-3.6,0.89,,,7.1,5.79,1,,1,,,7.21,0.01,1,,-9.75,4.64,-2.38,,16.23,,,1,,-1.5,3.3,,-0.13,-3.45,,18.85,,,0.01,,16.04,-4.75,,4.61,24,20,8,3,0.68
Air Force,New Mexico,5,8.4,,15.1,4.71,0.83,7.94,10,7.65,7,3.43,10.5,8.83,11.72,5.88,0.27,5.91,3.81,-0.25,11.25,7.57,5.18,6.7,5.15,,8.2,6.11,8.28,6.74,9.25,2,8.53,8.75,10.1,8,5.5,0.01,9.76,9,-3.49,14.8,6.87,1.8,3.6,4,,5,1.8,,4.04,6.74,-5.98,8.2,6.8,8.28,2.48,,6.08,3.4,,3.91,10,23,9,7,8.04
Arizona,USC,-16,-10.99,,-12.28,-13.95,-13.67,-10.28,-10,-16.18,-10,-25.04,-14,-18.46,-10.85,-18.82,-13.18,-13.61,-10,-16.55,-14.56,-10.35,-11.37,-9.7,-14.66,,-9.66,-17.01,-12.61,-12.28,-8.28,-12,-7.54,-7.4,-9.44,-16,-14,-11,-17.51,-7.71,-16.39,0.5,-5.1,-18.02,-26.53,-13,,-15.5,-12,,-20.84,-24.75,-15.55,-13.86,-11.33,-12.1,-14.25,,-23.35,-16.4,,4.65,17,10,9,-8,-9.05
Arizona St.,Oregon,-3.5,-4.95,,-10.57,-3.29,-2.52,-5.96,-2,-5.15,-6,-8.66,-8,-3.82,-10.24,-0.58,-1.06,-5.28,-2.82,-6.85,-16.72,-9.42,-4.14,-4.1,-3.18,,-4.42,-4.91,-8.12,-5,-9.22,-9,-8.31,-7.87,-10.95,-5,-3.5,-4,-9.32,-9.3,-5.49,-1.6,-33.65,-2.15,-7.32,-2,,-3.5,-3.3,,1.9,-5.79,-19.69,-8.27,-15.62,-4.19,-2.39,,-26.29,-5.9,,3.49,54,20,9,-6,-2.86
Arkansas,Mississippi,-6,-2.72,,-3.56,-1.54,-1.95,3.14,-3,-2.82,-1,-9.18,1,-8.32,-3.51,-5.7,6.16,-2.26,-4.54,-5.35,-2.53,-2.78,13.44,-1.8,-7.31,,3.9,-1.22,-2.23,-2,4.88,-9,2.94,5,3.4,-1,-4,-2,3.8,0.19,2.07,-0.3,-22.32,-11.34,-8.81,5,,-5.5,-3.7,,-3.04,-15.19,-33.07,3.36,3.68,0.01,-0.01,,-22.8,-10.35,,5.47,23,21,9,-4,-1.89
Army,Louisiana Tech,2.5,-4.64,,4.69,-3.24,-2.9,-9.88,-5,0.7,-4,-5.88,-5,0.15,-12.88,-2.17,5.09,-2.98,0.55,-0.15,-10.56,3.58,-20.6,0.3,2.74,,-9.29,-1.62,-7.73,-2.25,-11.51,-1,-10.82,-9.59,-10.33,-3,2,-3,-4.84,-4.6,-5.74,7.2,0.11,4.35,-0.01,-2,,1.5,1.1,,5.38,,-10.83,-13.51,-18.48,-2.32,1.76,,-8.91,-4.6,,5.73,7,14,9,1,-1.67
BYU,UNLV,23,16.34,,18.33,18.96,25.3,14.15,18,33.84,21,28.61,23,18.58,21.36,26.95,23.19,22.05,16.51,27.95,32.84,16.89,27.03,24.3,20.24,,16.15,24.08,19.93,21.36,18.89,21,16.98,19.1,20.58,29,23,25,34.79,24.63,26,23.8,32.41,24.44,20.57,23,,23,21.6,,27.3,22.79,38.82,23.44,61.03,13.23,25.89,,33.31,14.35,,4.68,35,42,9,19,20.39
Ball St.,Eastern Mich.,24.5,31.3,,27.9,25.03,27.67,31.18,30,23.81,30,35.36,30.5,31.45,37.29,32.02,18.7,29.59,29.99,35.65,52.25,27.35,34.88,24.8,30.6,,30.64,25.64,36.66,30,37.08,28,31.45,32.63,37,29,23.5,28,22.45,36.29,21.22,6.8,34.73,33.88,25.8,19,,25.5,29.9,,27.55,30.3,29.82,44.11,87.59,21.83,26.25,,34.63,27.15,,5.96,16,38,9,23,29
California,UCLA,17.5,13.65,,25.28,12.98,7.85,10.4,18,20.71,18,21.25,14.5,17.64,9.59,21.4,9.73,15.41,9.84,15.55,20.69,13.06,3.56,10.4,19.67,,11.69,14.25,15.05,14.25,13.09,21,13.77,13.37,13.65,11,17.5,8,18.11,17.59,13,16.2,41.92,25.57,23.26,15,,17,7.3,,22.89,23.85,33.98,10.82,10.87,6.89,15.43,,41.09,11.3,,5.75,20,41,9,16,14.02
Connecticut,Cincinnati,-2.5,1.59,,5.87,1.5,-4.23,0.01,2,-1.59,3,0.67,1.5,2.85,5.62,-0.01,3.65,0.49,2.35,0.75,-2.88,3.12,-3.6,-4.6,2.12,,2.26,-1.43,0.77,0.82,-0.88,-2,1.47,-0.01,-0.01,-3,2.5,0.01,-3.43,0.82,-1.67,7.4,-0.11,1.81,-14.79,1,,-1.5,-3.1,,4.76,4.29,6.36,-4.07,-51.49,-1.35,1.93,,0.29,2.15,,3.57,16,40,9,1,0.37
Florida,Kentucky,26,13.59,,17,19.95,20.87,8.58,20,19.01,11,23.23,11.5,23.61,-0.77,21.62,19.87,17.08,17.25,20.05,15.69,20.03,14.11,22.2,18.48,,11.39,15,15.35,18.48,9.83,24,12.3,11.16,8.97,20,23,20,19.1,13.43,16.57,8.8,9.47,21.97,15.65,20,,24.5,23,,25,18.45,12.99,10.46,9.1,21.87,20.71,,12.61,12.35,,5.21,5,63,9,15,20.89
Florida St.,Virginia Tech,4.5,0.85,,8.06,2.79,2.39,1.26,2,1.46,7,4.03,-1,0.51,-0.3,-1.4,6.59,3,-1.3,4.85,0.38,6.84,1.37,6,1.27,,2.69,0.87,2.36,2.69,2.16,10,5.32,4.5,5.07,3,5.5,4,-3.46,2.95,3.26,2,7.94,-0.46,-2.82,7,,4.5,2.4,,9.22,-0.76,14.52,0.34,-1.48,4.05,2.98,,2.18,-4,,3.13,20,30,9,9,4.8
Georgia Tech,Virginia,14,8.91,,19.37,8.96,8.54,8.48,20,17.1,10,10.51,12.5,9.29,5.38,24.27,6.02,11.52,12.22,8.35,17.22,7.78,7.93,17.1,17.9,,7.41,10.46,9.81,10,12.61,15,9.86,12.03,11.7,15,13,6,11.25,13.15,3.71,5.6,13.61,20.56,8.98,10,,13.5,4,,16.74,11.52,29.83,10.06,14.97,8.89,5.99,,12.23,7.15,,5.29,24,17,9,13,9.41
Hawaii,Nevada,-4,3.85,,-12.19,1.42,1.92,9.42,1,2.37,3,0.39,3.5,-1.09,6.08,6.83,4.74,1.58,3.43,-1.05,8.97,-4.47,16.13,-5,1.33,,9.07,5.53,1.17,2.37,6.75,-10,3.43,2.73,4.28,7,-3.5,2,2.77,3.97,4.13,10.8,-1.43,-2,-13.72,1,,-3,-2.6,,-0.71,3.85,3.43,8.43,11.21,6.07,3.78,,2.4,1.15,,5.82,31,38,9,-5,3.75
Idaho,New Mexico St.,-12.5,-16.55,,-17.22,-10.8,-11.25,-17.82,-14,-13.79,-17,-24.02,-16,-16.19,-23.33,-15.89,-9.02,-15.3,-19.35,-13.25,-14.22,-10.28,-11.27,-6.2,-18.61,,-14.96,-14.38,-19.33,-14.95,-22.75,-11,-14.95,-15.39,-18.08,-10,-15,-16,-8.68,-8.49,-9.32,-1.3,-29.64,-26.51,-13.22,-10,,-12.5,-11.4,,-26.67,-28.14,-32.4,-28.59,-111.7,-8.91,-8.82,,-30.87,-19.35,,5.28,14,20,9,-13,-5.67
Indiana,Northwestern,-8,-13.68,,-20.82,-9.1,-12.4,-15.99,-12,-5.99,-11,-14.43,-13.5,-11.33,-14.79,-9.25,-8.1,-11.75,-10.2,-15.85,-32.81,-5.92,-8.59,-11.9,-12.36,,-15.67,-9.89,-18.86,-11.33,-17.3,-10,-17.6,-17.38,-19.68,-8,-9.5,-13,-0.48,-19.51,-3.45,-1.1,-20.35,-13.6,-6.95,-2,,-8,-16,,-6.83,-8.32,-23.16,-22.3,-62.34,-6.29,-7.74,,-20.71,-14.9,,5.56,19,21,9,-9,-9.46
Iowa St.,Texas A&M,3,3.83,,3.04,3.28,1.2,0.41,6,4.27,3,0.81,-2,7.51,0.94,1.45,1.22,2.38,6.36,3.75,-0.72,5.51,-2.64,3.6,4.04,,0.43,-1.03,0.58,2.45,-1.71,3,-0.48,-1.18,1.22,0.01,2.5,2,2.43,0.56,-2.22,1.9,-17.15,3.72,10.82,-2,,3,5.1,,-0.16,3.63,-8.55,-1.61,-91.01,6.06,-0.01,,-5.66,2.45,,3.13,49,35,9,4,5.29
Kansas,Texas Tech,1,-1.15,,-0.38,-2.49,2.58,-2.81,1,0.61,-3,-2.08,-5,0.87,-8.46,6.32,1.25,-1.05,-4.22,-1.15,-5.47,3.61,5.87,-1.5,-2.56,,-1.39,-2.39,-4.27,-1.97,-4.35,-3,-3.56,-2.72,-4.44,2,-1.5,-1,2.75,-1.97,3.41,3,-7.33,-3.24,14.47,-1,,0.5,2.5,,-4.6,-1.66,6.04,-9.55,-52.66,-2.13,0.6,,-7.47,-7.4,,4.06,63,21,9,-3,-2.21
Kansas St.,Oklahoma,-19,-18.63,,-24.39,-15.3,-23.21,-19.04,-17,-28.07,-19,-23.88,-24,-18.36,-24.24,-21.03,-9.64,-20.69,-23.25,-24.55,-30.31,-22.52,-20.29,-16.4,-24.18,,-17.86,-18.24,-19.75,-19.73,-16.75,-24,-13.62,-14.55,-16.99,-19,-19,-17,-24.3,-18.09,-20.11,-5.9,-24.71,-28.06,-14.65,-19,,-19,-24.1,,-28.02,-43.74,-41.26,-24.07,-146.8,-17.26,-19.73,,-26.91,-23.05,,5.18,58,35,9,-11,-14.84
LSU,Georgia,1.5,-2.64,,-1.19,-2.29,-0.01,-1.58,-1,-0.01,-2,-5.34,-4.5,-3.6,-4.75,-7.02,-0.55,-2.08,0.35,-0.95,-2.28,4.48,2.02,0.4,-7.46,,-1.82,-5.07,-4.11,-1.43,-0.91,-3,-1.6,-3.07,-1.29,2,1.5,2,4.69,-0.6,-1.46,5.7,-14.22,-9.83,-1.43,3,,1,0.1,,-2.71,-16.63,-23.45,-2.72,-48.96,6.26,-0.66,,-15.37,-2.15,,3.85,52,38,9,1,2.17
Louisiana-Monroe,Florida Atlantic,-1.5,-9.77,,4.36,-1.52,-0.31,-13.66,-2,3.16,-1,-10.76,-1,-6.03,-8.6,-4.75,0.49,-3.82,-5.88,0.85,-8.84,-3.39,-5.53,1.4,-7.18,,-10.16,-3.3,-7.55,-3.52,-10.48,4,-5.02,-5.46,-6.29,5,-1,-7,2.55,-3.52,-2.47,1.3,-14.51,-6.56,-1.14,-3,,-1.5,-2,,-7.54,-14.74,-21.99,-8.56,-108.8,6.14,-3.96,,-15.34,-10.6,,4.60,29,28,9,3,-1.12
Louisville,South Florida,-4,-10.04,,-10.98,-4.42,-4.12,-7.75,-6,-1.09,-5,-11.99,-6.5,-12.31,-6.13,-6.73,1.66,-6.1,-3.81,-1.55,-17.06,-0.16,-3.2,-7.8,-7.48,,-6.06,-4.81,-8.83,-6.06,-6.65,-10,-5.44,-5.61,-7.57,-3,-5,-4,-3.54,-9.19,-6.15,-1.4,-16.55,-8.1,-6.65,-6,,-4,-4.4,,-6.45,-10.67,-12.95,-10.17,-8.07,-3.03,-9.44,,-16.17,-7.85,,3.52,20,24,9,-3,-5.84
Maryland,NC St.,12,10.1,,19.28,10.64,17.13,10.45,19,13.42,14,10.73,16,9.96,8.05,17.69,8.92,13.43,11.72,15.35,22.84,7.82,13.52,10.6,15.93,,12.1,15.12,15.92,13.42,16.92,11,16.43,17.02,18.85,16,12,13,15.63,18.26,16.66,9.6,42.81,16.6,10.57,13,,12,14.8,,12.46,5.72,61.16,13.04,12.86,6.03,14,,43.24,7.15,,3.41,24,27,9,13,12.16
Memphis,Southern Miss.,-5,0.89,,7.35,-1.53,-0.42,2.57,2,-2.88,3,-2.41,2.5,-0.86,-2.43,-4.14,-5.42,0.85,1.03,-0.55,1.44,1.58,0.29,2.5,-0.26,,2.67,4.11,1.03,1.03,2.98,5,3.22,3.22,5.18,2,-4,1,-6.38,2.08,0.31,-0.5,-7.2,-2.55,6.77,2,,-3.5,0.7,,2.44,-4.04,7.18,5.48,4.98,0.31,-1.44,,-6.13,-1,,2.71,30,36,9,2,1.71
Miami (Fla.),Wake Forest,2.5,0.75,,-1.86,3.75,3.35,-1.44,7,0.4,1,2.61,0.01,2.91,2.73,-1.41,6.78,1.45,7.4,6.75,-3.16,6.62,-1.89,1.9,3.1,,-0.43,-2.13,-1.8,1,-1.41,6,-2.72,-1.96,-1.3,5,3,4,-3.66,-0.43,-2.64,-1,-11.58,5.87,7.57,1,,2.5,10,,2.16,-10.63,-30.31,1.17,-0.43,1.65,-0.72,,-8.05,0.45,,3.78,10,16,9,4,2.4
Miami (Ohio),Kent,4.5,8.4,,2.13,6,10.1,14.32,11,8.49,8,4.47,10.5,2.76,12.24,5.45,7.43,8.33,12.1,8.05,9.81,8.91,8.57,9.1,10.67,,12.64,8.72,7.77,8.4,18.27,7,10.63,11.42,13.03,9,8,10,8.75,7.64,10.18,12.9,-8.24,10.99,3.93,7,,5.5,8.1,,4.19,0.61,-5.43,11.57,166.14,6.37,5.6,,-8.88,7.5,,3.28,54,21,9,5,12.57
Michigan,Michigan St.,-4,-12.99,,-12.97,-5.22,-6.34,-13.69,-10,-5.25,-11,-13.19,-11,-12.27,-8.48,-6.9,-0.46,-9.55,-11.38,-7.35,-28.5,-9.14,-5.27,-5.9,-8.37,,-13.46,-11.88,-17.01,-9.14,-15.13,-10,-14.39,-16.01,-19.19,-6,-5.5,-8,-2.04,-17.08,-3.36,-3,-27.48,-8.25,-6.77,-3,,-5,-7.8,,-1.3,-14.76,-16,-23.78,-15.89,-1.78,-6.61,,-24.82,-13.95,,5.23,35,21,9,-7,-10.71
Mississippi St.,Middle Tenn.,10,3.96,,5.65,7.63,13.68,3.09,5,10.98,3,6.47,4,4.79,7.1,10.6,6.19,7.79,7.54,13.15,5.47,7,14.67,14.1,5.13,,6.74,5.17,4.5,6.71,2.44,17,6.71,4.88,2.75,16,13.5,16,10.65,6.13,11.36,10,17.31,5.15,11.3,11,,9.5,8.7,,4.45,5.28,26.42,9.41,6.33,8.37,7.56,,16.21,0.25,,4.02,22,31,9,5,12.76
Missouri,Colorado,24.5,14.85,,22.97,14.94,19.28,10.09,21,22.91,18,24.23,19,19.43,15.54,23.05,13.81,19.31,25.6,22.95,22.94,26.89,11.26,14.5,26.74,,9.93,16.49,13.68,19.28,12.22,25,10.49,10.25,12,23,21,15,22.26,17.08,22.81,8.4,18.75,28.79,36.79,21,,23.5,22.1,,29.49,17.37,14.6,10.55,64.63,8.63,21.3,,27.1,19.4,,6.40,0,58,9,17,16.63
Navy,SMU,12.5,22.43,,25.89,14.47,15.08,27.12,17,18.74,25,18.82,26,18.28,33.87,14.74,12.48,19.7,16.02,16.75,36.31,9.23,25.82,15,17.44,,25.24,17.77,24.63,18.28,32.36,8,25.58,24.96,29.85,18,12,18,20.24,25.4,13.33,8.3,6.61,15.89,20.19,15,,13.5,10.8,,12.63,27.81,8.81,33.68,139.94,11.6,21.56,,8.14,15.9,,6.72,7,34,9,13,23.73
Nebraska,Baylor,13,13.49,,11.44,11.92,10.89,11.53,18,11.24,13,12.22,17,16.12,12.36,16.52,10.54,12.71,13.45,8.85,22.94,9.08,10.7,11.2,16.74,,10.82,11.46,15.33,12.22,14.77,14,12.16,12.55,12.04,13,9.5,14,15.2,16.84,11.56,17.6,-0.82,19.94,9.45,14,,13,10.9,,22.87,1.94,5.93,11.34,63.35,11.77,14.03,,8.95,7.75,,3.40,20,32,9,9,12.72
North Carolina,Boston College,2.5,1.76,,-5.11,2.97,1.66,2.08,6,1.25,2,7.31,0.5,1.42,-1.22,3.28,-4.18,2.34,2.91,2.75,-0.03,5.47,-2.69,-1.1,7.78,,4.74,4.65,2.99,2.75,3.75,3,3.71,2.88,2.56,-1,2,3,-0.76,3.04,-3.89,-2.3,-5.67,7.41,-1.71,-2,,2.5,5.5,,-0.23,7.02,7.29,-2.46,-0.42,4.64,4.18,,1.46,-1.3,,3.52,24,45,9,1,2.36
North Texas,Troy St.,-24,-30.09,,-27.4,-19.69,-26.75,-32.13,-25,-26.28,-30,-38.35,-29.5,-28.57,-32.6,-28.48,-17.86,-26.9,-33.13,-32.25,-37.13,-29.54,-20.73,-16.7,-28.48,,-25.42,-23.58,-28.5,-27.62,-32.09,-20,-23.12,-23.76,-31.86,-28,-24,-25,-23.52,-21.59,-28.69,-3.8,-40.74,-32.8,-18.17,-19,,-24,-27.2,,-20.54,-38.56,-41.98,-40.42,-183.4,-17.58,-27.62,,-40.88,-31.5,,5.35,45,17,9,-22,-20.03
Northern Ill.,Bowling Green,8,6.86,,16.46,7.5,11.24,2.5,14,5.44,9,7.43,8,11.82,6.29,11.59,9,8.46,11.71,10.95,8.34,11.36,3.25,5.9,11.53,,2.42,11.3,5,8,4.68,12,2.8,4.58,4.59,9,7,9,-0.65,7.55,4.78,5.9,-13.81,14.78,25.27,5,,8,15.4,,9.71,-2.36,-1.19,7.59,12.25,4.22,7.74,,-11.23,5.95,,4.48,13,16,9,10,8.9
Ohio St.,Penn St.,-2,-1.34,,-8.8,-4.93,-1.64,3.61,-4,-3.81,-1,-9.45,-1,-8.14,-5.19,-6.77,0.52,-2.85,-4.31,-1.75,1.19,-4.47,4.73,0.3,-7.72,,5.24,4.97,-3.12,-1.64,7.9,-5,2.94,4.05,3.74,1,-1,2,-1.89,2.42,2.47,-9.4,-32.89,-12.66,-17.52,2,,-2,1.7,,-12.97,-16.92,-30.54,2.1,-43.86,6.49,-0.82,,-33.89,-11.4,,6.32,13,6,9,-5,-4.5
Pittsburgh,Rutgers,9.5,16.72,,19.96,11.21,9.27,19.05,21,8.9,14,15.4,13.5,14.54,22.5,8.45,4.59,14.7,15.34,11.05,32.59,12.42,15.33,13.5,18.9,,21.69,17.26,25.56,14,24.84,8,26.77,26.61,25.98,5,10,11,6.06,26.25,5.44,-2.5,17.94,18.85,14.57,7,,10,13.7,,19.28,10.49,17.87,25.07,21.84,5.57,6.19,,11.3,10.15,,6.78,54,34,9,11,11.22
Purdue,Minnesota,0,-7.13,,-13.67,-1.87,-6.34,-8.53,-11,1.28,-8,-6.72,-10.5,-5.78,-6.53,-2.12,5.96,-5.49,-10.15,-4.65,-19.97,2.93,-6.42,-5.8,-9.35,,-7.54,-8.42,-12.21,-6.42,-14.04,-5,-13.2,-12.71,-15.31,0.01,1,-5,6.15,-13.46,4.64,4.7,12.8,-10.66,8.73,7,,-1,-8.5,,2.15,-3.2,10.19,-15.32,-9.82,3.08,-0.12,,13.61,-6.7,,6.41,17,6,9,-5,-1.91
San Diego St.,Colorado St.,-8.5,-7.78,,-7.64,-2.57,-9.55,-12.07,-11,-8.44,-7,-10.74,-9.5,-4.06,-21.54,-8.59,-3.04,-8.93,-7.72,-9.45,-16.19,-11.84,-10.1,-2.4,-6.64,,-10.02,-8.04,-11.48,-8.44,-19.08,-7,-12.99,-11.41,-16.42,-6,-7.5,-7,-5.54,-8.99,-3.99,2.6,6.95,-12.15,-8.01,-6,,-8.5,-6.6,,-14.94,-14.97,-8.27,-18.18,-53.69,-9.52,-5.19,,4.93,-7.2,,4.16,38,34,9,-5,-1.64
San Jose St.,Boise St.,-7,-10.65,,-5.17,-11.98,-11.1,-9.93,-5,-14.87,-8,-13.65,-9.5,-11.35,-17.32,-7.99,-10.58,-10.88,-8.01,-16.55,-20.41,-5.16,-10.9,-8.7,-9.05,,-9.34,-8.37,-11.56,-11,-8.35,-12,-11.52,-9.13,-12.11,-12,-8,-13,-14.85,-12.97,-14.96,2.5,-18.37,-12.52,-13.5,-14,,-8,-7.1,,-9.95,-11.26,-18.17,-13.71,-64.08,-14.17,-12.84,,-16.28,-11,,3.45,33,16,9,-7,-8.26
TCU,Wyoming,30,34.94,,39.24,29.94,37.33,26.59,39,35.18,21,42.51,26.5,44.24,35.89,47.57,25.76,33.4,36.04,41.75,51.59,36.43,29.34,30.3,36.83,,26.47,31.22,33.77,34,31.73,33,25.72,27.78,30.66,38,31,34,28.49,36.39,28.42,25.6,25.74,43.79,37.7,28,,30,36.6,,37.88,24.86,14.31,34.27,169.33,20.24,28.72,,24.17,28.4,,6.55,7,54,9,30,34.89
Temple,Ohio,4,7,,6.22,6.01,6.25,7.95,9,1.83,4,5.96,2,6.04,10.89,8.1,-1.07,5.87,8.98,7.05,9,7,1.26,3.1,10.7,,6.93,6.79,5.71,6.15,9.83,2,4.27,4.67,6.15,1,5,7,2.62,7.76,5.72,2.3,-0.92,11.36,5.34,3,,4,7.6,,2.23,3.79,-2.11,1.56,112.23,3.89,6.9,,-0.17,6.7,,3.11,10,14,9,3,7.89
Tennessee,Alabama,-5,-15.17,,-14.73,-3.57,-1.67,-23.57,-6,-5.54,-11,-10.48,-14.5,-7,-26.91,-6.29,1.91,-10.45,-8.13,-3.45,-25.81,-10.84,-12.9,-13.8,-7.82,,-19.34,-11.77,-20.31,-8.13,-24.78,-7,-18.37,-20.04,-26,1,-6.5,-6,-1.41,-16.22,1.46,0.8,-22.76,-7.96,-23.93,-1,,-5,-0.2,,-5.02,-14.1,-13.62,-29.11,-125.4,-1.24,-2.63,,-22.87,-14.35,,8.12,29,9,9,-8,-4.11
Texas,Oklahoma St.,13,10.56,,19.51,11.29,11.02,7.59,15,10.77,16,15.05,20.5,12.97,4.72,16.05,12.06,12.14,13.45,11.15,4.91,9.16,14.62,8.3,14.88,,10.44,14.15,12.31,11.29,13.21,11,4.97,9.52,9.23,11,13,9,8.98,5.56,15.48,8.1,26.52,20.46,12.48,11,,13,8.8,,15.21,19.65,32.59,9.33,83.13,8.46,13.03,,26.6,9.15,,3.93,24,28,9,8,10.01
Toledo,Central Mich.,-4,-7.29,,-8.95,-2.57,-11.97,-8.45,-7,-5.36,-8,-7.52,-11.5,-6.4,-7.3,-3.77,-0.43,-7.42,-6.51,-7.25,-19.66,-8.48,-11.75,-9.1,-7.6,,-10.2,-5.92,-13.29,-7.29,-9.4,-4,-13.27,-13.85,-14.1,-7,-3.5,-9,-4.81,-12.52,-7.1,4.9,-7.49,-6.82,-5.75,-1,,-5,-14.4,,-1.23,-0.61,-11.57,-18.41,-7.99,-0.23,-7.22,,-9.6,-8.1,,4.10,24,23,9,-5,-1.03
Tulane,Rice,3,-8.43,,-0.59,-1.81,-1.8,-13.36,-5,-1.17,-8,-8.88,-11,-3.6,-12.81,-4.21,-1.43,-4.82,-5.96,-5.75,-16.72,3.91,-5.57,1.7,-8.37,,-9.18,-7.43,-7.23,-5.75,-15.38,3,-10.05,-8.63,-12.75,-2,2.5,-6,-1.73,-9.35,-0.01,6.1,-7.87,-9.57,11.33,2,,2,-3.6,,5.51,-10.56,-24.54,-14.25,-75.3,2.66,-3.3,,-9.31,-9.7,,5.84,42,17,9,1,-1.03
Tulsa,Central Florida,23.5,19.26,,24.25,18.21,16.85,21.27,21,23.9,30,32.51,31,17.34,28.43,27.7,25.08,24.14,22.27,32.45,43.13,,20.24,18.9,29.65,,23.28,21.13,27.46,24.08,28.5,27,26.49,26.46,29.59,19,21,23,14.88,30.75,16.34,18.8,47.42,34.93,30.16,18,,23.5,19.2,,39.45,20.21,70.7,36.62,127.85,2.63,20.17,,47.08,20.5,,6.25,19,49,9,25,19.69
Utah St.,Fresno St.,-15.5,-10.26,,-19.09,-12.66,-15.74,-10.31,-8,-16.09,-14,-15.14,-16,-10.41,-17.17,-15.37,-9.7,-13.95,-12.87,-12.65,-22.13,-13.26,-22.27,-15.7,-9.92,,-8.56,-9.78,-15.06,-14,-11.51,-17,-12.29,-11.43,-14.41,-16,-18.5,-21,-21.47,-12.78,-18.52,-7.3,-29.03,-12.36,-19.31,-14,,-15.5,-9.8,,-15.27,-14.48,-25.42,-17,-57.21,-18.65,-13.97,,-28.27,-15.3,,3.77,30,28,9,-14,-8.09
Vanderbilt,Duke,10,4.75,,5.98,8.03,15.71,4.14,16,13.96,12,2.81,17.5,5.31,3.17,13.35,4.86,9.98,9.74,10.85,13.22,14.19,11.73,13.5,11.81,,3.99,9.86,7.41,11.6,11.73,13,12.09,11.6,9.67,16,10,15,16.3,12.49,16.2,11.1,49.78,12.56,14.64,13,,10,15.5,,3.21,-1.85,39.17,0.42,10.7,11.12,10.04,,52.62,1.05,,4.48,10,7,9,7,10.03
Washington,Notre Dame,-11,-12.01,,-27.31,-6.85,-6.58,-13.54,-12,-6.04,-11,-13.19,-11,-10.48,-17.2,-6.87,-2.37,-10.73,-10.19,-8.45,-25.34,-7.11,-11.57,-13.1,-9.59,,-13.73,-6.4,-20.02,-11,-17.48,-16,-20.81,-17.5,-22,-1,-11,-10,-1.53,-16.91,-4.78,1.8,-13.89,-9.95,-11.79,0.01,,-11,-10.9,,-4.7,-16.46,-12.88,-27.82,-61.18,2.84,0.76,,-14.3,-12.95,,6.03,33,7,9,-13,-6.91
West Va.,Auburn,3.5,2.62,,7.75,2.5,6.69,4.52,1,5.35,1,2.97,1.5,0.49,2.66,-5.38,4.81,3.26,-0.62,4.75,2.56,5.94,3.4,8.6,-0.96,,6.06,0.83,4.31,3.4,3.76,7,1.47,4.03,4.02,10,3,4,5.86,3.23,1.17,11.5,0.98,-5.47,12.24,5,,3.5,5,,-0.66,-5.71,-16.8,9.47,-0.52,1.86,4.93,,-0.99,-1.1,,3.78,17,34,9,3,9.62
Wisconsin,Illinois,-2.5,-1.31,,-4.37,1.68,-5.16,0.29,-4,2.88,0.25,-0.72,1.5,-3.55,-2.74,-5.09,6.19,-1.5,-1.71,-2.35,-3.91,-6.12,-3.16,-3.8,-5.3,,0.69,-3.16,-3.28,-1.79,0.6,-4,-0.01,-0.5,-1.69,-1,-1,0.01,6.72,-1.79,3.95,1.3,1.25,-9.35,-3.8,3,,-2.5,-5.1,,-4.23,1.48,-4.57,-6.91,-2.27,12.53,-1.36,,1.24,-3.65,,3.17,17,27,9,-3,1.34
Alabama,Arkansas St.,23.5,32.14,,27.01,25.34,31.93,37.31,26,30.62,26,25.99,29,27.79,44.28,26.52,17.97,28.82,27.19,30.65,48.29,30.24,37.78,34.3,26.35,,35.29,26.19,33.58,28,38.7,24,33.26,31.98,37.79,29,23,33,28.85,32.95,23.45,7.5,,27.96,21.18,20,,24.5,28.5,,21.96,28.89,14.88,,29.88,19.35,25.95,,,,,6.57,0,35,10,16,27.7
Arkansas,Tulsa,-7,-8.43,,-15.87,-13.91,-6.76,-7.45,-17,-12.83,-17,-20.63,-10.5,-9.37,-16.03,-7.19,-0.37,-10.38,-7.83,-13.75,-24.11,-9.59,-5.87,-6.9,-14.63,,-7.04,-6.52,-16.77,-10.24,-13.62,-9,-10.33,-12,-14.45,-8,-7.5,-11,-7.46,-14.53,-10.24,-7.1,,-20.01,-11.18,-5,,-7,-6.2,,-14.14,-5.72,-1.46,,-12.46,6.35,-5.55,,,,,4.89,23,30,10,-9,-8.37
Army,Air Force,-8.5,-14.93,,-8.6,-10.63,-13.73,-14.02,-15,-13.48,-10,-14.89,-15,-15.83,-17.41,-16.99,-8.93,-12.47,-4.8,-16.15,-29.36,-6.91,-20.58,-9.1,-8.3,,-12.55,-5.53,-16.73,-12.73,-16.92,-5,-17.81,-16.7,-16.99,-14,-9,-10,-21.16,-17.55,-12.17,-11.7,,-9.63,-17.06,-11,,-9,-9.1,,-11.72,-12.73,-20.25,,-4.67,-9.44,-11,,,,,4.95,16,7,10,-8,-6.33
Baylor,Missouri,-21,-14.75,,-20.91,-16.27,-20.49,-14.16,-15,-22.24,-17,-25.07,-21,-15.98,-21.84,-24.47,-13.02,-18.76,-19.19,-21.75,-30.43,-16.52,-18.48,-17.1,-22.35,,-11.25,-15.12,-17.52,-18.48,-16.79,-23,-13.83,-14.9,-16.43,-24,-19.5,-16,-24.22,-18.58,-24.25,-11.3,,-29.61,-20.29,-20,,-21,-12.4,,-25.09,-23.07,-37.53,,-16.64,-15.26,-21.49,,,,,4.75,31,28,10,-16,-11.04
Boston College,Clemson,3.5,10.18,,15.49,4.28,1.81,11.27,12,4.55,7,9.29,9.5,8.96,12.05,7.66,-0.85,7.92,7.34,1.75,18.82,7.17,10.5,7.2,9.76,,11.85,10.75,10.64,7.66,15.68,7,13,14.29,15.25,1,3,4,3.68,14.64,4.17,4,,9.85,7.93,3,,4,4.7,,9.28,2.13,5.04,,2.46,5.83,2.1,,,,,4.46,27,21,10,6,6.47
Bowling Green,Kent,6.5,12.31,,4.2,9.54,7.65,14.16,12,11.68,12,11.24,14,10.57,13.64,6.77,7.08,9.3,7.42,5.85,18.18,3.23,4.45,5.5,11.24,,14.69,8.31,13.25,9,17.78,4,13.91,13.99,15.05,7,9.5,3,11.19,12.16,10.26,7.5,,10.29,7.74,9,,6.5,1,,7.41,8.29,-8.57,,2.73,7.54,7.85,,,,,4.11,30,45,10,6,10.83
California,Oregon,3,1.52,,8.26,2.47,-1.11,-0.16,1,3.94,5,3.32,2.5,3.73,-4.05,1.23,2.21,1.5,-1.09,-0.45,-2.25,-0.84,-2.73,1.9,0.19,,3.24,0.51,3.36,1.23,1.37,7,3.99,4.46,2.38,-4,3,0.01,-0.53,3.06,-3.88,2,,1.08,8.62,0.01,,3,-2.5,,3.6,0.96,-4.15,,-1.97,-1.57,0.95,,,,,3.11,16,26,10,3,1.03
Central Florida,East Carolina,-4,-7.47,,-10.65,-4.84,-3.1,-8.16,-2,-5.03,-7,-11.69,-6.5,-6.78,-10.13,-4.23,-7.15,-6.57,-3.85,-9.15,-15.93,-7.63,-7.63,-9.6,-6.75,,-6.24,-4.31,-9.28,-6.78,-8.14,-4,-9.15,-7.98,-8.81,1,-3,-3,-1.57,-9.92,-4.45,7.8,,-7.6,-2.22,-3,,-4,-9,,-11.45,-14.8,10.49,,-13.74,-2.08,-4.62,,,,,3.23,13,10,10,-6,-5.16
Cincinnati,South Florida,-2.5,0.98,,-7.83,-4.81,-1.96,5.06,1,0.1,1,-2.07,1,-2.99,5.57,5.35,-0.27,0.05,-0.39,-3.25,-0.04,0.78,2.52,-0.3,1.56,,4.31,5.1,-0.41,0.78,6.77,-6,2.8,3.14,4.57,1,-2.5,1,1.67,1.11,-0.64,3.7,,-0.97,-6.28,-2,,-2,-3.6,,-5.52,-6.35,8.7,,0.82,1.81,-0.77,,,,,3.49,10,24,10,-2,1.09
Colorado St.,BYU,-14.5,-9.16,,-14.32,-10.49,-14.43,-3.69,-7,-21.07,-11,-16.69,-11.5,-14.03,-11.53,-13.6,-15.72,-12.29,-5.5,-18.75,-19.36,-11.8,-18.47,-15.4,-10.66,,-3.37,-7.98,-10.8,-13,-6.3,-14,-6.35,-7.53,-7.67,-13,-14.5,-18,-20.31,-13.21,-18.81,-6.6,,-15.72,-16.77,-14,,-14.5,-11.9,,-11.17,-14.79,14.93,,-10.18,-6.54,-18.1,,,,,4.58,45,42,10,-13,-5.44
Connecticut,West Va.,-4,6.36,,5.43,4.26,-5.87,8.82,13,-4.99,7,7.78,8,4.07,15.34,5.7,0.4,4.51,7.97,0.01,17.89,0.93,2.42,-6.3,12.95,,9.16,9.25,7.38,5.43,12.7,-8,9.79,10.46,11.89,-2,-2.5,0.01,-8.2,11.56,0.75,2.5,,13.11,-19,2,,-3,3.3,,10.68,8.8,31.25,,1.76,-0.3,1.17,,,,,7.14,35,13,10,2,3.92
Georgia,Florida,-6,-1.05,,-11.63,-11.4,-8.05,5.69,-7,-9.04,-6,-15.53,0.01,-14,8.84,-6.52,,-4.91,-5.35,-13.9,-0.11,-2.85,2.26,-3.1,-8.87,,2.39,-5.79,-4.48,-5.9,6.84,-4,0.42,0.74,2.96,-7,-6.5,-3,-8.41,-0.28,-6.38,-5.7,,-13.93,4.97,-7,,-6,-8.2,,-8.65,-12.38,-15.54,,9.57,-8.91,-10.99,,,,,6.10,49,10,10,-4,-8.95
Georgia Tech,Florida St.,2.5,1.87,,-0.62,3.27,1.27,-0.45,5,6.98,0.25,-1.89,3,3.86,-0.43,7.67,-0.62,0.77,1.59,-1.75,0.39,-3.23,0.12,-1.4,5.18,,0.18,-0.61,0.27,0.12,-0.01,1,-1.25,-1.83,-1.56,2,-1.5,-4,7.11,0.9,-4.61,4.3,,6.99,11.67,-2,,2,-4.2,,4.71,0.61,6.98,,-0.63,-1.32,-1.28,,,,,3.50,28,31,10,1,-0.17
Idaho,San Jose St.,-16.5,-19.4,,-18.7,-19.99,-19.53,-16.2,-19,-26.15,-14,-27.24,-17,-23.77,-16.5,-21.19,-13.92,-17.94,-18.79,-21.65,-23.61,-12.74,-22.31,-11.1,-21.86,,-15.08,-10.3,-21.06,-17.87,-19.38,-13,-15.64,-16.36,-17.87,-18,-16.5,-18,-21.58,-14.36,-12.97,-1.1,,-29.18,-16.05,-9,,-16.5,-19.2,,-23.52,-28.28,-17.58,,-4.52,-10.85,-15,,,,,4.51,30,24,10,-15,-16.29
Illinois,Iowa,2.5,-1.49,,-5.83,-3.68,0.48,0.58,2,1.96,-1,-0.33,0.5,-5.8,0.7,3.1,-3.36,0.03,-2.14,-1.95,-4,3.9,2.24,0.3,2.37,,1,-3.43,-2.44,0.48,2.26,-3,1.19,0.17,0.22,5,2.5,1,5.92,-0.22,2.78,6.1,,2.87,-1.67,6,,2,-4.7,,5.42,-4.55,-7.1,,-0.34,0.49,0.35,,,,,3.11,24,27,10,1,-5.2
Indiana,Central Mich.,2.5,-0.1,,-8.47,2.75,-2.3,-4.28,-6,-3.38,-2,-4.38,-6,3.46,1.88,-0.01,3.14,-2.22,-2.65,-0.65,-9.79,-0.71,-3.58,-7.3,-4.57,,-2.94,-3.34,-4.94,-3,-7.56,-4,-6.56,-7.79,-7.61,-3,2.5,1,2.51,-6.21,-4.4,-1.9,,-3.57,1.3,1,,1.5,-4.4,,7.64,2.12,8.55,,-1.2,0.28,1.44,,,,,3.93,37,34,10,1,5.08
Kansas,Kansas St.,9,8.13,,11.3,7.03,12.58,7.99,12,15.09,9,3.71,11,8.32,7.67,13.85,6.02,9.62,7.53,6.15,14.82,8.26,16.86,10.3,9.12,,9.32,9.16,9.05,9.06,9.47,7,8.95,9.59,9.28,14,10.5,11,16.26,11.55,14.75,10.6,,8.62,13.06,13,,9,8.7,,9.06,5.57,2.35,,1.49,8.75,7.59,,,,,2.99,21,52,10,6,7.44
LSU,Tulane,27,25.47,,20.57,19.25,34.26,28.23,21,29.74,23,23.83,26,22.76,36.8,28.6,26.05,26.65,23.37,30.25,44.61,30.66,39.31,26.9,20.69,,26.63,22.75,24.81,26,30.68,28,25.23,23.91,29.65,36,24,35,32.08,31.25,27.84,8.1,,21.17,24.11,25,,27,31.6,,18.83,21.73,-7.38,,17.54,25.78,27.75,,,,,5.99,10,35,10,18,23.31
Louisiana Tech,Fresno St.,-4.5,-6.95,,-7.83,-4.19,-6.8,-7.1,1,-8.84,-5,-6.99,-8,-7.17,-4.4,-3.11,-8.33,-6.2,-1.43,-5.85,-14.93,-5.83,-5.19,-10.3,-2.91,,-5.08,-3.97,-8.66,-6.99,-7.78,-9,-8.31,-7.54,-9.25,-5,-5,-8,-12.63,-8.51,-10.11,-1,,-3.3,-3.41,-8,,-4.5,-0.9,,-7.03,-8.15,-1.8,,-2.74,-1.75,-8,,,,,2.90,35,38,10,-4,-4.65
Louisiana-Lafaye,Florida Intl.,7.5,-0.16,,6.75,4.49,4.59,-3.74,6,4.89,6,3.78,7.5,3.48,-2.31,5.56,10.14,5.02,-0.92,3.95,-1.79,3.18,5.44,9.4,4.52,,-0.54,5.09,3.85,5,0.89,10,2.1,3.97,1.39,8,6,5,8.55,4.08,6.39,7.2,,5.37,12.5,10,,7,3.4,,15.34,0.16,23.64,,-2.18,6.43,6.34,,,,,3.98,20,49,10,8,7.59
Louisiana-Monroe,Troy St.,-10,-20.67,,-12.23,-11.72,-9.28,-26.12,-14,-6.47,-16,-18.25,-18,-15.76,-25.33,-15.25,-7.4,-15.14,-17.12,-11.25,-32.36,-7.81,-16.48,-10.9,-16.58,,-20.18,-13.63,-20.4,-14.36,-28.44,-6,-19.21,-19.65,-23.33,-9,-10,-13,-6.33,-18.74,-9.88,-3.6,,-16.12,-9.05,-11,,-10.5,-11.7,,-19.27,-28.55,-21.41,,-27.4,-8.26,-13.77,,,,,6.11,30,31,10,-10,-14.36
Marshall,Houston,-7.5,-9.89,,-12.69,-11.11,-6.35,-5.29,-9,-9.88,-7,-4.02,-8.5,-14.59,-4.64,-10.51,-7.45,-8.31,-9.49,-9.85,-16.25,-6,-3.03,-5.6,-12.02,,-4.78,-5.72,-9.55,-8.24,-4.1,-11,-4.88,-4.24,-4.68,-3,-8,-9,-7.65,-8.62,-5.53,-2.5,,-15.19,-12.11,-9,,-7.5,-12,,-20.72,-21.57,-27.54,,-2.15,-0.75,-8.24,,,,,3.98,23,37,10,-8,-4.76
Michigan St.,Wisconsin,5,10.32,,10.69,8.03,4.13,10.7,12,7.24,11,6.49,12.5,9.93,6.37,9.5,3.25,7.91,6.89,3.45,19.18,7.06,8.62,5.6,7.37,,12.92,12.22,13.4,7.37,13.61,10,13.35,15.01,15.77,5,5.5,4,1.57,14.85,2.05,4.6,,6.13,-1.33,2,,5,4.4,,2.23,0.9,20.18,,2.18,4.08,5.89,,,,,4.41,24,25,10,8,9.39
Minnesota,Northwestern,7,6.86,,7.2,4.4,9.47,8.03,13,8.34,8,5.96,10,5.63,11.54,10.16,1.53,7.71,10.5,6.15,11.96,9.05,9.37,7.9,10.87,,8.36,11.07,7.64,8.34,12.72,9,8.81,9.39,10,9,7,10,8.62,9.3,4.33,0,,11.82,2.02,4,,7,11,,2.98,0.36,0.8,,2.06,4.95,5.6,,,,,3.03,24,17,10,7,2.37
Mississippi,Auburn,6.5,8.17,,5.67,7.77,3.1,9.35,11,0.31,5,8.84,6.5,6.87,11.25,2.09,0.84,6.47,11.59,3.65,15.21,9.89,-1.42,6.8,11.81,,10.89,9.22,9.3,7.77,10.04,6,9.51,9.12,10.28,3,4,4,-6.23,9.86,-6.04,4.1,,11.66,4.31,0.01,,6.5,9.1,,13.58,9.16,-2.13,,1.68,2.35,0.58,,,,,4.53,7,17,10,5,9.17
Mississippi St.,Kentucky,2.5,-8.52,,-5.18,-8.63,-4.21,-8.17,-4,-7.59,-6,-11.88,-8.5,-8.87,-12.54,-7.44,-1.01,-5.39,-5.76,-2.85,-20.25,-0.76,-4.37,2.5,-8.04,,-6.47,-6.69,-11.58,-6,-8.52,1,-8.38,-11.12,-11.7,0.01,0,1,-9.91,-10.94,-2.68,2.5,,-9.32,6.39,-2,,1,-4.7,,-7.73,-8.45,-7.68,,-2.84,3.09,-5.37,,,,,4.80,14,13,10,-2,-1.93
Navy,Temple,7,12.03,,13.71,5.6,11.13,14.69,8,14.12,9,9.13,12,9.52,19.96,5.96,13.68,11.04,6.34,14.45,22.43,11.58,18.51,8.7,4.72,,14.92,9.71,13.19,11,15.53,11,16.64,14.28,17.14,14,7,15,14.99,16.39,-0.31,8.4,,4.03,8.98,9,,8,11,,8.65,5.3,7.1,,3.53,11.55,7.84,,,,,4.61,27,33,10,8,9.2
New Mexico,Utah,-8,-15.11,,-18.54,-10.89,-13.02,-17.33,-13,-16.15,-13,-12.32,-17.5,-13.55,-20.4,-10.79,-0.2,-12.32,-10.7,-8.75,-26.57,-3.78,-13.98,-14,-11.27,,-14.49,-8.79,-17.64,-12.61,-15.16,-11,-16.55,-15.51,-19.58,-11,-7.5,-9,-15.18,-16.66,-5.09,0.9,,-11.61,-11.91,-6,,-9,-10.9,,-12.88,-14.21,-1.29,,-15.21,-12.61,-8.58,,,,,4.75,13,10,10,-11,-11.38
New Mexico St.,Boise St.,-21.5,-24.87,,-15.95,-20.89,-27.83,-23.59,-22,-28.02,-20,-29.11,-23,-26.45,-28.37,-25.53,-19.65,-23.58,-26.5,-31.55,-41.79,-27.99,-28.91,-24.1,-22.75,,-22,-18.04,-25.04,-23.59,-22.14,-23,-22.91,-21.16,-25.57,-26,-20,-26,-28.63,-26.78,-21.5,-2.5,,-26.56,-19.02,-15,,-21.5,-28.5,,-15.5,-24.87,-31.84,,-17.72,-18.43,-23.13,,,,,5.07,49,0,10,-17,-23.55
Notre Dame,Pittsburgh,5,4.7,,2.84,6.02,11.17,3.7,6,8.53,5,2.85,3.5,5.71,3.66,2.97,2.07,4.79,7.21,10.35,6.29,8.28,9.48,1.3,6.06,,5.49,0.79,2.18,4.28,3.61,10,2.1,2.5,5,3,6.5,7,8.29,3.74,1.5,-0.4,,7.44,4.28,0.01,,5,11.4,,-0.82,0.72,-18.98,,0.63,6.6,4.2,,,,,3.05,36,33,10,5,3.83
Ohio,Buffalo,1.5,-4.68,,-3.57,-3.95,-1.47,-7.88,1,-1.37,-2,-5.26,0.5,-1.4,-5.67,1.42,4.79,-2.03,1.32,-2.85,-9.79,-2.5,0.44,-4.3,-1.99,,-7.79,-2.03,-7.39,-1.99,-7.21,-3,-6.56,-7.67,-8.35,2,2.5,2,-0.96,-5.9,1.71,8.3,,-0.36,5.33,2,,1,-0.4,,2.6,-3.92,-20.97,,-2.72,1.89,-1.2,,,,,3.82,32,19,10,1,0.43
Oklahoma,Nebraska,21.5,13.77,,18.42,14.27,20.23,15.48,17,25.12,21,14.74,23,11.6,22.45,22.78,13.53,18.21,18.17,21.85,17,17.24,23.17,17.4,16.79,,14.99,14.93,15.02,17.53,19.51,20,13.35,14.69,16.95,23,21,17,22.47,13.7,22.73,8.5,,18.77,19.14,21,,21,15.9,,17.53,14.01,5.87,,29.33,18.57,22.47,,,,,3.48,28,62,10,18,14.69
Oklahoma St.,Iowa St.,30,30.57,,30.02,27.08,35.54,35.16,35,30.15,34,34.62,37,25.87,35.03,33.45,22.94,33.28,43.72,37.65,52.21,37.54,31.07,31.8,32.09,,32.49,32.02,36.06,34,42.64,35,33.54,35.14,39.27,35,31,32,21.63,36.97,28.24,15.2,,34.76,30.84,27,,30.5,42.3,,35.83,35.92,53.02,,31.48,21.34,29.69,,,,,5.39,17,59,10,27,32.69
Oregon St.,Arizona St.,15,16.19,,27.77,14.69,15.82,15.5,21,13.57,16,21.93,17.5,17.14,22.04,21.76,11.3,17.73,19.65,21.15,33.79,20.4,10.94,12.5,18.57,,14.65,18.33,16.27,17.31,20.32,16,15.87,15.95,18.79,20,9,15,9.08,21.07,13.53,10.8,,19.11,32.6,12,,15,20.4,,22.27,17.31,15.72,,3.9,11.63,13.82,,,,,4.95,25,27,10,16,18.16
Purdue,Michigan,1.5,7.01,,4.69,6.99,3.2,8.67,8,4.79,7,6.96,4.5,5.26,9.45,2.68,1.59,5.85,8.09,4.05,11.89,6.06,0.94,2.7,8.29,,7.09,7.28,6.65,6.65,9.47,4,4.48,7.18,8.71,9,2,5,3.85,7.14,3.55,1.6,,8.53,-0.19,8,,2.5,6.8,,9.5,4.76,16.59,,2.29,3.13,2.58,,,,,2.63,42,48,10,4,8.79
South Carolina,Tennessee,5.5,8.34,,12.32,4.7,3.15,12.61,8,1.87,5,8.67,7,3.54,13.91,4.07,3.01,7.04,7.73,1.05,18.93,7.86,3.56,10.2,6.36,,12.37,7.35,10.77,7.35,13.06,2,10.56,12.68,14.23,6,5,5,0.59,11.95,-1.19,5.5,,5.32,9.41,4,,5.5,3.3,,9.52,3.67,7.48,,2.81,8.21,2.69,,,,,4.27,6,27,10,8,8.94
Southern Miss.,UAB,8.5,6.58,,8.84,9.15,8.49,3.79,10,12.89,9,11.44,8.5,9.41,4.9,12.77,10.89,8.98,8.37,11.25,7.36,6.91,11.51,6,10.56,,5.24,5.64,7.03,9,6.65,7,4.34,5.41,3.81,12,8.5,9,16.25,7.47,9.18,12.2,,13.17,12.63,12,,8.5,7.7,,13.11,10.82,14.86,,0.22,12.19,9.93,,,,,2.65,14,70,10,7,10.4
Stanford,Washington St.,30.5,21.86,,32.75,22.18,23.22,16.83,32,29.4,22,30.04,22.5,27.1,26.89,28.19,7.98,23.78,28.05,29.55,30.14,34.52,16.15,21.1,27.67,,15.99,19.03,24.31,23.74,23.02,26,17.26,18.4,19.9,23,27,25,22.34,21.52,19.45,12.4,,37.51,30.17,16,,29.5,22.1,,25.27,24.91,39.09,,14.62,11.23,23.74,,,,,5.98,0,58,10,25,24.64
Syracuse,Louisville,-13.5,-9.75,,-23.89,-7.4,-14.93,-12.64,-11,-15.09,-15,-12.55,-15.5,-7.05,-22.75,-10.9,-10.57,-14.54,-13.52,-17.45,-26.36,-9.96,-22.52,-15.9,-9.16,,-12.3,-11.08,-17.24,-14.4,-17.71,-17,-16.41,-16.77,-19.2,-13,-13,-16,-15.63,-17.85,-17.95,-8.9,,-11.55,-29.83,-14,,-13.5,-14.4,,-17.73,-12.16,-16.68,,-15.5,-13.31,-9.07,,,,,5.10,21,28,10,-15,-8.01
Texas A&M,Colorado,3.5,-2.94,,3.47,1.21,-1.76,-8.21,3,-4.89,1,-2.6,-0.5,1.58,-7.45,2.39,7.43,-0.83,-1.07,3.15,-11.46,0.48,-6.1,-2.3,2.1,,-5.99,-0.25,-5.08,0.1,-6.8,7,-5.93,-5.84,-8.13,3,2.5,2,-4.71,-3.42,2.41,4.9,,1.92,4.33,4,,3,0.1,,7.96,-3.2,4.68,,-3.35,-12.57,4.22,,,,,4.67,17,24,10,4,1.38
Texas Tech,Texas,-3.5,-6.59,,-7.95,-5.98,-5.78,-8.46,-1,-8.72,-7,-10.5,-11.5,-4.95,-3.12,-3.8,-4.94,-5.34,-11.89,-5.95,-0.61,-6.94,-12.94,-2.6,-2.7,,-6.44,-6.99,-7.08,-5.78,-11.86,1,-2.44,-5.06,-6.47,1,-4,-2,-5.28,1.36,-2.94,2.6,,-6.31,-14.57,2,,-3.5,-4.3,,-2.4,-18.34,-11.31,,-28.19,-2.21,-1.8,,,,,4.23,33,39,10,2,-6.38
UNLV,TCU,-14,-16.55,,-21.62,-16.61,-21.3,-15.32,-17,-22.82,-19,-24.77,-20.5,-17.97,-23.63,-18.72,-16.97,-18.72,-17.92,-22.95,-33.29,-10.12,-21.99,-20.6,-17.6,,-12.78,-18.66,-19.44,-18.72,-18.67,-17,-14.95,-16.57,-19.38,-23,-13,-21,-21.74,-21.46,-20.8,-8.7,,-22.21,-13.2,-16,,-15,-19.4,,-22.14,-23.19,-35.57,,-21.71,-6.32,-16.71,,,,,4.05,44,14,10,-17,-15.05
USC,Washington,46,35.55,,59.2,38.48,40.25,31.01,45,41.04,34,49.47,36,47.11,39.28,44.03,32.24,40.78,34.38,44.95,51.93,47.83,33.42,42,41.94,,31.28,41.37,42.89,41.1,41.08,46,36.9,37.31,42.04,44,43,37,37.04,39.03,41.1,25.8,,49.68,44.23,38,,45,42.2,,53.19,48.27,71.61,,17.17,21.18,36.97,,,,,6.30,0,56,10,42,38.53
UTEP,Rice,-2.5,-4.21,,-9.49,-4.59,-7.98,-4.59,-6,-2,-4,-3.01,-6.5,-3.9,-3.29,0.93,1.78,-3.36,-4.68,-4.45,-9.25,-3.86,5.21,0.3,-3.79,,-1.82,-3.71,-4.18,-3.79,-4.86,-2,-3.21,-2.75,-5.44,-4,-1.5,-4,-3.32,-4.17,0.01,3.8,,-2.62,-6.75,-3,,-2.5,-7.4,,-3.17,-10.94,8.8,,-2.54,3.55,-0.65,,,,,2.82,49,44,10,-3,-0.16
Utah St.,Hawaii,-6.5,-11.25,,-7.49,-10.02,-10.55,-13.66,-9,-10.26,-10,-12.34,-13,-9.48,-11.99,-10.01,-10.07,-10.7,-10.19,-7.65,-20.32,-3.69,-22.6,-3.6,-9.61,,-12.6,-8.76,-15.63,-10.26,-13.71,-3,-12.71,-12.87,-15.28,-15,-7.5,-14,-12.74,-12.9,-10.9,-1.8,,-10.93,-4.37,-10,,-7.5,-8.7,,-13.26,-14,-16.66,,-3.66,-15.34,-6.92,,,,,3.83,14,30,10,-6,-9.74
Virginia,Miami (Fla.),2.5,4.51,,1.78,0.01,5.4,6.12,3,0.34,1,-0.96,3,3.06,3.35,2.56,3.13,3.52,3.98,2.85,4.96,6.29,9.5,1.2,-0.14,,7.43,6.96,5.97,3.25,7.38,2,4.97,7.01,5.96,3,-1.5,7,3.36,6.08,3.68,2.4,,-3.4,-3.08,1,,2.5,9.9,,3.25,-2.91,-16.2,,0.75,3.48,4.58,,,,,3.09,24,17,10,1,3.16
Wake Forest,Duke,7.5,0.3,,-0.29,2.61,9.28,0.44,6,10.95,5,-0.63,7.5,0.17,3.33,5.12,3.63,4.97,2.65,4.35,-0.64,4.98,1.44,10.4,5.14,,0.8,5.45,1.16,4.11,4.25,3,3.92,3.86,2.94,12,7.5,7,18.28,4.11,16.88,13.9,,3.79,13,15,,7,3,,3.84,-0.62,14.88,,-0.21,5.34,6.68,,,,,4.27,30,33,10,5,-0.24
Western Kentucky,North Texas,17,17.36,,21.07,18.88,18.79,15.83,17,18.26,22,25.66,21.5,18.95,16.87,17.58,15.05,17.1,18.47,23.85,9.04,21.47,4.51,8.2,17.17,,15.4,16.06,17.91,17.58,16.68,13,,14.79,18.45,19,17,,10.58,8.76,21.39,,,19.9,14.75,15,,17,20.4,,11.04,15.21,26.58,,20.61,4.62,19.44,,,,,4.22,51,40,10,17,17.7
Western Mich.,Eastern Mich.,17.5,18.44,,15.78,16.4,17.14,20.25,23,13.58,23,18.96,23.5,16.82,15.35,16.58,12.56,18.95,17.74,20.25,31.54,14.17,22.19,16.6,21.88,,20.69,20.62,23.8,18,27.16,16,22.71,25.99,27.29,20,16,16,9.82,23.96,16.16,6.6,,22.2,19.58,13,,17.5,17.1,,15.83,17.93,28.16,,4.36,14.55,15.47,,,,,4.15,10,31,10,18,18.52
Wyoming,San Diego St.,5,0.27,,5.11,-2.01,1.27,4.7,8,2.04,5,-1.8,6.5,-4.57,8.53,-0.61,3.6,4.3,-1.54,1.15,2.61,2.58,12.89,3.1,0.79,,6.86,6.17,5.05,3.6,13.39,-2,10.7,10.57,11.65,3,4.5,3,2.35,6.12,7.24,7.4,,0.59,-0.01,12,,5,3.7,,12.31,1.78,11.33,,-1.17,6.71,3.97,,,,,4.58,10,35,10,2,2.29
Air Force,Colorado St.,10,12.48,,19.16,11.42,10.91,9.35,17,12.06,14,16.38,16.5,15.31,10.31,14.88,12.51,12.39,10.77,13.75,21.19,12.86,15.15,13.7,13.21,,9.96,13.01,13.43,12.97,13.74,5,12.09,14,14.24,14,9.5,12,13.49,16.47,12.97,9.2,,14.59,2.8,10,,10.5,14.5,,10.87,5.07,21.89,,1.15,5.07,11.61,,,,,3.34,17,38,11,14,10.81
Akron,Toledo,6,8.92,,11.11,8.92,5.87,7.91,14,7.63,13,14.84,13,9.93,6.16,11.66,3.57,9.43,7.34,9.25,14.94,8,6.27,6.7,11.57,,9.34,11.11,12.19,9.25,11.01,5,12.37,12.44,12.63,10,5,6,5.31,12.26,3.74,3.5,,9.39,23.57,4,,6.5,6.6,,12.4,7.26,3.51,,-0.37,3.48,7.9,,,,,3.83,30,47,11,9,10.96
BYU,San Diego St.,36.5,27.15,,36.47,23.99,33.54,27.19,38,38.37,32,41.32,33,27.31,37.51,36.67,29.07,33.42,23.61,36.45,48.78,41.7,39.63,26.7,29.56,,27.54,31.65,34.91,33.57,41.02,31,33.61,36.2,39.65,32,35.5,35,31.54,36.08,31.96,26.3,,33.57,37.28,33,,36.5,29.4,,37.53,33.42,49.81,,13.09,20.36,34.72,,,,,5.26,12,41,11,32,38.96
Ball St.,Northern Ill.,10,15.29,,8.74,10.42,11.09,19.22,13,11.28,13,17.25,13,11.32,23.33,12.15,6.87,14,15.96,12.15,29.22,16,25.6,10.9,9.84,,17.09,10.66,17.74,13,21.52,13,17.75,17.66,21.39,19,9,15,13.97,20.02,9.92,9,,8.34,12.77,10,,10,13.8,,8.97,5.62,4.79,,14.58,10.19,9.88,,,,,5.01,14,45,11,10,17.06
Boise St.,Utah St.,34.5,30.37,,33.53,29.57,26.48,27.06,37,33.76,31,41.01,31.5,33.64,32.96,37.3,30.23,32.91,27.16,30.65,49.63,40.73,41.98,27.7,34.53,,25.97,33.36,35.03,32.96,33.15,34,31.59,33.45,37.64,36,31.5,33,34.34,36.84,29.8,21.4,,38.41,44.43,31,,34.5,26,,38.22,28.72,44.02,,19.02,29.23,29.92,,,,,5.18,14,49,11,32,29.34
Boston College,Notre Dame,3.5,1.85,,5.36,0.75,0.31,1.72,1,2.48,3,6.11,4,2,8.48,4.19,7.3,2.95,0.92,0.75,1.63,5.31,1.7,3.3,1.53,,2.17,0.99,1.1,1.91,1.43,1,0.98,1.41,1.08,12,3,1,4.02,1.91,8.95,8.8,,2.72,7.46,7,,3.5,-4.9,,1.58,-4.58,5.15,,-0.33,3.65,4.88,,,,,3.10,0,17,11,5,1.83
Buffalo,Miami (Ohio),9,16.59,,16.82,15.63,13.98,16.55,16,11.84,17,24.48,16,16.62,12.6,13.93,7.61,14.66,15.96,15.85,24.16,4.94,9.94,10.7,17.84,,17.18,16.24,18.82,15.76,21.59,11,17.26,19.62,20.22,13,8,12,9.9,18.76,11.31,5.6,,15.76,5.01,8,,10,21.9,,14.92,15.52,3.87,,3.19,7.39,13.94,,,,,4.63,17,37,11,10,10.14
Central Florida,Southern Miss.,-3,-1.15,,-6.71,-2.92,1.66,-0.42,-1,-0.9,-4,-3.65,-1,-1.96,-0.89,-3.25,-9.88,-2.11,-1.46,-10.35,-1.69,0.32,6.55,0.01,-6.87,,2.35,-3.18,-0.01,-1,0.01,-4,1.47,2.36,2.73,3,-1,0.01,-0.63,-0.93,0.88,4.7,,-4.46,-12.14,-1,,-3,-3.5,,-13.68,-14.14,-2.16,,-10.78,7.74,-1.8,,,,,4.17,17,6,11,-5,-0.57
Colorado,Iowa St.,10,11.38,,8.11,6.56,12.84,17.75,12,10.29,12,15.88,15,5.34,17.8,12.77,5.43,12.15,10.65,7.75,23.56,11.88,14.07,8.3,9.51,,17.11,12.29,16.26,12,23.18,6,18.24,18.86,20.99,13,9,12,10.85,16.73,11.54,8.5,,8.97,11.04,12,,10,11.7,,8.1,7.4,21.31,,5.95,14.67,10.15,,,,,4.55,24,28,11,7,7.84
Duke,NC St.,3.5,16.52,,21.31,16.72,2.95,14.94,15,3.84,15,21.79,14.5,18.04,12.45,5.77,6.96,11.42,10.95,7.35,27.22,8.53,10.77,3.2,16.8,,16.24,15.89,18.29,14.4,18.69,-1,18.17,17.34,19.42,5,5.5,4,1.79,18.98,3.84,3.1,,17.3,-3.43,5,,4.5,6.6,,15.55,16.18,23.51,,2.92,-0.61,7.9,,,,,6.93,27,17,11,6,14.4
East Carolina,Marshall,8.5,11.29,,14.75,8.74,7.44,9.19,11,11.85,9,14.12,8.5,13.27,10.9,17.93,2.34,10.04,5.52,6.95,15.53,3.81,14.29,10.3,10.59,,11.37,7.74,12.1,10.03,8.51,9,10.28,10.03,9.53,8,9.5,8,12.91,13.02,12.09,15.5,,16.97,2.18,11,,8.5,6.2,,14.26,13.64,17.79,,2,9.6,11.8,,,,,3.65,16,19,11,8,8.53
Florida Atlantic,North Texas,22.5,14.07,,12.59,16.18,18.34,11.74,21,23.5,20,23.97,19,16.97,17.93,17.38,10.61,17.63,12.85,18.15,13.16,24.3,17.95,12.1,18.86,,12.67,16.51,17.45,17.38,16.92,17,15.17,16.72,16.93,20,21,19,19.68,11.67,24.22,14.3,,26.62,21.15,19,,21.5,15.7,,14.27,18.94,32.86,,33.15,12.02,22.72,,,,,3.84,13,46,11,17,14.82
Florida Intl.,Arkansas St.,-2.5,2.47,,-7.11,-0.12,-2.36,3.85,4,0.13,-2,-2.51,-1,1.13,4.38,3.86,-9.09,-0.52,3.68,-0.35,0.34,2.42,0.58,5,1.42,,2.78,-1.73,-0.83,-0.12,4.6,-7,0.01,-0.52,2.5,-2,-3,-1,-3.43,0.22,-3.68,2.3,,2.86,-10.55,-4,,-2,-0.8,,-9.22,-4.45,-2.48,,1.98,3.5,0.95,,,,,3.92,21,22,11,-4,2.59
Florida St.,Clemson,4,8.4,,15.45,5.56,3.85,11.07,12,3.6,10,14.94,9.5,5.82,8.93,4.78,1.19,8,7.49,4.35,17.75,9.48,7.68,8.1,9.81,,11.8,10.12,10.18,8.4,14.66,7,12.93,12.86,15.53,1,7,4,1.81,13.93,2.9,0.9,,10.48,1.68,5,,4.5,4.6,,9.24,5.19,6.43,,3.68,8.65,2.3,,,,,4.23,27,41,11,9,7.12
Fresno St.,Nevada,-1,1.99,,-0.35,0.25,1.81,6.34,3,4.56,9,2.1,8,-2.18,10.26,1.81,3.07,3.42,1.64,1.15,6.38,5.06,11.67,1.9,2.53,,6.68,5.69,3.91,2.53,8.29,1,6.85,6.97,8.66,6,2,2,8.6,5.61,8.36,4.4,,-0.38,-1.03,2,,0,-1.5,,-3.44,-3.95,-16.58,,1.62,2.46,4.08,,,,,3.67,41,28,11,-1,2.15
Houston,Tulane,16,13.28,,15.04,12.22,13.51,12.33,16,17.87,17,19.49,18.5,14.32,19.24,17,13.46,14.72,12.6,15.95,20.66,14.62,13.85,15.5,13.52,,9.87,12.7,12.39,14.71,17.63,15,12.02,12.45,15.5,23,14,15,13.57,14.71,14.22,5.9,,18.31,16.54,15,,16,17.9,,11.18,5.35,-1.17,,14.64,9.2,16.55,,,,,2.89,14,42,11,14,11.2
Indiana,Wisconsin,-9.5,-5.16,,-11.14,-7.09,-11.41,-2.42,-9,-11.27,-4,-7.35,-5,-8.19,6.52,-8,-9.27,-7.42,-8.13,-13.05,-14.94,-7.5,-5.81,-9.1,-9.95,,-0.27,-2.91,-4.78,-8,-3.88,-4,-3.42,-2.38,-2.23,-11,-9.5,-12,-13.29,-7.54,-11.39,-2.6,,-11.31,-9.22,-9,,-9.5,-11.4,,-9.75,-16.67,5.06,,-0.56,-7.21,-10.22,,,,,4.14,55,20,11,-5,-7.22
Iowa,Penn St.,-7.5,-13.81,,-11.8,-7.01,-12.8,-17.44,-10,-12.7,-13,-16.63,-17,-7.97,-21.87,-10.79,-4.04,-12.92,-13.9,-11.95,-17.09,-11.02,-19.63,-15.9,-12.53,,-13.12,-15,-15.68,-12.7,-20.68,-12,-15.64,-15.06,-18.46,-11,-8,-11,-13.72,-10.8,-12.76,-5.4,,-15.17,-8.64,-9,,-8.5,-11.3,,-9.97,-12.71,-25.97,,-16.4,-15.06,-8.63,,,,,3.74,23,24,11,-9,-10.9
Kentucky,Georgia,-12.5,-7.87,,-8.3,-7.02,-9.76,-6.3,-6,-8.24,-3,-7.15,-4.5,-9.25,-3.59,-10.02,-6.7,-7.66,-6.73,-10.05,-9.53,-8.17,-9.13,-9.3,-7.7,,-4.67,-6.14,-7.1,-7.7,-6.32,-15,-5.51,-5.48,-5.46,-9,-9.5,-12,-5.24,-7.28,-8.51,-2.7,,-11.48,2.65,-6,,-11.5,-8.4,,-11.28,-17.41,-10.62,,-13.83,-4.8,-7.83,,,,,2.99,42,38,11,-4,-9.45
LSU,Alabama,-3,-8.38,,-6.58,-5.71,-3.5,-9.51,-8,-2.75,-13,-3.41,-14.5,-7.53,-9.19,-7.28,2.66,-5.78,-7.8,-7.15,-4.59,-2.29,-4.93,-7.2,-6.75,,-6.01,-10.8,-9.42,-6.58,-13.73,-1,-8.8,-9.11,-10.03,1,-2.5,-6,2.83,-3.11,-0.96,3.2,,-10.05,-4.78,3,,-3.5,-10.2,,-0.17,-6.73,-32.32,,-24.28,6.45,-1.64,,,,,4.22,27,21,11,-4,-3.66
Louisiana-Lafaye,UTEP,10,7.4,,14.26,9.57,14.41,5.6,16,3.83,14,11.42,12.5,9.24,7.41,7.87,2.32,9.58,11.36,9.75,11.91,7.46,2.71,11.4,8.89,,5.63,9.12,8.9,9.31,9.31,11,7.06,7.94,8.63,11,9,10,3.6,9.9,5.81,11.9,,1.51,16.02,12,,10,18.9,,15.79,4.8,13.41,,-0.5,9.24,8.08,,,,,3.95,37,24,11,11,10.82
Michigan St.,Purdue,9.5,14.46,,15.32,11.8,12.69,13.93,19,9.81,16,16.72,19.5,15.01,10.21,11.32,9.73,13.91,13.43,13.45,30.44,13.56,15.24,13.7,11.67,,15.4,15.73,18.91,13.43,19.96,12,20.13,21.52,21.13,11,11,13,8.63,22.53,10.29,4.1,,10.51,12.57,8,,10.5,12.4,,8.76,7.55,21.77,,2.06,10.32,11.93,,,,,4.49,7,21,11,12,15.12
Middle Tenn.,Louisiana-Monroe,4.5,7.01,,3.45,4.45,1.89,8.22,6,5.29,5,8.94,5,5.86,12.97,7.17,3.62,5.62,3.55,3.05,5.56,7.65,6.96,2.9,6.16,,7.93,2.17,4.72,5.58,9.91,4,5.25,4.87,6.15,4,4.5,4,4,5.58,1.44,7.2,,9.93,7.63,6,,4.5,2.5,,10.04,6.29,8.5,,23.05,6.07,7.16,,,,,2.58,21,24,11,2,5.86
Minnesota,Michigan,7.5,16.79,,24.86,13.74,11.84,18.37,22,9.28,19,21.36,20,15.12,20.27,9.49,1.73,15.24,16.81,12.25,37.5,10.9,10.56,16.5,18.5,,18.04,19.05,22.32,15.12,25.85,12,22.16,25.07,26.85,13,9,11,2.22,25.75,3.78,-0.8,,21.22,4.83,8,,8.5,14.8,,13.83,9.53,17.25,,5.49,4.43,8.35,,,,,7.11,29,6,11,10,15.21
Missouri,Kansas St.,26.5,16.9,,26.69,20.42,26.31,15.45,25,29.34,28,28.43,27.5,18.82,22.68,30.15,16.32,23.56,21.26,29.15,29.44,28.35,21.83,22,26.48,,16.79,25.27,20.39,23.32,18.43,26,18.52,20.31,20.66,27,25,20,26.31,23.32,25.07,11.9,,32.91,37.38,21,,26.5,26.5,,26.37,25.76,33.66,,14.45,13.78,22.03,,,,,5.10,24,41,11,21,16.37
Nebraska,Kansas,1.5,3.01,,2.22,2.91,-4.24,2.42,3,-0.73,5,5.9,4,3.73,8.82,2.46,-2.07,1.7,4.2,0.65,1.94,4.67,-6.79,-2.4,4.13,,3.99,4.94,2.39,2.46,1.87,3,3.01,3.22,2.75,-5,-2,-3,-2.33,2.25,-7.18,2.2,,8.81,-2.61,-1,,1.5,2.1,,8.15,4.22,1.56,,0.13,2.14,-2.61,,,,,3.79,35,45,11,1,3.59
New Mexico St.,Hawaii,-3.5,-7.26,,2.75,-7.46,-9.9,-5.21,-3,-10.27,-1,-2.15,-3.5,-9.54,1.86,-7.69,-10.62,-5.1,-5.02,-10.85,-10.31,-5.17,-8.22,-4,-4.61,,-4.87,-1.76,-6.79,-5.17,-2.92,3,-2.58,-2.67,-2.67,-11,-3.5,-6,-13.45,-5.4,-8.88,2.6,,-4.98,5.16,-3,,-3.5,-5.6,,-3.37,-14.1,-11.41,,-2.36,-5.48,-7.57,,,,,4.10,42,30,11,-1,-9.07
North Carolina,Georgia Tech,4,5.34,,3.34,7.73,7.54,3.51,8,1.92,5,10.82,2.5,7.13,5.74,5.44,2.83,5.66,7.07,8.95,6.47,9.11,2.13,0.4,7.55,,5.08,6.16,6.05,5.74,5.39,3,5.6,5.04,4.91,4,4,7,-1.66,5.77,7.02,0.4,,8.87,-5.49,6,,4,14.3,,4.55,6.04,9.29,,0.65,2.3,7.3,,,,,3.12,7,28,11,4,8.38
Northwestern,Ohio St.,-11,-2.12,,-0.42,-0.9,-13.52,-2.43,-1,-15.06,-2,-1.38,-3,-1.81,-0.92,-13.72,-6.3,-6.4,-6.55,-13.75,-2.44,-6.87,-9.9,-10.8,-3.83,,-0.93,-5.14,-0.5,-5.88,-2.86,-14,0.57,-0.01,-0.88,-11,-11,-8,-17.42,-1.82,-16.83,-6.3,,-10.12,-11.94,-10,,-11,-11.3,,-5.88,-6.12,-26.8,,-3.13,-12.57,-14.65,,,,,5.17,45,10,11,-3,-1.71
Ohio,Bowling Green,-3,-3.6,,-4.6,-2.38,-3.16,-4.75,-1,-1.03,-2,1.01,-3,-2.45,1.52,-1.64,0.48,-1.79,-0.99,-5.15,-9.19,0.83,3.3,-4.8,-0.75,,-3.62,-2.34,-5.66,-2,-6.1,1,-5.44,-5.94,-5.93,3,-2.5,-2,0.25,-4.32,-0.01,1.5,,0.63,1.66,0.01,,-3,-3.1,,1.64,-1.84,-25.36,,-1.67,0.37,-2.47,,,,,2.84,28,3,11,-2,0.63
Oregon,Stanford,13.5,7.47,,9.62,10.13,11.84,7.01,11,15.4,11,14.69,11,8.08,14.13,14.41,5.01,11.36,8.75,12.85,14.56,10.44,7.92,9,11.27,,7.61,8.36,8.93,10.95,9.61,13,8.6,8.7,9.47,17,12,9,20.38,10.95,16.3,13.6,,14.76,26.44,17,,13,9.8,,15.15,11.02,20.68,,2.59,8.37,13.37,,,,,3.91,28,35,11,11,10.19
Pittsburgh,Louisville,6,11.13,,5.12,10.27,7.21,9.99,14,2.91,12,14.01,11.5,12.19,7.92,3.71,3.71,8.51,10.35,6.15,16.38,8.54,6.97,6.1,11.31,,10.05,10.81,12.48,9.99,13.58,2,12.65,12.8,12.28,6,7,11,1.44,14.38,3.75,2.5,,5.39,-12.86,7,,6,10,,8.98,11.47,-6.62,,0.44,5.92,9.74,,,,,5.13,7,41,11,4,11.41
Rice,Army,10,14.28,,8.01,14.26,11.19,14.75,24,11.7,21,16.09,22,13.94,14.38,11.69,14.75,14.19,9.27,12.65,24.66,14.35,17.04,8,13.84,,14.47,18.51,17.84,14.26,23.33,14,18.73,20.58,21.6,13,10,9,15.37,19.16,13.35,9.1,,15.29,4.96,15,,10.5,6.7,,11.25,11.03,7.99,,3.45,4.56,15.75,,,,,4.64,31,38,11,11,11.75
Rutgers,Syracuse,14.5,11.61,,22.19,10.43,17.57,9.72,16,16.56,12,18.09,12.5,13.45,13.47,15.34,15.43,14.85,15.81,17.35,16.84,11.74,13.64,15.1,12.35,,9.34,11.23,11.03,14.05,12.3,13,8.95,9.68,12.45,23,14.5,21,17.19,14.05,21.96,5.1,,16.15,16.95,20,,14.5,20.1,,15.88,10.58,-0.95,,15.41,15.73,17.68,,,,,3.79,17,35,11,13,13.04
SMU,Memphis,-2.5,-7,,-18.55,-4.22,-3.92,-8.57,-2,-2.39,-8,-5.16,-7,-5.46,-9.51,-3.83,-1.58,-5.91,-3.25,-6.05,-10.34,-3.85,-6.59,-3.6,-3.38,,-5.65,-2.34,-8.11,-5.16,-12.33,-5,-5.79,-6.68,-9.51,-2,-1,-3,-3.01,-5.24,-6.9,-2.4,,-3.68,-19.85,-6,,-2.5,-1.6,,-11.62,-9.02,9.57,,-23.92,1.61,-3.7,,,,,4.10,31,26,11,-5,-3.76
San Jose St.,Louisiana Tech,7,10.1,,8.87,7.12,7.16,8.78,10,11.35,7,11.84,10.5,11.49,8.76,15.31,7.23,8.47,7.14,6.65,13.63,10.47,5.78,6.6,8.43,,8.84,8.35,9.63,8.84,12.11,9,9.72,10.39,11.94,9,8.5,6,9.29,11.11,4.12,14.4,,13.1,-2.57,6,,7,7.3,,11.07,3.72,17.23,,3.3,1.02,8.86,,,,,3.03,21,0,11,8,7.76
South Carolina,Arkansas,13,10.05,,19.41,11.53,11.68,7.39,12,12.08,11,14.06,10.5,12.38,6.23,12.88,6.06,11.23,7.04,11.45,15.63,9.88,6.32,11.6,10.28,,7.93,9.91,11.39,11,8.61,16,8.11,9.25,9.41,12,11,12,10.14,12.17,11.38,2.2,,14.95,27.2,10,,13,10.8,,10.76,11.02,3.52,,2.2,10.75,11.42,,,,,3.86,21,34,11,14,9.13
Tennessee,Wyoming,26.5,18.65,,13.74,22.94,23.97,10.04,21,29.61,11,24.86,11.5,27.86,14.87,30.24,19.04,19.27,18.08,24.65,19.84,32.12,17.28,17.6,21.11,,9.48,13.02,13.93,18.25,11.59,23,8.18,7.47,9.41,27,25.5,25,28.4,15.29,24.26,14.1,,31.3,31.29,17,,25.5,16.5,,21.69,18.25,33.5,,2.87,13.74,23.34,,,,,6.94,13,7,11,17,17.62
Texas,Baylor,27.5,27.49,,35.23,24.36,26.57,29.5,32,31.03,31,37.24,37,25.28,39.1,30.2,21.88,30.11,29.88,26.35,40.84,32.28,34.91,24.5,30.98,,26.91,30.14,33.92,30,39.17,26,28.16,32.53,34.36,30,24,26,31.22,29.3,30.09,20.5,,39.61,37.18,28,,27.5,22.7,,35.94,24.94,30.89,,45.21,23.37,27.64,,,,,4.96,21,45,11,26,26.06
Texas A&M,Oklahoma,-27.5,-19.15,,-27.44,-22.7,-27.31,-16.23,-25,-32.98,-25,-27.52,-27.5,-22.48,-20.3,-23.48,-14.51,-23.38,-24.1,-32.15,-30.06,-23.6,-19.24,-24.3,-24.79,,-13.85,-15.57,-22.14,-23.6,-19.83,-29,-14.88,-16.92,-19.88,-25,-25,-22,-29.41,-18.83,-24.94,-7.3,,-28.75,-21.15,-19,,-27,-30.8,,-25.61,-34.51,-23.39,,-32.59,-23.55,-25.29,,,,,5.06,66,28,11,-26,-18.14
Texas Tech,Oklahoma St.,3.5,7.09,,10.46,2.75,3.3,11.76,7,0.01,10,7.69,13,3.54,14.53,10.69,1.6,6.93,1.03,2.05,5.53,0.01,11.38,5.7,7.66,,11.98,8.85,7.79,7,10.52,5,8.46,8.69,9.6,6,3,5,0.33,5.77,7.23,5.9,,5.25,6.82,9,,4.5,1.7,,11.48,5.35,-2,,-12.41,5.8,6.85,,,,,3.75,20,56,11,5,6.4
Troy St.,Western Kentucky,17,17.92,,14.33,12.92,19.56,19.61,25,18.59,19,21.72,19,16.28,19.91,25.09,12.16,19.13,26.23,18.05,28.09,15.37,24.61,17.5,21.3,,15.42,18.85,16.88,18.9,29.06,18,,18.68,20.96,24,18,,23.06,19.9,17.98,,,20.63,8.9,17,,17,20.8,,19.56,18.23,15.32,,17.67,20.93,18.9,,,,,4.31,7,17,11,17,16.29
UCLA,Oregon St.,-8,-9.7,,-23.15,-9.84,-9.39,-8.18,-11,-13.69,-10,-15.68,-11,-11.33,-9.07,-10.84,-7.57,-11.14,-9.79,-12.95,-25.47,-5.94,-4.5,-6.5,-15.1,,-5.69,-9.31,-10.04,-9.84,-9.29,-10,-7.61,-7.45,-8.78,-10,-6.5,-8,-11.59,-13.94,-11.53,1.5,,-21.55,-24.89,-10,,-8,-6.7,,-19.75,-23.68,-12,,-3.27,-5.65,-8.9,,,,,5.16,34,6,11,-9,-8.82
UNLV,New Mexico,-4.5,0.01,,0.49,-2.28,-6.83,-0.18,1,-7.29,-1,-2.5,0.5,0.25,-1.72,-4.6,-1.87,-3.34,-2.43,-10.05,-4.28,-2.45,-6.03,-7.8,-3.1,,0.96,-2.99,-1.96,-2.45,-0.7,-3,-0.01,-0.19,-0.98,-6,-3,-7,-4.86,-2.41,-11.26,2.4,,-5.05,-6.16,-3,,-4.5,-7.4,,-5.68,-8.03,-8.52,,-0.99,3.78,-4.03,,,,,3.11,20,27,11,-2,0.43
USC,California,21,13.49,,19.04,17.52,20.05,10.55,20,19.82,17,25.77,17,23.61,12.93,23.93,22.79,18.27,16.77,22.15,11.66,25.14,17.17,18.4,21.37,,9.77,21.57,12.4,18.4,13.25,13,8.81,9.14,12.24,26,18.5,16,20.98,9.06,21.22,20.2,,25.97,31.17,19,,21,17.2,,26.43,21.11,36.03,,3.2,11.62,20.97,,,,,5.66,3,17,11,17,15.34
Utah,TCU,-2,0.92,,-3.89,-1.03,-0.57,7.01,1,5.09,3,6.18,3.5,-4.41,8.65,1.42,-2.13,1.18,-3.02,-2.85,2.63,1.51,5.4,2.4,1,,7.68,4.88,4.52,0.92,5.16,-6,8.6,7.33,8.49,0.01,-1,-2,5.05,4.08,-0.33,4.8,,0.35,-14.34,-1,,-2,-4.3,,-0.62,-1.94,-6.15,,-5.51,4.57,0.42,,,,,4.66,10,13,11,-1,0.01
Vanderbilt,Florida,-23.5,-12.9,,-22.35,-19.66,-28.24,-7.9,-15,-21.53,-13,-25.2,-14.5,-23.32,-5.78,-23.02,-19.76,-18.66,-19.16,-29.25,-15.03,-19.75,-18.07,-19.2,-18.54,,-8.11,-17.42,-16.14,-19.2,-9.08,-24,-7.96,-10.55,-10.99,-25,-23,-22,-19.32,-9.75,-24.68,-5,,-22.4,-24.65,-18,,-23,-27.2,,-25.53,-25.87,-26.96,,-1.57,-15.83,-21.81,,,,,6.29,42,14,11,-17,-17.38
Virginia Tech,Maryland,3,6.15,,4.33,6.8,2.46,3.3,7,6.11,4,6.8,5.5,8.39,6.03,7.28,7.43,4.79,7.15,5.25,3.75,6.97,5.79,3.4,6.85,,3.9,0.12,2.13,5.99,4.18,-2,0.84,2.88,2.97,12,3.5,6,8.17,4.36,6.81,6.2,,9.55,-16.31,7,,3,6.8,,6.05,4.66,14.05,,0.97,3.32,5.99,,,,,4.40,13,23,11,2,7.59
Wake Forest,Virginia,3.5,3.46,,8.36,5.48,-0.43,3.52,6,4.45,7,8.22,6,3.42,6.94,8.31,3.83,4.31,0.58,0.75,5.47,0.19,1.93,3.9,6.39,,4.03,0.88,4.26,4.69,5.79,-2,6.71,6.02,5.23,4,3.5,1,7.17,5.5,6.25,4.1,,4.69,9.7,8,,3.5,-7.1,,7.42,3.18,12.9,,-1.04,0.98,4.67,,,,,3.34,17,28,11,6,4.96
Washington,Arizona St.,-14.5,-6.76,,-18.79,-5.96,-8.92,-4.83,-10,-8.55,-7,-6.5,-6.5,-8.84,-4.57,-12.72,-9.4,-8.69,-6.65,-10.25,-11.66,-10.12,-6.18,-11.8,-7.75,,-2.66,-3.34,-7.97,-8.55,-5.77,-13,-4.88,-3.63,-4.8,-8,-14,-12,-5.42,-6.04,-12.81,-4.3,,-8.58,-24.48,-9,,-13,-9.3,,-10.87,-15.73,-35.3,,-11.54,0.16,-6.7,,,,,4.16,39,19,11,-13,-8.99
Washington St.,Arizona,-40.5,-22.7,,-43.82,-30.08,-31.18,-11.87,-34,-38.82,-25,-33.23,-21,-36.62,-15.27,-43.41,-19.88,-28.29,-30.31,-43.85,-32.06,-36,-12.74,-25,-32.57,,-9.52,-19.6,-25.66,-29.51,-17.52,-42,-13.97,-14.91,-15.9,-33,-38,-30,-33.14,-21.88,-27.52,-6.4,,-45.4,-46.3,-20,,-39.5,-29.2,,-34.64,-39.28,-34.25,,-14.54,-11.3,-29.51,,,,,10.39,59,28,11,-40,-21.85
West Va.,Cincinnati,7,4.31,,9.24,7.85,13.78,1.77,4,9.31,4,7.53,3,6.71,1.3,5.19,11.01,6.01,6.84,12.45,2.91,8.38,4.21,9.5,3.57,,4.08,6.47,4.27,6,0.32,10,3.22,2.03,1.24,11,8.5,8,9.37,4.52,5.46,9.7,,0.14,-0.44,7,,7,12.1,,5.12,2.09,6.61,,-1.24,6.57,7.88,,,,,3.55,26,23,11,6,7.21
Western Mich.,Illinois,-7.5,-0.86,,-3.14,-7.91,-9.87,4.37,-1,-11.21,-2,0.37,6,-6.56,4.89,-12.19,-8.02,-3.45,0.31,-11.25,-0.47,-8.06,-2.48,-3.7,-7.01,,3.81,0.47,1.6,-3.7,8.56,-4,4.55,7.73,8.41,-5,-7.5,-8,-13.55,1.31,-5.11,-2,,-9.83,-6.6,-3,,-7.5,-3.9,,-14.49,-19.74,-6.53,,0.27,0.14,-12.05,,,,,5.81,17,23,11,-1,-5.72
Air Force,BYU,-3.5,0.9,,0.01,-0.49,0.48,0.69,4,2.44,1,-1.98,3,1.09,-6.14,-0.84,-5.58,-1.22,4.26,0.65,-1.53,0.8,-6.02,-0.4,0.78,,2.48,,0.01,0.02,0.68,-9,1.33,1.63,0.68,-1,-4.5,-3,-7.24,0.27,-5.29,-0.8,,-1.22,-18.98,-5,,-3,5.7,,-2.72,-5.03,6.49,,-9.12,-2.89,-5.03,,,-0.5,,4.39,38,24,12,-2,1.51
Akron,Buffalo,3,0.55,,-0.96,0.69,0.58,0.36,3,1.06,3,-0.96,2.5,0.73,0.77,1.23,2.27,1.34,2,3.75,-0.97,-1.12,1.2,-2.6,3.02,,1.14,,0.11,1,1.54,2,0.98,0.65,0.01,1,2,1,1.13,0.83,-2.37,1.9,,2.2,20.5,2,,3,-0.9,,3.9,-2.01,1.11,,-0.24,3.23,0.01,,,-1.5,,3.49,43,40,12,3,1.88
Alabama,Mississippi St.,22,30.85,,28.05,25.2,24.3,33.81,32,26.74,23,29.71,27.5,29,41.17,22.88,23.27,27.3,23.69,27.25,47.41,26.79,33.83,28.5,26.46,,29.87,,33.61,26.74,43.33,24,32.64,34.73,37.98,22,20.5,26,24.45,34.37,20.23,7.7,,28.91,25.66,19,,22.5,24.2,,28.41,22.31,29.38,,18.05,9.22,20.9,,,18.9,,6.22,7,32,12,22,25.64
Arizona St.,Washington St.,35.5,19.59,,30.97,23.6,25.77,12.79,33,36.63,23,32.81,21,26.91,20.62,32.63,15.45,25.15,29.21,33.75,23.47,31.77,15.88,23.5,28.88,,12.94,,21,25.77,18.11,33,13.49,14.5,14.86,32,33,29,30.98,17.43,28.67,15.5,,39.47,31.5,24,,34,23.8,,32.3,29.87,30.61,,12.78,10.09,29.86,,,22.05,,7.22,0,31,12,29,23.85
Auburn,Georgia,-9.5,-13.25,,-11.37,-7.75,-9.07,-16.53,-8,-7.19,-9,-9.42,-13.5,-10.39,-13.7,-8.78,-0.38,-10.95,-10.06,-8.25,-26.34,-11.08,-15.47,-11.7,-9.99,,-13.32,,-15.29,-10.39,-19.28,-11,-15.09,-15.91,-18.54,-3,-7.5,-13,-4.07,-16.42,-6.95,1.8,,-9.15,-8.48,-6,,-9.5,-14.1,,-11.36,-15.8,-9.73,,-4.82,-9.39,-7.28,,,-12.65,,4.66,17,13,12,-7,-10.09
Baylor,Texas A&M,8,4.49,,6.07,8.21,8.67,1.11,9,12.96,7,9.14,4.5,8.08,-3.43,4.03,2.39,6.16,9.1,13.45,4.28,9.99,-3.76,10.2,7.31,,2.99,,2.91,7,-0.16,11,0.98,1.47,2.2,9,8.5,7,4.25,2.91,5,-1.8,,7.95,11.89,2,,8,13.9,,7.58,10.21,-9.17,,-1.05,5.64,3.05,,,4.9,,4.32,21,41,12,7,8.01
Clemson,Duke,11,0.86,,0.53,3.38,14.17,-0.4,7,14.33,7,4.62,5.5,2.1,5.6,9.18,16.03,7.55,7.66,12.45,2.22,13.06,7.06,7.9,5.05,,0.94,,1.73,7,2.23,9,1.33,1.96,2.23,22,12.5,13,17.67,4.54,18.43,12.2,,4.54,14.38,17,,10.5,10.8,,6.92,-1.02,1.49,,-0.2,9.61,11.91,,,-0.6,,5.73,7,31,12,9,5.47
Colorado,Oklahoma St.,-17,-14.37,,-18.23,-14.97,-17.19,-11.14,-16,-23.03,-13,-17.35,-15,-17.19,-18.43,-12.29,-7.97,-15.32,-22.91,-23.15,-23.94,-13.86,-12.66,-16.5,-15.93,,-6.33,,-13.32,-15,-13.21,-20,-6.21,-8.54,-10.36,-15,-17,-19,-10.55,-14.39,-14.23,-5.2,,-19.96,-10.21,-10,,-17,-22.4,,-18.74,-18.18,-12,,-26.82,-6.7,-14.67,,,-22.8,,4.66,30,17,12,-16,-18.44
Colorado St.,New Mexico,-2.5,1.02,,-1.9,-2.39,-3.55,4.04,1,-8.25,1,-4.49,2.5,-1.73,5.96,0.65,-2.94,-0.48,-0.18,-6.75,1.78,2.93,1.15,-2.9,-1.75,,5.33,,2.33,-0.28,4.85,6,4.83,5.27,4.77,-1,-2.5,-3,-2.53,2.52,-10.3,3.8,,-5.06,10.45,-4,,-2.5,-4.1,,-3.86,-5.25,9.28,,0.46,0.01,-4.41,,,-2.25,,4.40,6,20,12,1,-0.28
Florida,South Carolina,21,17.31,,26.03,23,22.66,11.47,25,26.92,19,31.07,19.5,27.46,12.68,26.05,19.08,20.56,20.43,27.85,15.25,18.54,22.04,16.4,24.29,,12.8,,20.36,20.43,16.07,25,12.58,16.31,16.43,25,23,17,21.57,12.71,23.49,11.5,,29.75,5.1,20,,21,22.6,,22.83,22.48,32.18,,2.26,15.32,23.59,,,16.85,,5.71,6,56,12,20,22.86
Florida Atlantic,Louisiana-Lafaye,1.5,-1.51,,-1.21,-2.23,2.49,1.07,-1,-0.98,2,-2.99,1.5,-4.08,0.54,-3.37,1.97,-0.2,-1.59,-2.55,-2.16,0.86,3.25,-3.7,-2.46,,2.78,,-0.01,-0.06,2.76,-5,3.08,3.37,2.38,4,-1.5,7,0.66,0.65,8.16,3,,-5.38,1.12,5,,1.5,2.9,,-6.67,-6.06,-1.5,,-0.72,-4.79,3.88,,,-4.6,,3.37,29,40,12,-3,-2.08
Florida St.,Boston College,6,5.83,,9.79,6.19,5.2,9.08,9,5.43,9,10.06,7.5,2.61,6.26,2.95,6.47,7.34,8.18,6.35,13,4.24,7.86,8.7,7.62,,10.3,,8.47,7.5,12.22,7,10,10.83,11.24,7,7,8,1.35,10.82,3.68,-1.4,,5.38,4.29,7,,6,5.1,,8.52,6.49,15.21,,1.39,8,6.23,,,2.95,,2.48,27,17,12,9,7.94
Fresno St.,New Mexico St.,17,11.03,,11.67,12.59,16.09,8.88,16,15.88,15,15.92,15,13.33,9.12,15.63,14.13,14.18,12.54,18.15,16.41,19.9,11.41,12.4,13.16,,10,,13.02,13.16,12.3,11,10.42,11.59,11.82,19,15,14,24.12,13.54,19.2,5.2,,14.53,34.13,13,,16.5,12.8,,13.1,12.43,-5.12,,1.32,6.83,20.99,,,9.85,,4.27,17,24,12,14,14.5
Houston,Tulsa,-4.5,-3.13,,-2.46,-6.53,-7.85,-4.75,-8,-10.13,-6,-10.09,-6,-1.35,-3.1,-1.96,-2.17,-5.83,-5.94,-8.35,-13.44,-7.36,-11.21,-1,-8.35,,-4.21,,-9.09,-6,-5.84,-2,-7.12,-7.76,-8.33,-6,-6,-8,-9.93,-9.14,-6.53,1.7,,-12.29,2.27,0.01,,-4.5,-4.1,,-6.55,-9.5,11.19,,-1.63,-0.12,-3.6,,,-8.85,,3.40,30,70,12,-7,-5.03
Idaho,Boise St.,-36.5,-33.21,,-31.62,-33.77,-33.96,-28.32,-37,-40.42,-35,-42.89,-34.5,-38.69,-32.66,-40.73,-31.37,-35.4,-31.34,-41.05,-49.91,-40.95,-39.7,-28.3,-37.55,,-24.56,,-37.81,-34.72,-33.95,-31,-32.27,-32.78,-35.64,-38,-34,-35,-40,-33.69,-33.42,-15.7,,-47.17,-45.01,-28,,-36.5,-32.4,,-42.73,-46.61,-36.27,,-17.45,-23.41,-36.19,,,-34.9,,5.40,45,10,12,-34,-34.72
Illinois,Ohio St.,-9.5,-8.04,,-6.62,-3.44,-13.75,-9.62,-5,-17.3,-9,-8.08,-11,-6.15,-9.12,-11.24,-7.18,-9.51,-9.99,-15.15,-17.19,-7.88,-15.81,-10.6,-4.95,,-7.36,,-9.81,-9.43,-12.5,-8,-9.43,-11.02,-12.98,-10,-7.5,-13,-9.99,-10.51,-13.27,-11.5,,-4.41,-8.93,-6,,-9.5,-16.7,,0.54,-6.52,-21.07,,-2.78,-14.7,-9.07,,,-10.15,,3.99,30,20,12,-9,-6.38
Iowa,Purdue,17.5,13.63,,20.76,17.44,18.12,8.88,21,20.67,14,18.76,15.5,20.83,10.43,18.72,14.49,15.94,17.52,20.65,24.25,13.99,10.51,16.5,16.57,,10.39,,16.35,16,13.17,18,12.86,14.32,13.24,13,14,18,4.08,18.7,11.02,2.6,,19.1,33.35,9,,17.5,21.6,,19.7,15.41,26.51,,1.27,5.24,14.63,,,10.7,,4.78,17,22,12,16,15.75
Iowa St.,Missouri,-26.5,-20.98,,-29.66,-19.98,-26.57,-22.31,-23,-30.95,-28,-28.68,-32,-19.73,-25.64,-24.92,-16.41,-25.54,-21.11,-29.75,-42.41,-26.48,-24.28,-29.7,-25.52,,-18.88,,-26.75,-26.48,-28.79,-28,-23.75,-27.24,-27.4,-28,-26.5,-23,-24.21,-28.26,-28.53,-12.6,,-30.72,-37.41,-21,,-26.5,-23.9,,-26.66,-33.75,-19.72,,-18.08,-10.75,-26.23,,,-21.15,,5.13,52,20,12,-25,-18.39
Kansas,Texas,-13.5,-14.53,,-17.74,-13.61,-13.28,-16.57,-12,-18.39,-18,-19.43,-23,-12.3,-23.42,-12.33,-5.5,-14.76,-19.22,-17.95,-15.25,-15.41,-16.87,-14.8,-14.81,,-12.05,,-17.28,-14.8,-19.06,-17,-11.17,-14.65,-16.52,-7,-14,-12,-8.58,-9.4,-8.92,-1.5,,-19.68,-12.7,-5,,-13.5,-15.4,,-15.76,-23.93,-20.32,,-40.09,-9.8,-9.66,,,-21.9,,4.29,35,7,12,-12,-12.64
Kansas St.,Nebraska,-5.5,-6.42,,-11.33,-5.45,-9.85,-6.27,-6,-8.8,-5,-6.48,-8.5,-6.65,-2.03,-2.96,1.21,-6.41,-7.88,-7.05,-17.38,-5.52,-6.82,-3.1,-6.3,,-5.9,,-9.29,-6.65,-5.42,-7,-7.89,-8.11,-8.21,-1,-6,-8,-5.66,-10.45,-2.04,-1.2,,-7.45,-8.59,-1,,-5.5,-12,,-7.17,-12.63,-14.75,,-2.29,-2.28,-2.2,,,-7.95,,3.40,56,28,12,-6,-3.8
Kent,Temple,-1,-8.27,,-0.38,-5.66,-4.61,-10.45,-3,-0.98,-4,4.51,-5.5,-6.11,5.16,-8.77,1.74,-3.35,-4.69,-1.05,-11.06,4.5,-0.79,-4.6,-5.99,,-7.86,,-8.38,-4.49,-11.43,-1,-6.49,-7.87,-8.97,1,-2.5,-2,-3.54,-4.49,-5.08,0.5,,-6.81,14.8,4,,-1,-5.5,,1.49,-7.83,-14.47,,-3.26,-3.49,-3.15,,,-9.55,,5.37,38,41,12,-1,-3.68
Kentucky,Vanderbilt,4,1.87,,-0.33,0.93,6.04,2.86,3,0.2,3,2.19,5.5,0.99,6.36,2.59,1.18,3.21,3.63,0.95,4.47,4.5,7.38,4.1,1.37,,4.35,,2.69,3.61,5.03,6,2.66,3.61,4.49,5,4,6,7.68,3.9,8,-0.2,,-0.31,-5.24,7,,4,5.5,,6.23,-4.15,4.5,,0.27,7.45,3.67,,,-1.4,,2.67,31,24,12,5,1.41
LSU,Troy St.,16.5,14.81,,13.44,13.75,21.23,16.45,9,22.64,9,18.75,9.5,13.28,27.35,15.18,19.68,15.11,11.73,20.05,25.41,17.33,19.78,14.8,10.47,,17.31,,13.73,14.81,12.32,22,12.65,10.39,12.68,18,19,22,24.08,16.74,11.57,3.8,,12.56,9.39,13,,16.5,16.7,,17.12,16.44,9.53,,4.28,16.82,15.97,,,5.85,,4.80,31,40,12,9,13.09
Louisiana Tech,Utah St.,14,6.97,,16.29,10.32,9.35,7.97,16,9.9,12,14.14,11,6.3,7.15,13.18,7.79,11.53,9.87,8.35,13.78,11.16,24.04,10.4,12.36,,8.64,,13.23,11.16,12.77,15,11.33,13.75,13.73,13,11.5,15,10.2,13.14,10.03,4.5,,13.55,15.64,10,,14,11,,14.14,6.2,18.39,,1.19,13.01,9.14,,,6.25,,3.41,38,45,12,15,9.89
Louisville,Cincinnati,-4,-8.36,,-2.94,-6.24,-10.94,-8.09,-8,-10.25,-5,-5.96,-8,-8.77,1.41,-8.33,-2.42,-6.57,-7,-7.25,-18.66,0.54,-6.41,-1.9,-8.54,,-5.56,,-8.94,-7.25,-10.33,-1,-6.7,-7.78,-9.69,-8,-4,-10,-0.99,-10.6,-7.19,0,,-9.31,-2.67,-2,,-4.5,-11.3,,-1.62,-8.82,-9.57,,-2.57,-5.06,-9.9,,,-7.7,,3.88,28,20,12,-2,-6.86
Marshall,Central Florida,7,7.24,,6.32,3.75,5.85,11.33,11,5.36,9,6.43,11,3.26,14.42,9.71,9.81,8.17,9.85,8.45,13.44,9.53,6.53,9.8,7.93,,9.71,,9.02,9,17.06,9,11.88,13.13,14.31,6,8,7,1.49,10.4,2.86,1.7,,6.33,3.34,5,,7,10.8,,9.17,1.21,11.7,,12.84,2.45,5.14,,,5.4,,3.21,30,14,12,9,9.53
Maryland,North Carolina,-3,-8.36,,-7.59,-12.09,-8.39,-3.49,-5,-11.56,-6,-9.75,-5,-12.69,1.44,-3.55,-0.16,-5.89,-8.37,-9.05,-12.16,-6.04,-2.65,-0.7,-10.38,,-3.53,,-8.21,-5.02,-3.4,-6,-4.95,-6.17,-5.02,-3,-2,-5,0.82,-6.9,-0.68,1.7,,-13.27,0.4,1,,-3,-12.4,,-7.26,-15,9.32,,-1.17,-1.89,-4.09,,,-8.25,,4.02,15,17,12,-3,-4.07
Miami (Fla.),Virginia Tech,4.5,4.98,,1.6,7.58,0.86,3.4,6,3.1,5,6.26,2.5,6.33,4.96,-0.67,2.17,3.6,5.1,1.75,7.59,0.32,-0.85,4.4,5.78,,5.65,,4.22,3.75,3.75,2,5.39,3.51,4.19,-2,3,3,-3.54,4.15,-2.2,-8,,6.4,17.72,2,,4.5,2.8,,5.52,4.37,-4.35,,-0.03,1.04,-0.13,,,1.95,,3.50,14,16,12,6,7.98
Miami (Ohio),Ball St.,-19.5,-24.83,,-24.84,-20.98,-25.45,-25.21,-21,-27.76,-26,-26.46,-24.5,-24.52,-22.96,-24.85,-12.94,-22.53,-24.69,-27.05,-46.16,22,-24.17,-15.9,-21.3,,-19.91,,-28.81,-24.52,-31.35,-22,-24.94,-27.01,-30.3,-19,-16,-23,-16.31,-29.19,-15.15,-4.6,,-24.43,-33.17,-11,,-20,-29.4,,-21.18,-26.21,-36.69,,-17.41,-13.47,-20.56,,,-25,,9.61,31,16,12,-20,-20.52
Michigan,Northwestern,3.5,-6.34,,-9.02,-3.79,3.27,-7.97,-3,5.45,-5,-3.06,-6.5,-4.64,-4.82,0.68,6.49,-2.08,-1.92,2.25,-18.25,0.87,-2.91,-1.5,-1.82,,-5.19,,-10.8,-1.92,-9.82,-1,-9.36,-11.37,-12.29,3,2.5,2,7.4,-10.88,5.4,-0.3,,-0.35,16.34,2,,2.5,4.3,,0.22,-3.68,-3.68,,-2.33,0.75,2.86,,,-6.35,,6.40,21,14,12,-1,-5.07
Mississippi,Louisiana-Monroe,25,25.82,,17.8,25.02,22.49,25.18,22,24.53,21,30.67,24,26.47,30.11,23.61,20.01,23.17,20.93,23.85,42.03,23.83,23.2,21,25.18,,26.08,,28.19,23.83,26.98,18,27.05,26.76,27.4,21,21,20,20.99,28.88,11.2,4.6,,27.71,20.95,15,,25,19.3,,28.43,33.42,19.03,,5.79,19.77,22.22,,,14.15,,5.29,0,59,12,16,24.12
NC St.,Wake Forest,-3,-8.25,,-13.47,-9.32,-3.72,-7.35,-5,-1.85,-8,-9.78,-10,-9.11,-0.98,-11.95,0.55,-6.6,-1.97,-2.45,-21.16,-0.19,-6.51,-2.5,-8.59,,-6.31,,-12.34,-7.9,-9.92,2,-13.27,-12.98,-11.67,-1,-4,2,-8.45,-13.58,-8.65,-6.5,,-9.85,-6.74,-5,,-3.5,0.4,,-9.57,-12.16,-24.43,,-2.17,-0.2,-8.12,,,-7.9,,5.17,17,21,12,-6,-4.54
Navy,Notre Dame,-4,4.46,,2.3,0.01,-2.15,8.94,1,-1.28,4,1.88,7.5,0.3,9.05,-1.81,-1.54,2.01,3.89,-1.25,9.69,-5.6,1.55,0.5,3.41,,8.64,,6.08,1.55,11.96,-7,7.97,8.41,9.52,3,-4.5,2,-4.23,7.95,-4.25,-0.1,,1.57,0.61,-1,,-3,-1.5,,-3.22,-4.62,1.9,,1.68,0.17,-2.84,,,2.1,,4.64,27,21,12,1,3.75
Nevada,San Jose St.,14.5,6.62,,11.68,9.68,12.14,2.98,9,11.7,7,9.33,5.5,10.02,0.99,11.85,12.55,9.71,11.31,12.95,12.06,12.05,-2.24,12.5,8.33,,3.87,,6.24,10,4.61,14,3.64,4.11,3.08,13,14.5,13,5.39,7.93,11.32,5,,9.81,27.18,16,,13.5,15.1,,17.56,8.49,6.13,,0.05,7.64,11.44,,,5.2,,5.21,17,41,12,10,11.43
Northern Ill.,Central Mich.,3.5,0.16,,3.54,5.83,-1.18,-6.69,3,1.36,3,2.07,-0.5,6.15,-6.81,8.92,0.8,-0.13,1.66,2.35,-8.97,-1,-15.17,-2.1,5.27,,-4.92,,-4.8,0.05,-6.66,-1,-7.12,-6.77,-8.23,0.01,2.5,-2,0.55,-4.73,-0.79,1.7,,8.87,9.88,3,,3.5,-1.7,,8.85,2.92,26.97,,-2.16,0.01,3.95,,,-0.1,,5.63,33,30,12,5,1.97
Oregon,Arizona,6,4.36,,-0.78,1.54,0.37,7.51,4,3.57,7,8.41,9,-0.47,9.52,2.78,1.96,4.08,1.03,3.75,9.75,0.11,5.46,0.4,4.18,,8.25,,5.38,4,9.7,2,8.25,8.6,8.66,6,4,3,4.81,7.54,7.35,1.1,,1.64,-1.44,7,,6,-0.2,,2.5,-0.22,-0.31,,1.33,4.13,5.46,,,-0.15,,3.39,45,55,12,2,2.34
Oregon St.,California,3.5,3.32,,5.84,1.99,4,3.87,6,1.24,4,3,6,2.52,9.09,6.9,7.29,4.45,5.95,3.05,6.31,5.89,6.02,4.6,5.6,,4.54,,2.4,4,5.8,4,3.01,3.12,3.87,8,2,4,0.86,4.52,5.82,6.5,,3.55,2.05,7,,3.5,3,,9.76,2.37,2.94,,0.41,2.99,4.23,,,1.6,,2.03,21,34,12,4,2.73
Penn St.,Indiana,34.5,27.03,,41.91,31.75,36.26,22.13,42,42.84,34,41.98,34,34.62,33.94,47.98,25.59,34.39,31.76,40.05,45.59,38.51,28,33.2,39.09,,21.16,,31.86,34,31.6,35,26.49,28.65,29.73,36,34,32,30.31,33.74,32.13,12.5,,46.44,43.61,28,,34.5,38.7,,42.77,40.29,59.92,,4.4,23.1,35.06,,,27.75,,6.72,7,34,12,34,31.19
San Diego St.,Utah,-29.5,-29.94,,-38.52,-24.03,-35.08,-32.81,-39,-41.85,-32,-33.64,-35.5,-28.32,-34.08,-30.7,-18.66,-31.98,-25.51,-35.75,-50.28,-34.45,-40.31,-28.9,-29.22,,-27.52,,-37.27,-32,-46.04,-25,-34.58,-36.27,-42.2,-30,-28,-32,-27.35,-33.81,-28.71,-15.6,,-35.69,-28.26,-23,,-29.5,-33.6,,-35.15,-39.33,-34.47,,-34.02,-19.97,-27.37,,,-23.85,,6.24,63,14,12,-29,-29.13
South Florida,Rutgers,8,4.72,,12.47,8.3,0.7,3.81,9,0.45,8,9.77,8,5.66,6.82,10.74,5.34,6.71,-0.01,2.95,9.81,3.01,12.81,6.6,7.1,,4.74,,8.3,7.3,8.04,13,7.69,9.87,7.3,7,7.5,0.01,9.95,9.04,9.48,2.3,,7.57,14.74,11,,8,-2.7,,13.24,5.18,4.84,,0.15,-0.01,8.26,,,1,,4.13,49,16,12,10,5.74
Southern Miss.,East Carolina,2.5,-3.82,,-1.65,2.5,0.3,-8.45,2,6.43,-1,-1.52,-4,0.63,-4.78,4.03,8.95,-0.37,2.5,7.35,-16.5,0.99,-12.08,-0.4,3.39,,-6.81,,-7.63,0.3,-6.95,4,-9.64,-9.03,-9.3,5,0,3,0.76,-7.7,-0.34,3.8,,6.8,14.26,2,,2.5,5.3,,5.2,-2.57,20.64,,-2.68,-8.47,2.3,,,-2.65,,6.48,3,21,12,2,0.16
Stanford,USC,-24,-16.11,,-26.51,-20.74,-23.62,-12.81,-17,-24.13,-17,-27.69,-19,-26.83,-11.21,-26.19,-19.71,-20.5,-16.97,-24.95,-23.78,-25.84,-19.56,-20.9,-20.19,,-10.8,,-20.49,-20.19,-15.8,-17,-14.81,-15.59,-17.44,-22,-22,-15,-29.18,-15.34,-22.58,-12.6,,-27.15,-32.97,-21,,-23.5,-17.2,,-31.3,-31.37,-21.42,,-3.49,-13.06,-21.18,,,-20.15,,5.33,45,23,12,-21,-20.11
Syracuse,Connecticut,-9,-11.29,,-23.39,-9.41,-9.51,-10.59,-11,-9.65,-12,-13.52,-13,-12.04,-6.78,-10.39,-7.99,-12.4,-7.77,-12.05,-27.22,-14.15,-18.54,-10.3,-12.08,,-8.93,,-14.8,-12.05,-13.33,-14,-13.55,-14.09,-15.33,-10,-10,-9,-14.31,-17.71,-16.9,-2.8,,-14.59,-13.24,-13,,-9.5,-6.4,,-16.17,-17.68,-3.68,,-2.87,-7.59,-13.75,,,-11.55,,4.20,39,14,12,-13,-10.98
Tulane,UAB,4,4.78,,5.76,6.42,4.2,3.05,6,8.61,5,11.41,5.5,6.54,0.38,7.76,6.64,5.98,4.2,7.95,5.19,3.65,5.66,3.2,7.6,,6.15,,6.46,5.88,2.93,4,5.53,5.7,3.56,6,5,2,8.55,5.64,5.88,10.8,,9.27,7.14,9,,4.5,1.4,,14.19,10.86,6.11,,-0.53,7.21,5.96,,,4.1,,2.60,41,24,12,5,7.03
UNLV,Wyoming,6.5,11.78,,6.46,11.33,7.78,6.85,11,10.74,11,10.53,11,16.62,9.94,13.17,6.96,8.34,7.42,11.05,13.09,11.71,0.85,5.7,11.17,,7.66,,8.2,8,7.66,11,6.64,6.59,6.69,7,7,8,7.27,9.07,4.48,4.2,,13.9,-9.51,5,,6.5,4.3,,8,10.48,4.28,,1.05,9.74,10.71,,,4.95,,4.38,14,22,12,8,13.09
UTEP,SMU,14,13.54,,16.42,10.69,10.19,16.24,15,12.68,23,14.63,20.5,10.89,17.39,15.23,12.6,14,13.82,13.85,16.81,12.38,18.31,9.5,12.84,,15.88,,16.59,13.54,25.79,11,16.29,18.98,19.75,8,9,11,7.46,14.83,13.62,4.6,,15.88,15.55,10,,14,12.5,,10.7,11.83,19.78,,23.45,5.45,12.97,,,8.45,,3.65,10,36,12,13,12.38
Washington,UCLA,-7,-6.16,,-16.02,-1.79,-4.85,-8.17,-4,-6.02,-7,-1.32,-6.5,-4.16,-13.36,-2.55,-1.82,-5.43,-3.7,-5.85,-9.34,-4.2,-7.24,-6.3,-0.52,,-4.78,,-8.05,-5.85,-12.4,-6,-7.12,-6.65,-9.8,-6,-7,-9,0.03,-4.36,-6.11,0.4,,-0.43,-6.08,-1,,-7,-5.2,,0.18,-4.09,2.36,,-12.87,-1.7,-0.51,,,-6.3,,3.54,27,7,12,-9,-4.6
Western Kentucky,Middle Tenn.,-3,-3.51,,1.28,2.73,-4.83,-8.99,-2,-6.71,1,-0.17,0.01,1.85,-12.94,-6.85,5.65,-3.11,-8.07,-1.75,-5.09,-5.07,-9.95,-2,-2.3,,-5.06,,-1.4,-2.12,-11.95,1,,-1.64,-4.34,-3,-3,,-8.57,-0.73,1.19,,,-4.01,-3.59,3,,-3,-3.4,,-1.54,-4.01,-9.82,,-25.05,-11.16,-2.12,,,-10.95,,4.24,21,10,12,-2,0.01
Western Mich.,Toledo,16,15.83,,18.39,12.69,18.45,16.93,23,18.82,23,18.36,25.5,14.99,15,16.08,11.14,17.58,14.88,16.05,33.44,13.69,23.02,14.2,19.23,,18.23,,22.7,16.93,23.77,15,24.18,26.09,26.7,20,14,19,7.63,24.96,14.09,3.5,,16.49,16.74,12,,16,20.9,,15.12,11.76,17.42,,3.3,7.29,13.76,,,7.5,,4.71,17,27,12,18,14.32
Wisconsin,Minnesota,14,3.18,,1.89,5.91,13.09,1.52,7,10.96,3,5.3,1,5.28,6.21,8.95,14.02,7.69,10.18,14.65,2.28,15.78,3.66,4,5.74,,2.62,,0.41,6.24,1.58,10,0.29,-0.92,-0.16,11,13,17,10.09,3.21,15.78,6.8,,6.33,17.44,15,,13,18.2,,16.75,10.88,5.07,,-0.16,6.24,9.63,,,3.55,,5.80,32,35,12,5,8.56
Arizona,Oregon St.,3,-4.06,,-2.75,0.96,-1.14,-6.36,1,0.19,-4,0.24,-6,-0.58,-12.54,5.35,0.45,-2.05,-2.07,-2.95,-14.81,-4.63,-3.64,0.01,-0.56,,-4.94,-5.88,-5.32,-1.14,-7.28,1,-6.14,-6.09,-6.65,1,2.5,-1,3.58,-6.6,-1.8,7,,1.09,-0.01,1,,2,-1,,-2.37,-8.67,17.87,,-2.28,2.39,2.02,,,,,4.08,19,17,13,4,1.17
Arkansas St.,Florida Atlantic,4.5,3.89,,8.54,4.33,-1.71,0.83,3,2.29,5,6.79,0.5,6.9,1.81,7.06,7.27,3.05,3.96,2.25,-0.17,-0.75,-1.14,-1.1,4.12,,1.25,0.45,0.01,2.53,0.7,8,0.01,-0.59,-0.41,5,5.5,-1,6.38,1.03,-1.7,6.5,,5.37,8.67,3,,4.5,-0.7,,7.9,2.53,9.81,,-0.05,4.82,2.15,,,,,3.29,14,28,13,8,4.57
Bowling Green,Buffalo,4.5,-0.94,,0.54,1.36,3.8,-3.55,4,3.77,1,1.1,-0.5,1.8,-3.7,-1.82,6.38,1.15,1.73,4.15,-4.08,-0.33,-1.85,2.6,1.36,,-1.96,0.15,-2.14,1.36,-3.38,-1,-2.37,-3.23,-3.56,6,4,3,1.76,-1.97,3.66,7,,3.2,6.18,7,,4,5.7,,3.75,-1.76,-12.41,,-1.38,-0.87,3.02,,,,,3.24,40,34,13,5,2.16
California,Stanford,8.5,9.84,,14.68,11.19,10.39,9.09,12,13.36,13,13.63,11,11.04,14.96,15.55,8.58,11.45,9.4,10.95,20.33,11.28,8.58,6.4,10.38,,9.77,12.33,12.5,11.39,11.61,15,11.95,12.78,11.39,12,9.5,9,16.97,14.5,10.92,12.5,,12.65,10.18,13,,9,9.3,,12.93,11.67,27.37,,1.44,8.4,9.04,,,,,2.36,16,37,13,10,12.98
Central Mich.,Ball St.,-7,-5.42,,-3.41,-9.76,-7.09,0.26,-6,-8.66,-11,-13.74,-6.5,-10.28,-5.21,-4.37,-0.49,-6.56,-8.76,-9.25,-9.61,-10,-0.47,-4.5,-6.91,,0.48,-3.81,-5.29,-6.5,-3.45,-10,-0.34,-0.14,-1.84,-7,-5.5,-7,-5.73,-4.87,-3.44,-1.5,,-11.15,-24.1,-3,,-7,-7.9,,-11.18,-14.02,3.46,,-11.64,0.58,-8.04,,,,,4.69,31,24,13,-9,-6.09
Cincinnati,Pittsburgh,6,3.88,,5.36,0.81,1.68,5.6,3,2.16,4,0.71,7.5,2.48,0.3,6.89,3.73,3.84,3,0.01,7.14,1.18,7.65,1.9,3.76,,5.88,0.99,1.8,3.76,7.56,5,2.38,4.29,5.8,8,5.5,2,7.02,3.89,7.47,5.7,,2.47,17.67,6,,5.5,-0.5,,0.2,-3.58,9.14,,0.68,4.03,4.23,,,,,3.35,21,28,13,4,2.99
Florida Intl.,Louisiana-Monroe,7,12.17,,4.08,9.84,4.04,12.86,13,4.77,12,10.06,10.5,11.58,9.98,8.88,0.84,8.83,7.77,12.35,13.22,10.16,8.85,6.2,10.85,,11.62,10.15,12.88,9.84,17.13,2,11.88,14.36,13.74,4,5,6,1.92,10.62,1.8,2.9,,10.57,4.21,5,,7,6.1,,8.74,9.06,20.46,,2.68,5.8,7.92,,,,,3.87,31,27,13,6,10.47
Georgia Tech,Miami (Fla.),3,1.91,,8,1.3,1.72,1.94,3,5.33,2,3.08,1.5,1.89,3.49,3.12,2.24,2.41,0.77,0.95,0.06,-1.36,4.52,2,3.4,,1.76,-0.54,0.94,2,2.32,7,0.5,0.83,1.1,5,3.5,-2,10.2,1.35,0.84,4.5,,3.16,7.24,3,,3,-1.3,,5.38,-0.99,-12.47,,-0.14,4.11,2.71,,,,,2.28,23,41,13,3,1.3
Hawaii,Idaho,23,20.02,,17.93,22.32,18.55,19.44,23,21.35,25,27.99,23,22.11,18.93,29.16,21.38,21.95,17.89,18.95,28.5,27.18,25.16,12.2,22.72,,19,19.73,23.63,22.11,25.68,19,20.06,22.47,22.15,25,23,18,28.62,20.91,22.15,17.9,,26.38,23.96,22,,23,15.3,,28.75,27.63,37.44,,3.21,18.15,25.91,,,,,3.52,17,49,13,18,24.68
Houston,UTEP,17,8.92,,14.2,9.34,11.82,6.91,10,11.89,11,13.25,12.5,11.15,9.19,16.89,13.65,11.84,7.74,14.45,13.39,21.21,4.74,11.1,10.51,,6.9,8.06,8.29,11.15,8.07,18,7.06,7.3,8.2,19,14,13,13.83,11.12,13.03,15.9,,9.68,18.88,18,,16,11.7,,21.26,9.21,7.83,,0.98,2.91,14.7,,,,,4.19,37,42,13,14,15.36
Kansas St.,Iowa St.,10,11.11,,11.34,7.35,8.86,11.56,12,9.78,17,10.98,17,10.7,12.82,11.11,12.06,11.23,8.3,10.15,17.08,13.1,10.34,9.1,9.08,,10.71,13.54,11.68,11.11,16.46,6,11.54,13.13,12.67,11,10,11,6.52,12.09,11.93,7.2,,9.18,14.55,11,,10,8.7,,10.53,7.64,10.82,,2.37,6.34,13.13,,,,,2.51,30,38,13,10,12.23
Kent,Northern Ill.,-3,-6.87,,-3.57,-5.08,-4.42,-6.42,-3,-4.35,-7,-6.86,-9.5,-7.56,-4,-8.06,0.77,-4.32,-2.39,-2.25,-13.42,0.01,2.03,-3.6,-5.17,,-4.85,-5.5,-7.48,-4.54,-8.68,,-6.56,-7.64,-8.25,-8,-4,1,-7.95,-5.83,-3.52,5.1,,-7.12,7.08,0.01,,-3,1,,-2.67,-7.19,-8.01,,-2.17,-3.69,-4.65,,,,,3.85,42,14,13,-4,-3.68
LSU,Mississippi,4,4.28,,3.64,1.29,4.63,8.01,1,6.41,2,-0.97,3.5,0.44,9.65,1.47,8.53,4.18,1.75,0.75,9.17,0.01,14.85,3.2,-1.18,,6.81,-0.74,5.04,4.63,9.74,5,5.46,6.57,6.77,5,5.5,6,15.12,7.2,9.71,10.7,,-4,-2.29,12,,4,1.5,,6.85,-3.39,-5.29,,1.58,5.44,5.54,,,,,4.17,31,13,13,4,2.46
Louisville,West Va.,-7,-7.53,,-8.1,-9.5,-15.98,-4.33,-4,-12.28,-5,-9.83,-3.5,-10.56,-4.28,-11.41,-5.94,-7.17,-7.13,-12.05,-11.92,-5.07,-4.49,-2.3,-7.18,,-2.5,-5.39,-7.14,-7.14,-3.58,-11,-3.14,-3.13,-3.65,-11,-7.5,-8,-7.43,-7.61,-8.37,-4.9,,-8.63,-8.65,-3,,-7,-13.6,,-3.34,-9.62,-7.03,,-1.4,-5.06,-12.08,,,,,3.46,35,21,13,-4,-5.39
Maryland,Florida St.,-2.5,-0.88,,-7.73,-2.49,1.27,2.12,3,-1.62,-1,-6.18,1,-3.23,2.55,3.05,-2.05,0.48,0.16,0.95,0.5,3.6,4,0.1,-0.35,,2.1,4.97,1.75,1,3.76,1,2.8,4.01,2.56,-2,-1,4,0.83,1.49,-1.39,1.8,,-1.26,12.12,-2,,-2,2.1,,-4.8,-6.84,14.01,,-0.13,-0.25,-0.37,,,,,3.48,37,3,13,1,-1.28
Memphis,Central Florida,5,4.94,,11.02,2.77,-2.1,6.02,7,0.01,8,6.68,10.5,3.88,4.52,3.27,0.14,5.51,2.47,3.65,9.25,6.06,1.03,7.6,6.39,,6.81,7.87,6.3,6.06,9.45,8,8.67,9.67,9.58,-2,3,0.01,0.29,7.92,-1.27,5.4,,6.25,20.82,6,,5,0.2,,15.43,4.44,2.97,,0.79,4.35,1.97,,,,,4.66,28,21,13,7,6.52
Middle Tenn.,North Texas,20,15.81,,18.45,17.82,20.03,13.3,22,22.97,21,26.05,22,19.14,21.86,24.2,15.95,18.72,15.15,23.05,13.83,21.66,16.05,10.7,19.89,,14.56,13.07,19.21,19,18.41,17,14.54,16.5,18.61,22,20,19,23.04,11.06,20.22,15.6,,24.12,17.95,16,,20,19.4,,18.96,16.82,16.94,,13.14,17.47,21.57,,,,,3.47,13,52,13,19,19.5
Middle Tenn.,North Texas,20,15.81,,18.45,17.82,20.03,13.3,22,22.97,21,26.05,22,19.14,21.86,24.2,15.95,18.16,15.15,23.05,13.83,21.66,16.05,10.7,19.89,,14.56,13.07,19.21,18.96,18.41,17,14.54,16.5,18.61,22,20,19,23.04,11.06,20.22,15.6,,24.12,17.95,16,,20,19.4,,18.96,16.82,16.94,,13.14,17.47,21.57,,,,,3.47,13,52,13,19,19.5
Minnesota,Iowa,-6,-3,,-2.16,-4.86,-7.56,-0.34,1,-8.09,-2,-7.91,0.01,-7.25,0.89,-3.33,-7.44,-3.79,-4.12,-8.95,-6.5,-6.83,-0.38,-3,-1.65,,0.37,-2.92,-1.91,-3,1.57,-5,1.19,1.59,0.82,-3,-6,-10,1.15,-2.34,-5.56,-2.4,,-3.99,-9.88,-3,,-6,-8.3,,-7.47,-12.72,-11.88,,-0.69,0.2,-5.65,,,,,3.43,55,0,13,-4,-2.84
Mississippi St.,Arkansas,-1,-3.16,,4.05,-1.48,-2.26,-4.45,-1,-5.7,-2,-0.49,-3,-2.09,-4.96,-0.86,-4.82,-1.4,-3.14,-0.95,-10.83,2.11,-0.01,-3,-2.46,,-1.66,-3.39,-3.17,-2.45,-4.91,5,-4.19,-4.51,-4.85,1,0,-3,-5.62,-5.98,2.73,-1.6,,-2.99,17.92,1,,-1,-3.9,,-5.21,-5.27,0.78,,-1.75,3.34,-2.45,,,,,4.48,28,31,13,3,-0.98
Nevada,Boise St.,-6.5,-9.57,,-4.82,-6.7,-9.98,-9,-11,-15.38,-22,-11.25,-19,-10.12,-20.05,-12.41,-3.79,-10.72,-9.95,-12.85,-19.75,-3.02,-18.53,-9.9,-10.83,,-8.68,-14,-11.18,-11,-11.44,-6,-12.78,-11.36,-14.51,-12,-6.5,-11,-14.49,-12.33,-11.46,-0.8,,-13.33,-4.15,-4,,-7.5,-9.6,,-3.31,-14.59,-13.29,,-14.04,-11.74,-11.81,,,,,4.80,41,34,13,-8,-5.38
New Mexico St.,Louisiana Tech,-6.5,-4.71,,-3.53,-5.01,-11.42,-5.1,-7,-10.86,-4,-7.31,-6,-4.86,-6.02,-6.49,-1.08,-6.45,-8.93,-11.45,-11.08,-3.94,-13.32,-11.3,-5.3,,-3.71,-4.17,-8.51,-6.02,-6.66,-2,-6.21,-7.47,-7.32,-6,-7,-11,-5.28,-7.26,-4.88,9,,-6.31,-17.29,2,,-6.5,-12.5,,2.18,-9.3,-13.7,,-1.61,-2.42,-3.79,,,,,3.93,35,31,13,-6,-4.21
North Carolina,NC St.,11,16.59,,17.65,19.37,17.02,11.72,21,18.27,20,22.7,18.5,21.03,6.65,22.51,9.52,16.61,13.94,15.25,26.53,16.38,13.51,8.4,22.96,,11.98,15.57,18.44,17.02,17.12,15,17.05,18.84,17.67,17,13,10,16.95,21.5,15.36,9.7,,25.94,16.35,14,,12,15,,21.57,17.24,20.48,,1.98,8.61,17.38,,,,,4.35,41,10,13,13,14.57
Northwestern,Illinois,-2.5,5.53,,4.98,1.55,-1.12,9.41,7,-3.31,8,-0.29,8,1.18,6.17,-7.45,5.31,2.58,3.69,-0.95,13.94,-4.5,9.18,0.01,0.53,,8.77,7.58,8.92,1.55,11.86,-8,11.05,13.07,12.33,-2,-2.5,4,-4.93,9.93,-2.83,-1.3,,-3.93,-6,-2,,-2,0.1,,-6.8,-7.5,-13.09,,1.26,5.72,-2.58,,,,,6.14,10,27,13,1,7.18
Notre Dame,Syracuse,19.5,16.97,,30.27,17.98,18.84,15.15,23,20.14,20,20.06,19.5,18.75,12.58,23.65,11.11,19.12,16.59,20.65,30.58,17.19,22.43,21.7,19.06,,14.67,14.94,20.28,18.84,20.13,18,18.59,19.79,20.15,17,19.5,18,23.73,22.79,18.1,9.9,,21.76,20.62,18,,19.5,19.3,,27.2,18.99,23.37,,2.99,16.86,17.74,,,,,3.96,24,23,13,18,18.66
Ohio,Akron,-2,-5.79,,-6.36,-4.33,-6.59,-6.56,-4,-5.15,-4,-4.88,-6,-5.07,-2.95,-3.71,2.25,-4.26,-4.28,-9.15,-12.72,-5.78,-0.11,-1.2,-4.35,,-5.74,-4.04,-8.29,-4.35,-8.2,-6,-6.63,-7.67,-8.66,0.01,-2.5,-4,0.2,-6.69,1.88,2.8,,-3.2,-1.97,3,,-2.5,-7.9,,0.78,-5.87,-7.63,,-2.12,-2.05,-3.07,,,,,3.28,42,49,13,-3,-2.68
Ohio St.,Michigan,20.5,21.54,,26.07,17.99,24.39,21.87,28,25.18,21,21.64,24,21.34,24.58,14.2,15.41,23.77,22.08,26.85,40.14,24.93,25.85,25.8,22.18,,20.32,26.12,25.4,24.22,30.47,28,24.53,28.52,29.56,27,19,23,23.18,29.21,24.22,4.8,,23.49,34.71,22,,21,26.5,,22.09,14.91,12.09,,4.28,21.42,19.43,,,,,4.76,7,42,13,20,19.51
Oklahoma,Texas Tech,7,0.28,,3.85,6.27,3.4,-3.58,5,7.02,5,4.98,2,4.52,-3.83,10.9,6.53,2.79,-2.6,3.85,1.33,-0.14,-2.54,1.2,3.72,,-3.46,-0.84,1.21,3.85,-3.97,4,0.22,0.39,-0.76,6,7,2,18.67,2.76,6.57,0.5,,4.02,-4.84,6,,6.5,0.9,,4.51,4.51,4.04,,-21.96,7.11,7.06,,,,,3.81,21,65,13,6,7.57
Penn St.,Michigan St.,16,10.79,,19.86,14.58,15.73,6.74,16,17.6,15,20.56,13.5,17.57,11.37,22.15,13.44,14.6,16.18,17.45,8.39,18.17,11.12,14.7,18.37,,5.95,12.44,9.77,15.73,9.96,17,5.88,5.69,7.51,18,14,12,14.59,7.63,16.16,6.5,,22.92,18.69,15,,16,16.6,,24.72,17.2,19.55,,1.24,8.07,16.58,,,,,4.86,18,49,13,16,12.27
Purdue,Indiana,11,8.13,,13.43,9.52,12.49,6.34,12,15.14,10,12.45,7.5,9.91,4.97,15.1,8.77,10.14,9.12,13.15,11,10.64,6.85,9.8,12.46,,6.27,7.52,6.71,9.9,7.72,9,5.67,5.4,6.24,14,12.5,12,12.93,8.94,10.72,8.6,,14.81,11.19,12,,11,13.2,,15.78,11.32,18.86,,0.63,9.14,9.9,,,,,2.99,10,62,13,9,8.83
Rice,Marshall,9.5,11.27,,11.92,11.91,7.54,11.78,17,8.19,17,14.26,18.5,10.91,7.05,13.49,5.41,12.07,10.75,11.35,19.03,11.76,8.94,10.9,13.39,,12.19,15.79,14.95,11.76,16.56,11,14.54,16.36,15.86,4,7.5,10,7.45,17.01,4.73,8.8,,14.99,28.77,8,,9.5,10.4,,13.74,14.23,18.33,,1.99,7.6,9.06,,,,,4.64,10,35,13,11,8.81
Rutgers,Army,19,18.21,,12.29,15.72,27.6,17.5,23,20.93,14,18.73,16,18.92,15.2,10.91,21.86,18.84,17.18,24.55,28.61,22.07,21.52,15.7,14.93,,15.95,17.82,18.34,18.34,22.43,14,19.22,19.03,21.11,29,17.5,25,19.29,21.52,24.77,8,,15.57,8.36,24,,19,25.8,,13.84,14.13,-7.22,,3.06,14.78,20.36,,,,,4.99,3,30,13,13,16.45
San Diego St.,UNLV,-10,-10.78,,-18.18,-8.21,-17.02,-9.87,-18,-14.13,-19,-13.49,-17,-11.99,-11.89,-13.85,-5.77,-12.43,-10.66,-15.95,-17.42,-10.22,-14.47,-6.1,-9.76,,-8.95,-8.95,-13.49,-11.89,-18.35,-9,-13.34,-13.17,-15.3,-9,-12.5,-15,-2.45,-10.61,-9.94,-1.1,,-14.38,-11.21,-8,,-10,-16,,-11.27,-16.43,-21.06,,-2.73,-10.16,-10.88,,,,,3.42,21,42,13,-11,-9.56
San Jose St.,Fresno St.,-4,0.01,,-1.48,0.31,-2.55,1.86,4,-0.47,-1,-1.43,1.5,-1.56,2.65,-0.01,-1.94,-0.16,1.6,-1.85,-4.69,1.35,4.93,-0.3,1.73,,2.55,4.26,0.24,0.06,2.63,1,1.33,1.26,1.95,0.01,-2.5,-1,-2.66,-0.18,-7.16,4.5,,0.8,-4.76,-4,,-3,0.4,,-1.39,-3.82,0.11,,-0.08,0.26,-4.93,,,,,2.53,24,10,13,-1,1.1
South Florida,Connecticut,3,-1.67,,2.33,1.35,-3.37,-1.92,-1,2.1,-3,0.97,-2,-1.42,0.84,1.82,4.14,0.07,-2.21,-3.95,-7.08,,-1.19,2.7,-2.41,,-1,-3.08,-1.16,-1,-1.26,2,-2.16,-1.37,-2.48,4,3.5,-1,7.75,-2.92,3.66,11.1,,-3.3,9.34,8,,2.5,-7.4,,4.59,-4.88,0.78,,-1.02,2.11,3.09,,,,,3.57,13,17,13,3,2.17
TCU,Air Force,19.5,12.94,,19.91,14.74,16.51,10.8,18,17.38,13,17.32,12,15.35,14.01,21.44,13.78,15.49,15.46,18.05,16.92,16.04,12.38,14.2,15.6,,9.96,15.08,11.11,15.35,14.27,21,8.11,8.8,10.82,21,18,17,13.99,12.72,18.03,11.9,,18.88,14.03,18,,18.5,19.3,,22.39,14.27,16.89,,19.75,12.85,16.05,,,,,3.49,10,44,13,15,16.53
Temple,Eastern Mich.,11,12.8,,8.71,14.81,12.4,9.26,15,10.93,11,17.65,10,16.54,4.91,14.22,4.72,11.52,12.78,16.35,12.67,13.93,10.84,7.2,16.88,,8.29,8.61,11.78,11,12.84,9,8.25,9.29,10.69,13,10.5,12,8.41,9.86,13.11,0.8,,19.43,10.39,5,,11,14.8,,7.45,10.45,9.38,,1.26,9.16,13.33,,,,,3.53,52,55,13,9,14.56
Toledo,Miami (Ohio),3,6.56,,7.24,4.58,4.76,7.91,5,6.62,7,5.63,6,5.22,7.3,1.76,2.72,5.69,6.9,6.95,6.72,6.8,5,3.5,3.7,,6.93,5.25,4.11,5.69,10.45,8,4.2,5.78,6.36,5,3,5,5.78,5.69,4.77,6.7,,5.26,3.26,6,,4,7.3,,6.14,3.13,-13.45,,1.48,8.32,3.75,,,,,1.63,14,42,13,4,5.76
Troy St.,Louisiana-Lafaye,10,8.46,,7.72,5.58,9.5,9.11,7,5.4,12,7.13,13.5,7.8,3.79,9.35,11.78,8.82,8.68,7.65,15.61,5.03,10.4,8.8,6.2,,8.02,10.79,8.45,8.68,12.11,5,10.07,10.53,10.6,13,7,10,8.41,11.32,13.96,9.3,,4.9,9.07,11,,10,7.4,,6.68,7.92,-3.91,,1.14,6.96,11.71,,,,,2.76,3,48,13,8,8.72
Tulsa,Tulane,28.5,22.31,,24.41,24.2,27.85,20.78,32,30.89,31,28.38,31.5,23.93,17.01,31.12,20.16,25.74,22.15,27.75,32.64,30.67,27.05,21.7,25.94,,19.05,23.71,27.14,26.93,29.41,32,23.34,26.93,27.7,32,27.5,27,29.08,27.15,24.08,17.6,,29.65,30.96,21,,28.5,26.1,,27.1,18.24,42.1,,4.77,12.4,25.25,,,,,4.09,7,56,13,27,22.75
UAB,East Carolina,-6.5,-11.15,,-12.29,-7.35,-7.8,-10.42,-6,-15.98,-8,-14,-11,-12.01,-6.85,-11.2,-2.95,-9.46,-3.67,-10.35,-21.47,-4.92,-17.9,-8.4,-9.84,,-8.29,-4.71,-12.98,-10.18,-10.78,-3,-11.03,-12.06,-10.78,-9,-7,-6,-14.87,-11.85,-11.88,-0.7,,-11.43,-6.14,-8,,-7,-4.7,,-10.45,-17.01,-8.68,,-2.87,-12.67,-10.18,,,,,4.07,17,13,13,-4,-7.67
Utah,BYU,7,8.06,,9.75,8.22,9.56,9.66,13,12.28,15,10.67,14,6.85,11.27,8.51,-0.93,8.81,7.68,9.15,8.28,10.09,8.2,11.8,3.32,,11.51,10.43,9.87,9.39,9.85,2,9.79,9.42,10.88,11,5.5,7,5.17,7.56,7.21,4.8,,10.59,7.33,5,,7,8.5,,9.39,9.52,16.29,,19.99,8.85,3.9,,,,,3.02,24,48,13,7,7.91
Vanderbilt,Tennessee,3,13.23,,13.33,7.89,7.53,16.69,14,4.79,8,8.75,11.5,9.59,17.28,4.37,3.96,9.21,11.17,8.55,29.11,8.43,10.14,6.4,10.23,,14.54,11.19,15.53,8.75,18.97,-1,16.92,18.14,19.29,6,2.5,7,-2.21,18.96,-1.33,5.5,,9.64,-0.8,1,,4,10.3,,1.87,3.77,8.28,,3.07,5.8,3.47,,,,,6.39,20,10,13,5,10.12
Virginia,Clemson,-2.5,1.68,,-5.36,-0.47,-1.84,5.22,2,-1.69,-0.25,-3.97,2.5,-1.69,2.38,2.21,-5.89,-0.03,0.71,-4.15,4.14,-5.24,2.6,2,1.43,,6.2,5.48,4.49,-0.25,7.4,-5,6.5,7.34,6.66,-6,-3.5,-2,-2.75,4.38,-3.82,-0.5,,-0.62,-5.68,-4,,-2.5,0.2,,-0.83,-5.43,6.67,,0.41,4.09,-3.94,,,,,4.07,13,3,13,-4,-0.01
Virginia Tech,Duke,16,7.8,,8.54,7.38,18.08,7.73,15,16.77,10,5.76,12,7.9,6.11,12.62,13.99,12.36,13.63,15.85,16.81,13.42,10.34,16,11.7,,7.63,10.63,10.6,12,13.01,14,10.49,12.89,13.23,21,16.5,18,17.05,15.24,18.88,13.4,,11.87,18.34,16,,15.5,17.6,,9.6,4.09,5.95,,1.46,11.68,11.32,,,,,3.99,3,14,13,11,7.78
Wake Forest,Boston College,2,-0.5,,-4.76,1.51,-5.75,2.4,1,-3.25,2,0.01,0.5,-3.34,-0.01,-4.52,-0.69,-0.9,-2.32,-5.75,-3.33,-3.52,-2.54,0.8,0.77,,3.56,-1.75,1.66,-0.42,3.18,-3,4.06,3.21,1.59,-4,1,-2,-0.76,-0.13,-2.58,-0.6,,-0.65,-1.14,1,,2,-6.4,,-0.73,0.51,-5.77,,-0.21,-0.42,0.44,,,,,2.77,24,21,13,1,0.81
Washington St.,Washington,-7,-0.9,,0.33,-5.65,-3.86,3.42,-2,-12.79,3,-9.22,3.5,-5.47,-0.01,-16.53,2.62,-2.79,-7.14,-9.85,1.17,-10.27,1.31,-1.2,-13.12,,4.24,0.01,-1.09,-2,7.08,-5,4.69,4.26,6.17,-6,-9.5,-5,-13.73,2.46,-4.69,-0.7,,-13.96,13.22,-2,,-6.5,2.1,,-8,-11.77,-15.29,,0.44,0.01,-8.75,,,,,6.42,13,16,13,-4,0.01
Wyoming,Colorado St.,-2,-5.66,,1.32,-4.87,-3.09,-4.71,-2,-1.59,-5,-7.76,-5.5,-6.96,-2.98,-3.78,-0.7,-3.26,-2.83,-5.05,-11,-3.73,5.04,-2.6,-4.84,,-2.82,-4.61,-5.29,-3.73,-4.07,-6,-3.21,-3.38,-4.13,-3,-1.5,-2,-2.56,-4.76,1.29,2.6,,-7.51,3.73,3,,-2,0.2,,-3.22,-11.21,5.51,,-1.85,0.55,-4.95,,,,,3.20,31,20,13,-3,-4.64
Alabama,Auburn,14,22.73,,24.56,17.24,18.44,26.59,24,17.32,18,19.03,23.5,19.25,35.75,10.4,10.64,20.64,19.87,21.45,34.78,12.11,32.09,25.6,18.11,,25.81,21.96,26.11,19.67,36.82,18,26.42,29.26,31.95,12,14.5,22,12.75,25.4,13.8,4,,18.41,,13,,15,22.8,,19.65,12.57,13.33,,17.3,8.85,12.7,,,15.7,,6.66,0,36,14,17,19.67
Arizona St.,UCLA,10,5.72,,9.63,7.74,7.92,1.75,10,8.93,7,13.88,6,9.93,3.61,11.7,8.42,7.97,7.47,8.15,5.13,13.09,3.1,10.9,10.17,,3.49,6.78,5.12,8,2.32,13,3.64,3.9,3.16,8,10,8,10.4,6.03,9.93,6.3,,12.62,,12,,10,10.3,,14.42,8.1,5.46,,-0.41,2.65,9.59,,,3.9,,3.39,9,34,14,8,10.72
Arkansas,LSU,-4.5,-7.5,,-12,-4.36,-3.2,-6.74,-1,-3.56,-6,-12.12,-8,-8.23,-7.48,-11.76,-5.96,-5.63,0.64,-5.05,-15.25,-1.97,-6.2,-2.7,-5.08,,-4.42,-4.49,-8.15,-5.85,-5.85,-10,-4.74,-6.16,-7.35,-2,-5.5,0.01,-8.09,-8.78,-7.05,-7.2,,-2.92,,-4,,-4.5,1.8,,-4.89,-8.99,-18.45,,-1.88,-4.78,-8.75,,,-8.4,,3.63,30,31,14,-6,-3.78
Ball St.,Western Mich.,10.5,10.73,,10.03,11.92,11.09,9.38,14,11.55,15,15.5,14,11.89,12.03,14.5,8.58,11.62,12.06,11.75,12.91,14.12,9.97,12.5,10.87,,10.46,9.9,11.27,11.27,12.73,14,9.16,9.49,11.23,14,10,10,13.71,11.93,9.25,5.8,,12.74,,9,,10.5,11.2,,11.77,9.83,19.21,,13.43,9.65,10.96,,,10.05,,1.83,22,45,14,11,11.38
Boise St.,Fresno St.,21,18.54,,18.05,18,22.78,16.5,28,25.53,26,24.18,27,20.4,27.09,22.42,12.81,21.83,21.62,25.75,28.31,28.67,26.73,23.1,21.33,,17.29,24.34,20.31,22.36,22.36,21,20.34,19.51,22.7,25,17,25,18.72,22.59,16.79,9.7,,24.42,,16,,21,25.3,,22.39,19.25,17.51,,15.24,18.58,20.08,,,16.25,,3.91,10,61,14,20,19.7
Boston College,Maryland,7,11.48,,16.16,10.75,11.45,6.31,9,9.64,10,12.11,11,15.62,4.86,12.53,8.73,10.14,10.86,11.15,13.59,12.61,5.23,7.2,10.67,,7.5,10.9,8.05,10.67,8.51,11,7.27,8.35,8.46,15,6.5,12,7.04,11.59,11.74,7.4,,11.89,,10,,7.5,16.6,,13.19,7.23,22.16,,0.74,4.45,10.1,,,5.6,,2.77,21,28,14,8,10.12
Buffalo,Kent,9,17.51,,14.13,15.24,17.33,19.85,18,13.36,22,16.72,26.5,15.22,17.2,14.66,9.39,16.36,15.87,15.75,32.16,13.69,10.93,13.4,16.93,,19.05,16.4,21.83,15.75,26.31,14,21.81,25.05,24.81,15,10,15,13.75,22.18,14.64,4,,15.77,,9,,10.5,17.3,,11.41,12.78,8.72,,3.71,9.92,14.18,,,11.3,,4.94,24,21,14,11,17.07
Central Florida,UAB,8.5,9.78,,8.96,9.81,13.5,8.26,10,16.93,8,16.65,9.5,11.33,8.34,12.59,8.7,10.51,9.89,13.55,10.06,12.44,15.09,6.7,9.93,,8.73,8.14,10.31,9.89,10.04,5,7.83,9.93,8.57,18,9,13,14.89,8.92,13.36,15.4,,10.78,,9,,8.5,14.2,,8.71,8.06,9.03,,1.14,8.65,11.81,,,5.65,,2.93,15,0,14,6,10.27
Cincinnati,Syracuse,22,19.71,,31.16,17.1,20.28,19.87,28,21.83,22,20.08,26,20.12,10.07,27.99,15.47,21.99,16.98,20.55,39.25,23.96,28.51,23.8,20.03,,19.18,22.34,25.52,21.56,27.51,20,23.41,27.03,27.06,25,21,20,23.91,29.32,26.24,14.3,,20.61,,22,,22,19.2,,25.75,16.88,26.15,,3.56,17.72,21.56,,,12.1,,5.14,10,30,14,21,19.48
Clemson,South Carolina,1,4.22,,3.99,3.64,0.69,2.98,2,2.63,4,6.14,2,5.55,4.22,1.61,12.18,2.91,3.01,5.65,-0.22,-2.72,2.04,-1.1,2.5,,3.3,0.56,0.73,2.63,1.58,6,-1.04,0.2,1.07,10,1.5,1,2.54,1.36,4.15,8.9,,1.86,,5,,1,0.9,,2.91,1.42,2.34,,0.06,-2.19,4.8,,,-0.4,,2.82,14,31,14,3,5.65
Duke,North Carolina,-7.5,-3.73,,-2.86,-7.74,-12.83,-2.67,-12,-13.53,-6,-2.5,-9,-4.7,5.33,-11.25,0.12,-6.21,-4.92,-6.05,-14.03,-11.25,-2.04,-8.8,-7.52,,-1.62,-5.56,-8.48,-6.05,-5.52,-7,-7.47,-8.47,-7.53,-7,-8.5,-5,-11.76,-9.9,-7.82,-2.5,,-8.8,,-4,,-7.5,-5,,-4.13,-7.57,-10.44,,-1.34,-6.1,-5.25,,,-4.7,,4.01,28,20,14,-6,-2.16
East Carolina,UTEP,5,7.59,,10.91,2.92,2.82,10.83,7,3.04,10,5.19,11,4.6,10.97,8.55,5.23,6.38,0.56,-2.15,13.66,-0.77,11.63,7.6,5.02,,10.78,8.01,8.98,7.59,11.36,-2,11.26,11.72,12.28,8,3.5,2,12.79,10.71,8.21,16.2,,1.06,,11,,5,-8.7,,7.13,3.7,-1.48,,1.5,7.45,8.46,,,1.65,,4.96,21,53,14,6,8.62
Eastern Mich.,Central Mich.,-10,-14.03,,-11.43,-9.06,-13.76,-18.42,-13,-10.42,-15,-7.57,-22,-10.32,-13.25,-16.05,-6.36,-13.23,-9.27,-14.35,-31.75,-12.99,-25.86,-11.2,-11.09,,-15.24,-10.01,-20.05,-12.75,-24.41,-7,-19.77,-21.74,-23.53,-9,-10.5,-11,-9.06,-18.92,-9.91,-9.4,,-11.61,,-4,,-10,-7.7,,-6.14,-14,-22.03,,-4.82,-14.11,-10.38,,,-12.75,,6.17,52,56,14,-9,-8.36
Florida Atlantic,Florida Intl.,4.5,2.16,,7.14,3.52,8.23,2.97,1,8.26,2,11.3,4.5,1.35,7.33,5.52,7.15,5.15,3.37,5.95,4.25,5.97,5.25,3.3,4.3,,4.49,6.05,4.98,5.06,5.2,1,5.95,7.04,5.71,9,4.5,11,6.2,6.38,9.78,10.3,,3.72,,10,,4.5,8.5,,3.81,2.14,6.32,,-0.08,0.55,4.69,,,-1.1,,2.68,50,57,14,5,5.12
Florida St.,Florida,-16.5,-5.8,,-12.59,-14.24,-19.61,-1.25,-18,-24.32,-11,-21.18,-15.5,-14.46,-1.63,-20.21,-11.41,-13.35,-13.37,-18.95,-5.5,-18.99,-14.81,-16.1,-15.06,,-1.5,-10.27,-11.46,-14.46,-5.42,-18,-4.6,-6.12,-4.92,-19,-14.5,-14,-16.59,-2.17,-18,-4.7,,-22.18,,-10,,-16.5,-17.7,,-15.87,-22.13,-26.33,,-1.39,-10.28,-18.96,,,-16.35,,6.33,45,15,14,-11,-10.42
Georgia,Georgia Tech,8,6.4,,6.83,5.54,9.19,6.02,11,7.05,8,8.22,11,6.72,10.98,8.9,7.67,9.05,5.24,6.55,7.19,5.56,15.98,11.4,6.84,,7.91,9.13,8.19,8.19,12.6,13,10.14,10.18,10.04,12,9.5,11,10.33,7.73,18.06,-0.9,,6.16,,15,,8,7.5,,12.12,3.73,11.72,,1.22,7.47,12.3,,,3.75,,3.06,45,42,14,7,7.93
Hawaii,Washington St.,29,16.94,,30.47,16.8,12.8,17.1,28,18.26,22,19.34,26.5,17.56,22.14,22.5,9.75,20.03,23.1,19.15,28.13,22.77,11.41,15.7,21.97,,15.45,24.62,23.51,20.04,25.46,23,18.17,20.6,20.04,23,27.5,17,17.79,19.98,22.15,16.7,,26.96,,16,,27.5,18.2,,24.5,17.63,26.89,,14.03,3.55,19.27,,,20.05,,4.76,10,24,14,27,20.75
Louisiana Tech,Nevada,-4.5,-2.98,,-6.3,-5.75,-5.47,2.54,1,-5.38,2,-5.85,1,-7.91,2.59,-2.03,-5.82,-2.74,-3.29,-7.05,-1.41,-5.38,8.04,-1.2,-2.67,,3.71,0.77,-0.95,-4,3.58,-9,3.5,4.26,4.38,-4,-3,-4,-5.93,-0.01,-4,-6.9,,-5.54,,-7,,-4.5,-5.1,,-12.38,-10.96,-5.78,,-0.2,-0.95,-5.54,,,-5.55,,4.41,35,31,14,-1,-5.24
Marshall,Tulsa,-16,-9.7,,-14.61,-17.26,-14.47,-5.14,-15,-14.42,-13,-16.81,-16,-14.44,-0.93,-8.49,-12.12,-12.61,-8.29,-18.45,-21.25,-18.97,-12.07,-10,-14.14,,-4.21,-6.64,-15.31,-13,-7.74,-17,-9.29,-10.42,-9.69,-15,-13,-15,-18.36,-14.85,-13.65,-0.3,,-19.78,,-12,,-16,-9.9,,-22.46,-21.95,1.31,,-1.68,-1.65,-12.76,,,-10.3,,4.73,38,35,14,-15,-11.12
Memphis,Tulane,14,11.47,,18.63,10.94,15.32,10.76,16,15.25,15,6.98,15.5,12.19,8.52,9.98,7.42,12.78,12.22,19.75,12.59,19.58,12.32,11.5,11.88,,10.5,11.52,11.93,11.93,15.53,9,10.84,12.55,14.96,16,13,18,6.52,11.09,11.81,3.9,,12.88,,10,,14,19.8,,14.62,11.07,0.98,,2.12,11.85,11.02,,,5.8,,3.34,6,45,14,13,10.52
Miami (Ohio),Ohio,0,-2.68,,-1.32,-3.21,-4.45,-1.42,1,-0.98,-3,-8.68,-3.5,-3.95,-2.77,-6.61,-0.88,-2.62,-4.4,-1.05,-2.97,-2.41,-0.92,1.2,-4.3,,-0.01,-2.07,-2.98,-2.24,-3.23,2,-1.18,-2.1,-2.12,-1,1,-2,-0.13,-0.48,-2.57,-3.3,,-5.53,,1,,-0.5,-5.6,,-5.16,-8.29,-16.35,,-1.36,-0.01,-2.24,,,-5.05,,2.17,41,26,14,-2,-1.65
Mississippi,Mississippi St.,17.5,19.02,,18.97,18.41,17.42,14.7,20,18.65,16,17.88,19,23.58,17.96,21.58,14.13,17.25,16.44,21.05,32.47,16.52,12.2,14.1,20.33,,13.85,16.98,17.9,17.76,17.81,17,15.45,17.76,18.35,18,12.5,17,11.93,23.2,11.19,7.3,,23.94,,11,,17.5,19,,23.14,18.8,24.15,,2.47,10.46,15.83,,,10.6,,3.98,0,45,14,14,17.64
Missouri,Kansas,16,10.31,,13.04,10.59,9.93,8.7,13,13.1,11,17.21,19.5,12.48,16.86,11.85,5.54,12.78,10.42,15.1,14.03,19.67,12.39,18.4,14.46,,7.65,17.28,11.4,11.98,12.15,16,9.85,11.24,11.91,12,12,11,10.21,11.21,10.25,2.9,,17.58,,8,,15.5,11.4,,13.1,13,20.83,,10.08,2.3,11.96,,,11.3,,3.22,40,37,14,15,11.2
NC St.,Miami (Fla.),-1.5,-3.13,,-1.09,-4.64,4.84,-1.67,-5,0.11,-3,0.31,-4.5,-4.36,4.42,-7.81,3.86,-0.78,3.49,6.35,-9.19,5.71,-3.93,-1.3,-3.25,,-0.23,-1.89,-3.95,-1.67,-2.46,5,-3.7,-3.55,-3.84,1,-1.5,7,-4.78,-4.18,-0.01,-5.6,,-4.55,,-1,,-1.5,13.8,,-5.62,-8.54,-14.88,,-0.94,1.17,0.16,,,-4.8,,4.69,28,38,14,-2,-0.66
Nebraska,Colorado,18,13.46,,22.71,14.3,16.64,8.6,21,16.73,15,19.35,18,17.89,9.07,15.58,14.01,15.57,17.58,20.15,22.5,20.75,9.81,13.9,16.6,,10.3,15.17,14.01,15.58,11.59,19,10.84,12.76,11.87,17,15,17,9.02,17.63,13.62,5,,17.88,,12,,18,23,,24.85,15.17,19.52,,1.41,7.58,14.89,,,12.35,,4.05,31,40,14,16,17.83
North Texas,Arkansas St.,-20,-13.06,,-20.26,-19.51,-20.73,-8.16,-17,-20.86,-22,-24.64,-20,-18.99,-13.2,-18.69,-15.82,-17.03,-15.74,-25.15,-11.53,-23.49,-12.04,-8.4,-18.23,,-7.31,-9.68,-17.92,-17.92,-12.64,-17,-10.82,-13.42,-13.46,-18,-20,-18,-20,-7.78,-18.1,-0.2,,-24.37,,-12,,-20,-21.5,,-20.23,-27.61,-27.97,,-14,-9.89,-17.24,,,-17.4,,4.83,33,28,14,-19,-17.74
Northern Ill.,Navy,3,-1.91,,2.65,1.93,0.96,-6.61,2,-2.08,3,1.45,4,2.93,-7.6,-5.44,-0.76,0.33,3.3,0.35,-7.19,6.2,-11.03,0.1,3.73,,-3.55,0.95,-2.52,0.95,-3.3,8,-4.26,-3.01,-4.2,-3,4,-2,-3.42,-2.98,6.56,5.5,,4.54,,6,,3,6.3,,5.38,-2.64,-1.03,,-1.95,-1.02,2.02,,,-1.05,,4.61,16,0,14,5,1.78
Oklahoma St.,Oklahoma,-7,-4.75,,-14.46,-6.68,-14.1,-2.46,-5,-15.05,-7,-9.18,-10,-7.07,-4.51,-3.38,-7.66,-8.26,-6.23,-17.95,-1.38,-14.22,-7.83,-5.9,-9.4,,-4.3,-7.27,-5.12,-7.27,-3.25,-9,-2.09,-2.41,-3.22,-12,-7.5,-7,-11.15,0.13,-12.82,-2.4,,-11.68,,-6,,-7,-17.4,,-11.37,-19.52,-1.19,,-11.31,-4.55,-11.71,,,-8.2,,4.59,61,41,14,-4,-7.43
Oregon St.,Oregon,3,6.96,,11.77,4.96,5.06,7,7,3.5,9,6.26,10.5,6.95,17.57,8.72,5.97,6.55,6.61,5.05,9.66,6.64,6.55,3.6,5.8,,7.22,11.04,6.52,6.52,8.71,6,6.36,7.04,7.17,5,2,5,0.35,7.29,3.02,0.6,,5.41,,5,,4,5.4,,9.52,9.43,9.65,,0.85,3.23,3.08,,,2.25,,2.71,65,38,14,3,6.6
Pittsburgh,West Va.,-3,2.99,,-4.23,0.44,-3.15,3.56,9,-2.3,5,-2.23,5.5,2.47,3.21,-2.8,-0.59,1.47,1.92,-0.65,5.41,0.28,0.86,2,4.16,,4.03,5.23,4.15,1.37,6.15,-8,6.09,6.37,5.03,-3,-2.5,3,-6.89,5.14,-2.94,-8.4,,4.14,,1,,-2,0.6,,4.09,1.08,0.8,,0.43,-0.98,-2.75,,,-1.85,,3.66,15,19,14,1,1.37
Rice,Houston,-3,1.74,,0.11,1.44,-0.25,4.73,5,-5.36,6,0.44,6.5,-1.19,-2.62,1.42,-3.57,0.69,1.68,-1.85,4.53,-3.86,4.26,0.3,2.09,,5.95,5.77,4.18,0.44,7.44,-3,6.16,7.22,7.05,-5,-3,-4,-2.72,4.03,-4.03,-3.4,,0.71,,-4,,-2.5,-2.5,,-8.28,-3.26,10.12,,0.22,5.13,-5.04,,,0.01,,4.17,42,56,14,-1,0.88
SMU,Southern Miss.,-15.5,-11.77,,-23.22,-10.74,-17.32,-10.01,-13,-17.69,-15,-15.41,-16.5,-13.77,-10.98,-12.2,-11.94,-12.83,-10.73,-18.45,-16.44,-11.9,-11.03,-12.1,-11.32,,-8.11,-9.28,-12.46,-12.46,-17.45,-11,-8.87,-11.21,-12.68,-13,-13.5,-13,-14.18,-10.74,-15.94,-11.3,,-14.61,,-10,,-15,-16.2,,-16.91,-19.65,-11.18,,-15.25,2.21,-13.03,,,-11.7,,3.49,28,12,14,-13,-5.1
Temple,Akron,2.5,1.49,,1.9,2.38,2.63,1.03,4,0.88,3,7.97,1,1.99,1.67,1.43,0.49,1.79,2.39,0.25,-1.44,-0.86,1.17,3.6,1.66,,2.28,0.91,0.62,1.5,1.49,-4,1.4,1.29,1.5,4,2.5,6,1.26,0.63,6,-4.8,,3.16,,2,,2.5,5.9,,-3.35,-3.83,3.26,,-0.44,2.84,3.48,,,0.15,,2.33,6,27,14,1,2.56
Tennessee,Kentucky,4.5,-1.43,,4.19,2.61,1.79,-2.99,1,3.57,-0.25,7.42,-2.5,0.26,-1.62,-0.01,10.04,2.11,2.93,4.45,-8.53,6.04,-1.73,4.3,2.67,,-0.82,0.01,-2.91,2.56,-2.05,9,-2.09,-3.45,-4.01,7,5,8,4.05,-2.13,5.55,3.4,,3.44,,6,,4.5,4.5,,7.55,2.56,0.59,,-1.11,1.68,2.74,,,-0.9,,4.18,10,28,14,1,3.52
Texas,Texas A&M,36,31.94,,44.3,31.83,36.66,30.21,39,38.28,37,41.42,43,33.72,40.12,32.7,25.04,35.17,37.4,39.65,45.44,31.77,34.41,35.7,35.26,,27.38,33.94,36,35.26,39.41,38,27.4,33.36,35.45,37,34.5,32,35.03,32.29,33.92,12.9,,41.61,,26,,36,38.8,,42.67,39.82,29.23,,38.94,26.14,31.91,,,31.85,,5.02,9,49,14,34,33.02
Texas Tech,Baylor,21.5,23.22,,27.8,16.95,20.74,27,28,22.49,27,24.81,34,19.62,34.49,27.7,13.83,24.7,24.11,19.75,35.47,24.23,33.01,22.7,23.67,,24.7,21.39,26.45,24.7,36.06,25,24.18,27.11,29.76,25,20.5,22,19.47,25.44,23.17,16.7,,25.86,,25,,22,19.2,,29.96,16.89,28.96,,38.18,19.07,23.61,,,21.8,,5.00,28,35,14,20,28.16
Toledo,Bowling Green,-1.5,-2.97,,-3.77,-4.17,-1.61,-0.62,-7,-3.93,-3,-6.62,-5,-5.43,0.67,-6.75,2.1,-2.61,-1.44,-5.15,-7.88,-4.16,1.3,0.01,-5.54,,0.59,-2.17,-4.96,-2.97,-1.16,2,-3.07,-3.23,-2.67,-1,-3,0.01,-0.62,-3.55,-2.95,0.5,,-4.93,,0.01,,-1.5,-2.9,,-1.19,-5.68,-20.44,,-0.79,3.83,-5.68,,,-2.7,,2.58,38,10,14,-3,-0.65
USC,Notre Dame,32.5,21.34,,31.27,25.89,33.7,16.77,27,35.34,22,37.94,23.5,30.88,18.27,37.68,26.75,27.66,21.81,36.85,29.53,35.27,30.96,25.7,27.31,,17.2,29.82,24.07,27,24.25,31,18.38,21.56,23.38,35,27,30,33.33,22.24,32.87,16.9,,34.39,,29,,32,33.4,,34.58,26.47,43.54,,3.27,20.2,30.36,,,17.8,,6.11,3,38,14,24,26.16
Utah St.,New Mexico St.,6,5.04,,-3.12,3.41,8.99,5.06,7,9.01,4,5.26,5,5.11,8.94,5.53,2.79,4.69,8.07,10.45,4.97,5.21,-2.58,7.5,4.54,,5.99,5.6,3.2,5.04,6.08,1,4.41,4.71,3.67,7,5,6,5.15,4.64,4.28,-3.3,,3.56,,0.01,,6,10.4,,-1.82,1.66,-1.16,,0.44,2.96,7.43,,,3.1,,3.19,2,47,14,1,5.62
Virginia Tech,Virginia,8,8,,14.68,6.2,8.45,7.18,12,7.09,9,7.08,11,8.7,4.35,13.56,12.72,9.03,9.53,9.15,15.59,9.84,7.49,8.2,10.03,,7.04,8.58,8.72,9,10.82,10,8.67,9.95,10.78,12,8.5,9,7.64,12.01,9.21,7.1,,10.88,,10,,8,6.9,,10.25,4.56,6.9,,1.13,3.78,7.41,,,5.6,,2.35,14,17,14,9,7.68
Wake Forest,Vanderbilt,4,5.82,,1.79,4.65,4.17,6.61,2,2.56,5,9.36,4,5.1,7.72,-0.31,4.5,4.78,5.59,3.45,4.94,6.88,3.35,7.2,4.01,,6.95,5.56,4.64,5,5.81,1,4.48,5.45,5.46,5,3.5,7,3.82,5.98,4.77,5.5,,3.3,,5,,4,5.6,,6.57,2.55,-0.14,,0.77,4.76,4.5,,,1.75,,1.88,10,23,14,4,5.84
Arizona,Arizona St.,11,7.21,,14.83,10.11,7.32,4.84,11,10.48,10,11.7,10,11.12,8.3,11.61,3.6,9.11,7.46,10.05,6.47,8.58,4.3,7.9,10.28,,4.58,7.1,7.87,8.57,7.85,11,4.83,5.95,6.14,11,9.5,6,10.11,9.04,6.71,4,,13.49,22.18,8,,11,6.9,,15.09,9.53,8.78,,0.62,8.55,7.8,,,4.6,,3.57,10,31,15,12,10.74
Army,Navy,-10.5,-14.31,,-5.56,-9.9,-12.03,-13.25,-21,-8.9,-14,-10.82,-19,-15.41,-10.3,-23.07,-14.05,-12.17,-7.07,-10.95,-29.75,-9.57,-19,-5.2,-12.34,,-9.43,-11.7,-15.33,-11.7,-17.33,-10,-15.71,-16.54,-18.32,-12,-10.5,-11,-9.33,-16.97,-11.88,-13.4,,-10.31,-7.83,-7,,-10.5,-7.8,,-10.32,-11.8,-26.2,,-3.34,-3.05,-15.27,,,-9.9,,4.92,34,0,15,-8,-11.15
Ball St.,Buffalo,15,12.86,,10.87,9.95,17.02,14.08,15,11.75,21,10.71,22.5,11.76,16.03,10.94,11.84,14.31,13.76,15.1,25.67,16.68,25.77,11.3,10.65,,13.92,10.35,15.38,13.84,18.84,18,15.02,15.57,19.16,15,13,14,11.17,17.58,9.94,11.9,,13.12,16.54,10,,15,17.5,,12.16,11.6,17.9,,11.64,9.53,11.28,,,13.3,,4.05,42,24,15,13,11.22
California,Washington,35,28.58,,44.97,26.21,31.07,27.26,37,34.93,33,37.82,34,30.59,35.15,31.08,19.2,31.49,28.84,37.25,47.14,36.51,20.67,27.8,29.27,,26.88,31.46,33.62,31.73,41.1,38,29.91,32.38,35.4,32,33.5,33,26.12,33.76,28.62,7.3,,34.63,44.66,21,,35,35.1,,30.9,27.61,39.74,,27.18,13.71,27.36,,,24.5,,6.10,7,48,15,36,29.94
Connecticut,Pittsburgh,2.5,1.48,,5.58,1.1,-3.47,0.3,2,-0.92,1,-1.49,-1,2.58,-1.24,2.08,4.73,0.66,0.01,-1.65,-2.64,-3.24,-0.89,-2,2.5,,1.62,-2.27,-2.98,0.27,-0.68,5,-2.3,-2.98,-0.43,3,3,-2,2.67,-1.13,3.21,-7.3,,3.14,5.93,4,,2.5,-3,,3.97,0.18,7.2,,-0.58,-1.58,3.12,,,0.25,,2.80,34,10,15,4,2.49
Florida,Alabama,10,1.67,,13.53,11.08,14.02,-3.26,10,17.37,0.25,13.07,3.5,10.92,-6.65,11.59,9.01,7.99,10.79,14.9,0.89,13.48,-3.71,4.5,13.75,,-2.48,4.57,3.92,10.79,-5.98,14,-1.89,-0.42,-2.36,18,10.5,7,9.32,0.55,12.17,6.2,,18.55,2.63,9,,10,16.8,,11.53,17.77,12.86,,-9.54,11.55,13.53,,,9.25,,7.24,20,31,15,10,12.18
Florida Intl.,Western Kentucky,6,10.28,,2.23,5.52,7.75,13.2,14,9.02,10,8.04,10.5,7.44,19.31,10.48,-1.79,9.46,15.77,8.25,11.22,13.45,15.63,8.4,11.23,,12.69,10.5,9.29,9.29,20.9,5,,10.45,13.01,7,7,6,9.74,8.52,1.71,,,11.98,9.35,4,,6.5,10.9,,6.21,5.54,8.99,,26.63,11.9,5.73,,,13.95,,4.52,3,27,15,8,7.54
Hawaii,Cincinnati,-7.5,-9.96,,-9.33,-6.39,-11.66,-8.91,-9,-12.96,-9,-12.08,-11,-11.18,-4.84,-7.89,-3.61,-9.27,-8.87,-12.15,-19.03,-4.67,-9.17,-14.8,-8.95,,-6.67,-8.17,-9.96,-9.22,-11,-10,-9.01,-9.44,-11.25,-11,-7,-13,-12.31,-11.96,-8.23,-9,,-11.37,-9.28,-5,,-7.5,-10.1,,-8.34,-14.68,-13.69,,-2.56,-6.04,-8.03,,,-4.65,,2.83,29,24,15,-7,-6.31
Louisiana-Lafaye,Middle Tenn.,5,2.81,,0.2,4.01,-2.8,2.22,5,-3,5,7.22,5,3.37,6.48,4.28,-2.44,2.77,3.43,-2.65,4.36,-4,3.93,4.5,5.02,,2.53,1.24,3.4,3.39,4.12,4,2.59,3.16,2.98,2,4.5,-4,3.7,3.5,-1.08,-3.2,,5.11,10.06,6,,5,-3.6,,7.01,2.08,16.13,,-0.04,2.4,1.78,,,2.2,,3.53,28,42,15,5,7.84
Oklahoma,Missouri,16.5,10.81,,14.62,10.37,17.66,13.11,15,16.47,16,14.47,23,7.52,17.2,9.35,9.25,14.19,19.07,19.5,7.03,19.18,19.31,9.6,11.14,,12.96,10.68,12.62,13.94,17.86,17,8.24,10.59,13.21,13,14,16,7.82,5.14,9.47,6.4,,12.15,23.33,7,,16.5,24.9,,13.94,17.6,17.1,,24.23,12.65,9.86,,,15.4,,4.77,21,62,15,15,13.35
Rutgers,Louisville,10,12.55,,11.05,11.95,18.85,9.78,18,14.65,11,14.04,12.5,15.14,12.53,8.97,9.15,12.3,16.62,17.65,19.33,9,2.71,10.6,14.44,,9.25,14.42,10.54,11.96,11.97,13,8.88,9.92,11.16,16,13,18,3.19,14.55,11.62,0.3,,15.75,-6.71,10,,10,24.2,,9.25,10.47,14.82,,1.59,9.36,15.38,,,8.2,,5.06,14,63,15,11,14.72
Troy St.,Arkansas St.,12.5,10.36,,4.96,8.03,14.35,8.24,11,13.1,10,11.28,11,12.56,6.65,18.68,10.91,11.06,9.23,17.05,16.19,13.56,10.75,9,10.68,,7.31,9.58,8.6,10.87,10.84,9,8.04,8.85,10.34,16,10,11,8,11.82,15.42,0.4,,12.22,9.46,11,,12.5,13.2,,10.47,8.95,20.59,,1.08,12.76,14.47,,,6.6,,2.93,9,35,15,12,11.43
Tulsa,East Carolina,12.5,5.25,,5.7,12.41,5.94,2.42,14,11.91,9,12.35,9.5,8.02,7.77,20.04,11.62,8.71,5.67,8.05,6.42,9.26,6.61,8.7,7.14,,3.74,0.52,8.26,8.16,6.54,15,5.6,6.34,6.91,13,13,7,13.81,8.44,7.89,9.3,,13.86,12.01,12,,12,-1.6,,17.75,2.25,43.13,,0.08,1.18,10.55,,,4.5,,4.51,27,24,15,15,12.05
UCLA,USC,-32.5,-23.36,,-37.71,-27.74,-31.29,-17.22,-29,-33.45,-23,-34.81,-28.5,-35,-20.08,-36.13,-22.99,-27.82,-24.41,-35.25,-33.83,-28.72,-22.83,-28.5,-30.41,,-14.17,-27.21,-27.88,-27.94,-23.8,-27,-20.26,-22.32,-23.82,-28,-30.5,-25,-32.12,-23.59,-28.71,-11.9,,-39.46,-44.98,-22,,-32,-31.1,,-36.32,-35.01,-42.8,,-4.66,-11.09,-28.65,,,-25.75,,6.49,28,7,15,-31,-25.68
Virginia Tech,Boston College,0,-3.28,,-6.67,-2.57,-3.46,-1.57,-3,-3.52,-3,-3.52,-4,-4.64,-3.49,-2.98,0.21,-2.74,-2.05,-3.4,-3.94,-5.03,-2.3,-3,-2.7,,-2.21,-4.22,-3.29,-2.97,-2.03,-2,-3,-2.96,-3.16,0.01,-1,-2,-2.06,-3.4,-2.9,-3.6,,-2.99,-2.53,-1,,-1,-3.8,,-2.27,-0.76,-6.1,,-0.2,-2.97,-1.27,,,-1.15,,1.24,12,30,15,-3,-2.77
West Va.,South Florida,7,4.88,,4.59,6.45,14.37,3.81,8,12.12,5,1.97,4.5,5.91,8.89,6.93,8.97,7.09,9.14,12.85,4.67,13.25,4.88,6.2,7.02,,4.51,7.85,5.06,6.41,4.63,10,3.78,3.88,4.15,12,7,8,8.11,6.38,6.86,-4.4,,6.82,10.78,3,,7,14.6,,2.05,1.93,7.88,,0.01,7.74,8.36,,,3.35,,3.37,7,13,15,6,5.56
Alabama,Utah,9.5,1.23,,-0.48,3.97,5.22,-2.91,1,0.48,1,-1.13,1.5,4.84,9.58,3.55,5.5,1.97,5.63,4.5,0.17,5.09,1.47,6.1,-1.18,,-4.37,1.05,-0.96,1.47,-4.96,11,-2.1,-1.38,-2.31,3,10.5,5,0.21,0.25,3.45,0.5,,-0.15,-2.2,3,,8,2.9,,8.09,3.43,-9.28,,-23.69,-1.02,3.17,,,1.25,,3.56,31,17,19,3,0.56
Arizona,BYU,3,-5.1,,0.62,6.58,12.98,-11.55,-1,8.42,-4,4.43,-10.5,3.12,-13.92,3.85,-0.36,-0.04,1.85,10.3,-11.83,7.81,-11.86,1.7,0.73,,-4.03,-5.4,-6.71,1.85,-15.79,5,-12.58,-11.34,-12.22,5,3,3,3.47,-7.4,2.44,4.7,,4.9,3.74,2,,3,12.8,,12.02,6.07,21.03,,-10.13,6.34,3.35,,,0.01,,7.99,21,31,19,-1,3.89
Boise St.,TCU,-3,-1.04,,-8.11,-2.05,-2.65,0.58,2,-5.75,6,0.68,7,-2.84,1.15,-0.75,-2.35,-0.51,1.65,-2.7,1.69,-3.82,7.02,1.5,-1.04,,-3.53,2.65,2.58,-0.75,2.68,-5,4.19,4.75,5.49,1,0,0.01,-2.78,0.96,1.87,-2.2,,-2.43,-13.25,-3,,-3,-3.2,,-1.86,-5.22,1.97,,-5.84,-1.64,-2.01,,,0.4,,4.04,17,16,19,1,-3.03
California,Miami (Fla.),8,1.71,,13.4,6.99,15.57,-3.06,7,17.76,10,7.56,8,7.12,-0.22,10.48,7.28,7.21,0.76,18,3.14,11.27,6.27,1.2,4.96,,1.59,8.55,3.35,7.28,-0.29,10,-0.42,2.03,0.44,10,7.5,8,16.8,3.96,13.1,5.8,,9.21,13.2,10,,8,15,,15.27,3.03,12.38,,-0.19,3.53,12.82,,,1.3,,5.32,17,24,19,6,8.29
Central Mich.,Florida Atlantic,6,8.18,,5.05,4.08,2.82,8.22,7,6.39,8,5.98,12,8.34,12.09,5.75,5.52,6.84,5.68,2.8,15.81,3.17,7.84,8.2,7.16,,2.39,10.24,8.1,7,8.95,10,8.52,8.91,10.29,7,4,1,7.6,9.68,2.59,-4.7,,7.27,13.59,3,,6,2.9,,8.78,6.05,22.59,,1.81,6.8,4.45,,,5.7,,3.28,24,21,19,6,7.43
Cincinnati,Virginia Tech,2.5,-2.27,,0.16,-2.06,-2.81,-0.32,3,1.28,1,-2.68,4,-3.58,-2.36,-2.24,-2.49,0.26,-3.05,-3.3,1.22,-1.91,6.26,6.3,-0.46,,1.23,2.14,2.24,-0.2,3.68,4,3,3.96,3.81,-2,1,-1,0.75,1.33,2.4,1.5,,-1.92,-3.24,3,,2.5,-0.3,,1.68,-4.64,8.16,,0.28,0.67,-0.5,,,-3.5,,2.63,20,7,19,3,-0.2
Colorado St.,Fresno St.,-2.5,-0.11,,-4.97,0.21,6.06,0.43,1,6.49,-2,0.71,-3.5,-0.54,0.64,-2.73,0.94,0.92,1.91,9.2,-1.31,3.61,-1.71,0.6,0.82,,3.85,0.34,-0.47,0.6,-0.68,2,1.68,-1.2,-1.09,2,-4,6,-1.07,-0.12,-7.2,4.3,,1.85,1.77,-4,,-1.5,6.4,,5.91,4.17,3.42,,0.3,5.53,-0.7,,,-0.9,,3.43,35,40,19,-3,0.26
Connecticut,Buffalo,6.5,2.94,,3.09,2.85,1.89,2.98,-1,6.17,3,4.75,0.01,2.92,2.66,5.05,10.92,2.97,-2.65,1.7,4.11,8.76,8.52,3.2,2.13,,5.22,-0.42,1.45,2.98,-0.29,2,3.98,1.7,3.42,4,6,0.01,9.58,3.16,3.63,5.1,,3.21,-6.99,9,,5.5,-4,,1.21,12.37,2.18,,0.61,3.03,7.32,,,-1.15,,3.44,20,38,19,2,4.05
Florida St.,Wisconsin,5,8.41,,10.38,5.5,4.68,10.11,2,7.03,9,7.75,8,6.71,8.82,7.96,4.95,5.89,6.06,7,12.97,6.9,3.67,2.9,4.96,,9.82,12.7,6.03,6.32,8.4,5,6.5,6.32,9.35,8,4,2,1.84,8.31,1.52,0.5,,4.23,-16.12,0.01,,5,8.2,,3.78,9.24,6.28,,1.44,5.41,4.73,,,6.2,,4.65,13,42,19,5,5.69
Georgia,Michigan St.,8.5,2.36,,7.64,2.9,7.99,2.48,1,7.13,1,3.85,1.5,2.25,4.51,6.7,5.24,4.61,3.03,4.6,3.5,6.67,4.67,4.2,3.61,,1.71,-1.33,1.46,3.85,1.58,9,0.98,0.79,0.87,9,5.5,8,7.95,2.67,8.25,5.7,,3.65,27,8,,7.5,5,,3.93,10.06,1.38,,0.18,2.03,4.72,,,2.35,,4.59,12,24,19,4,1.19
Georgia Tech,LSU,4,6.78,,3.05,4.75,3.12,10.55,9,2.52,13,3.22,13.5,3.59,8.95,-1.9,1.74,6.26,7.57,3.4,16.19,7.08,10.49,5.9,8.64,,8.47,13.14,8.25,6.78,11.7,-2,8.17,9.55,11.86,2,2.5,6,-2.23,9.12,-7,6.1,,8.17,21.95,-5,,4,5.4,,9.26,8.97,4.85,,1.76,1.91,0.44,,,3.35,,5.60,38,3,19,4,6.62
Hawaii,Notre Dame,-2,-4.3,,-1.62,-6.71,-4.75,-0.37,-1,-8.99,-1,-7.93,3,-7.74,-5.54,-9.92,0.93,-3.55,-4.81,-6.9,-2.28,2.5,0.88,-8.1,-7.46,,-3.21,0.47,-1.74,-2,0.3,1,-1.61,0.17,-1.13,-4,2,-2,-11.3,-3.01,3.39,-7.2,,-11.01,-11.95,-2,,-2,-1.5,,-15.42,-10.99,-9.31,,-0.28,-3.45,-1.46,,,-1.8,,4.38,49,21,19,-1,-0.86
Houston,Air Force,3.5,-3.53,,-1.48,-0.42,0.27,-5.99,-2,3.58,-4,-0.17,-6,-1.07,-6.17,-2.36,2.73,-1.74,-0.9,2.7,-10.47,6.36,-8.59,0.9,-1.86,,-5.81,,-4.26,-1.29,-6.24,-7,-8.04,-6.16,-6.11,2,2,3,-2.69,-5.11,3.67,2,,-0.13,-11.47,5,,2.5,2.7,,6.66,-3.82,9,,-1.46,-5.15,-0.8,,,-1.1,,4.69,28,34,19,2,0.97
Kansas,Minnesota,9,7.11,,3.54,5.24,13.63,7.32,5,15.75,3,8.93,5,6.9,4.36,6.9,12.45,8.9,10.28,17.5,12.14,16.05,4.61,8.7,5.6,,7.77,5.6,4.5,7.32,6.56,9,4.61,4.38,5.34,16,8.5,13,12.66,8,15.51,10.4,,7.59,23.75,12,,9,15,,2.64,14.49,-6.16,,1.49,9.74,12.01,,,5.65,,4.95,21,42,19,5,6.7
Kentucky,East Carolina,-3,-2.85,,-7.78,2.02,0.55,-5.74,-7,3.21,-3,0.72,-6.5,-0.19,-0.73,4.58,-0.88,-2.57,-1.37,-1.3,-7.33,-3.04,-3.97,-2,-1.07,,-3.64,-4.48,-5.45,-2.65,-8.64,-2,-3.49,-7.03,-5.97,-2,-1,-3,7.7,-6.46,0.01,-2.5,,-0.51,-8.96,1,,-3,-4.8,,-7.93,0.4,5.47,,-0.66,4.9,1.89,,,-2.65,,3.36,19,25,19,-3,-2.43
Louisiana Tech,Northern Ill.,0,-2.91,,-3.92,-4.74,-1.28,3.61,-2,-5.94,-3,-5.65,-1,-9.1,3.66,-7.69,-3.65,-1.19,-0.5,-2.4,2.89,2.65,12.24,1.3,-5.17,,4.94,-0.18,1.21,-2,3.42,-5,4.33,3.99,3.77,-2,-3,2,-7.54,0.88,-2.66,-9.6,,-8.42,0.42,-5,,0,1.7,,-4.28,-3.8,-8.47,,0.53,-0.65,-6.22,,,-2.4,,4.35,10,17,19,-2,0.01
Maryland,Nevada,-1.5,2.89,,-5.68,-0.01,1.36,6.15,-1,2.79,3,0.89,0.5,0.43,9.94,2.41,4.59,0.89,-0.12,1.5,6.69,-2.87,5.25,1.3,1.1,,6.11,1.82,2.23,1.36,2.68,-2,3.84,2.99,4.9,0.01,-1,0.01,8.93,3.41,-0.9,2.7,,1.65,-20.75,-3,,-1,-6.4,,-5.04,7.6,18.63,,0.75,6.58,2.54,,,-2.5,,4.95,35,42,19,-3,0.95
Missouri,Northwestern,12.5,6.29,,7.37,8.68,6.09,3.72,7,14.62,5,15.63,6.5,9.27,8.49,13.22,10.59,8.22,6.71,13,7.92,15.17,2.8,12.9,11.81,,4.62,3.3,3.54,7,3.58,15,1.75,1.06,2.05,14,14.5,3,22.64,4.77,14.19,7.1,,15.86,0.4,13,,12,1.5,,6.06,16.01,21.59,,0.96,6.86,14.8,,,7.8,,4.67,23,30,19,7,8.63
Nebraska,Clemson,-2,-1.21,,2.09,0.24,-1.78,-0.11,3,1.38,-1,-0.19,3.5,-2.4,-1.41,1.05,-7.1,0.32,-0.59,0.3,3.86,2.9,2.82,0.01,1.56,,1.21,0.2,2.56,1,2.7,2,3.98,3.74,2.12,-4,1,-2,0.98,2.4,-4.15,-0.3,,1.82,1.52,-1,,-1.5,-1.2,,1.79,-2.98,1.81,,0.17,1.23,-3.22,,,1.05,,2.45,21,26,19,1,-0.35
North Carolina,West Va.,-1,3.06,,-4.2,3.79,-3.72,3.98,2,-6.25,1,3.43,2,2.22,2.7,-0.95,-5.64,-0.64,1.21,-5.7,5.64,2.97,-2.52,-1.4,4.4,,0.52,4.63,1.99,1,2.62,-5,2.66,2.01,3.35,-6,1,-4,-6.87,1.66,-9.25,-2.4,,6.05,-17.95,-7,,-1,-7.1,,-0.2,4.66,4.74,,0.63,-1.61,-4.17,,,2.65,,5.01,31,30,19,-1,0.4
Oklahoma,Florida,-3,1.81,,-1.96,-0.89,-1.15,3.73,-1,-0.31,-6,-1.38,-3.5,-2.34,0.25,-3.02,-2.28,-0.12,3.82,5.3,0.97,2.99,0.92,-5,1.92,,5.99,-6.81,-0.43,0,5.28,-1,0.77,0.45,2.01,0.01,-1.5,0.01,3.36,0.3,-1.36,-5.6,,0.69,-6.94,1,,-2.5,3.1,,2.82,-7.45,8.14,,22.88,0.58,-1.64,,,3.35,,3.05,24,14,19,-1,3.22
Oklahoma St.,Oregon,3,3.57,,2.03,0.88,-6.99,5.78,1,-4.75,0.25,1.13,4,1.06,6.98,-5.1,-0.99,0.54,6.09,-4.9,4.03,5.83,4.19,-4.4,1.28,,3.53,1.68,2.27,1.28,5.21,6,3.07,1.43,2.17,-4,3,1,-2.53,1.3,-6.94,2.2,,0.88,-9.48,-3,,3,-9.7,,-1.04,1.68,0.93,,11.35,-0.21,-1.99,,,6.45,,4.38,42,31,19,2,3.82
Oregon St.,Pittsburgh,2.5,0.75,,5.28,3.8,0.87,-2.01,-1,8.81,-2,4.28,-3.5,3.9,2.11,3.24,2.72,1.43,-2.81,3.4,-1.19,1.55,2.18,0.4,2.12,,0.16,-2.62,-2.46,2.11,-2.88,7,-5.24,-4.67,-2.35,1,3,-1,12.44,-1.01,4.34,5.1,,5.25,2.38,6,,2.5,-4.6,,5.27,3.74,9.59,,-0.09,6.92,4.79,,,2.35,,3.51,0,3,19,1,3.98
Rice,Western Mich.,2.5,-0.84,,-0.32,3.39,5.73,-1.59,1,4.16,3,5.29,1.5,-0.22,-2.12,-1.81,3.66,1.25,0.42,9.6,-3.06,-1.44,-4.35,2.8,0.29,,0.96,-0.34,1.61,0.5,-2.02,-1,-0.98,-0.43,-1.53,-2,2,0.01,0.63,-0.23,-2.75,10,,2.03,1.45,-2,,2.5,7.1,,9.67,1.93,14.8,,-0.54,1,4.98,,,0.5,,3.36,14,38,19,2,5.67
Rutgers,NC St.,7,2.01,,8.05,3.84,8.46,-1.81,6,7.93,5,4.6,5,5.39,-7.13,6.98,5.33,5.01,1.15,9.1,1.94,11.05,-1.79,1.6,4.91,,-1.66,4.45,1.37,4.91,0.67,10,0.35,1.2,0.63,12,7,2,9.47,3.13,13.06,7.9,,6.18,26.64,10,,7,7,,8.68,3.93,-3.01,,-0.14,0.34,9.52,,,1,,5.59,23,29,19,8,1.44
South Carolina,Iowa,-4,-3.73,,-11.05,-7.51,-8.16,0.44,-8,-10.4,-7,-10.49,-7,-10.33,1.43,-4.18,-3.74,-6.24,-4.01,-15,-3.81,-8.4,-2.61,-1.3,-7.55,,0.55,-6.29,-4.76,-6,-2.09,-6,-1.26,-2.23,-2.25,-4,-3,-6,-2.55,-4.52,-5.44,-1.6,,-11.21,-22.87,-3,,-4,-9.4,,-23.32,-5.19,-4.5,,-0.2,2.76,-6.44,,,-2.5,,5.28,31,10,19,-7,-7.09
South Florida,Memphis,12.5,11.17,,6.26,9.79,7.93,12.09,8,10.97,14,11.21,15,10.28,15.64,10.88,13.77,10.67,9.12,7.2,21.94,8.66,14.35,9.4,9.32,,10.3,12.24,10.65,10.88,12.62,10,11.6,10.86,12.12,14,14,11,17.67,13.07,13.53,4,,9.11,0.72,14,,12.5,8.4,,9.04,15.07,16.58,,2.25,7.37,14.61,,,4.4,,3.45,14,41,19,6,13.27
Southern Miss.,Troy St.,-4,-2.63,,-0.44,0.21,-3.83,-3.53,-2,1.3,-5,0.01,-6.5,-1.63,0.61,-0.18,-0.35,-3.29,-2.76,-2.7,-9.33,-5.87,-8.09,0.8,-0.76,,0.52,-2.45,-3.54,-2.87,-5.76,-7,-4.82,-5.11,-5.92,-4,-3,-2,3.6,-4.66,-6.82,5.4,,0.45,-14.92,-4,,-4,-4.8,,-2.87,-0.93,11.54,,-0.48,-6.9,-2.66,,,-4.15,,3.24,27,30,19,-4,-1.74
Texas,Ohio St.,8,8.64,,13.53,10.68,4.96,9.75,9,5.57,4,13.32,10,7.25,15.09,7.66,4.99,7.76,11.9,6.7,4.06,6.25,6.36,4.4,9.05,,9.29,4.91,9.77,7.25,11.72,10,4.4,6.41,6.92,7,11.5,4,6.66,2.46,1.48,0.5,,11.92,-1.97,3,,8,5.1,,16.56,11.96,5.42,,24.2,3.07,4.91,,,13.65,,3.91,21,24,19,8,10.17
Texas Tech,Mississippi,4,10.04,,8.33,5.65,1.52,15.52,7,5.89,9,8.48,14,4.23,20.49,4.67,3.7,8.39,11.1,3.4,14.19,11.08,18.36,6.4,8.72,,14.1,10.04,11.53,8.33,21.38,9,11.18,11.38,14.89,4,7,5,10.85,6.86,6.35,2.7,,8.2,-10.61,11,,4.5,3.4,,0.31,3.22,13.8,,25.44,4.99,6.96,,,14.1,,5.85,47,34,19,5,10.96
Tulsa,Ball St.,1,-4.63,,-3.15,-0.92,-3.97,-5.77,-2,-0.78,-15,0.01,-15.5,-3.37,-2.7,-3.6,4.29,-4.48,-6.87,-1.2,-15.53,-5.28,-6.43,-4.8,-2.73,,-4.56,-8.07,-6.01,-4.56,-8.97,-6,-7.55,-7.94,-10.23,2,-2.5,-8,3.49,-7.74,0.38,-0.6,,-0.76,-3.92,2,,0,-5.8,,-1.02,-3.85,16.48,,-1.52,-7.56,-1.15,,,-6.4,,4.49,13,45,19,-6,-1.3
USC,Penn St.,9,1.52,,5.75,4.4,6.13,0.55,4,10.9,7,4.22,7,5.26,0.53,10.9,6.73,4.82,-0.55,7.3,0.58,12.51,8.29,4.8,2.07,,2.35,8.15,1.08,4.8,0.15,10,-0.98,0.6,0.21,9,9.5,6,13.14,0.57,6.2,13.7,,4.07,-0.82,9,,8,4.4,,10.41,5.9,15.19,,-0.04,4.36,7.46,,,0.3,,3.76,24,38,19,4,5.66
Vanderbilt,Boston College,-3,-7.73,,-8.67,-3.52,-6.64,-8.85,-6,-6.08,-4,-4.3,-6.5,-6.74,-6.31,-3.79,-3.28,-6.07,-7.53,-5.6,-15.92,-8.1,-6.22,-10.3,-4.48,,-8.16,-4.35,-8.89,-6,-8.64,-6,-6.99,-9.66,-10.72,-6,-4,-6,-4.61,-10.55,-6.58,-12.8,,-4.37,-5.43,-6,,-3.5,-4.4,,2.34,-5.37,-2.81,,-1.6,-7.4,-0.7,,,-5.2,,2.84,14,16,19,-5,-2.29
Wake Forest,Navy,3,2.13,,0.43,5.27,1.53,3.21,-3,2.25,-2,5.11,0.01,1.1,6.33,-4.7,0.43,0.83,0.82,-0.3,1.58,5.11,-0.33,5,1.67,,4.92,-5.79,2.74,1.29,0.84,-1,3.42,1.75,0.83,-1,3.5,0.01,5.26,1.29,4.93,8.8,,1.74,-15.73,4,,3,-4.7,,-7.61,7.95,-1.87,,0.26,2.76,2.15,,,0.3,,4.16,19,29,19,-1,2.67
