Home,Road,line,linesag,linenatsportrank,linepfz,linelaz,linemore,linesagelo,linemarsee,linenutshell,lineargh,linecpa,linehow,linesagpred,linecparetro,linekam,linebass,lineavg,lineelo,lineborn,linesuper,linedunk,linebill,linecovers,linebihl,linebill2,linemassbcs,lineimes,lineclaa,linemedian,linewolf,lineharm,lineanderson,linecoll,linemaas,linefox,lineopen,linepig,linenutshellretro,linecons,linecong,linesportrends,linel2,linebenson,lineash,lineca,lineburdorf,linesprs,linekeep,linekerns,linel2hf,linelog,linegirl,lineatom,linedwig,linealder,linecather,lineschmidt,linestd,vscore,hscore,week,linetrexler,linedokter
Alabama,Virginia Tech,6,-2.05,,3.33,0.11,5.94,-2.05,9,12.51,-3,1.56,-2,-2.05,1.56,8.2,-10.17,3.70275,8.16,9.5,-0.69,8.2,4.67,7.5,,,,8.49,7.71,3.33,,,,,,7,6,0.01,7.33,1.42,0.01,10,,1.22,5,6,3.1,1.74,7.82,9.07,,,2.15,1.63,8.4,-5.04,8,5.3,4.93,24,34,1,7,-0.57
Arizona,Central Mich.,13.5,16,,17.8,15.31,27.22,16,16,28.99,6,13,9,16,13,21.22,15.83,16.519,11.6,30.05,25.69,20.93,20.67,23.7,,,,8.32,12.29,16,,,,,,25,12,7,23.04,18.18,5.87,19,,13.82,13,13.5,25.2,11.31,12.81,34.82,,,17.09,19.79,8.3,7.38,21,16.4,6.92,6,19,1,14,16.4
Auburn,Louisiana Tech,13.5,21.84,,7.6,20.4,12.47,21.84,4,10.58,9,14.44,14,21.84,14.44,15.59,39.83,12.30275,6.35,8.55,29.19,14.53,5,15.5,,,,1.51,4.18,12.46,,,,,,17,13.5,9,12.23,12.57,1.62,9,,4.54,14,13.5,-0.4,10.84,15.99,17.25,,,13.87,12.46,5.75,25.91,12,7.5,7.67,13,37,1,4,17.89
Ball St.,North Texas,16,19.7,,29.84,19.19,27.56,19.7,43,37.29,20,16.09,31.5,19.7,16.09,28.68,25.34,26.3615,30.29,32.95,26.5,15.86,32.33,23,,,,31.16,39.14,25.1,,,,,,27,23,22,28.72,23.36,20.47,44,,25.95,27,17.5,15.7,19.29,23.04,35.94,,,20.14,24.66,23.1,28.48,37,25.1,7.22,20,10,1,26,20.36
Boise St.,Oregon,3,1,,1.23,2.23,-0.47,1,8,-3.2,9,3.16,9.5,1,3.16,4.74,1.47,3.682,8,-1.35,-0.25,-4.32,4.67,5.8,,,,16.78,5.54,3.21,,,,,,2,5.5,4,-3.4,3.5,3.94,12.5,,9.52,6,3,-1.6,2.89,3.6,0.11,,,-3.6,1.04,4.3,6.43,2,4.5,4.29,8,19,1,7,2.16
Bowling Green,Troy St.,-7,-2,,-2.95,2.87,-2.72,-2,4,-0.01,-6,-9.92,-2,-2,-9.92,-7.26,-5.97,-3.09075,1.34,-2.15,-3.5,-7.39,-5.33,-2.1,,,,-5.32,-0.13,-2.72,,,,,,-1,-4.5,-4,-1.06,-2.6,-5.03,-5,,-3.12,-1,-6,1.8,-5.8,1.36,-5.11,,,-2.04,-4.28,-5.75,-5.57,-4,-1,3.10,14,31,1,-5,-0.63
California,Maryland,21,10.81,,14.34,10.62,20.27,10.81,13,21.01,13,20.29,10,10.81,20.29,21.12,7.44,15.1415,6.75,18.75,16.19,15.99,6.67,21.5,,,,17.14,8.7,15.99,,,,,,23,21,17,14.62,16.6,15.86,11,,21.89,18,20.5,20.1,15.33,16.27,18.67,,,8.22,20.51,10.95,10.87,22,8.6,4.92,13,52,1,16,15.43
Clemson,Middle Tenn.,19,22.57,,18.67,22.07,24.13,22.57,18,27.62,13,30.97,19,22.57,30.97,22.8,32.39,21.799,24.57,26.95,37.94,27.77,21,27.6,,,,16.78,20.57,22.52,,,,,,27,21,26,21.94,25.63,9.1,13,,22.52,17,19.5,22.7,22.26,21.89,27.26,,,16.26,18.3,13.85,21.33,21,20.5,5.23,14,37,1,13,22.9
Colorado,Colorado St.,10.5,7.14,,2.53,7.53,7.93,7.14,2,3.92,12,13.36,6,7.14,13.36,9.64,11.66,6.70125,3.19,4.95,9.31,14.14,6.67,7.5,,,,1.76,1.34,7.14,,,,,,8,9.5,10,3.49,6.72,7.41,-2.5,,2.52,12,10,4,12.05,3.63,6.31,,,3.05,8.93,2.05,7.35,10,3.7,3.94,23,17,1,2,9.88
Eastern Mich.,Army,5.5,1,,4.12,0.91,8.34,1,11,3.42,11,3.52,4,1,3.52,-1.95,5.01,3.83025,2.52,0.45,2,2.7,2.67,5,,,,0.24,1.22,3.42,,,,,,7,5.5,-1,0.72,4.78,16.94,-5,,-2.7,14,5.5,11.4,4.23,10.69,0.14,,,-1.97,6.7,0.9,0.51,9,0.5,4.74,27,14,1,4,3.61
Florida St.,Miami (Fla.),5.5,7.88,,17.39,6.4,17.51,7.88,11,14.84,11,9.94,10.5,7.88,9.94,4.86,9.91,9.567,7.83,16.45,13.81,2.14,14.33,9.3,,,,8.73,9.16,9,,,,,,12,6.5,9,10.78,12,8.97,8,,2.77,9,6.5,14,7.38,9.19,3.91,,,6.72,12.15,0.35,10.37,21,8.3,4.21,38,34,1,8,6.27
Illinois,Missouri,6.5,-11.52,,-12.1,-10.3,-5.14,-11.52,-13,-11.02,-1,4.89,-17,-11.52,4.89,-0.9,-17.28,-6.4125,-11.2,-9.2,-18.56,8.48,-14.67,2.6,,,,-4.61,-14.33,-6.85,,,,,,-8,3,0.01,-10.9,-9.94,-5.7,-8.5,,3.68,-1,5,-1.6,2.5,-0.5,-8.82,,,-10.78,-4.59,-11.1,-16.04,1,-12.1,6.67,37,9,1,-2,-5.17
Memphis,Mississippi,-17,-10.45,,-6.04,-9.45,-30.71,-10.45,-18,-29.43,-11,-25.49,-7.5,-10.45,-25.49,-17.93,-4.14,-17.66641026,-16.58,-28.15,-25,-17.1,-25,-21.5,,,,-26.91,-16.68,-17.1,,,,,,-23,-17.5,-23,-22.48,-19.98,-6.76,-15.5,,-17.23,-14,-17,-32.6,-17.03,-15.93,-21.23,,,-15.54,-20.76,,-8.97,-26,-15.9,7.32,45,14,1,-12,-14.68
Miami (Ohio),Kentucky,-15,-16.8,,-17.32,-12.91,-24.56,-16.8,-18,-23.34,-17,-22.86,-17.5,-16.8,-22.86,-17.26,-19.09,-18.061,-15.46,-20.3,-31.44,-20.6,-21,-23.3,,,,-17.89,-22.25,-18.66,,,,,,-23,-13.5,-24,-20.72,-20.54,-17.14,-14,,-12.71,-17,-16,-22.8,-20.53,-20.92,-18.66,,,-18.11,-19.15,-15.5,-22.4,-20,15.9,6.44,42,0,1,-13,-13.57
Michigan,Western Mich.,13.5,15.69,,-0.25,15.94,10.61,15.69,-5,6.92,5,10.69,8,15.69,10.69,7.61,22.33,6.509,-1.63,7.55,20.19,13.89,-7,14.2,,,,-8.14,-7,7.55,,,,,,16,11.5,10,5.63,6.14,0.41,-5.5,,1.52,3,13,10.6,9.63,3.21,3.54,,,4.34,10.95,0.5,15.21,6,0.5,7.69,7,31,1,-3,15.99
NC St.,South Carolina,5,-2.57,,-1.78,-0.54,6.5,-2.57,4,7.76,6,4.45,-3,-2.57,4.45,-0.15,-4.97,1.9405,5,8.15,-6.31,9.2,-1.33,2.9,,,,7.33,0.29,1.54,,,,,,2,3,6,4.85,3.43,-0.16,0,,-2.45,0.01,4.5,14.2,7.07,-0.47,-5.94,,,1.93,1.54,-0.75,-8.94,8,1.1,4.67,7,3,1,3,1.03
Nebraska,Florida Atlantic,22,21.63,,11.47,21.06,23.02,21.63,19,25.72,11,22.81,19,21.63,22.81,21.94,19.46,20.21875,21.03,25.65,36.25,24.17,21,19.5,,,,13.61,19.45,21.03,,,,,,23,21,24,22.24,24.59,15.72,13.5,,18.87,13,22,21.1,19.72,24.96,31.19,,,18.75,21.4,16.65,17.23,21,18.1,4.15,3,49,1,17,21.13
New Mexico St.,Idaho,3,6.51,,10.65,8.03,7.13,6.51,10,2.97,4,9.19,11.5,6.51,9.19,5.97,5.25,6.51925,7.01,4.95,4.5,1.4,5.33,5,,,,5.08,9.18,6.44,,,,,,8,6,6,2.72,5,1.28,8,,10.89,4,4,6.8,3.8,4.24,14.79,,,2.47,8.25,6,8.34,3,8.4,2.80,21,6,1,6,6.44
Notre Dame,Nevada,15,10.33,,-1.7,9.71,9.8,10.33,7,9.44,11,12.07,7,10.33,12.07,10.79,7.8,7.7385,0.9,8.65,15,14.43,6,2.5,,,,6.01,3.79,9,,,,,,9,10,12,6.19,9.16,2.95,0,,12.1,5,13.5,10.4,12.48,10.36,6.51,,,2.93,11.78,2.7,6.92,8,4.6,3.94,0,35,1,3,10.33
Ohio,Connecticut,-4,-11.44,,-15.81,-9.42,-13.8,-11.44,-9,-13.05,-5,-8.3,-10,-11.44,-8.3,-8.75,-11.75,-9.004,-4.33,-12.95,-22.13,-2.04,-17,-13.5,,,,-8.76,-13.73,-9.42,,,,,,-11,-5,-7,-8.59,-12.45,-9.93,-4.5,,-6.09,-7,-5,-11.1,-4.68,-10.51,-13.98,,,-4.14,-8.5,-9.45,-7.88,-8,9,4.51,23,16,1,-5,-7.41
Ohio St.,Navy,21.5,19.58,,19.67,18.73,24.36,19.58,16,24.31,19,30.13,21,19.58,30.13,16.64,28.61,20.94875,14.94,25.55,27.19,25.48,20,23,,,,20.78,14.36,20.78,,,,,,26,24,20,22.07,20.95,22.71,15.5,,20.62,28,21.5,23.8,21.49,25.56,14.94,,,19.83,19.37,12.65,20.78,29,14.3,4.57,27,31,1,12,24.25
Oklahoma,BYU,21.5,11.38,,18.53,14.92,31.82,11.38,22,34.26,14,16.47,15.5,11.38,16.47,20.71,10.17,19.2135,27.09,32.4,12.38,25.44,3.67,16,,,,22.75,15.36,18,,,,,,28,25,13,24.88,8.91,18.06,21,,15.94,19,21.5,32.1,17.48,16.56,29.16,,,15.51,20.98,24.75,8.2,29,18,7.32,14,13,1,15,19.83
Oklahoma St.,Georgia,5.5,-3.37,,-4.11,-0.98,3.54,-3.37,5,8.46,4,5.26,-7,-3.37,5.26,6,-5.56,2.957,11.28,9.35,-4.63,2.59,2,8,,,,3.44,0.39,3.54,,,,,,8,6,5,6.73,2.53,1.36,4,,0.73,8,5.5,9,3.86,2.53,-6.48,,,4.99,8.42,1,-4.56,14,3.9,5.00,10,24,1,5,0.38
Penn St.,Akron,27.5,28.71,,32.5,26.08,36.5,28.71,31,41.8,19,46.51,28.5,28.71,46.51,32.98,33.85,31.354,30.08,40.75,47.44,25.6,35,36.5,,,,35.41,30.52,30.52,,,,,,40,27.5,34,32.71,33.86,20.88,30.5,,27.17,29,27.5,31.7,26.2,34.63,43.47,,,23.62,27.48,22,28.38,32,26.1,6.32,7,31,1,26,25.83
Purdue,Toledo,11,15.84,,16.42,16.04,17.56,15.84,14,25.55,7,13.15,16,15.84,13.15,15.71,19.96,13.9315,11.86,26.25,22.25,15.94,15,18.7,,,,9.7,14.43,14.28,,,,,,20,12.5,14,19.57,15.52,2.29,10.5,,8.06,5,11.5,13.4,12.31,9.97,24.42,,,13.59,11.04,0.75,17.16,11,11.5,5.36,31,52,1,11,10.68
Rutgers,Cincinnati,5,3.1,,-0.38,3,17.49,3.1,4,15.07,4,5.35,-0.5,3.1,5.35,3.9,2,4.79025,5.65,14.55,3.44,10.78,-7.67,7.5,,,,2.62,-1.85,3.18,,,,,,11,6,3,8.31,4.16,2.53,4.5,,-0.64,1,5,20,5.93,-1.86,2.2,,,1.54,6.74,3.2,2.18,17,4.4,5.65,47,15,1,5,3.15
Syracuse,Minnesota,-7,-3.15,,-10.04,-5.09,-1.66,-3.15,-4,3.04,-3,-9.71,-4.5,-3.15,-9.71,-9.72,-1.27,-5.43175,-2.55,0.95,-8.38,-9.07,-9,-4,,,,-1.96,-6.97,-5.09,,,,,,-3,-3.5,-6,1.9,-6.52,-14.96,-8,,-6.03,-12,-7,-1,-6.02,-8.83,1.7,,,0.75,-8.51,-10.5,-3.26,-7,-4,4.01,23,20,1,-7,-10.18
Tennessee,Western Kentucky,30,26.05,,17.64,24.13,32.3,26.05,26,35.25,16,40.15,22.5,26.05,40.15,31.35,22.99,26.812820513,28.25,31.65,41.88,21.81,22,32.7,,,,20.83,22.34,26.05,,,,,,34,27,36,30.73,27.99,19.84,,,27.58,23,29.5,29.1,24.6,29.42,23.5,,,26.21,22.52,23.55,34.85,27,22.3,5.95,7,63,1,19,27.14
Texas,Louisiana-Monroe,42,35.81,,39.37,35.61,43.71,35.81,45,53.37,31,53.77,38,35.81,53.77,41.67,37.45,41.74175,40.88,52.45,54.06,38.67,37.67,40.9,,,,46.74,44.89,40.88,,,,,,44,43,45,40.75,38.77,39.28,40,,40.15,43,42,41.4,38.22,53.16,63.93,,,28.13,41.5,34.45,35.07,52,34.3,7.49,20,59,1,31,42.26
Texas A&M,New Mexico,15,5.91,,-3.52,5.92,6.09,5.91,1,-1.44,10,8.32,6,5.91,8.32,8.44,8.36,4.4,3.46,-0.95,9.75,16.12,5.33,2.9,,,,2.98,2.09,5.33,,,,,,4,7,10,0,5.38,-0.14,-4.5,,1.08,2,13.5,5.5,12.04,1.5,-4.27,,,1.43,6.46,1.85,7.01,3,1.7,4.50,6,41,1,2,10.42
Tulane,Tulsa,-14,-14.51,,-22.89,-11.71,-28.88,-14.51,-28,-38.21,-9,-18.95,-22.5,-14.51,-18.95,-17.24,-15.72,-19.5895,-15.44,-34.35,-27.88,-22.11,-25.67,-29.6,,,,-16.78,-24.11,-18.98,,,,,,-27,-14,-20,-22.56,-20.56,-25.22,-22,,-16.88,-17,-15,-32.5,-17.04,-18.57,-20.48,,,-6.9,-18.98,-16.65,-19.06,-26,17,8.87,37,13,1,-19,-14.38
UAB,Rice,6,-2.3,,-10.24,-1.92,-10.78,-2.3,-14,-14.94,3,-1.79,-8.5,-2.3,-1.79,-1.8,4.52,-6.00125,-6.02,-18.05,-9.63,-4.94,-18.67,-6,,,,-10.76,-17.07,-5.48,,,,,,-5,2.5,-1,-10.21,-9.31,-6.23,-14.5,,-4.69,1,4.5,-6.1,-0.98,-2.84,-14.54,,,-5.48,-3.63,-8.25,-8.77,-6,8.3,6.16,24,44,1,-6,-0.3
UCLA,San Diego St.,19,16.48,,13.61,16.07,22.11,16.48,24,20.93,15,23.41,17.5,16.48,23.41,19.94,20.38,17.81275,8.78,20.15,27.31,20.02,22,28.1,,,,11.14,14.4,18.01,,,,,,29,17,19,18.07,17.96,19.16,10.5,,20.5,23,19,15.2,18.01,19.05,21.64,,,15.21,15.09,8.55,18.47,13,10,4.78,14,33,1,12,17.87
USC,San Jose St.,33,37.51,,42.28,35.37,47.35,37.51,43,55.01,20,36.16,32.5,37.51,36.16,43.3,42.25,37.98875,33.32,52.95,48.44,43.52,29.67,38.2,,,,28.32,34.69,37.38,,,,,,49,37,37,45.57,34.95,30.99,40,,34.2,44,33.5,45.6,33.51,38.83,41.09,,,36.14,31.84,29,33.59,45,31.7,7.02,3,56,1,31,37.38
UTEP,Buffalo,9,5.75,,-4.2,4.59,-3.98,5.75,-2,-2.12,6,6.94,5.5,5.75,6.94,4.49,7.38,2.308,-5.91,-1.65,1.81,10.9,2.67,0.5,,,,-2.72,-2.41,2,,,,,,2,4.5,5,-2,0.99,-0.36,0,,13.66,-1,7.5,-1.4,7.3,10.61,0.01,,,-1.89,5.17,0.45,2.88,-3,0.01,4.52,23,17,1,1,3.78
Utah,Utah St.,20.5,30.4,,35.57,26.53,28.57,30.4,39,32.25,20,32.44,33,30.4,32.44,26.94,41.28,29.62475,22.07,32.25,49.44,19.69,38.67,33.3,,,,36.22,38.79,30.4,,,,,,30,22.5,32,27.57,34.02,27.88,32,,27.13,26,21.5,21.6,23.9,33.78,37.23,,,22.89,20.41,19,34.18,22,24.5,5.99,17,35,1,26,27.9
Wake Forest,Baylor,2,14.96,,19,13.55,1.82,14.96,10,-1.07,9,6.55,18,14.96,6.55,3.84,25.54,7.789,2.89,0.45,22.5,5.29,13.33,-1.2,,,,11.09,14.24,6.55,,,,,,2,2,7,-0.62,12.16,6.95,7,,3.58,3,2.5,-4.8,7.1,6.14,7.59,,,-0.17,2.89,1.45,22.34,2,6.4,6.72,24,21,1,6,9.76
Washington,LSU,-17.5,-18.06,,-37.36,-12.66,-21.51,-18.06,-22,-26.11,-14,-21.05,-23.5,-18.06,-21.05,-21.03,-18.38,-20.106,-19.86,-24.95,-34.75,-19.61,-22.33,-18.5,,,,-23.51,-23.75,-19.86,,,,,,-20,-18,-22,-15.94,-22.93,-24.41,-24.5,,-19.05,-18,-17.5,-21.3,-18.54,-15.8,-19.47,,,-5.76,-11.28,-22.5,-22.14,-19,-16.8,4.93,31,23,1,-20,-13.67
Washington St.,Stanford,-16.5,-2.16,,-19.35,-0.19,-17.73,-2.16,-21,-27.84,-6,-15.17,-2,-2.16,-15.17,-20.58,9.47,-14.98425,-16.59,-26.05,-12.69,-24.28,-10,-20.3,,,,-15.46,-16.67,-16.59,,,,,,-18,-14.5,-13,-15.74,-13.63,-16.57,-34,,-31.33,-18,-16.5,-19.9,-14.43,-20.32,-24.12,,,-3.63,-18.47,-18.3,2,-28,-11.6,9.53,39,13,1,-18,-9.51
Wisconsin,Northern Ill.,16.5,18.25,,12.25,14.84,17.67,18.25,10,14.37,15,20.14,18,18.25,20.14,15.9,31.3,15.295,10.72,13.05,25.88,19.38,22,10.4,,,,8.27,11.89,15,,,,,,11,14,18,15.11,17.98,11.48,0.5,,36.18,15,16.5,5.2,17.46,19.31,18.88,,,15.85,12.2,5.5,23.87,15,9.2,6.54,20,28,1,7,13.48
Alabama,Florida Intl.,33,35.64,28.5,22.69,33.87,35.36,37.33,32,38.31,21,,32,34.19,,33.53,50.63,31.77195122,29.69,36.05,52.56,32.85,37.01,37,,35.2,,,35.57,33.53,,38,,,,37,33,39,31.45,35.9,24.83,25.5,,33.6,29,33,27.7,35.16,31.69,23.1,,,24.58,28.24,17.25,32.81,25,27.33,6.15,14,40,2,26,34.04
Army,Duke,0,0.47,4,8.98,-1,-4.19,1.73,9,-1.48,-0.25,,5,-0.8,,-4.09,3.85,0.435,0.71,-4.35,-1.56,0.61,-3.17,-5.8,,-5.6,,5.89,5.54,0.11,,3,,,,1,-1.5,-7,0.16,1.53,-2.01,0,,20.87,-3,0,4.7,-3.07,-4.5,1.21,,,1.8,-3.97,0.5,-3.53,-6,-0.82,5.15,35,19,2,3,-4.49
Auburn,Mississippi St.,15.5,18.21,9.05,6.3,16.12,16.24,19.53,18,13.69,10,,11.5,16.85,,17.44,10.59,12.811219512,10.27,14.65,20.19,14.49,8.64,14.2,,7.36,,8.01,12.54,13.1,,8,,,,15,15,10,10.17,15.38,11.35,13,,13.76,13,15.5,13.1,13.02,17.05,16.32,,,6.65,12.65,,12.18,14,13.72,3.48,24,49,2,8,16.35
Boise St.,Miami (Ohio),38.5,31.54,38,34.64,32.24,46.13,30.77,50,54.93,25,,34,32.38,,43.68,42.99,40.08547619,40.36,52.95,56.19,38.07,40.28,42,,40.31,,33.91,46.92,40.29,,39,,,,46,36,43,42,41.63,35.05,42.5,,49.43,36,38.5,49.7,41.89,42.98,40.77,,,29.07,35.87,36.4,45.93,48,37.09,6.61,0,48,2,39,35.18
Boston College,Kent,21,23.55,16,16.4,25.95,23.31,22.95,20,20.93,16,,22,24.43,,23.05,35.59,21.871428571,18.8,27.95,37.88,25.18,25.33,19.6,,25.03,,11.79,20.51,22.48,,20,,,,25,19,23,19.99,26.92,18.88,14,,29.96,18,21,15.5,21.58,24.87,34.05,,,19.06,24.58,10.6,25.17,21,19.47,5.31,7,34,2,18,28.61
Buffalo,Pittsburgh,-12.5,-8.12,-5.65,-6.63,-12.93,-13.37,-5.58,-4,-13.16,-4,,-8,-10.74,,-11.9,-17.37,-9.20452381,-2.65,-11.25,-17.69,-15.37,-14.31,-14.5,,-15.75,,-2.61,-2.49,-9.49,,-9,,,,-13,-11.5,-8,-8.69,-9.98,-5.83,-4,,-11.1,-6,-12.5,-12.9,-11.11,-16.64,-17.94,,,-4.21,-8.81,-2.1,-7.06,-11,-0.59,4.73,54,27,2,-6,-15.29
Connecticut,North Carolina,-5.5,4.74,-1,1.52,0.01,-4.2,7.19,1,-0.9,2,,6,2.3,,-3.31,3.72,-0.329285714,-4.92,-1.35,-2.25,-1.05,3.15,-0.8,,-4.66,,1.09,0.22,-0.1,,5,,,,1,-3.5,-8,-1.92,-0.62,0.68,-3,,0.92,8,-4.5,-1.5,-3.78,4.42,0.01,,,-2.93,-2.67,-6.55,-0.1,-6,-0.01,3.71,12,10,2,-2,-6.45
Florida,Troy St.,36.5,21.63,33,27.82,26.28,46.87,19.71,38,46.52,24,,29.5,23.92,,40.46,33.59,33.861904762,33.78,41.85,37.75,41.26,30.09,31.9,,30.78,,31.98,35.84,33.68,,40,,,,40,37,36,38.57,29.45,31.78,25.5,,34.54,36,36.5,45.1,37.77,44.31,29.59,,,30.61,36.32,30.05,35.34,40,27.38,6.64,6,56,2,31,39.68
Georgia,South Carolina,7,4.64,6,-0.22,6.01,10.57,3.68,7,4.79,9,,7,5.46,,6.59,5.21,7.2645238095,1.76,7.05,9.19,5.12,11.94,10.7,,13.19,,2.09,-0.27,7,,10,,,,11,7.5,8,2.81,8.37,14.57,10.5,,16.94,12,7,6.3,7.82,11.49,-2.64,,,0.82,7.24,5.2,10.92,15,3.06,4.32,37,41,2,5,10.21
Georgia Tech,Clemson,5,-4.25,2.5,1.56,-2.47,-0.52,-4.21,7,2.71,8,,2,-4.3,,5.45,-5.98,1.8778571429,1.71,-6.25,-1.31,2.53,9.75,5.5,,9,,2.54,4.26,2.23,,-3,,,,-7,4,6,3.54,3.67,2.81,3,,23.67,4,5,-13.2,3.58,10.77,-13.64,,,4.37,0.16,2,6.55,2,-0.36,6.38,27,30,2,2,2.46
Indiana,Western Mich.,1,0.01,0.5,7.33,2.86,0.84,-0.17,-1,-6.48,3,,1.5,0.25,,0.32,7.72,-1.16452381,-2.52,-3.15,-1.5,-1.33,-8.38,-1.1,,-6.83,,-0.48,6.11,-0.57,,-2,,,,0.01,1,0.01,-3.04,-0.01,-1.01,-17.5,,-5.39,-2,1,-1.6,-0.66,-4.19,5.91,,,0.39,5.06,-8.1,-11.63,-6,-0.88,4.87,19,23,2,-2,3.18
Iowa St.,Iowa,-6.5,-7.31,-16.72,-5.58,-4.64,-26.97,-9.21,-15,-30.74,-7,,-10,-5.69,,-13.52,0.01,-12.61809524,-8.03,-17.75,-24.31,-5.95,-18.33,-20.1,,-12.12,,-6.59,-15.4,-12.04,,-6,,,,-14,-8,-15,-17.73,-17.02,-20.68,-20.5,,-14.07,-12,-7,-13.6,-17.5,-12.07,-0.77,,,-4.72,-11.28,-10.75,-25.15,-17,-5.02,6.79,35,3,2,-12,-7.47
LSU,Vanderbilt,14.5,18.78,9,-0.61,10.67,9.21,22.24,1,8.63,9,,15.5,15.4,,7.65,21.33,9.1671428571,3,5.95,23.25,17.23,10.17,15.8,,6.26,,-0.19,3.78,9,,16,,,,16,12,14,5.16,12.45,3.56,9,,14.38,11,14,8.3,11.77,9.86,-3.03,,,1.68,4.97,0.75,5.84,8,4.71,6.00,9,23,2,6,10.98
Louisiana-Lafaye,Kansas St.,-7,-12.4,4.6,0.59,-9.94,0.22,-14.5,6,-5.34,3,,-4,-10.42,,-4.98,-16.79,-2.48952381,-0.65,-4.85,-12.31,-5.64,-1.67,-9.4,,1.16,,0.66,0.23,-1.94,,-10,,,,-4,-5,-9,-4.55,-2.21,8.45,5,,3,0.01,-6.5,6,-6.05,0.88,-6.94,,,-3.76,-4.67,4,1.16,-1,0.65,6.01,15,17,2,3,-9.56
Michigan,Notre Dame,-3,3.35,-4,-3.14,1.39,-5.96,4.09,-5,-5.94,-1,,4.5,2.51,,-6.35,9.97,-2.138809524,-1.11,-6.95,-3.31,3.07,5.23,2.7,,-4.38,,-4.51,-5.32,-4,,3,,,,1,-3,-4,-2.64,-4.82,-6.68,-3,,9.63,-7,-3,-8.9,-2.68,-11.37,-1.99,,,0.66,-4.56,-6.05,-7.18,-7,-4.18,4.84,34,38,2,-4,0.14
Michigan St.,Central Mich.,14.5,11.53,5.5,18.83,17.35,13.78,9.71,9,11.14,9,,14,13.51,,14.41,23.01,14.006904762,11.63,16.45,23.13,17.07,20.4,15.8,,21.25,,10.95,19.09,14.21,,8,,,,14,14.5,17,13.28,18.42,7.62,13,,13.56,9,14.5,15.5,14.87,17.8,24.46,,,15.43,12.98,4.55,16.16,10,13.82,4.65,29,27,2,15,18.21
Middle Tenn.,Memphis,1,5.39,2,-2.79,4.28,4.52,5.48,6,-0.37,5,,1,5.31,,3.1,16.74,2.7826190476,2.07,-0.35,-2.69,-1.54,3.61,0.5,,4.28,,-0.41,0.11,2.28,,9,,,,4,2,-2,1.63,2.23,4.98,1,,-5.08,1,1,8.9,1.13,-4.76,11.66,,,3.63,2.99,0.4,-0.45,7,0.98,4.09,14,31,2,2,2.33
Minnesota,Air Force,3,2.83,2,-7.82,-4.17,4.18,6.8,1,-4.68,4,,-1.5,-1.28,,-1.84,-19.95,-1.661428571,1.33,-15.55,-0.5,-4.07,0.01,-1.6,,-2.24,,-2.56,0.53,-1,,1,,,,-3,3,1,0.06,0.86,2.72,-3.5,,-18.78,2,2,-1,1.33,-0.13,-2.07,,,4.81,-1.77,-1.95,-1.28,-1,-0.6,5.47,13,20,2,-6,0.16
Missouri,Bowling Green,20,18.28,7,11.24,17.27,15.14,17.86,14,15.87,16,,23,18.72,,18.14,29.5,16.197857143,13.79,19.25,24.56,16.17,23.72,10.5,,21.65,,10.66,15.07,16,,8,,,,22,16.5,20,14.89,19.55,13.85,15,,32.14,19,19.5,6.8,15.81,20.06,8.27,,,13.91,20.75,7.1,20.06,16,13.47,5.65,20,27,2,14,14.71
Navy,Louisiana Tech,7.5,15.36,11,15.16,15.88,14.39,13.76,25,24.09,5,,15,16.98,,12.06,20.58,12.572380952,18.68,22.75,27.38,6.19,4.01,8.5,,7.65,,9.66,14.31,13,,4,,,,13,8,12,19.15,14.82,1.47,13,,10.53,6,8,14.7,12.61,9.08,16.7,,,14.2,14.89,6.4,10.03,13,16.43,5.31,14,32,2,8,10.17
Nebraska,Arkansas St.,22,27.13,18,8.02,23.58,25.67,28.43,28,35.6,10,,19.5,26.1,,26.16,20.81,21.140952381,21.56,28.05,41.13,26.67,25.73,23.5,,24.97,,13.97,24.96,23.44,,33,,,,24,24.5,24,29.21,25.57,14.02,14,,12.72,7,22,23.7,25.08,17.11,11.9,,,22.82,19.34,10.05,22.3,18,23.38,6.65,9,38,2,13,22.52
New Mexico,Tulsa,-17.5,-3.98,1,-17.57,-7.64,-15.81,-2.33,-18,-13.33,-3,,-11,-5.57,,-11.47,-6.43,-10.83952381,-8.11,-12.65,-21.69,-18.05,-16.43,-6.9,,-15.02,,-6.64,-21.65,-11.58,,-6,,,,-10,-14.5,-16,-4.67,-15.24,-21.58,-9,,-5.93,-11,-16.5,-16,-11.98,-17.5,-13.56,,,3.98,-10.17,-13.5,-11.69,-11,-12.46,6.02,44,10,2,-18,-9.05
North Texas,Ohio,-2.5,0.72,1,8.61,-1.73,-5.8,2.28,8,-7.31,-1,,-1,-0.83,,-5.16,-0.6,-2.086428571,2.4,-8.45,-4.44,-1.79,12.35,-7.9,,0.01,,1.33,5.61,-1.76,,4,,,,-8,-3,-8,-1.29,0.99,-2.34,-15.5,,-8.56,-10,-2.5,-2.7,-5.3,-2.91,1.3,,,4.73,-2.77,-6.75,-9.42,-13,2.32,5.82,31,30,2,-3,-4.46
Northwestern,Eastern Mich.,22,20.47,20,16.56,21.92,26.48,20.17,34,26.78,12,,22.5,20.81,,19.81,26,22.827857143,22.74,27.95,33.63,24.95,30.62,19.2,,33.22,,15.39,30.53,21.62,,20,,,,22,19,30,23.44,25.65,17.72,18,,35.88,15,22,24.2,23.72,17.71,30.87,,,20.1,19.52,15.3,28.29,21,21.33,5.54,24,27,2,20,20.38
Ohio St.,USC,-7,-1.9,-6,-15.27,-7.82,-7.39,1.47,-10,-9.76,0.25,,-5.5,-5.2,,-12.69,-6.82,-6.868095238,-4.42,-10.55,0.44,-4.75,0.72,0.01,,-3.15,,-3.95,-6.12,-7.25,,-2,,,,-9,-4.5,-3,-8.46,0.69,-9.07,-9.5,,-19.19,-13,-7,-7.5,-5.07,-8.18,-15.09,,,-7.15,-9.17,-11.6,-7.75,-4,-7.35,4.53,18,15,2,-8,-8.69
Oklahoma St.,Houston,15.5,19.35,21.6,4.22,14.29,20.5,21.72,17,18.04,15,,14,16.9,,18.7,16.23,15.585714286,21.92,14.35,20.63,19.62,18.47,22,,15.92,,10.2,15.77,15.85,,14,,,,15,16,13,19.13,17.22,11.34,9.5,,11.51,12,15.5,19.3,17.83,10.17,10.7,,,20.21,16.73,9.9,14.24,19,14.54,4.33,45,35,2,6,15.01
Oregon,Purdue,12.5,12.81,9,-0.4,7.81,16.14,12.92,23,15.95,13,,15,12.71,,12.94,13.12,14.648809524,12.79,18.05,21.75,13.33,22.23,16,,22.59,,10.16,10.18,14.04,,10,,,,21,11,19,13.76,16.82,18.81,17.5,,31.4,18,12.5,17.5,15.48,14.74,0.84,,,11.57,18.54,9.35,20.19,22,13.27,5.82,36,38,2,9,11.91
Penn St.,Syracuse,28.5,23.78,25,29,21.27,29.47,24.68,29,32.99,20,,29,22.88,,30.46,32.44,28.695952381,30.52,34.25,43.5,26.4,32.97,33.6,,27.51,,24.75,33.02,29,,22,,,,35,29,28,26.89,34.27,26.07,36.5,,32.51,35,28.5,25.1,29.39,37.04,24.07,,,20.8,28.53,22.05,36.78,31,26.33,4.78,7,28,2,32,24.8
San Jose St.,Utah,-13.5,-10.65,-29,-24.38,-14.85,-30.99,-8.33,-11,-35.42,-7,,-21.5,-12.79,,-16.95,-18.82,-21.19785714,-19.24,-33.45,-39.38,-17.83,-20.94,-28.2,,-17.33,,-17.8,-25.87,-21.22,,-10,,,,-24,-13,-24,-29.04,-25.11,-18.93,-24,,-27.34,-17,-14.5,-31.3,-25.45,-25.74,-15.15,,,-22.67,-16.61,-22.55,-27.57,-23,-14.82,6.85,24,14,2,-23,-20.73
Southern Miss.,Central Florida,15.5,6.47,10.37,13.95,11.34,12.96,3.07,16,16.23,8,,10,10,,14.96,15.27,13.508571429,10.84,18.65,17.75,15.42,15.03,12.5,,15.85,,14.99,7.36,14.45,,8,,,,18,14,16,12.41,14.99,11.3,19.5,,16.66,16,15.5,20.9,12.87,21.1,21.14,,,8.59,13.11,6.75,16.3,17,8.09,4.36,19,26,2,19,12.43
Tennessee,UCLA,10,6.68,8.5,14.34,10.89,9.33,5.12,22,13.42,5,,9,8.46,,13.99,18.52,9.9328571429,10.29,15.05,15.5,14.76,1.13,7.5,,2.73,,5.48,7.65,9.17,,4,,,,13,10,12,7.98,10.39,7.83,10.5,,12.68,8,10,6.5,8.76,8.85,18.04,,,2.55,13.05,3.7,9.73,16,7.8,4.56,19,15,2,14,11.46
Texas Tech,Rice,27.5,21.15,22.7,19.82,25.58,20.01,20.73,27,26.82,18,,28.5,21.59,,29.13,36.46,23.178809524,31.88,21.05,37.25,34.54,23.57,19,,20.65,,14.9,22.18,22.08,,25,,,,21,25,28,24.4,25.66,13.53,12,,34.24,25,27,16.9,23.58,24.67,33.54,,,21.98,22.48,17.2,17.88,21,18.91,5.55,10,55,2,21,21.98
Toledo,Colorado,-4,-3.04,2,-2.67,-7.12,-5.95,-1.98,1,-5.64,-3,,-7.5,-4.14,,-4.46,-3.36,-3.799047619,-3.08,-8.85,-13.38,-2.22,-9.69,-9.7,,-9.22,,-1.09,-9.6,-3.9,,-4,,,,-6,-3,-9,-4.42,-5.56,-1.23,3,,4.59,-2,-4,-3.8,-6.71,-0.01,-7.14,,,-3.19,-2.73,5.2,-8.63,-2,-5.43,3.86,38,54,2,-2,-5.61
Tulane,BYU,-18.5,-27.32,-39,-18.27,-22.32,-30.53,-29.76,-32,-41.32,-14,,-27,-25.49,,-24.49,-36.5,-27.57833333,-31.81,-39.55,-46.5,-22.93,-34.31,-29.5,,-33.39,,-11.73,-31.56,-27.83,,-24,,,,-31,-17.5,-30,-32.61,-30.66,-21.86,-22.5,,-19.99,-23,-19.5,-37.5,-28.33,-22.2,-28.69,,,-23.9,-22.72,-21.7,-29.04,-33,-23.68,6.84,54,3,2,-19,-23.74
UAB,SMU,10,12.36,19.6,11.35,11.94,19.74,11.83,28,16.74,10,,10,12.88,,13.62,9.4,14.745238095,19.48,19.55,18.75,12.96,20.01,10,,8.9,,8.09,18.27,13.58,,2,,,,14,12,6,13.77,15.56,17.6,11,,23.39,12,10.5,20.9,12.2,13.54,28.36,,,10.8,15.53,17.7,13.95,17,18.58,5.38,35,33,2,13,11.87
UNLV,Oregon St.,-7,-13.04,-11.02,-3.73,-9.23,-18.3,-13.81,-17,-23.88,-6,,-15.5,-12.28,,-12.77,-10.51,-11.60547619,-12.02,-14.55,-29.19,-3.3,-20.33,-18.7,,-17.2,,-5.31,-7.76,-11.51,,-8,,,,-16,-8.5,-12,-16.8,-15.84,-10.76,-15,,-4.68,-12,-7.5,-13.1,-14.96,-10.35,-1.52,,,-9.72,-7.65,-10.95,-16.09,-10,-5.96,4.87,23,21,2,-7,-8.59
UTEP,Kansas,-12.5,-12.42,-7,-13.78,-14.78,-20.17,-11.93,-11,-16.09,-11,,-17.5,-13.11,,-12.49,-32.75,-14.91285714,-11.29,-17.05,-30.31,-16.24,-14.79,-21.5,,-17.09,,-8.15,-13.23,-14.78,,-12,,,,-18,-10.5,-17,-14.94,-19.17,-10.39,-4,,-26.99,-18,-12.5,-17.3,-17.12,-14.78,-21.37,,,-13.8,-15.21,-11.2,-12.2,-17,-9.53,5.23,34,7,2,-12,-18.92
Virginia,TCU,-10.5,-13.22,-19.85,-17.64,-8.39,-14.27,-13.54,-24,-18.01,-4,,-11,-13.15,,-10.91,-7.52,-15.86309524,-8.26,-23.85,-26.63,-8.93,-17.48,-14.5,,-15.82,,-34.56,-23.43,-15.62,,-14,,,,-17,-11.5,-16,-13.12,-18.29,-13.86,-20,,-1.8,-27,-11,-21.8,-13.68,-16.19,-22.52,,,-8.23,-9.72,-24.75,-18.28,-21,-15.42,6.55,30,14,2,-18,-6.53
Virginia Tech,Marshall,20,22.05,18.45,5.15,18.86,26.87,20.27,24,23.47,17,,20,23.79,,19.14,18.86,20.920714286,21.75,25.75,34.19,22.1,28.6,23.2,,28.24,,7.22,13.38,22,,20,,,,26,19.5,28,21.11,25.74,25.6,14,,18.49,22,20,26.3,23.94,20.15,33.1,,,18.75,19.33,11.4,22.34,22,18.4,5.54,10,52,2,14,22.53
Wake Forest,Stanford,3,0.69,0.2,-0.83,2.67,3.49,-0.53,4,1.51,5,,8.5,2.01,,2.18,-5.04,1.7333333333,7.17,3.65,4.13,-0.58,0.52,-0.3,,-0.71,,1.64,0.98,1.49,,1,,,,2,0,1,1.13,2.27,2.78,1,,18.16,-3,3,2.8,1.66,-6.5,-3.84,,,0.74,1.48,2.9,7.77,-2,3.71,3.93,17,24,2,1,1.45
Washington,Idaho,20.5,17.33,10,-5.35,16.73,17.99,16.82,4,16.27,9,,10.5,17.84,,19.61,26.99,12.50547619,-1.12,15.75,17.44,25.38,10.72,16.7,,12.02,,0.9,-0.48,15.85,,20,,,,18,18,15,16.11,9.98,4.36,6,,18.84,17,19.5,13.3,17.06,21.79,9.8,,,15.95,16.7,1.95,8.3,17,4.41,7.48,23,42,2,2,20.19
Washington St.,Hawaii,-2.5,-1.14,-8.65,-11.97,-3.36,-0.29,-1.88,-11,-11.09,1,,-13,-0.42,,-9.28,-8.76,-5.967380952,-16.11,-9.15,-12.88,-0.13,-4.08,-3.2,,-5.36,,-3.7,-19.15,-4.18,,3,,,,-3,-3.5,-3,-4.31,-6.58,-9.14,-21.5,,3.82,-5,-2.5,3.3,-2.66,-1.66,-1.76,,,2.47,-4.27,-9.6,-16.18,-8,-7.1,6.07,38,20,2,-13,-1.4
West Va.,East Carolina,6,9.76,1.43,9.57,12.1,13.07,8.82,9,12.92,5,,13,10.62,,8.55,17.07,8.3819047619,9.83,10.15,19.13,8.1,10.33,12.2,,10.42,,4.83,6.07,9.29,,6,,,,14,7,9,12.51,11.26,4.79,7,,11.93,8,6.5,6.5,10.66,2.86,-4.14,,,12.11,4.83,-4.2,8.48,15,6.34,4.48,20,35,2,7,10.35
Western Kentucky,South Florida,-24.5,-16.79,-25.73,-27.2,-23.04,-24.84,-13.85,-28,-34.44,-12,,-20.5,-19.8,,-29.24,-32.37,-25.25,-21.81,-35.45,-36.13,-27.49,-23.87,-23.9,,-26.87,,-11.51,-30.8,-24.92,,-25,,,,-26,-24,-34,-26.23,-24.39,-19.82,,,-23.05,-30,-24.5,-23.7,-26.79,-38.45,-38.4,,,-18.02,-24.33,-22.9,-27.11,-25,-23.26,6.12,35,13,2,-25,-24.8
Wisconsin,Fresno St.,8,8.96,11.85,0.92,4.46,14.6,11.97,10,21.53,8,,9.5,5.85,,9.56,-1.93,8.1566666667,11.12,8.95,14,15.84,16.6,13.4,,11.95,,1.79,7.75,9,,9,,,,10,9,9,15.07,9.4,-2.57,9,,9.97,10,8,-4,12.11,9.69,5.73,,,8.61,6.72,-3.85,9.56,7,4.18,5.32,31,34,2,4,4.51
Wyoming,Texas,-32,-20.28,-34.3,-17.18,-22.75,-34.9,-18.62,-28,-36.08,-18,,-26,-21.98,,-35.44,-22.5,-28.89095238,-36.04,-34.65,-41.06,-33.23,-23.92,-36,,-23.63,,-16.79,-24.72,-29.95,,-37,,,,-37,-32,-30,-27.95,-26.64,-34.26,-31,,-26.06,-34,-32,-34,-32.17,-31.25,-31.56,,,-19.82,-26.23,-29.9,-36.32,-37,-20.98,6.36,41,10,2,-30,-28.92
Akron,Indiana,3,1.58,3.7,4.45,4.31,2.67,-4.57,9,8.92,5,6.97,0.01,7.63,-7.58,9.21,1.17,4.9443181818,6.42,11.55,4.25,3.05,-10.52,2.1,,-5.57,,9.42,-1.71,4.73,,3,,,,9,4,2,3.14,4.2,6.2,17.5,,22.52,6,3,8.2,3.81,9.15,1.54,,,-2.63,7.59,7.55,9.12,13,9.01,6.01,38,21,3,4,5.88
Alabama,North Texas,38.5,33.63,30.2,26.24,28.26,43.59,38.77,27,40.17,28,36.29,33.5,28.89,38.93,34.06,34.74,35.270227273,26.17,42.05,55.63,37.84,32.88,47,,37.02,,30.81,39.14,35.77,,26,,,,43,38,42,33.21,38.63,35.42,43,,37.65,39,38.5,36.1,36.77,40.28,37.55,,,26.26,35.44,22.05,51.16,42,29.18,6.31,7,53,3,31,34.02
Arizona St.,Louisiana-Monroe,21,20.71,13,17.69,20.98,23.85,23.08,11,27.15,11,18.26,15.5,18.61,24.8,19.88,28.77,18.865909091,11.51,23.55,30.25,22.4,21.06,25.4,,21.15,,9.62,12.28,19.55,,21,,,,23,17,23,20.91,20.26,11.46,17,,31.55,15,21,18.9,22.16,15.36,24.5,,,14.67,19.21,8.85,18.83,19,12.49,5.34,14,38,3,18,21.61
Arkansas,Georgia,2,-4.89,-1.95,1.91,0.79,-3.5,-6.56,1,-4.19,-1,-2.59,-5.5,-3.43,-4.25,-3.06,3.39,-2.846818182,-3.44,-5.45,-9.19,-3.85,-13.48,-3.8,,-9.34,,-0.74,-0.67,-2.79,,-5,,,,-2,-2,-3,-3.94,-2.57,-4.79,-9.5,,2.88,-2,1,0.8,-2.48,0.39,1.59,,,-3.69,-0.2,-5.8,-14.1,-5,-1.41,3.99,52,41,3,7,0.17
Army,Ball St.,8,8.74,2,4.49,2.46,-5.96,11.51,25,-2.93,3,-0.49,-4,6.37,7.49,0.83,1.64,1.2893181818,11.22,3.85,0.31,11.8,-7.93,-9,,-7.54,,6.4,10.39,1.82,,5,,,,0.01,6.5,0.01,-0.99,3.04,-14.47,-11,,-13.23,-3,7,3.8,0.01,3.39,14.52,,,0.95,1.09,5.95,-19.27,-8,5.79,8.19,17,24,3,1,-0.2
Auburn,West Va.,7,2.79,3.46,-1.97,6.32,-0.16,-0.44,5,-0.13,4,7.51,-2,6.37,-4.53,4.66,1.32,2.0595454545,2.98,3.05,-1.44,0.9,-4.64,-0.5,,-0.46,,0.47,0.13,2.61,,1,,,,6,4,0.01,1.34,1.01,-2.75,-1.5,,7.04,3,6,4.3,2.43,8.96,9.64,,,2.82,5.25,0.15,-5.84,-3,4.23,3.65,30,41,3,4,6.28
BYU,Florida St.,8,13.39,17,12.93,10.61,-0.7,11.22,26,11.34,11,15.41,14,15.84,15.02,11.08,27.58,14.171363636,21.44,14.85,14.06,20.94,15.63,1.5,,14.3,,26.78,16.71,13.74,,13,,,,9,7.5,12,11.03,15.46,8.35,4.5,,23.78,15,9,14,8.02,26.93,29.29,,,10.72,13.48,9.2,6.52,14,10.23,6.61,54,28,3,11,8.19
Baylor,Connecticut,10.5,4.7,10.5,-2.4,1.69,8.87,6.71,6,10.32,5,5.85,-2.5,3.24,16.8,7.95,1.74,5.7670454545,7.6,10.95,8.31,8.74,-0.38,5.6,,0.13,,2.29,5.49,5.73,,3,,,,5,10.5,7,12.1,7.39,1.63,1.5,,0.01,5,9.5,16.2,6.82,3.51,8.16,,,13.89,10.28,6.45,-3.39,11,6,4.58,30,22,3,5,3.91
Central Florida,Buffalo,5,3.72,1,2.32,4.44,0.34,-0.83,3,-2.41,5,-1.26,4,8.24,-5.86,1.31,13.34,0.5593181818,-2.66,-2.05,-0.19,0.56,-6.65,2.9,,-1.84,,-3.15,-0.11,0.45,,2,,,,4,3.5,0.01,-3.54,-0.94,-0.5,-7.5,,8.41,0.01,4,-0.3,2.01,-0.4,2.89,,,-4.66,3.85,-7.6,-11.51,1,-1.99,4.70,17,23,3,1,10.48
Clemson,Boston College,7,6.91,5.4,-1.76,1.86,6.66,8.41,6,6.06,3,4.28,-3.5,5.1,8.02,6.48,-2.24,3.2334090909,4.14,1.25,0.63,1.5,3.41,7.5,,2.6,,-4.34,-2.07,3.78,,3,,,,8,7,6,5.83,1.71,-0.48,3,,-3.35,5,6.5,6,6,1.67,8.25,,,5.61,2.14,-0.85,-0.83,7,4.56,3.61,7,25,3,-3,2.77
Colorado,Wyoming,7,0.89,3.6,2.68,2.35,4.83,-1.7,3,5.24,6,1.45,4,3.47,-1.6,6.55,3.96,3.0625,1.22,0.25,3.88,2.24,0.38,16,,2.43,,-1.1,-11.26,2.84,,-4,,,,12,7,5,3.05,0.85,9.96,4.5,,-2.76,8,6,2.2,5.7,4.17,0.71,,,0.87,4.1,-2.1,8.98,10,-3.02,4.63,0,24,3,4,7.11
Colorado St.,Nevada,-3.5,4.37,4,16.34,6.84,3.43,6.62,16,9.09,3,-3.58,8,2.31,-0.53,6.73,15.07,4.0997727273,9.4,6.65,9.88,-3.56,2.84,-6,,3.16,,11.39,16.02,3.92,,-1,,,,1,-3.5,3,7.67,9.05,-4.21,-1.5,,-11.42,-6,-2.5,2.2,2.86,1.79,8.65,,,6.24,3.84,-2.3,5.71,-2,6.76,6.12,20,35,3,9,7.13
Florida,Tennessee,30,9.25,32,20.33,11.46,40.26,11.51,39,40.7,22,24.56,25.5,5.87,37.44,32.85,13.78,27.253409091,33.81,34.35,26.88,32.56,23.04,24.5,,24.39,,29.81,21.35,27.33,,9,,,,30,28,28,32.62,21.3,34.14,33,,40.71,30,30,42.7,24.65,33.13,3.86,,,24.54,30.57,34.15,37.53,42,24.9,9.98,13,23,3,26,26.65
Fresno St.,Boise St.,-8,-10.4,-18,-6.57,-7.99,-22.45,-15.19,-6,-28.61,-9,-16.9,-17.5,-4.95,-25.54,-15.47,-8.69,-14.61045455,-15.02,-22.75,-24.81,-5.71,-24.21,-23.05,,-19.61,,-24.7,-17.6,-15.1,,-11,,,,-18,-12,-15,-22.74,-16.5,-6.24,-24,,3.9,-12,-8.5,-15.4,-15.41,-8.93,-10.26,,,-16.87,-9.41,-16.7,-23.32,-14,-10.47,6.80,51,34,3,-9,-10.34
Idaho,San Diego St.,-3.5,-2.7,-5.28,1.62,-3.79,-3.53,-3.56,-3,-7.06,-1,-8.21,-2,-1.84,-2.84,-2.34,-2.4,-2.004772727,3.47,-8.15,-0.06,0.14,3,0.1,,0.12,,-0.65,-0.41,-2.47,,-3,,,,1,-3,-5,-3.01,0.28,2.6,-5,,9.78,0.01,-3.5,-4.3,-2.71,-2.93,-0.78,,,1.03,-4.15,-4.25,-4.69,-5,-2.55,3.36,20,34,3,2,-4.96
Iowa,Arizona,3.5,3.51,5.4,4.35,9.3,5.53,0.67,6,8.61,6,7.18,4.5,6.39,9.99,6.72,11.39,4.9606818182,-2.54,11.95,6.25,3.6,1.4,7,,2.49,,9.9,4.09,5.36,,3,,,,5,6,13,4.33,5.8,2.63,4.5,,-8.05,-2,3.5,2.2,6.41,5.32,1.68,,,0.01,10.61,-1.4,5.74,9,2.67,4.12,17,27,3,5,8.32
Kansas,Duke,23.5,7.44,16.9,20.36,16.33,22.57,6.15,14,19.32,20,23.6,24.5,8.73,26.14,19.45,36.43,19.722045455,8.77,19.75,29.06,23.54,22.31,25.2,,20.77,,22.23,19.16,20.18,,12,,,,26,19,19,16.5,23.62,29.91,12,,38.7,29,23.5,23.1,18.15,27.34,9.65,,,13.69,20.83,11.8,16.43,23,11.68,7.09,16,44,3,23,18.32
Kent,Iowa St.,-3,1.5,3.9,6.96,-2.21,0.89,1.01,9,-0.33,2,-7.49,2,1.98,-9.76,-4.33,0.48,1.2686363636,8.26,-3.85,-2.25,-2.39,0.13,1,,0.69,,6.19,5.79,1,,1,,,,1,-2,-4,-2.21,2.16,12.07,6,,8.08,3,-2.5,-1,-0.64,3.18,3.93,,,-4.09,-1.73,1.7,4.53,-2,0.79,4.44,34,14,3,3,-6.48
Kentucky,Louisville,12.5,16.99,12,17.93,13.93,10.65,17.62,23,17.29,11,22.27,5,16.35,7.49,16.6,26.85,15.026590909,11.4,23.65,18.13,18.48,10.59,10.4,,10.6,,10.16,17.53,14.11,,20,,,,13,10.5,16,14.05,14.3,8.03,14,,17.21,9,12.5,13,13.36,13.08,32.14,,,10.81,19.92,6.65,12.74,18,22.49,5.49,27,31,3,13,14.66
LSU,Louisiana-Lafaye,27.5,22.98,16.77,14.28,22.23,21.62,20.69,14,25.5,17,28.13,23.5,25.11,27.25,23.1,42.61,21.456744186,12.06,23.85,40.06,27.79,27.2,28.3,,23.69,,16.03,14.19,22.98,,23,,,,31,27.5,31,16.49,23.07,17.3,10,,31.76,24,26.5,19.8,,23.28,22.98,,,7.47,20.98,7.9,18.33,22,15.62,6.91,3,31,3,13,25.5
Marshall,Bowling Green,-2.5,-5.34,-11.1,-8.22,-9.01,-8.63,-2.67,-20,-20.6,1,-8.37,-5,-7.89,1.87,-11.64,-9.04,-8.276590909,-15.47,-18.55,-22.19,-2.07,-2.11,-3.2,,-4.59,,-1.53,-8.91,-8.3,,-4,,,,-10,-3,-4,-13.89,-9.41,-4.01,-7,,-8.82,-9,-3.5,-16.8,-7.21,-8.98,-18.41,,,-7.18,-6.38,-11.4,-8.17,-10,-10.16,5.18,10,17,3,-7,-4.07
Maryland,Middle Tenn.,7,10.77,8,-0.73,8.58,8.46,14.87,5,12.07,7,6.25,12,7.49,9.21,9.99,18.76,8.3118181818,5.6,9.05,14.19,9.3,21.31,12,,16.69,,13.02,10.74,9.03,,8,,,,6,6.5,13,11.41,10.49,-0.77,13,,-6.17,4,7,0.7,9.5,5.17,-5.56,,,10.75,9.27,-0.75,15.8,9,8.22,5.67,32,31,3,3,9.64
Miami (Fla.),Georgia Tech,4,5.16,-3.5,2.15,3.69,0.9,6.48,10,-1.47,-2,3.55,-0.5,4.37,3.34,4.47,1.7,1.9997727273,4.58,7.45,-0.44,0.76,-4.85,-2,,0.32,,-0.76,-1.57,2.59,,3,,,,9,3,4,1.66,2.73,3.4,5,,-5.37,-1,4,10,2.45,-2.53,3.66,,,4.79,3.09,1.1,-1.28,-2,3.38,3.72,17,33,3,1,4.8
Michigan,Eastern Mich.,24,31.3,20.6,12.06,27.78,20.79,34.18,28,25.24,18,37.04,27.5,28.75,44.98,21.79,39.18,23.980681818,21.85,24.55,41.38,27.93,26.87,20.2,,25.69,,21.2,36.08,23.08,,21,,,,22,22.5,30,19.87,27.45,11.7,15,,34.73,16,24,16.6,24.16,11.67,35.93,,,14.5,19.75,13.2,19.23,16,19.37,7.89,17,45,3,18,26.7
Minnesota,California,-14,-6.35,-12,-14.46,-13.1,-18.59,-4.19,-10,-29.32,-3,-28.13,-9.5,-8.26,-13.02,-16.14,-21.13,-13.35159091,-10.67,-25.25,-18.88,-19.39,-7.14,-18.6,,-12.73,,-5.26,-5.08,-12.58,,-8,,,,-17,-13.5,-13,-18.59,-10.64,-6.33,-11.5,,-29.05,-11,-14,-16.9,-14.6,-9.77,-16.07,,,-7.86,-12.43,-10.5,-11.32,-17,-11.56,6.30,35,21,3,-16,-13.63
New Mexico,Air Force,-17,-4.65,-8,-21.45,-13.34,-7.03,-0.89,-18,-13.98,-6,-30.89,-7,-8.38,-5.64,-12.08,-18.68,-11.64477273,-11.55,-17.85,-17.44,-18.61,-7.73,-1.8,,-11.12,,-14.69,-18.19,-11.81,,-8,,,,-9,-14.5,-14,-5.73,-12.7,-12.97,-2,,-7.58,-9,-16,-13.9,-9.46,-23.75,-24.53,,,2.52,-13.1,-9.35,-8.46,-14,-7.39,6.58,37,13,3,-16,-14.15
New Mexico St.,UTEP,-14,-4.1,-13,4.07,-6.83,-13.22,-3.65,-14,-20.13,-4,-21.05,0.01,-4.55,-16.08,-14.77,-5.54,-9.597954545,-14.44,-18.15,-5.19,-21.32,-6.83,-8.5,,-3.64,,-2.09,-0.97,-9,,-5,,,,-9,-13,-14,-12.53,-1.39,-13.64,-16,,-3.49,-9,-13.5,-12.1,-10.27,-12.25,-0.01,,,-4.92,-16.74,-19.9,-11.21,-17,-10.35,6.45,38,12,3,-4,-6.26
North Carolina,East Carolina,7.5,14.61,6.6,12.54,11.59,11.65,17.26,14,9.08,10,10.93,8,12.74,9.88,11.71,7.79,11.253409091,14.81,11.95,14.75,4.07,8.84,7.9,,11.98,,16.1,19.07,11.63,,15,,,,13,8,12,10.1,14.81,3.75,10,,16.39,6,8.5,11.6,10.66,12.29,17.59,,,11.12,11.11,2.5,11.65,8,15.64,3.71,17,31,3,11,11.34
Notre Dame,Michigan St.,9.5,10.96,13,3.75,8.74,7.38,11.85,11,7.04,6,15.05,3,10.3,19.08,9.61,3.84,6.8579545455,10.6,8.55,7.44,9.71,-2.25,-0.3,,-0.32,,8.01,9.13,7.11,,6,,,,8,11,4,5.15,7.18,-1.56,1,,-7,7,9.5,13.5,6.53,13.23,17.86,,,3.26,5.99,-1.65,-2.21,7,7.25,5.55,30,33,3,3,6.64
Oklahoma,Tulsa,18,7.59,18,8.96,15.03,26.94,2.28,17,27.05,14,15.72,13.5,16.27,6.63,20.77,20.46,16.453409091,16.14,25.45,17,17.49,8.96,12.4,,11.85,,25.5,2.21,16.21,,7,,,,25,14,17,23.96,11.75,14.88,21.5,,27.66,20,18,22.8,17.63,13.78,14.38,,,20.87,21.08,9.2,22.15,28,11.13,6.76,0,45,3,8,21.94
Oklahoma St.,Rice,33.5,26.26,25.6,18.59,27.02,17.5,27.25,25,33.63,22,43.94,24.5,25.46,35.44,30.22,43.93,25.537045455,22.35,27.05,36.88,37.09,18.97,16.5,,22.73,,25.15,30.91,25.53,,14,,,,26,31,33,25.42,26.95,13.24,11,,41.67,27,32.5,15.1,26.03,24.27,44.06,,,17.21,25.31,11.3,13.12,30,23.2,8.40,24,41,3,22,26.48
Oregon,Utah,5,3.23,-1.3,-5.52,6.91,3.64,2.05,2,2.17,-1,6.54,-3.5,3.91,2.12,1.29,15.9,1.0640909091,1.26,7.15,0.69,1.13,-0.65,-0.5,,3.77,,-3.7,-2.66,1.64,,-1,,,,9,6,5,1.54,0.31,-2.41,-1.5,,-12.3,4,4.5,3.3,3.27,-4.49,3.52,,,0.91,6.83,-13.1,-5.15,8,-0.01,5.20,24,31,3,-4,3.7
Oregon St.,Cincinnati,-1,6.57,-4.5,-0.19,-3.83,4.53,8,-11,-5.68,4,-15.84,2,4.94,-1.45,1.74,-9.12,-1.97,-13.27,-11.05,-2.19,-3.06,2.77,1.5,,-1.83,,-2.35,-1.35,-1.76,,3,,,,-3,2.5,-3,-2.85,-0.38,-1.68,6.5,,-12.64,0.01,-1,-6.3,0.13,-1.89,-10.59,,,-0.01,2.27,-3.4,4.82,-2,-4.39,5.57,28,18,3,-2,0.84
Penn St.,Temple,29,27.8,25,24.26,27.14,27,27.38,24,26.65,21,33.52,26.5,29.12,44.08,31,37.21,28.820681818,24.57,30.25,46.75,34.47,39.83,30.8,,31.85,,26.37,36.82,27.51,,38,,,,32,29,28,24.49,33.81,16.85,28,,31.49,32,29,22.1,27.63,37.27,27.27,,,22.33,23.37,21.1,33.36,26,22.14,5.61,6,31,3,27,26.77
Pittsburgh,Navy,8,2.38,12.9,5.12,6.69,12.83,6.77,15,11.44,12,6.07,10.5,-2.27,7.51,2.84,12.71,9.0465909091,8.39,9.35,13.63,4.86,11.87,12.5,,11.69,,15.42,16.05,10.7,,2,,,,14,9,10,7.88,13.03,16.36,8,,-0.12,13,8,13.6,8.34,10.89,-8.06,,,4.33,11.71,-0.8,11.71,15,7.86,5.35,14,27,3,10,11.68
Purdue,Northern Ill.,12,7.32,12,7.2,10.04,18.23,6.66,16,16.64,9,10.88,10,8,10.93,13.35,18,10.26,11.85,13.05,15.88,18.73,14.08,9.8,,12.79,,1.27,5.29,10.43,,8,,,,12,13,9,11.86,11.02,6.32,0,,17.02,5,12,12.7,11.2,8.41,12.04,,,7.08,10.81,0.85,7.74,13,9.23,4.32,28,21,3,7,9.91
Rutgers,Florida Intl.,16.5,3.58,10.5,21.19,13.16,24.63,0.01,-1,22.36,12,8.84,23.5,7.1,22.13,12.59,35.76,13.930227273,9.56,14.25,31.25,16.07,15.98,27.5,,18.09,,23.31,5.61,14.13,,14,,,,29,14,19,19.16,17.55,11.44,19.5,,9.21,14,16.5,13.5,17.36,8.83,-13.93,,,15.96,11.71,-1.7,19.17,15,5.84,8.86,15,23,3,15,15.27
South Carolina,Florida Atlantic,21,18.53,20.9,18.3,24.2,22.34,16.05,23,26.52,11,23.75,16.5,21.43,19.42,26.83,32.78,19.709090909,21.7,20.45,32.94,24.36,16.27,17.3,,18.53,,22.38,15.17,20.64,,14,,,,23,21,24,21.38,20.82,12.77,12.5,,5.15,15,21,18.3,21.42,22.9,31.31,,,16.23,23.58,9.7,15.3,21,17.72,5.35,16,38,3,19,24.89
Southern Miss.,Virginia,14,4.27,6.9,14.26,5.01,4.52,3.08,9,1.35,11,7.8,12,5.54,24.41,12.59,9.27,10.322727273,-0.62,5.15,12.88,17.42,3.59,3.4,,0.75,,19.89,19.49,9.14,,13,,,,10,14.5,11,2.16,14.25,14.06,15,,32.24,19,13.5,11.6,6.85,14.4,5.78,,,2.96,7.53,11.2,5.39,16,4.56,7.00,34,37,3,25,7.41
Stanford,San Jose St.,18,7.55,19.2,14.55,13.32,19.33,1.93,13,26.97,12,13.26,10.5,13.08,11.57,20.87,19.71,14.992954545,10.76,17.75,25.69,18.49,9.19,19.3,,11.24,,8.77,7.13,15.46,,9,,,,20,19,19,22.95,16.37,11.18,15.5,,2.13,20,18,19.3,17.63,29.86,22.52,,,18.94,17.75,3.6,11.04,22,8.51,6.12,17,42,3,17,19.69
Syracuse,Northwestern,-3,4.62,0.8,-13.33,2.1,-6.88,3.95,17,-7,-3,1.23,-12,5.33,-11.66,-3.16,-3.89,-4.032954545,-0.39,-2.65,-10.75,-3.16,-18.07,-9.3,,-10.09,,-4.46,-7.85,-4.04,,-10,,,,-5,-3,-7,-4.15,-8.19,-9.43,-7.5,,2.12,-6,-3,-5.7,-3.43,-4.08,11.78,,,-1.3,-1.38,-7.15,-16.2,-4,2.31,6.89,34,37,3,-15,-1.24
Texas,Texas Tech,18.5,10.33,11.5,9.69,8.46,10.97,10.49,7,3.13,17,14.94,16,10.25,24.89,11.29,15.11,12.162727273,8.36,7.65,7.13,14.01,4.03,14.5,,6.98,,21.17,13.72,11.55,,3,,,,16,17.5,13,5.55,8.2,12.1,12.5,,31,14,17,14.7,11.42,18.06,11.61,,,7.96,12.8,6.3,8.52,15,9.53,5.24,24,34,3,12,14.49
Texas A&M,Utah St.,19.5,14.93,10,22.38,21.56,7.54,12.04,7,9.3,14,20.63,20,17.75,17.27,15.17,35.98,14.080681818,10.92,10.55,22.5,18.5,11.44,9.9,,17.91,,10.88,14.15,14.07,,14,,,,14,16,15,10.58,16.11,1.85,6,,22.41,16,19,0.4,13.91,18.34,26.71,,,11.86,15.08,0.45,9.43,7,10.24,6.77,30,38,3,20,20.96
Toledo,Ohio St.,-21,-22.05,-22.5,-11.51,-20.91,-27.48,-23.21,-14,-39.32,-16,-30.27,-27,-20.9,-22.71,-27.52,-25.72,-23.26568182,-18.55,-32.9,-42,-24.62,-25.86,-33.2,,-28.36,,-20.5,-24.23,-23.08,,-20,,,,-29,-21,-27,-29.39,-26.15,-19.7,-25.5,,-24.73,-19,-21,-23.9,-23.02,-15.18,-23.14,,,-19.47,-21.95,-11.25,-32.97,-26,-18,5.79,38,0,3,-15,-20.91
Troy St.,UAB,6.5,8.67,10,-2.97,1.66,7.65,10.9,12,9.03,9,-0.29,10,6.51,1.97,9.22,12.94,6.6904545455,3.66,6.35,11.44,2.61,4.37,16.1,,10.51,,3.07,-4.93,6.73,,15,,,,13,8.5,13,7.26,6.66,6.81,18.5,,0.6,7,6.5,4.9,8.44,-4.46,-2.38,,,5.5,8.62,-1.05,15.57,11,5.12,5.62,14,27,3,1,3.52
UCLA,Kansas St.,12,13.79,15.07,6.81,10.76,12.78,14.51,13,12.24,14,14.22,11.5,13.08,23.24,11.38,15.7,12.494090909,9.44,15.35,16.25,12.7,14.3,8.9,,12.23,,12.58,17.58,12.74,,12,,,,15,10,18,11.44,16.58,10.23,0.5,,21.21,13,12,14.8,11.97,12.87,17.98,,,10.64,10.07,4.75,6.09,7,8.59,4.16,9,23,3,8,10.23
UNLV,Hawaii,7.5,-1.37,3.5,-1.75,1.5,6.78,-6.36,8,3.98,2,9.64,-10.5,4.12,0.3,7.23,-4.81,3.4827272727,1.88,8.15,-0.25,1.77,-4.2,4.8,,1.89,,4.2,-0.98,4,,-3,,,,7,5.5,8,6.85,1.97,5.72,4,,0.92,4,7,10,5.15,3.66,5.02,,,9.73,14.65,6.3,1.14,11,5.16,4.83,33,34,3,4,5.55
Vanderbilt,Mississippi St.,9,11.88,5.1,11.62,11.53,13.45,12.05,6,13.31,10,14.9,8,12.1,7.42,11.6,11.03,12.193636364,5.31,15.75,14.38,11.69,13.72,5.4,,14.09,,19.86,11.37,11.73,,7,,,,9,10,11,8.01,13.42,19.28,10.5,,25.6,14,9.5,15.2,10.41,20.26,24.32,,,2.71,14.51,10.35,17.12,17,10.8,4.88,15,3,3,10,11.76
Virginia Tech,Nebraska,5,8.26,4.95,0.53,3.59,7.66,11.19,-1,-1.49,9,2.51,5,3.87,5.61,-0.27,8.34,3.9245454545,1.11,4.95,1.81,4.6,4.17,6.5,,4.02,,5.03,-5.08,4.1,,1,,,,4,2.5,7,-1.05,2.8,8.88,1,,9.35,4,5,1.3,4.24,3.5,4.61,,,-0.61,7.83,-0.65,1.32,10,0.57,3.75,15,16,3,-4,8.54
Washington,USC,-19,-20.81,-32.5,-29.63,-19.78,-34.79,-23.01,-26,-39.39,-21,-28.48,-32,-18.99,-37.01,-28.37,-19.36,-28.14204545,-24.43,-38.15,-34.69,-18.41,-30.14,-30.3,,-26.33,,-27.74,-25.73,-27.37,,-25,,,,-36,-23,-27,-25.16,-24.52,-36.64,-46,,-14.19,-30,-20,-30.8,-25.85,-25.85,-24.95,,,-10.93,-28.5,-31,-46.16,-33,-22.53,7.30,13,16,3,-29,-25.48
Washington St.,SMU,-5.5,0.75,-7.85,-4.11,2.88,0.9,-3.54,-20,-6.43,0.25,-3.74,0.01,4.89,-6.17,-8.3,11.57,-3.144772727,-14.58,-1.35,-3.81,-2.49,-1.23,2.8,,3.8,,-7.57,-18.47,-1.78,,-5,,,,0.01,-4.5,-2,-0.71,-3.3,-1.04,-13.5,,5.51,0.01,-5.5,-12.6,0.29,-5.48,4.52,,,5,-0.58,-7.35,-1.56,-5,-5.44,6.50,27,30,3,-10,4.97
Western Mich.,Miami (Ohio),16,3.65,15.5,18.52,9.87,16.88,-0.13,15,13.72,10,21.42,14.5,7.11,12.55,19.42,17.02,15.261590909,15.53,14.35,12.25,19.52,17.38,15,,18.4,,15.93,12.97,15,,14,,,,17,16,21,12.36,10.96,17.4,22.5,,23.14,13,16,16.7,14.15,25.95,14.49,,,10.99,14.87,8.75,24.14,22,10.94,5.10,26,48,3,16,13.92
Air Force,San Diego St.,19,12.78,26.9,25.11,19.28,21.94,12.37,6,19.83,17,31.97,20,13.28,20.49,20.58,28,20.686136364,20.77,29.05,29.88,24.03,23.5,17,,23.31,,23.27,9.35,21.1,,11,,,,29,17,24,15.31,20.27,26.53,21,,18.1,22,19,21.8,21.1,22.21,18.89,,,10.79,24.77,25.9,13.27,30,14.81,5.91,14,26,4,18,24.04
Alabama,Arkansas,18.5,20.15,28,17.5,12.73,19.23,20.73,42,22.32,20,17.98,23,19.68,25.71,16.58,10.91,21.360454545,24.48,23.95,27.75,21.28,22.57,20.5,,17.97,,26.92,30.72,20.15,,11,,,,16,16.5,17,17.97,24.29,17.99,20,,31.51,16,18.5,19.6,16.3,21.21,33.94,,,13.62,16.81,19.75,39.93,23,21.75,6.80,7,35,4,16,11.25
Arkansas St.,Troy St.,2.5,1.51,-9.5,8.77,-0.69,-8.49,-11.65,19,-8.14,5,7.44,-1.5,14.79,5.32,3.53,4.29,0.9590909091,-1.86,-6.55,-8.94,3.35,-0.46,-10,,1.59,,3.01,3.78,1,,1,,,,-2,0,0.01,-5,1.22,-0.86,-9.5,,12.97,7,2.5,-8.9,11.9,7.3,11.69,,,-1.87,-2.1,-0.01,-4.57,-3,0.26,7.30,30,27,4,11,-2.38
Auburn,Ball St.,32,34.98,25.5,17.44,28.95,24.01,39.09,46,27.36,26,40.04,24.5,31.24,42.61,31.22,43.82,29.037727273,29.72,30.55,43.69,33.83,24.78,18,,21.69,,28.7,53.5,27.36,,25,,,,27,30,26,22.55,34.46,13.23,-3.5,,41.59,23,32,27.1,38.3,26.73,43.56,,,17.75,23.05,28.65,40.07,22,25.39,9.95,30,54,4,22,27.25
BYU,Colorado St.,17.5,16,9,13.97,13,10.35,10.49,18,16.87,12,15.63,13,22.82,4.66,17.37,19.3,14.085,9.62,13.85,20.31,12.39,16.18,15.5,,22.33,,12.84,2.21,13.95,,12,,,,17,14.5,12,13.79,13.91,17.77,17.5,,19.15,22,17.5,6.8,-1.2,24.49,27.66,,,10.7,19.75,13.95,6.6,19,9.16,5.80,23,42,4,9,16.12
Boston College,Wake Forest,2,-2.57,2.5,5.66,3.82,0.59,-3.28,5,1.94,3,3.43,6,-1.79,1.37,1.67,6.06,1.9602272727,4.64,-2.05,2.25,-1.5,8.73,6,,6.92,,1.03,-0.7,2.39,,-4,,,,8,3,1,3.36,2.39,6.83,3.5,,-15.64,3,2,-7.9,7,0.93,-1.39,,,4.77,4.49,2.6,-3.73,2,0.56,4.56,24,27,4,7,5.87
Bowling Green,Boise St.,-17,-17.9,-18.5,-13.24,-13.29,-16.56,-19.25,-11,-13.01,-13,-25.76,-22,-16.63,-33.12,-17.77,-23.47,-17.66181818,-11.39,-19.25,-21.25,-20.93,-25.59,-20.5,,-23.38,,-22.26,-20.28,-17,,-10,,,,-17,-14,-22,-11.32,-18.81,-14.69,-16,,-33.3,-17,-17,-16.5,-6,-14.72,-20.11,,,-9.63,-12.3,-17.1,-18.43,-13,-13.14,5.52,49,14,4,-16,-14.81
Central Mich.,Akron,16,17.22,17.5,11.61,8.18,17.3,13.02,38,16.92,12,4.19,15,23.06,17.5,16.73,13.16,14.124772727,18.4,11.65,22.81,16.41,17.14,10,,16.74,,14.96,9.66,15,,14,,,,15,17,18,14.43,16.59,18.4,2,,-3.17,13,16,16,11,15.06,22.06,,,11.95,10.58,10.05,7.69,14,16.78,6.19,21,48,4,11,7.65
Cincinnati,Fresno St.,17,16.01,16.5,17.75,11.27,18.47,21,32,28.04,20,17.32,24.5,9.07,23.2,18.76,16.86,19.888636364,21.61,24.35,32,15.92,26.69,20,,23.66,,35.36,26.79,20,,14,,,,22,14,19,25.35,24.11,11.24,15.5,,27.16,16,17,16.2,25,20.57,15.77,,,22.67,17.67,13.2,29.96,20,15.61,5.77,20,28,4,17,10.81
Clemson,TCU,2,11.95,0.5,-4.13,6.45,-1.47,13.02,-1,-7.87,3,12.41,0.01,10.88,-3.54,0.15,10.77,0.435,-2.45,-1.75,-4,-0.49,-5.5,-11.5,,-4.17,,-3.5,7.86,0,,8,,,,0.01,2.5,-1,-2.25,1.21,0.37,-14,,-8.24,-7,2,-1.1,6.8,-7.39,12.22,,,3.38,1.94,0.3,-0.71,-8,1.82,6.52,14,10,4,-2,2.4
East Carolina,Central Florida,10.5,4.41,1.5,2.92,6.17,8.99,1.65,13,7.24,4,4.67,5,7.02,-0.01,12.34,8.98,7.0811363636,4.5,7.35,8.38,14.14,16.91,13,,15.53,,1.52,-3.53,6.17,,6,,,,10,9,12,6.53,5.48,10.11,12.5,,13.89,6,10,6.7,-1,18.24,15.63,,,5.81,10.57,5.2,-10.9,10,4.51,5.73,14,19,4,4,8.03
Florida Atlantic,Louisiana-Monroe,3.5,7.39,2.9,-4.58,-1.35,1.92,8.85,6,3.41,4,-6.85,2.5,6.05,10.9,3.87,-0.93,2.025,4.04,5.65,3.31,-1.33,11.98,6.5,,7.69,,-7.63,-1.68,2.5,,7,,,,1,5,5,3.64,2.7,1.82,9.5,,-9.95,1,3.5,2.6,-6.5,1.39,3.58,,,3.87,-1.06,-6.3,-5.68,-1,5.97,5.07,27,25,4,1,0.96
Florida Intl.,Toledo,1,5.26,6.9,-0.8,-2.12,3.39,3.77,16,7.16,2,4.14,-2.5,6.76,-9.56,4.68,-11.28,2.2302272727,1.35,4.75,1.94,7.18,0.38,-5,,7.43,,1.89,5.08,3.77,,1,,,,4,-1.5,2,4.13,4.14,5.51,4.5,,-20.42,2,1,7.3,-6.1,6.97,0.96,,,1.11,7.19,4.6,4.29,6,3.32,5.99,41,31,4,-1,-3
Florida St.,South Florida,13.5,19.2,12.77,1.42,9.42,18.5,20.92,37,16.57,6,2.16,3.5,17.46,12.79,14.27,1.58,10.824318182,15.03,8.35,14.88,16.26,10.34,18,,5.52,,10.46,12.15,10.46,,19,,,,6,13.5,7,13.37,10.56,8.16,6,,15.59,-1,13.5,10.3,-5.2,3.4,22.73,,,10.18,7.49,0.75,21.63,12,11.28,7.74,17,7,4,1,6.96
Georgia,Arizona St.,12,10.19,4.9,2.96,4.52,7.44,17.46,1,6.64,10,3.82,14,2.32,8.34,6.69,5.92,6.9636363636,8.45,4.35,13.88,11.89,16.06,7.5,,12.51,,8.22,5.31,7,,6,,,,7,12,11,7.18,7.56,12.13,12.5,,-1.53,7,11,5.3,-3.7,14.54,6.32,,,7.72,8.41,0.7,-5.33,9,6.89,4.79,17,20,4,1,8.5
Georgia Tech,North Carolina,2.5,4.43,2,-3.29,3.9,-0.38,3.81,2,8.49,-0.25,-6.34,1.5,4.73,-1.67,3.4,2.17,0.3959090909,-1.45,-2.15,1.19,-3.64,4.05,5.5,,3.38,,-3.8,-1.15,0.77,,4,,,,-1,3,0.01,5.39,0.36,1.32,-3,,-13.26,6,2.5,-4.6,-6.8,3.76,0.15,,,2.28,-0.36,-1.8,0.77,-2,0.53,3.91,7,24,4,1,2.82
Houston,Texas Tech,0,5.03,-11.5,-1.34,-3.05,-10.14,14.63,7,-6.69,3,5.58,-4.5,-3.83,17.31,-0.76,-1.89,0.0627272727,-1.72,-3.45,-6.5,1.39,-0.63,-1.5,,-2.79,,6.01,12.19,-1.89,,3,,,,-2,0,2,-6.75,4.1,-7.49,-4.5,,14.54,-2,0,-8.3,-5.5,-3.07,-4.5,,,-6.8,-6.2,-2.6,21.85,-3,7.34,7.52,28,29,4,4,-4.96
Iowa St.,Army,10.5,12.09,4.5,-0.45,9.72,8.19,16.37,10,2.89,8,9.74,6.5,8.18,10.06,4.9,15.3,7.8479545455,0.98,10.55,7.25,13.57,3.7,6.5,,9.47,,8.31,12.83,8.55,,13,,,,12,9,11,3.27,8.55,9.23,-2,,-7.12,11,10.5,12.7,4.5,10.2,6.1,,,3.65,12.64,3,4.27,12,7.24,4.76,10,31,4,5,11.95
Kansas,Southern Miss.,12,6.6,15,11.45,14.69,15.08,6.36,25,14.45,11,20.2,11,6.83,10.88,16.1,24.82,14.661136364,20.86,19.45,21.69,17.18,12.1,16.5,,16.7,,11.45,9.86,14.69,,8,,,,14,14,17,12.73,13.75,11.91,0,,20.85,12,12,18.3,13,18.99,34.44,,,11.02,19.34,16.95,10.45,18,18.61,5.87,28,35,4,9,10.92
Kent,Miami (Ohio),7,-1.26,10,12.49,6.05,12.25,-5.07,6,14.98,6,9.88,7,2.72,3.07,4.93,10.96,7.8386363636,7.23,11.85,6.5,15.31,3.97,12,,5.9,,9.56,5.28,8.94,,-2,,,,10,9,10,13.41,5.96,12.13,11.5,,-0.18,7,7,13.6,8.9,9.7,1.2,,,11.84,12,10.6,-1.34,12,8.95,4.85,19,29,4,13,8.94
Kentucky,Florida,-21,-4.21,-24,-14.87,-11.34,-32.34,0.34,-6,-39.39,-12,-17.22,-19.5,-9.98,-31.64,-21.58,-11.27,-18.12954545,-19.76,-32.75,-18.31,-26.83,-12.77,-22.5,,-12.34,,-13.65,-3.95,-17.22,,-10,,,,-27,-24,-23,-27.77,-9.78,-25.24,-28.5,,-6.74,-22,-21,-32.4,-7.1,-27.31,-7.51,,,-16.14,-22.92,-25.85,-5.42,-28,-13.33,9.51,41,7,4,-13,-22.91
Maryland,Rutgers,0,-3.15,-8,-5.19,5.3,-8.24,-0.61,-5,-8.02,-3,5.78,-3.5,-5.6,-6.12,-3.98,8.38,-2.605454545,0.01,-0.65,-8,3.48,1.05,-5.5,,0.28,,-7.16,0.01,-3,,-3,,,,-12,-3,-3,-4.2,-4.57,-6.15,-5,,11.95,-5,0,-9.1,-7,0.68,1.06,,,-0.37,1.53,-0.2,-11.01,-6,1.43,5.11,34,13,4,-6,4.54
Memphis,Marshall,3,-9.99,0.01,6.52,-1.35,-3.49,-11.93,1,2.98,-1,-0.58,-0.5,-8.51,-18.84,3.39,-3.04,-2.349545455,-12.85,0.75,-2.56,-4.54,-1.54,4,,-2.22,,-0.85,-16.65,-1.54,,-8,,,,5,2.5,-1,1.96,-3.95,5.4,3,,-2.74,8,2,-2.1,-6.1,9.84,-11.71,,,0.93,1.82,-1.55,-12.85,-8,-3.58,6.38,27,16,4,3,0.43
Michigan,Indiana,20,12.03,14,6.67,16.27,17.32,7.22,13,25.45,9,20.88,13.5,16.15,22.6,18.61,18.88,14.284090909,13.56,23.15,27.06,21.26,6.8,9,,11,,8.47,6.97,13.8,,10,,,,19,19.5,15,17.45,14.59,8.25,18.5,,22.59,11,19.5,20.1,11,12.55,15.56,,,9.45,14.24,13.8,6.38,17,12.96,5.04,33,36,4,12,18.74
Mississippi St.,LSU,-12.5,-13.24,-15,-13.86,-11.98,-12.24,-22.58,3,-16.19,-8,-22.21,-15,-8.25,-23.84,-15.55,-13.8,-11.78795455,-5.41,-14.05,-26.56,-16.58,-9.95,-9.5,,-8.61,,-10.77,-21.52,-12,,-16,,,,-10,-14,-11,-7.68,-12.22,-13.86,-10.5,,-1.94,-12,-12.5,-12.5,-1.8,-9.9,-13.07,,,0.82,-9.76,-14.15,-14.86,-12,-6.29,5.60,30,26,4,-6,-11.51
NC St.,Pittsburgh,-1.5,-11.71,-10,-1.53,-3.51,-5.65,-16.9,-24,-7.13,-4,-5.58,-7,-5.88,-12.31,-8.53,-9.22,-7.3125,-12.95,-3.25,-12.5,0.19,-8.86,-2.5,,-6.9,,-8.18,-20.29,-6.2,,-15,,,,-2,1.5,-2,-4.19,-10.91,-7.82,-6.5,,0.01,-2,-2,-6.2,0.9,1.55,-9.92,,,-1.26,-4.91,-5,-31.88,-6,-8.88,6.74,31,38,4,1,0.76
Navy,Western Kentucky,30,23.96,34.1,25.26,25.53,30.9,23.01,47,35.79,21,42.85,27.5,25.53,33.47,29.93,30.47,30.19744186,37.49,37.35,38.63,33.85,30.05,29,,29.8,,28.49,33.47,30.05,,24,,,,34,26.5,34,31.93,25.66,24.28,,,41.4,21,30,38.7,9,31.55,34.99,,,28.07,30.3,31.2,27.94,34,28.87,6.66,22,38,4,24,25.63
Nebraska,Louisiana-Lafaye,28,10.54,27.5,15.72,22.3,23.18,-9.27,28,30.67,15,31.64,19,34.49,12.26,28.52,27.68,22.289545455,25.53,31.45,38.06,30.31,20.46,25,,24,,17.71,7.85,23.7,,11,,,,30,26.5,30,22.17,21.25,19.76,12,,41.76,19,27.5,25.2,31.9,23.63,26.43,,,13.68,26.34,23.7,10.18,22,21.58,8.81,0,55,4,19,25.29
Nevada,Missouri,-7,-13.04,-10,-23.51,-20.34,-15.44,-13.47,-8,-25.33,-12,-25.68,-23,-12.69,-14.74,-14.55,-34.69,-15.85227273,-20.82,-24.75,-35.19,-12.7,-14.47,-4,,-13.58,,-13.51,-28.3,-14.6,,-14,,,,-16,-8,-13,-15.11,-21.26,-6.55,-12.5,,5.48,-8,-8,-14.6,-25,-3.73,-24.92,,,-4.89,-15.75,-28.65,-26.6,-14,-15.49,7.84,31,21,4,-16,-13.43
New Mexico,New Mexico St.,10.5,14,12,-1.34,11.38,15,14.39,1,14.71,9,5.71,9.5,13.63,15.83,11.59,21.51,10.8125,11.76,19.35,6.63,15.88,13.24,21,,9.06,,5.43,-7.53,11.7,,7,,,,18,8,14,13.92,5,12.25,22,,2.51,14,10.5,11.7,4.6,11.17,5.42,,,13.12,15.39,6.1,0.57,20,9.18,6.46,20,17,4,1,14.64
North Texas,Middle Tenn.,-6,-6.93,-4,-9.71,-6.15,-11.74,-13.01,1,-5.16,-7,-8.09,-12,-1.94,-19.14,-9.02,-13.9,-7.394545455,1.28,-11.45,-14.75,-10.34,-5.91,-10.5,,-7.02,,-7.11,-6.5,-7.02,,-7,,,,-10,-7,-9,-5.43,-8.14,-11.1,-13,,7.02,-12,-6,-6.3,2.1,-6.55,-6.82,,,-5.7,-8.81,-6.6,-3.48,-15,-1.62,4.81,37,21,4,-7,-8.02
Northern Ill.,Idaho,15,12.9,24,10.84,15.99,18.68,11.14,14,22.55,9,14.79,14,14.54,17.58,18.93,17.04,16.155454545,19.21,25.25,24.13,11.28,13.21,15,,14.75,,12.05,6.62,15,,13,,,,24,16,18,16.98,14.74,14.89,28,,19.37,17,15,21.7,8.6,14.06,15.67,,,11.41,19.36,17.8,8.96,21,15.6,4.86,34,31,4,11,19.33
Northwestern,Minnesota,-1.5,-10.34,-2,9.65,-4.59,4.75,-16.11,-5,3.03,-0.25,-10.59,2,-5.61,-21.31,-3.58,-2.42,-2.277954545,-5.25,-3.35,-2.5,-2.05,2.11,5.5,,3.53,,-4.4,-12.37,-2.58,,-7,,,,6,2,1,0.22,-4.14,-0.87,6.5,,14.1,-2,-1.5,4.2,-3,1.83,-15.17,,,-2.58,-3.74,-4.35,-11.75,1,-3.38,6.89,35,24,4,6,-2.23
Ohio St.,Illinois,13.5,19.3,23,13.99,20.03,24.19,13.79,37,29.99,13,23.51,20.5,25.95,5.53,18.02,25.1,20.370454545,21.41,28.35,31.25,16.37,21.76,21.5,,20.69,,20.68,14.01,20.68,,20,,,,20,16.5,18,23.88,21.56,19.11,16.5,,16.89,12,14.5,23.5,25,15.5,33.54,,,17.77,17.5,20.7,24.42,22,16.89,5.65,0,30,4,14,20.75
Oregon,California,-5.5,-3.06,-6.8,-6.96,-6.12,0.31,-3.18,-7,1.95,-3,-15.9,-1,-3.21,-2.02,-4.58,-3.19,-4.252272727,-6.74,-2.75,-0.19,-1.96,5.74,1,,-1.08,,-6.51,-11.62,-3.19,,-3,,,,3,-6,-1,2.44,-2.77,-0.61,5.5,,-3.64,-3,-5.5,0.5,-16.4,-12.32,-11.95,,,2.94,-5.95,-15.9,-8.66,-2,-3.95,5.20,3,42,4,-8,-5.41
Oregon St.,Arizona,3,2.32,-3,5.28,3.13,-5.92,3.85,-5,-1.52,5,-4.44,8,0.7,-2.42,0.62,4.4,1.6872727273,1.5,3.55,2.5,5.14,5.85,-3.5,,6.06,,8.34,1.19,1.5,,4,,,,0.01,-3,7,-0.24,3.75,1.49,4,,11.69,1,3,-8.7,7.6,5.96,-2,,,1.05,1.29,-2.4,5.42,-7,0.15,4.43,37,32,4,2,1.8
Penn St.,Iowa,9.5,-7.25,3,6.39,4.23,0.86,-10.62,-21,-1.47,5,4.99,9,-3.47,9.06,4.34,0.82,3.7347727273,13.32,3.55,5.81,16.88,6.41,11.5,,6.02,,5.42,-4.91,4.78,,-2,,,,10,9.5,5,1.65,3.05,5.56,14.5,,13.83,10,8.5,-0.1,1.6,7.54,-3.62,,,4.78,3.65,4.8,-3.67,5,3.65,6.88,21,10,4,9,6.69
Purdue,Notre Dame,-7,-3.09,-1.1,-1.01,-0.34,-4.25,-0.01,-3,5.7,-5,-8.62,-4.5,-8.52,-14.38,-6.03,0.01,-4.037045455,-0.72,-0.45,-7.25,-5.31,-9.18,-7.5,,-11.04,,-6.82,-9.07,-4.25,,-3,,,,-1,-8,-9,2.62,-6.08,-6.78,-1,,9.86,-8,-7,-2.8,-9.5,-8.82,-0.38,,,-0.47,-5.05,-7.1,-2.57,-3,0.75,4.45,24,21,4,-4,-4.36
Rice,Vanderbilt,-7,-5.99,1,-10.71,-9.42,3.03,-3.68,-10,-4.83,-6,-25.98,-4.5,-8.57,-20.12,-2.3,-20.35,-6.125681818,-0.58,-0.15,-11,-15.18,-3.28,4,,-5.31,,-5.93,-19.52,-5.31,,-3,,,,-2,-8.5,-10,-2.63,-5.19,-1.61,10,,5.91,-6,-7,2.9,-17.3,-2.04,-14.5,,,-0.42,-3.9,-11.3,-12.27,-4,-2.99,7.46,36,17,4,-9,-9.45
South Carolina,Mississippi,-4,7.6,-10,-2.65,-0.75,-13.79,4.79,-11,-12.89,2,-7.13,5.5,10.98,-12.53,-4.4,6.41,-4.515454545,-3.65,-12.75,-5.88,-2.55,-3.96,-12,,-5.41,,-8.32,-6.99,-4.52,,4,,,,-8,-4.5,-8,-7.22,-4.77,-4.49,-5,,9.92,-3,-4,-13.2,1,-3.93,1.64,,,-1.55,-7.93,-10.85,-9.96,-16,-1.55,6.71,10,16,4,-9,-4.52
Stanford,Washington,9.5,-4.7,11,9.02,1.28,12.91,-11.98,1,16.4,9,-4.61,5,1.68,-23.46,9.74,-5.03,5.2315909091,2.4,8.75,9,13.74,6.25,17,,9.59,,-0.81,-10.36,6.25,,-4,,,,13,6.5,8,8.25,3.32,18.26,26.5,,15.38,9,9.5,9.8,-5.3,12.23,-5.73,,,0.1,13.16,4,-8.44,13,4.49,9.48,14,34,4,9,9.61
Temple,Buffalo,3,0.28,-1.5,-2.93,3.59,3.25,-2.89,-18,1.5,-1,2.41,-6,3.44,-9.22,2.55,-0.49,-0.390454545,4.85,4.25,-4,-2.61,-5.28,3,,0.84,,-4.94,-6.57,0.28,,1,,,,4,2,0.01,-0.27,-2.54,0.4,-1,,1.6,-3,2.5,4.3,-10,-0.01,11.72,,,-2.05,2.16,-0.9,-3.31,5,0.96,4.93,13,37,4,1,6.45
Tennessee,Ohio,23,4.45,13,13.35,19.2,26.44,-4.25,7,27.39,9,17.64,12.5,15.33,2.37,22.59,25.94,15.616136364,5.96,24.15,27.63,26.05,12.16,31.5,,17.57,,11.23,0.16,16.03,,10,,,,29,20.5,18,19.97,11.81,16.16,9.5,,36.85,16,22.5,20.8,21,19.18,16.03,,,12.55,19.45,8.65,4.77,20,6.32,8.65,23,34,4,14,23.31
Texas,UTEP,36,28.47,34,29.02,30.27,40.73,26.56,22,39.16,27,32.94,38,30.8,51.41,33.62,38.03,34.187727273,41.84,40.05,47.13,35.49,34.5,38,,31.83,,36.77,30.56,34,,22,,,,40,34,34,34.8,33.09,32.09,28.5,,45.79,36,36,38.3,35.1,41.04,38.92,,,30.44,36.16,33.5,21.08,39,26.3,6.15,7,64,4,30,37.9
Texas A&M,UAB,13.5,18.38,10,12.43,16.72,11.58,19.89,11,18.61,15,22.97,19.5,17.02,21.43,13.22,30.22,15.885227273,14.11,17.75,26.63,19.55,6.17,13.5,,17.58,,14.58,23.89,15.44,,16,,,,15,15,17,15.83,18.29,-1.19,6,,27.7,13,13.5,8.4,32.1,16.55,24.53,,,13.05,14.96,8.4,22.36,13,10.26,6.37,19,56,4,13,15.44
USC,Washington St.,45.5,31.14,38,40.65,32.14,44.7,28.1,36,55.94,24,46.24,32,34.58,27.51,51.44,37.78,38.381590909,31.56,42.05,56.25,43.75,27.11,39.5,,34.04,,42.72,32.69,37.95,,14,,,,52,43,37,38.32,35.65,43.12,64.5,,52.53,45,45,41.7,39,51.3,44.88,,,20.7,41.24,37.95,25.33,52,29.06,9.89,6,27,4,34,36.19
Utah,Louisville,14,11.38,13.5,16.44,9.57,21.55,9.62,-4,26.15,13,22.67,16,13.16,14.92,15.88,13.14,16.012954545,10.6,26.85,26.5,20.1,24.58,17.5,,17.11,,12.38,10.51,16,,11,,,,20,11.5,20,22.3,17.32,19.62,33.5,,27.86,12,14,23,-11.9,17.04,11.72,,,18.44,22.44,21.4,7.24,23,13.48,7.79,14,30,4,13,18.3
Virginia Tech,Miami (Fla.),-2,-7.01,1.5,3.89,3.04,7.9,-15.58,-7,4.67,9,-2.87,9,0.18,-12.38,0.15,10.29,1.4181818182,-0.01,8.05,5.69,0.72,3.13,-3,,6.42,,7.63,-6.74,2.46,,-7,,,,8,1,7,3.35,2.46,12.39,3,,-20.89,5,-1.5,6.1,7.8,6.18,-6.73,,,2.02,8.03,-2.4,-10.95,14,-1.07,7.51,7,31,4,1,5.98
Wisconsin,Michigan St.,1.5,18.02,3.5,5.36,7.93,0.78,30.67,1,4.54,8,1.99,14,-0.63,18.85,1.51,12.04,6.2015909091,4.29,5.25,7.63,-1.27,4.58,1,,-2.59,,11.22,28.28,4.58,,6,,,,2,1.5,1,3.51,13.9,-5.47,-1,,14.3,5,1.5,-0.3,-15,10.09,10.95,,,2.48,0.63,-1.2,31.57,1,7.04,9.04,30,38,4,5,3.06
Wyoming,UNLV,-3,-10.19,-5,-6.45,-4.24,-3.71,-6.8,-17,-3.06,-4,-15.23,-3.5,-13.8,-15.2,-7.36,-4.76,-6.406818182,-10.23,-8.25,-8.81,-2.23,-1.34,-2.5,,-2.59,,-6.87,-14.11,-5.39,,-10,,,,-3,-3.5,-5,-6.06,-9.1,-3.65,-0.5,,8.79,-5,-3,-1.7,12.2,-5.39,-20.84,,,-9.06,-3.81,-8.1,-22.16,-8,-4.51,6.32,27,30,4,-8,-1.65
Arizona St.,Oregon St.,5,4.28,10,15.28,7.08,5,3.05,9,1.84,6,9.13,1.5,5.78,4.28,4.96,12.36,5.7717777778,9.55,4.35,3.38,-0.87,-2.59,9.5,,1.99,,3.25,5.94,5.63,,4,,,8.08,7,5,7,2.31,6.81,0.72,2.5,,13.13,1,5,7.4,9,0.42,5.49,,,2.79,5.63,5.1,5.63,5,7.48,3.68,28,17,5,9,5.89
Army,Tulane,6,2.25,17.2,18.29,4.73,12.78,0.87,24,20.37,5,5.81,6.5,3.65,-4.88,8.14,7.31,8.4693333333,15.96,9.95,10,0.65,9.43,9,,3.94,,2.53,4.95,7.72,,2,,,3.85,14,5.5,3,15.62,7.18,-2.24,19,,22.37,1,6,11.3,2,9.67,3.95,,,10.87,9.21,8.3,19.68,9,4.11,6.74,17,16,5,9,8.24
BYU,Utah St.,23.5,24.91,20,18.48,21.35,16.55,26.45,15,22.75,22,25.23,28.5,23.4,27.61,22.52,31.53,21.91,12.39,19.85,38.5,31.97,32.75,28.5,,29.34,,26.43,25.31,22.64,,32,,,18.71,22,24,24,22.27,25.87,20.57,0,,25.37,25,23.5,11.9,7,21.36,28.98,,,21.79,19.95,13.75,23.35,18,13.75,6.69,17,35,5,15,24.78
Ball St.,Toledo,-4.5,-6.85,-9.5,-12.36,-3.41,-0.83,-11.08,-12,0.84,-12,-12.03,-1,-2.86,-16.77,-0.55,0.27,-5.717333333,-8.86,-5.35,-8.25,-3.02,-1.78,2,,3.84,,-12.06,-16.02,-5.17,,-7,,,-16.17,0.01,-6,-4,1.49,-6.76,0.74,4,,4.2,-4,-4.5,-8.7,-9,-1.27,-21.92,,,2.14,-1.55,-9.5,-9.28,-1,-10.66,6.21,37,30,5,-5,-1.68
Baylor,Kent,22.5,16.68,23,21.1,17.91,26.04,13.96,23,30.01,16,32.17,12.5,19.44,31.61,19.35,20.23,21.752444444,27.73,32.15,30.69,24.39,19.13,16,,20.05,,16.39,17.98,20.96,,14,,,11.42,27,21,24,22.07,21.39,16.8,21,,26,21,22.5,29.7,29.8,30.18,31.09,,,14.13,27.36,15.25,15.02,28,19.98,5.96,15,31,5,15,20.92
Boston College,Florida St.,-4,-0.43,1.5,6.67,-0.11,-4.68,-0.95,-6,-1.71,6,-3.42,7,0.13,-0.78,-9.19,2.79,0.2531111111,-3.75,-2.15,-0.38,6.86,-0.4,-8.5,,1.34,,-0.28,-1.54,-0.05,,-2,,,6.59,1,-5.5,-2,1.19,0.66,1.22,-4,,8.3,0.01,-3,0.2,15.7,1.12,-9.35,,,4.09,0.49,-1.1,1.3,-2,-5.29,4.75,21,28,5,5,1.55
Bowling Green,Ohio,1.5,6.56,1,-2.78,5.41,10.42,9.23,1,13.68,4,3.06,5.5,3.92,2.44,2.16,6.23,5.194,7.22,3.65,7.38,0.01,3.66,20,,5.15,,5.69,3.69,4.83,,4,,,3.39,11,3,-1,11.83,5.59,8.16,12.5,,13.86,6,2,4.5,-4.8,-0.56,6.71,,,9.98,5.16,-1.55,3.92,9,7.97,4.72,44,37,5,1,7
Buffalo,Central Mich.,-10,-11.54,-8.5,-18.69,-10.43,-7.56,-11.14,-13,-5.51,-12,-20.34,-12.5,-11.94,-14.21,-8.25,-15.74,-10.07755556,-8.85,-14.15,-18.75,-12.34,-14.03,2,,-11.52,,-9.09,-21.68,-11.33,,-14,,,-14.88,-7,-10,-10,-2.99,-14.31,-9.08,3,,4.96,-8,-10,-8.6,3.4,-12.78,-17.27,,,-0.46,-7.13,-13.3,-13.48,-7,-10.46,5.76,20,13,5,-9,-8.59
California,USC,-4.5,-1.57,2,-0.13,0.21,-3.22,1.67,-2,-8.78,-0.25,3.34,-7,-4.87,11.56,-3.75,-2.13,-1.392666667,1.74,-2.35,-1.56,-9.34,3.92,-0.5,,4.37,,-2.94,3.82,-0.93,,-2,,,4.04,-5,-6.5,0.01,-4.34,0.01,-6.13,-10,,2.95,-8,-4,0.5,-9,-10.22,-4.59,,,0.01,-2.68,1.7,-0.86,2,1.14,4.49,30,3,5,-1,-1.35
Central Florida,Memphis,6.5,7.94,12,9.5,5.99,11.53,7.37,18,8.51,10,8.14,8.5,8.52,14.54,9.88,16.02,8.6984444444,14.18,7.55,13.44,10.14,5.65,3.5,,8.09,,5.98,9.22,8.5,,4,,,7.73,8,9.5,9,6.69,9.58,6.36,12,,-1.34,6,6.5,10.8,8.4,4.26,9.76,,,4.86,9.15,3.4,13.48,11,5.75,3.55,14,32,5,7,9.49
Duke,Virginia Tech,-17,-22.43,-18.5,-17.99,-22.83,-22.67,-20.82,-23,-17.53,-16,-30.85,-21.5,-23.98,-28.02,-20.24,-30.03,-20.70533333,-13.47,-26.65,-29.81,-23.5,-23.56,-17.5,,-18.97,,-18.7,-31.32,-20.6,,-14,,,-20.44,-18,-15.5,-21,-13.08,-22.76,-27.18,-11,,-29.35,-16,-17.5,-20.5,-21.4,-20.46,-33.93,,,-8.64,-17.87,-18.65,-14.07,-18,-20.69,5.57,34,26,5,-9,-20.24
Eastern Mich.,Temple,-6.5,-5.63,-8,-6.13,-7.03,-9.5,-6.18,-3,-5.56,-1,-15.61,-2.5,-5.19,-16.06,-12.7,-3.34,-6.936666667,-14.81,-11.55,-10.63,-1.74,-1.42,-19,,-0.75,,-3.32,-6.55,-6.37,,-6,,,-2.25,-3,-4.5,-10,-2.53,-5.05,-7.86,-3,,-6.93,-2,-6.5,-6.9,-6.8,-1.11,-12.84,,,0.51,-7.65,-9.35,-13.97,-11,-11.38,4.63,24,12,5,-6,-5
Florida Atlantic,Wyoming,3.5,0.4,-3,-11.94,-1.26,0.67,-3.61,8,-4.73,2,-9.19,-0.5,4.29,-9.99,5.55,-2.83,-0.294666667,2.78,2.75,-4.38,-2.84,-0.27,8.5,,-1.41,,-3.15,-11.68,-0.52,,3,,,-7.22,7,3,-1,-2.64,-1.04,5.47,1.5,,15.88,6,3,3,-19,9.41,7.08,,,-0.54,1.69,-4,-5.04,-1,3.07,6.33,30,28,5,1,-4.06
Georgia,LSU,3,-0.98,-0.9,-7.12,2.5,6.06,-0.98,1,2.1,-1,-4.93,-1.5,-1.06,-10.59,-1.98,-0.32,0.5535555556,-0.01,4.55,2.13,0.65,1.56,3,,3.59,,-2.97,-5.3,0.54,,-4,,,-6.49,3,1,3,5.46,0.44,4.16,-2,,12.83,4,3,2.3,-1.1,7.29,2.34,,,8.82,3.47,-1.4,-2.84,2,-0.18,4.21,20,13,5,1,3.8
Idaho,Colorado St.,-4,-3.44,-6,2.07,-4.17,-11.63,-3.4,5,-15.52,2,4.83,-5.5,-3.55,5.54,-6.34,-5.2,-3.129555556,3.6,-5.75,-11.25,-1.66,-6.95,-10.5,,-8.02,,0.52,6.25,-3.5,,-11,,,7.24,-10,-3.5,-7,-11.24,0.34,-7.8,-12,,8.78,-4,-4,-3.2,-2.8,4.47,-2.5,,,-6.96,-5.73,-3.65,4.22,-9,2.37,5.87,29,31,5,1,-9.79
Illinois,Penn St.,-7.5,-12.46,-8,-19.5,-11.82,-13.95,-9.86,-15,-16.53,-5,-22.38,-13,-15.09,-13.39,-12.46,-4.63,-12.55977778,-16.53,-13.35,-26.69,-5.56,-12.85,-14,,-9.26,,-12.85,-22.95,-12.46,,-11,,,-10.83,-8,-6,-6,-12.68,-17.47,-8.23,-11.5,,-24.29,-7,-8,-10.7,-18.4,-7.89,-15.22,,,-8.84,-11.59,-15.05,-24.52,-8,-11.34,4.94,35,17,5,-10,-10.9
Indiana,Ohio St.,-18,-11.09,-18,-3.87,-16.32,-25.88,-5.31,1,-32.49,-8,-12.46,-15.5,-17.54,-0.84,-24.15,-24.02,-15.12911111,-4.88,-30.85,-25.5,-20.69,-11.44,-14.5,,-13.32,,-13.87,-0.97,-14.75,,-15,,,3.89,-25,-17.5,-20,-22.97,-10.67,-19.82,-25.5,,-25.7,-18,-18,-23.4,-18,-13.57,-16.32,,,-13.46,-18.47,-10.95,-1.31,-28,-9.25,8.67,33,14,5,-8,-21.29
Iowa,Arkansas St.,21,32.95,29,27.54,26.23,36.7,39.39,31,38.78,18,29.69,23,26.94,53.22,30.62,29.92,29.107111111,30.34,34.35,48.81,28.75,31.66,35,,25.4,,22.07,47.06,29.34,,34,,,32.7,26,21.5,28,31.32,34.35,15.98,21,,18.3,14,22,31.7,20.5,28.88,34.71,,,23.86,27.06,16.4,45.03,31,28.45,8.15,21,24,5,15,26.29
Iowa St.,Kansas St.,2.5,1.12,5,-0.73,0.01,1.91,4.88,1,2.64,2,1.12,-3,-2.32,1.79,2.99,-4.68,2.0175555556,5.02,4.6,7.31,-1.15,-0.77,1,,-2.74,,9.24,10.03,1.75,,-8,,,9.75,-3,0,2,0.97,6.41,-6.94,3.5,,21.29,-3,2.5,4.3,-4,-8.74,-2,,,-0.7,1.1,1.75,22.34,3,4.76,6.02,24,23,5,3,0.01
Kentucky,Alabama,-15,-12.25,-24.5,-16.45,-11.09,-16.96,-13.27,-15,-17.8,-10,-24.71,-13.5,-11.4,-22.87,-18.39,-7.35,-15.16155556,-21.44,-18.55,-23.88,-18.15,-13.17,-15,,-13.67,,-8.89,-21.96,-14.55,,-8,,,-12.17,-11,-16.5,-16,-11.97,-14.68,-14.42,-12,,-5.89,-12,-15,-19.1,-21.5,-23.55,-20.63,,,-6.13,-10.23,-16.7,-13.27,-12,-21.39,5.19,38,20,5,-12,-8.74
Louisiana Tech,Hawaii,5,-5.62,-2.5,-6.49,-5.38,5.14,-4.9,-4,-1.52,2,8.08,-5.5,-6.4,8.99,1.77,-15.39,-0.314222222,-2.83,0.75,-9.5,2.12,7.33,6,,6.01,,0.77,-7.61,-1.26,,-6,,,-4.49,10,3.5,5,-1.08,-3.87,8.82,-2.5,,6.69,-1,4.5,10.5,-2.3,-5.94,-7.29,,,-0.64,4.98,-4.25,-7.02,8,-3.39,5.91,6,27,5,1,1.24
Louisiana-Monroe,Florida Intl.,6,9.1,-0.6,20.96,5.18,0.71,10.78,11,-1.76,11,12.19,15,7.42,12.59,1.77,17.78,7.2564444444,5.67,3.25,9.44,-0.01,5.52,5,,4.97,,17.8,7.14,6,,7,,,17.28,8,2,6,3.06,10.33,1.38,8,,26.23,6,6,1.5,-0.4,10.36,2.92,,,7.87,4.46,2.55,6.86,-2,5.78,6.19,35,48,5,9,5.56
Louisville,Pittsburgh,-7,-6.9,-10,-10.32,-7.56,-13.36,-6.38,-5,-17.69,-6,-25.33,-7,-7.68,-8.16,-9.04,-6.09,-10.21155556,-11.3,-18.85,-18.94,-12.83,-6.57,-12,,-8,,-7.94,-17.82,-8.97,,-3,,,-6.52,-11,-6,-11,-13.27,-12.62,-8.9,-20,,-12.89,-2,-7,-16.2,-7.8,-2.68,-5.23,,,-8.85,-14.27,-15.6,-15.09,-11,-7.97,4.87,35,10,5,-6,-9.08
Marshall,East Carolina,-2.5,3.91,-0.5,6.81,3.31,-3.09,7.76,3,-1.62,4,4.8,1,0.9,4.02,2.37,-2.74,1.9777777778,7.08,1.15,-0.25,-1.06,-6.09,-4,,-3.92,,7.9,11.73,1.08,,5,,,14.58,-3,-2.5,-3,-0.52,7.07,-6.29,-5,,19.89,-5,-2,1.8,1.8,-1.58,2.17,,,0.58,-2.11,-0.15,9.39,-2,9.52,5.57,21,17,5,1,-1.89
Maryland,Clemson,-11,-13,-19.5,-18.93,-14.95,-13.69,-9.94,-24,-16.88,-10,-21.96,-10,-16.09,-16.51,-14.38,-16.39,-14.53111111,-23.23,-16.25,-25.81,-19.28,-5.94,-10.5,,-10.02,,-11.31,-22.17,-14.67,,-12,,,-10.3,-18,-14,-14,-11.7,-18.67,-10.6,-2.5,,3.83,-11,-11.5,-18.9,-18,-12.83,-23.82,,,-6.52,-13.18,-16.5,-24.11,-14,-16.25,5.74,21,24,5,-11,-11.13
Miami (Fla.),Oklahoma,-7.5,1.11,-11,-11.83,-7.53,-21.86,8.03,1,-31.36,-2,0.4,-9,-7.61,18.02,-11.33,-17.47,-8.699777778,6.38,-26.75,-8.5,-21.18,0.25,1,,-6.11,,-10.48,13.47,-7.8,,-3,,,14.11,-22,-6.5,-8,-17.84,2.19,-20.22,-31.5,,-19.24,-18,-7.5,-22,-17.2,-13.13,-9.58,,,-4.33,-16.93,-7.25,8.09,-28,1.05,11.98,20,21,5,-7,-12.7
Miami (Ohio),Cincinnati,-29.5,-27.58,-31,-43.68,-27.96,-31.62,-26.36,-33,-39.88,-27,-52.05,-31.5,-28.91,-44.05,-36.26,-40.5,-33.31488889,-39.79,-42.65,-49.31,-34.93,-31.43,-36,,-32.03,,-25.74,-41.21,-33.1,,-28,,,-28.82,-32,-26.5,-36,-29.71,-32.76,-29.17,-27,,-37.89,-25,-30,-36.5,-38.3,-27.88,-38.97,,,-19.53,-33.48,-33.2,-35.19,-35,-33.38,6.20,37,13,5,-28,-26.97
Michigan St.,Michigan,4,-4.26,-1,-5.71,-0.01,2.13,-12.03,2,-4.6,-3,-3.39,-8,4.24,-15.96,-2.98,-2.4,-1.599111111,-1.61,2.55,-11.44,-2.31,-1.91,-3.5,,3.7,,-7.58,-20.82,-1.31,,-6,,,-21.99,5,-1,5,-3.46,-9.18,13.04,1,,10.11,7,3.5,0.01,4,11.81,8.88,,,-2.33,4.52,-5.45,-19.71,6,2.45,7.87,20,26,5,-1,2.33
Minnesota,Wisconsin,3,-2.69,4.5,-6.28,-1.84,0.64,-0.49,-7,-2.25,2,-2.6,-5,-4.64,-1.47,-0.42,-6.06,-0.295111111,-3.61,-0.65,-8.25,0.27,0.12,-1,,0.97,,4.7,-4.32,-1.24,,-3,,,-2.48,2,0,0.01,0.78,-2.47,5.51,-1,,12.03,-1,2.5,4,11,-3.18,-4.56,,,3.81,2.28,-1.6,-3.2,6,-3.65,4.13,31,28,5,-2,0.84
Mississippi St.,Georgia Tech,-6,-7.18,-5,-5.8,-6.95,-8.41,-9.51,-4,-11.53,-4,-9.08,-5.5,-5.15,-7.71,-2.8,-2.73,-5.974222222,-6.04,-5.05,-14.19,1.22,-6.03,-10.5,,-6.44,,-3.14,-14.6,-6.65,,-8,,,-6.55,0.01,-6,-7,-6.93,-8.92,-7.7,4.5,,-14.75,-7,-6,-2.2,4.5,-6.38,-9.64,,,-2.34,-7.05,-6.75,-10.29,-7,-5.38,3.94,42,31,5,-2,-7.97
Navy,Air Force,1.5,2.27,6.5,-4.11,1.5,9.8,1.49,12,9.98,-0.25,-6.33,0.5,3.22,0.94,1.48,-0.18,1.9511111111,12.29,3.25,4.31,0.01,2.06,3,,4.36,,-2.24,-0.93,1.49,,1,,,-3.56,2,3.5,3,10.27,2.35,-2.72,12.5,,0.98,-4,1.5,5.6,-12,-7.15,5.61,,,10.56,1.77,-4,2.2,1,7.57,5.24,13,16,5,1,-3.02
Nevada,UNLV,5,3.76,5,-20.77,-0.51,6.11,7.14,-1,1.78,0.25,-4.7,2,0.34,5.81,4.4,2.97,1.3495555556,1.19,4.25,-1.38,-2.38,5.84,9.5,,3.97,,-2.33,-6.09,1.48,,3,,,-7.2,7,4.5,6,-0.79,-1,8.05,12,,-9.56,7,5,7.9,-1.5,6.06,0.74,,,-3.37,2.27,-5.65,-3.54,7,0.01,5.95,28,63,5,-7,0.99
North Carolina,Virginia,13.5,14.02,8.1,25.22,10.28,8.59,17.59,17,5.64,15,24.31,13.5,10.82,40.33,15.5,14.4,14.609111111,9.45,6.25,17.69,18.52,18.48,17,,15.71,,23.08,29.95,13.75,,10,,,35.62,10,14,16,7.82,21.59,14.36,-0.5,,6.77,13,13.5,8.3,11.4,7.66,10.52,,,10,12.08,13.15,16.84,16,12.32,7.62,16,3,5,14,11.46
Northern Ill.,Western Mich.,6,6.59,4.5,7.02,9.97,4.73,2.06,11,10.81,5,12.5,2,11.19,11.38,6.76,2.77,7.5771111111,8.47,13.25,9.94,16.13,-6.26,7.5,,-2.65,,7.1,7.38,7.24,,3,,,5.63,10,6.5,5,8.54,8.76,1.63,7,,18.86,5,6,11.8,21,8.57,13.93,,,6.28,8.55,8.1,6.32,5,10.74,4.95,3,38,5,5,7.1
Notre Dame,Washington,11,7.47,15,12.81,9.01,17.06,4.89,11,16.83,11,0.51,12,10.1,8.16,13.39,6.97,10.641555556,5.45,13.35,15.13,13.41,10.29,13,,14.48,,8.63,2.41,10.64,,4,,,4.49,17,13.5,13,9.59,9.06,19.46,16.5,,20.13,12,11,13,7,14.83,7.78,,,2.34,13.99,4.45,4.05,14,6,4.81,30,37,5,10,13.57
Oregon,Washington St.,34.5,27.6,33.2,31.7,25.56,38.57,27.81,28,43.49,24,37.85,30,27.45,38.13,34.49,34.92,32.254888889,31.47,45.95,48.75,30.65,31.76,40.5,,30.94,,33.49,31.43,31.73,,24,,,24.94,42,31,34,31.74,33.51,33.29,33.5,,40.38,30,34.5,41.1,21.6,36.71,33.94,,,20,34.96,21.7,28.19,45,29.52,6.38,6,52,5,22,28.97
Purdue,Northwestern,9,9.87,9.5,3.51,12.93,6.52,7.23,22,15.35,7,16.56,2.5,13.27,9.73,8.16,12.9,8.8844444444,17,12.85,10.88,11.18,-7.24,1.5,,-1.35,,5.47,8.93,8.96,,10,,,2.33,9,6.5,4,11.16,9.56,0.12,10,,24.09,4,9,9.1,4,5.73,27.99,,,6.96,10.71,4.45,10.32,6,16.01,6.51,27,21,5,2,8.56
Rice,Tulsa,-17,-13.88,-11,-30.72,-15.99,-8.23,-14.45,-8,-14.65,-14,-26.92,-19,-13.42,-26.13,-10.97,-28.09,-15.776,-19.2,-18.45,-24.94,-24.19,-11.25,-1,,-10.15,,-14.15,-27.06,-15,,-16,,,-20.03,-15,-13,-21,-7.45,-14.75,-11.43,-4,,-29.82,-15,-17,-13.2,-14.7,-16.25,-17.57,,,-0.25,-12.07,-17.85,-15.42,-15,-17.29,6.72,27,10,5,-17,-14.39
San Diego St.,New Mexico St.,17,12.58,8.5,6.78,13.31,8.11,7.9,21,16.56,8,13.14,4,17.61,8.98,15.17,17.85,11.327111111,14.95,14.75,8.13,16.33,-1.63,6,,4.65,,7.86,6.52,12.29,,13,,,3.38,9,16.5,12,11.18,7.55,6.57,3.5,,25.39,10,16.5,13.5,16.6,23.05,17.5,,,5.8,17.36,11.9,5.31,15,14.21,5.62,17,34,5,9,12.68
Stanford,UCLA,5,1.46,7,-2.75,2.87,6.9,-0.26,3,6.89,4,7.3,0.5,3.29,1.68,8.87,-1.39,3.352,3.78,8.95,-0.69,0.64,1.86,2.5,,6.71,,-0.66,-3.77,3.54,,1,,,-4.03,4,4.5,4,4.08,1.29,8.51,5.5,,-5.38,6,5,9.2,-9.1,9.49,4.99,,,1.26,8.56,1.35,-0.01,13,6.09,4.43,16,24,5,4,4.75
Syracuse,South Florida,-6.5,-15.23,-5,-19.07,-9.02,-9.46,-15.71,-22,-9.01,-10,-15.67,-15.5,-14.87,-17.34,-10.27,-21.75,-13.346,-21.68,-17.55,-27,-18.46,-18.68,-10,,-12.95,,-10.5,-14.57,-14.43,,-13,,,-8.82,-15,-7.5,-15,-7.36,-16.39,-13.96,-5,,-0.25,-20,-8,-12.8,-1,-23.9,-16.99,,,-5.71,-12.98,-11.85,-14.29,-9,-24.32,5.65,34,20,5,-10,-11.02
TCU,SMU,28,27.02,35,26.26,24.86,38.63,27.98,31,40.22,22,27.33,28.5,26.35,33.26,38.98,32.4,30.709555556,34.36,37.65,51,32.72,33.17,43,,35.69,,36.75,28.09,30.75,,17,,,21.54,37,28,32,32.06,32.16,27.73,38,,26.99,33,28,30.5,27.2,32.42,41.4,,,23.9,27.57,18.3,30.3,36,27.79,6.24,14,39,5,17,27.91
Tennessee,Auburn,2,-1.62,-2,-2.68,1.38,0.5,-6.44,5,-0.37,-1,-4.18,-5.5,3.61,-13.23,3.67,-1.6,-1.290888889,-7.65,5.05,-9.13,-1.59,-6.65,-4,,-3.74,,-0.58,-8.14,-1.3,,-3,,,-9.89,5,2,2,-1.93,-3.59,1.91,-2,,1.54,0.01,2,4.4,-5,1.59,9.63,,,-3.5,4.14,-3.6,-3.78,2,-5.06,4.47,26,22,5,1,1.87
Texas A&M,Arkansas,-2,-2.3,5,11.82,3.94,0.71,-4.06,8,6.9,4,-0.96,4,-0.38,1.08,2.19,3.91,3.6991111111,8.48,11.2,4.44,1.75,-4.74,-3.5,,-2.14,,10.5,11.78,3.42,,-1,,,12.03,0.01,0,-3,2.9,6.27,-6.93,-6,,24.02,-2,-1.5,7.1,15.6,-1.98,-8.35,,,-1.11,2.93,6,15.37,14,2.23,6.79,47,19,5,7,2.09
Texas Tech,New Mexico,33.5,26.6,39.4,34.66,27.31,39.19,24.1,47,45.04,24,48.13,27,29.81,44.3,45.39,30.62,33.718666667,56.08,43.45,50.13,42.54,33.4,11,,34.97,,33.4,30.14,33.43,,20,,,21.77,34,38,38,33.5,30.27,33.27,29.5,,15.53,29,33.5,43.8,36.4,39.35,49.6,,,21.96,33.46,25.55,29.59,39,35.11,9.37,28,48,5,26,29.25
UAB,Southern Miss.,-9,-11.7,-12,-14.95,-9.03,-11.76,-12.1,-14,-13.01,-12,-16.87,-17,-11.32,-23.46,-13.23,-17.41,-13.16227273,-15.37,-15.15,-23.69,-16.19,-6.53,-10,,-13.42,,-12.21,-18.96,-13,,-10,,,-13.39,-13,-11,-17,-9.65,-14.78,-6.65,-18.5,,-8.59,-13,-9.5,-8.9,-19.8,-15,-16.88,,,-6.3,-10.51,-10.05,-17.57,-12,-7.53,3.79,17,30,5,,-10.02
UTEP,Houston,-14,-17.5,-16,-27.55,-14.41,-16.15,-19.23,-22,-21.51,-14,-30.38,-18,-16.31,-43.8,-17.08,-20.19,-20.01333333,-29.47,-26.65,-36.63,-23.76,-24.61,-13,,-19.74,,-15.63,-27.62,-19.12,,-14,,,-23.68,-16,-14.5,-20,-16.51,-24.55,-9.63,-7,,-18.7,-19,-15,-14,-21.4,-26.84,-30.74,,,-11.51,-15.06,-22.9,-25.16,-19,-18.7,6.60,41,58,5,-18,-14.14
Vanderbilt,Mississippi,-9.5,-3.54,-9,-5.26,-5.26,-13.51,-3.69,-8,-18.97,-0.25,-6.11,-1,-3.51,-6.48,-14.17,2.68,-7.607555556,-13.66,-14.55,-12,-15.89,-4.73,-20,,-5.01,,-6.29,-4.44,-6.2,,-4,,,-1.49,-12,-10.5,-13,-13.38,-8.94,0.49,-22,,1.32,-4,-9.5,-13.5,0.01,-10.41,-3.18,,,-7.79,-8.01,-10.1,-3.99,-10,-10.75,5.72,23,7,5,-6,-5.36
Wake Forest,NC St.,2.5,5.52,1,-4.89,3.93,0.67,3.44,1,-1.39,2,1.14,3.5,8.14,6.5,-0.31,9.8,1.4088888889,-3.33,-1.75,-1.69,0.92,-2.86,-2,,1.63,,-3.24,-0.01,1,,4,,,-0.52,-1,1,-1,-1.06,0.7,5.08,-1,,16.76,2,2.5,2.9,-5.4,-0.52,7.59,,,-0.72,4.88,-2.25,-2.87,3,1.8,4.17,24,30,5,-4,3.56
West Va.,Colorado,16,13.27,15.6,13.26,10.86,15.56,16.38,16,17.75,10,13,18.5,10.25,19.66,17.7,21.63,14.781111111,19.36,12.55,24.06,20.35,19.83,13.5,,18.7,,9.59,17.39,14.09,,13,,,14.09,17,17,16,15.17,16.8,12.57,11.5,,13.1,15,16,9.5,13.4,19.11,19.59,,,12.6,10.77,6.4,14.09,19,12.26,3.53,24,35,5,12,11.08
Air Force,TCU,-10,-8.81,-9,-4.8,-3.45,-17.13,-15.15,-8,-16.93,-4,-9.36,-8,-2.04,-16.59,-14.9,-1.42,-9.821777778,-18.45,-11.25,-23.25,-5.73,-15.3,-18.5,,-11.94,,-12.76,-13.6,-9.39,,-4,,,-11.15,-9,-10.5,-9,-14.45,-13.93,-3.59,-24,,-1.15,-12,-10,-11.8,-4.1,-9.58,-8.12,,,-11.97,-5.42,-9.55,-16.3,-6,-9.63,5.36,20,17,6,-4,-1.58
Akron,Ohio,-3,-5.86,-10.5,-8.88,-4.91,-5.2,-7.3,-9,-6.84,-0.25,-4.95,-4,-4.41,-8.5,-4.79,-6.29,-5.064888889,-15.75,-5.75,-12.38,2.46,-5.2,11,,-2.82,,-3.81,-9.61,-5.25,,-5,,,-6.03,0.01,-4,-7,-3.95,-7.94,3.09,-0.5,,9.17,0.01,-3.5,-14.5,-5.3,-12.41,-9.99,,,-1.06,-1.2,-10.25,-11.57,-3,-10.87,5.45,19,7,6,-4,2.08
Arkansas,Auburn,-2,-5,-2,-8.86,-3.39,0.67,-8.03,-7,-3.88,-6,-2.36,-12,-2.38,-10.95,-4.57,-6.28,-4.138444444,-8.28,0.55,-12.83,4.37,-7.57,-9,,0.13,,-5.37,-12.67,-4.78,,-6,,,-9.97,1,-2,-1,-2.85,-8.94,2.51,-6,,3.49,-2,-2,2.4,1.8,-5.98,-3.36,,,-1.81,0.34,-6.05,-11.25,-4,-6.16,4.39,23,44,6,-5,1.62
Army,Vanderbilt,-10,-7.88,-18.5,-5.05,-8.47,-16.51,-6.07,-4,-14.54,-5,-12.6,-7,-9.86,-7.88,-17.44,-14.07,-9.794888889,-5.9,-15.35,-14.46,-8.98,-15.13,-3,,-21.12,,-6.42,-4.62,-8.18,,-6,,,-2.37,-15,-12.5,-14,-9.3,-4.88,-23.97,-5,,6.03,-15,-10,-16.4,-7.4,-11.34,-9.49,,,-4.05,-11.53,-7.75,0.31,-19,-3.17,6.20,13,16,6,-5,-11.87
Central Mich.,Eastern Mich.,23,25.72,22,28.87,17.56,17.62,30.79,27,19.33,24,25.18,28,21.09,41.11,23,25.5,22.789555556,25.73,19.55,35.33,21.09,25.4,24,,22.06,,33.62,34.15,24.1,,24,,,36.14,19,21.5,26,15.36,28.76,24.79,4,,30.57,22,23,14.3,-21,27.03,26.01,,,11.4,20.27,18.4,27.42,20,24.2,9.23,8,56,6,20,17.87
Colorado St.,Utah,-8,-7.37,-11.5,-6.16,-7.72,-15.73,-6.25,1,-14,-5,-6.23,-10,-8.46,-9.39,-7.13,-10.64,-9.104666667,-4.42,-13.65,-19.21,-14.93,-18.91,-15,,-13.05,,-4.32,-4.05,-8.42,,-10,,,-1.69,-14,-6.5,-12,-10.49,-7.63,-16.96,-8.5,,-20.79,-12,-8,-13.2,11,-6.91,-7.04,,,-6.97,-10.35,-7.15,-0.98,-14,-8.38,5.61,24,17,6,-4,-13.75
Florida St.,Georgia Tech,3,-0.58,-3,-7.59,2.8,4.38,-3.57,1,-0.68,-2,1.93,-2,2.28,-2.47,1.6,2.92,0.256,-0.92,4.65,-3.88,1.03,-2.13,-2.5,,-2.69,,-2.39,-6.55,-0.8,,-3,,,-6.74,9,2.5,-2,0.22,-4.45,5.55,14.5,,-3.93,0.01,2.5,2.2,17.6,-2.28,-1.27,,,1.13,4.33,-3,-4.92,5,1.37,4.92,49,44,6,-1,2.9
Hawaii,Fresno St.,-10.5,-5.66,-6,-1.29,-7.37,-5.06,-1.16,-4,1.07,-1,-15.65,0.5,-11.46,-9.62,-8.63,-6.42,-5.730222222,-12.06,-11.95,-16.08,-11.93,3.65,-5,,-2.88,,-3.47,-6.98,-6.57,,-8,,,3.73,-8,-8,-6,2.76,-6.41,-10,6,,-1.51,-6,-10,-13.9,16,-12.17,-19.42,,,4.44,-9.31,-13.65,-7.64,-10,-8.94,6.39,42,17,6,-2,-6.71
Illinois,Michigan St.,-4,-6.51,-2,-16.16,-6.31,-1.36,-2.81,-10,-1.54,-2,-15.14,-6,-10.68,-10.26,-7.63,-4.27,-5.308888889,-14.7,-3.05,-13.46,3.78,-3.08,-2,,-6.31,,-4.25,-11.86,-5.46,,-11,,,-3.52,2,-4,-4,-0.16,-8.73,-6.74,3,,-23.24,0.01,-4,-1.6,22,-6.15,-16.85,,,1.23,-4.91,-9.85,-10.36,1,-8.44,7.02,24,14,6,-4,-2.61
Iowa,Michigan,9.5,12.37,12,13.92,8.23,17.85,15.85,15,19.74,12,11.01,11.5,10.02,24.22,11.14,4.85,12.973777778,14.25,15.05,20.38,13.28,14.03,17.5,,6.88,,15.98,15.75,13.75,,8,,,13.75,13,7.5,14,14.04,14.03,13.28,13,,20.28,13,10.5,12.2,-0.4,18.89,13.75,,,8.33,15.51,7.95,14.91,16,13.99,4.30,28,30,6,8,7.93
Kansas,Iowa St.,18,15.37,17,19.91,15.25,22.57,15.08,20,25.64,19,24.35,20.5,15.67,33.37,20.81,29.07,20.444888889,22.42,21.25,34.46,20.93,22.89,27.5,,20.43,,22.06,21.1,20.87,,10,,,17.12,22,19,22,21.11,23.51,27.19,23.5,,31.98,24,18.5,18.9,4,22.2,19.83,,,16.59,20.14,12.6,23.23,22,15.26,5.28,36,41,6,17,17.8
Kent,Bowling Green,-2,-3.6,-5,1.23,-5.83,-6.4,-2.25,-4,-11.93,2,-6.96,-2.5,-4.96,-6.06,-22.13,-4.74,-4.086222222,-13.69,-9.95,-8.63,-0.87,-2.58,-2,,-0.84,,-1.98,-0.19,-4.62,,-5,,,4.9,-6,-6,-3,-6.11,-0.76,-2.68,-14,,17.82,-5,-2,-6.5,5.4,-4.5,-12.33,,,-0.3,-5.44,-5.1,-2.62,-6,-8.43,5.97,36,35,6,1,-5.11
LSU,Florida,-11,2.55,-12.5,-6.67,-8.17,-22.68,8.6,-5,-24.57,-1,4.47,-0.5,-2.29,6.44,-21.34,-2.74,-7.921777778,-3.42,-19.65,-1.17,-10.77,5.03,-9,,-1.48,,-6.07,1.2,-8.18,,3,,,10.13,-17,-11.5,-11,-19.12,2.25,-17.27,-17,,-0.56,-15,-11,-18.6,-16,-20.51,-8.19,,,-13.67,-15.59,-8.3,-5.82,-17,-3.89,9.04,13,3,6,-9,-15.4
Louisiana-Lafaye,North Texas,6,9.35,2,3.78,4.85,13.01,17.46,7,9.95,11,1.12,13.5,2.16,18.55,10.29,7.38,8.3264444444,5.32,4.15,12.92,7.36,6.7,11,,12.81,,16.22,13.9,8.28,,4,,,17.74,10,6,8,10.75,12.3,11.31,4,,-15,12,6,10.1,22.2,8.56,-0.28,,,11.55,6.82,2.25,6.61,13,5.74,6.18,34,38,6,5,7.93
Louisville,Southern Miss.,-2.5,-3.85,-2,-11.46,0.01,-0.01,-5.11,1,-6.14,-3,-13.93,-3,-2.55,-3.01,-1.34,1.05,-3.194,-0.33,2.25,-8.25,0.55,1.05,0.01,,4.85,,-4.03,-11.71,-2.28,,-12,,,-4,-2,-2.5,0.01,-3.29,-7.04,-1.33,-20,,-8.95,-4,-2.5,-1.7,20.7,-3.25,-0.5,,,-0.44,-5.66,-9.75,-11.07,-2,3.11,6.13,23,25,6,-5,-6.16
Memphis,UTEP,-1,-6.3,-2.5,-0.48,-2.95,-6.53,-9.05,-6,-3.96,-4,-7.88,-4.5,-3.67,-9.33,-3.05,-3.68,-4.547111111,-14.33,-10.85,-7.71,1.98,-5.79,-3,,-8.3,,-12.79,-13.27,-4.25,,-4,,,-5.37,-2,-3,-7,-2.29,-6.44,-1.12,-2,,9.63,1,-1.5,-13.6,14.8,-0.64,-10.84,,,-0.62,-1.78,-7.7,-14.16,-4,-9.89,5.75,20,35,6,1,2.84
Minnesota,Purdue,3.5,10.68,6.5,4.54,2.59,4.39,16.41,8,-4.14,12,2.88,11.5,4.25,15.88,-4.11,3.24,6.1075555556,5.98,6.35,13.21,6.26,16.75,5,,11.66,,11.76,13.85,6.12,,11,,,16.83,3,4,12,0.87,14.88,11.24,-7.5,,-16.33,7,3.5,5.4,-15.5,3.6,0.24,,,5.88,4.77,3.9,10.37,9,5.86,7.23,20,35,6,4,6.48
Mississippi,Alabama,-4.5,-9.48,-5,-8.14,-7,-0.32,-12.97,-2,1.48,-6,-15.29,-11,-5.83,-24.82,-5.97,-12.06,-6.010666667,-11.38,-1.65,-11.75,-7.99,-7.92,-1,,-0.48,,-7.82,-18.41,-6.81,,-14,,,-10.88,2,-5.5,-2,0.78,-8.19,-5.87,9.5,,-13.76,-4,-4.5,0.5,21.5,-6.62,-15.84,,,0.01,-0.49,-8.5,-15.1,4,-11.44,7.72,22,3,6,-3,-2.25
Mississippi St.,Houston,2.5,0.88,0.01,-3.61,0.18,-1.85,-0.65,5,-8.38,1,4.62,-2.5,2.42,1.21,0.72,8.98,-0.539111111,-2.52,-2.85,-6.29,1,-4.53,-4.5,,-4.24,,-1.09,-2.21,-1.13,,-6,,,-1.16,-2,-2.5,-2,-4.23,-2.04,-7.17,-3,,15.08,-8,2,-2.1,2.8,1.81,14.69,,,-0.01,-0.84,-6.15,-2.05,-5,3.89,4.81,31,24,6,-2,-0.11
Missouri,Nebraska,-4,3.17,-5.5,-5.44,-2.13,1.08,7.46,-9,1.97,4,-7.44,8,-3.31,-6.1,0.15,8.67,-1.579333333,-12.88,-5.35,-1.79,4.57,5.49,-1,,-2.72,,-4.75,1.19,-1.54,,3,,,6.92,3,-1,-1,0.85,1.75,-2.44,-2.5,,-20.26,3,-3.5,-1.5,-2.4,-3.76,-13.84,,,-0.27,-1.57,-6.3,-1.57,2,-5.2,5.77,27,12,6,-2,-0.76
NC St.,Duke,16.5,10.73,17,20.44,13.72,14.86,8.89,14,14.83,14,17.52,14,12.76,14.18,9.31,15.44,14.046666667,6.32,16.55,20.83,14.71,17.91,13,,10.93,,12.91,14.23,14,,14,,,14.67,17,15,14,11.11,15.37,16.2,14,,28.89,14,16,17.7,5.8,22.39,18.48,,,7.38,10.62,10.35,3.54,14,10.38,4.35,49,28,6,13,15.09
Nevada,Louisiana Tech,11.5,0.12,5,-8.08,3.46,7.36,0.5,1,8.34,1,2.53,1.5,-0.24,3.21,12.32,9.03,4.1371111111,-0.87,8.65,2.83,12.61,-0.77,5,,0.52,,-2.1,-2.59,3.34,,-3,,,-0.79,7,6.5,5,6.8,0.01,4.88,7,,25.74,11,10.5,4.7,0.2,17.31,5.68,,,5.26,7.29,0.25,0.81,9,-0.27,5.82,14,37,6,2,4.6
New Mexico St.,Utah St.,-10,-7.78,-19,-3.93,-9.85,-19.04,-2.22,-9,-25.75,-4,-16.23,-0.5,-13.71,-5.84,-18.89,-8.46,-10.43155556,-14.88,-20.65,-10.79,-16.28,1.64,-1,,-7.79,,-3.77,-3.04,-9.64,,-10,,,4.22,-11,-11,-12,-14.64,-2.25,-11.58,-26,,-16.28,-7,-10,-19.7,3,-9.44,-21.61,,,-3.53,-15.73,-13.4,-0.88,-24,-10.8,7.87,17,20,6,-4,-8.47
Northwestern,Miami (Ohio),18,16.2,26,29.96,17.75,27.98,14.1,17,25.78,22,20.1,23,18.36,25.61,21.36,22,20.362,23.45,25.35,26.58,18.84,23.75,25,,21.94,,21.32,21.95,21.34,,14,,,18.7,25,20.5,25,19.87,17.98,22.02,20.5,,10.29,14,18,27.6,4,14.87,14.19,,,13.96,22.27,14.65,18.8,28,18.35,5.25,6,16,6,18,19.31
Ohio St.,Wisconsin,16,8.39,17,5.3,10.76,19.7,2.44,9,25.02,9,9.31,9.5,14.25,-3.44,19.89,18.68,12.480888889,8.74,17.95,11.46,20.08,9.08,16,,12.98,,10.47,1.61,11.38,,7,,,-2.76,23,16,15,19.69,6.47,16.85,24.5,,24.16,12,15.5,20.2,10.4,15.04,13.96,,,14.35,16.79,4.05,1.16,22,7.16,7.09,13,31,6,8,13.6
Oklahoma,Baylor,28,11.97,21,15.36,18.72,25.19,7.3,21,29.05,11,12.96,18,20.05,1.22,34.48,31.71,19.359777778,11.96,25.65,17.25,33.01,15.12,19,,18.78,,16.08,0.76,19.5,,15,,,-2.41,28,24,20,20.09,9.11,27.65,33.5,,30.61,24,27.5,21.7,41,27.75,27.46,,,11.14,23.68,6.6,4.3,29,13.53,9.79,7,33,6,13,26.2
Oregon St.,Stanford,-2,-0.24,1,-5.21,-1.73,4.43,0.95,-2,4.15,-3,-9.06,5,-1.46,1.33,6.21,0.49,-0.112222222,-3.37,2.25,2.88,1.77,10.01,-1,,8.93,,-1.72,-11.89,-0.62,,-2,,,-5.54,7,-2.5,4,4.21,-4.08,5.54,3.5,,5.56,4,-2,1.6,-1,-6.56,-9.88,,,4.26,0.57,-6.8,-6.82,-1,-4.52,4.93,28,38,6,-2,2.28
Pittsburgh,Connecticut,6.5,6.01,12.5,2.38,7.13,10.82,3.46,13,18.12,6,3.93,8,9.06,-1.08,10.58,5.05,7.4051111111,6.78,9.15,11.08,5.56,5.17,10,,9.7,,0.39,2.14,6.68,,3,,,1.63,12,10.5,7,13.83,6.01,10.19,15,,-1.6,3,6.5,12.2,27,1.33,5.71,,,9.53,8.49,0.9,3.09,11,6.58,5.29,21,24,6,6,8.82
Rice,Navy,-11,-15.61,-14.5,-31.15,-14.44,-5.16,-15.81,-22,-15.34,-14,-23.84,-17.5,-15.49,-28.36,-17.59,-24.81,-13.80022222,-24.26,-10.15,-28.67,-17.03,-5.31,-2.5,,-3.96,,-11.29,-27.23,-14.47,,-14,,,-19.76,-6,-13,-14,-11.79,-18.29,3.21,-6.5,,-7.04,-3,-11,-7.9,1.9,-11.86,-21.33,,,-8.24,-6.79,-15.95,-23.73,-7,-20.65,7.99,63,14,6,-14,-8.25
SMU,East Carolina,-4,-4.84,-9,2.5,-2.62,-12.06,-6.06,3,-7.94,-2,-2.42,-10.5,-3.98,-9.7,-2.93,-9.33,-5.876222222,-7.52,-7.45,-14.13,-10.42,-10.23,-17,,-9.57,,-1.56,-3.86,-5.25,,-5,,,-2.21,-9,-7,-11,-6.23,-5.5,-14.36,-14,,1.4,-6,-4,-4.4,-9.2,3.82,0.6,,,-4.52,-6.04,-3.15,-3.63,-12,3.05,4.89,21,28,6,-2,-6.8
San Jose St.,Idaho,5,-0.93,-4,-16.76,1.86,5.16,-2.44,-11,2.82,-4,-8.29,-4,0.34,-9.54,7.54,1.02,-2.673111111,-6.19,2.55,-9.54,1.43,1,-1.5,,6.34,,-10.11,-14.57,-1.25,,-1,,,-12.97,9,6.5,0.01,-1.04,-10.8,10.93,4,,-6.32,3,4,0.5,-26.3,-7.29,-7.53,,,-4.9,6.82,-8.4,-17.55,6,-0.51,7.95,29,25,6,-1,11.29
South Carolina,Kentucky,9,9.52,12,14.8,6.63,11.19,9.71,14,6.6,9,10.38,12,9.34,10.57,7.8,10.06,9.458,16.17,10.75,11.71,8.24,10.01,12,,10.61,,12.8,12.54,9.86,,10,,,11.95,9,12,14,7.64,13.2,4.71,5,,1.27,6,9,11.2,-9.9,13.55,9.27,,,8.69,7.29,7.95,8.7,9,10.85,4.13,26,28,6,9,6.16
Syracuse,West Va.,-10,-9.6,-7.1,-10.86,-6.92,-10.56,-11.33,-6,-13.69,-5,-5.13,-14.5,-8.2,-7.88,-11,-18.68,-9.781333333,-11.43,-6.35,-18.33,-7.76,-14.41,-16,,-7.49,,-2.28,-9.77,-9.6,,-11,,,-7.63,-11,-9.5,-8,-10.53,-11.6,-13.77,-6.5,,-29.36,-13,-10,-6.5,1,-14.44,-14,,,-7.38,-9.31,-6.35,-9.59,-11,-4.85,4.77,34,13,6,-7,-9.84
Temple,Ball St.,14,15.1,13,21.42,9.25,12.67,18.51,20,11.93,15,19.69,7.5,12.15,23.38,16.36,9.52,14.258666667,20.97,16.25,18.83,15.63,1.96,13,,4.18,,14.72,21.24,14.86,,11,,,17.66,13,13.5,11,8.87,15.46,10.06,5.5,,23.85,8,14,18.5,22,12.88,18.84,,,5.81,11.93,13.45,21.92,15,18.74,5.33,19,24,6,13,7.61
Tennessee,Georgia,0,-3.04,1,7.02,4.23,0.01,-8.97,10,-2.04,-0.25,10.9,-6,3.42,-3.19,1.28,0.37,0.8084444444,3.63,4.65,-6.58,-1.04,-13.37,2.5,,-7.87,,-1.53,-0.74,0.68,,-4,,,-4.34,2,-1,-2,-3.67,-2.15,-4.8,9,,17.88,-1,0,2.1,-7.3,6.29,10.54,,,-5.3,2.53,-1.15,2.82,3,5.21,5.78,19,45,6,3,2.08
Texas,Colorado,34,21.93,34,35.14,26.14,35.33,22.78,27,36.46,28,37.11,33,21.24,40.96,34.52,31.34,30.862222222,38.35,41.05,42.88,36.68,33.42,31.5,,30.02,,34.88,36.27,32.1,,22,,,27.91,38,31.5,32,31.78,32.68,33.36,27,,23.44,32,34,34.6,2.3,38.75,32.12,,,27.1,31.37,24.1,31.8,34,24.08,6.78,14,38,6,27,32.07
Texas A&M,Oklahoma St.,-5.5,-2.4,-6,3.16,-0.83,-10.54,-3.03,12,-6.78,1,-5.8,-5,-1.72,-7.88,-1.11,-1.37,-5.452666667,-8.64,-12.45,-8.29,-14.55,-12.56,-16.5,,-13.49,,-3.18,-0.01,-5.85,,-6,,,-0.43,-10,-6.5,-13,-6.36,-2.21,-15.88,-7,,-7.35,-7,-5.5,-9.8,-12.4,2.44,3.22,,,-5.94,-6.69,-5.05,2.13,-13,0.16,5.94,36,31,6,-2,-5.89
Texas Tech,Kansas St.,16,8.92,13.5,5.93,13.64,23.5,4.03,8,31.87,9,13.8,14.5,14.73,10.91,24.49,11.34,14.237555556,23.44,22.45,25.42,18.18,25.07,14.5,,20.01,,6.41,3.72,13.57,,3,,,-0.35,20,17,21,23.71,9.92,25.21,26,,3.99,20,16,18.4,3.3,13.29,13.02,,,15.55,20.46,5.85,9.02,22,8.63,7.53,14,66,6,11,15.96
Toledo,Western Mich.,7,6.68,11,10.83,5.78,13,6.05,10,7.27,10,2.86,5,7.3,6.49,10.77,6.21,7.7986666667,5.56,14.45,9.92,11.23,3.52,10.5,,0.11,,10.83,6.38,7.38,,6,,,7.46,9,8,6,6.09,9.85,6.15,4,,17.49,6,7,15.5,-12.7,13.29,10.46,,,4.91,8.52,5.15,10.28,12,4.76,4.70,58,26,6,8,6
Troy St.,Middle Tenn.,7.5,-1.86,3,-12.22,1.21,6.43,-2.83,4,5.67,3,2.85,4,-1.16,-9.11,8.03,5.25,2.4977777778,-1.44,4.75,0,0.96,-5.61,15,,1.13,,5.53,-4.29,2.93,,3,,,-3.26,13,5.5,4,3.1,-1.44,5.95,5,,15.48,6,6.5,6.4,1,6.07,-6.83,,,0.53,6.65,-3.65,-1.31,12,1.54,5.72,7,31,6,1,5.98
Tulane,Marshall,-4,-4.14,-13.5,-6.45,-5.58,-14.11,-1.72,-7,-18.13,-2,-12.92,-5,-6.68,-4.54,-13.61,-4.58,-7.466666667,-12.09,-11.25,-10.88,-4.15,-5.54,-3,,-6.51,,-1.43,-3.73,-6.3,,-4,,,-1.26,-11,-3.5,-7,-10.88,-4.32,-7.71,-21.5,,-16.36,0.01,-4,-11.7,-3.9,-0.01,-9.19,,,-3.62,-7.68,-9.95,-6.91,-15,-4.59,5.06,31,10,6,-3,-6.15
UCLA,Oregon,-3.5,-5.76,-12,-3.05,-5.94,-16.1,-5.03,1,-17.43,-1,-8.16,-8.5,-6.53,-10.97,-13.89,-12.57,-8.003333333,-0.95,-22.35,-14.75,-0.01,-13.25,-14,,-12.82,,-4.66,-1.05,-6.99,,-5,,,2.49,-12,-6,-11,-11.36,-3.13,-13.17,-11.5,,3.23,-6,-4,-15.2,-8.5,-8.96,-6.83,,,-5.3,-9.24,-7.7,-2.9,-19,-2.26,5.82,24,10,6,-4,-7.16
UNLV,BYU,-17,-14.95,-20,-16.31,-14.15,-18.5,-15.4,-18,-21.74,-13,-18.49,-20,-14.51,-15.59,-17.39,-22.89,-17.51711111,-14.9,-24.05,-33.92,-18.72,-18.46,-27.5,,-19.96,,-23.07,-21.15,-17.85,,-15,,,-10.62,-17,-14,-16,-13.84,-22.11,-15.24,-18,,-29,-15,-17,-20.2,8,-23.68,-28.98,,,-5.95,-16.41,-17.7,-20.87,-19,-12.94,6.05,59,21,6,-11,-12.84
Virginia,Indiana,7,3.94,6,-2.9,5.3,12.25,1.76,2,11.64,0.25,5.93,1.5,6.09,3.03,15.7,7.61,4.6997777778,12.44,9.55,9.75,9.16,-1.23,-0.5,,4.62,,0.91,-6.73,4.83,,1,,,-7.03,14,7,7,8.95,-0.22,4.59,12,,-3.74,4,7,7.2,-6,13.81,10.43,,,6.26,9.11,-2.8,4.56,7,5.04,5.67,7,47,6,1,9.96
Virginia Tech,Boston College,13,9.93,6.5,11.35,11.39,10.51,9.74,20,8.41,9,18.54,8.5,10.1,20.01,13.43,13.16,11.515555556,16.77,9.05,12.17,17.29,9.44,10.5,,10.28,,15.36,15.75,11,,10,,,11.1,11,13.5,15,5.72,12.67,10.95,11,,18.46,10,13,10.1,-9.6,18.3,18.07,,,3.03,10.99,8,14.58,13,13.87,5.05,14,48,6,7,9.17
Wake Forest,Maryland,13,12.11,16.5,18.25,15.15,10.92,7.57,20,17.69,16,23.79,12,16.52,7.53,17.74,14.64,13.837777778,17.35,14.85,26,15.45,4.17,7.5,,8,,11.77,20.39,14.98,,8,,,12.99,14,11,13,11.55,19.67,12.79,7.5,,20.52,11,13,20.8,-14.2,21.62,22.15,,,5.41,15.88,13.9,18.6,19,15.12,6.41,32,42,6,11,11.56
Washington,Arizona,-3.5,-2.41,-5,-6.4,0.45,-16.59,-5.52,-2,-17.4,0.25,1.42,-5,-0.01,-2.41,-5.32,3.35,-5.680222222,-2.23,-7.25,-13.29,-5.18,-11.7,-8,,-9.42,,-3.56,-1.45,-4.45,,-4,,,-0.19,-11,-2.5,-6,-10.1,-4.1,-15.63,-14.5,,-18.81,-9,-3.5,-9.2,-6.3,-3.56,-2.48,,,-2.8,-5.72,-4.15,-3.31,-9,-1.72,5.06,33,36,6,-3,-4.76
Washington St.,Arizona St.,-21,-8.11,-17,-27.7,-11.22,-18.15,-2.94,-5,-25.52,-7,-18.96,-11,-14.08,-7.34,-23.8,-8.74,-13.26688889,-12.97,-16.45,-23.33,-16.13,-10.83,-19.5,,-15.11,,-5.65,-5.18,-13.51,,-10,,,-2.43,-20,-17.5,-16,-15.25,-9.57,-16.97,-15.5,,-27.92,-18,-20,-16.3,1.3,-16.08,-9.78,,,-4.97,-15.12,-12.65,-6.52,-16,-7.08,6.62,27,14,6,-18,-14.04
Western Kentucky,Florida Intl.,-5.5,-0.55,-8,-12.79,-2.1,-5.35,1.48,-1,-9.01,-5,-11.36,-1.5,-2.54,-5.31,-7.72,3.69,-4.981590909,1.57,-4.45,-1.87,-3.6,-11.18,-3,,-4.85,,-4.86,-3.35,-4.93,,-1,,,-0.61,-8,-3,-7,-8.03,1.64,-12.31,,,-10.38,-8,-5.5,-9.1,0.01,-7.39,-6.53,,,-7.04,-8.89,-9.85,0.5,-11,1.62,4.33,37,20,6,-4,-3.08
Wyoming,New Mexico,10,12.02,14,20.32,7.78,8.4,18.15,15,13.52,14,16.71,12,6.21,26.9,10.2,10.32,11.716222222,20.77,8.55,14.42,7.94,12.96,-0.5,,12.15,,19.15,23.13,11.54,,9,,,22.51,3,10,13,11.11,13.39,5.08,11.5,,9.79,4,10,10.7,1.1,7.38,12.36,,,8.69,6.95,11.65,18.37,6,11.43,5.81,13,37,6,11,6.65
Air Force,Wyoming,11,11.29,12,18.25,13.38,11.07,3.69,16,11.54,10,23.49,8,19.76,9.79,20.78,14.38,12.377111111,19.91,13.75,13.46,15.22,7.51,11.33,17.35,10.87,,,4.97,12.95,,11,,,2.72,18,12.5,13,7.93,9.64,15.68,4.5,,-3.23,13,11,12.9,15.6,15.66,18.91,,,4.33,15.32,6.6,7.44,18,15.27,5.39,0,10,7,12,14.3
Alabama,South Carolina,18,17.76,23,24.12,16.13,18.97,16.48,25,19.18,17,24.47,16.5,18.92,28.9,18.95,19.24,19.356444444,25.07,19.05,19.46,19.43,16,13.72,22.76,16.75,,,19.36,18.96,,21,,,16.01,20,17,14,12.97,13.69,20.62,18.5,,16.54,18,18,23.5,27.7,27.28,23.62,,,6.75,17.67,12.25,18.91,22,23.97,4.44,6,20,7,15,14.27
Arizona,Stanford,3.5,4.5,2,3.32,1.85,7.81,6.81,7,9.62,2,2.83,4,2.24,5.06,14.78,4.78,4.7557777778,4.08,1.05,7.38,7.9,6.51,3.25,6.97,5.44,,,4.06,4.52,,7,,,4.55,7,6.5,1,7.95,4.67,5.98,13,,-6.3,8,3.5,6,3.5,8.29,5.72,,,6.29,5.56,-1.35,3.7,4,4.3,3.46,38,43,7,2,1.24
Arizona St.,Washington,6.5,-1.97,1,9.04,3.43,8.65,-5.73,1,16.21,3,-3.2,4,1.76,-9.97,3.76,4.47,3.4793333333,-3.01,6.45,-7.25,1.82,7.42,4.39,-3.46,8.67,,,-8.23,3.21,,-2,,,-2.14,13,3,4,9.34,-2.91,13.89,13,,19.28,9,6,1.3,13.3,11.56,-2.99,,,2.47,6.73,-2.9,-4.97,4,-2.74,6.64,17,24,7,8,7.19
Auburn,Kentucky,13.5,9.06,7,18.65,9.1,7.37,9.78,13,8.83,12,7.07,14.5,8.43,10.63,6.56,14.96,10.613777778,10.61,7.45,19.63,15.42,7.53,14.21,7.76,5.55,,,14.34,9.69,,16,,,14.63,10,13.5,7,7.83,15.81,4.54,6,,19.59,7,13,6.2,27,13.91,6.94,,,6.82,7.25,8.7,12.14,10,7.68,4.50,21,14,7,14,9.6
Ball St.,Bowling Green,-2.5,-11.25,3,-8.4,-4.95,0.29,-15.44,-12,-6.71,-11,-9.33,-11,-7.32,-20.43,-9.97,-4.37,-6.006,-6.74,-6.55,-14.54,-4.37,-1.45,2.73,-10.86,1.58,,,-16.53,-6.73,,-4,,,-18.56,-4,-4,0.01,-4.94,-7.62,0.39,3,,17.23,-6,-3,-1.7,-7,-9.69,-15.98,,,-3.16,-3.1,-11.7,-13.03,1,-10.73,6.94,31,17,7,-4,-3.56
Boston College,NC St.,1.5,10.98,3,3.54,6.33,5.17,13.32,9,3.22,9,2.97,11,8.61,11.91,9.26,15.35,6.4897777778,7.38,4.05,16.42,8.5,13.05,4.59,8.1,7.97,,,10.41,7.38,,14,,,10.79,5,4,4,4.77,11.56,10.01,4,,-17.43,4,2.5,3.2,6.9,-2.53,5.22,,,6.32,8.38,1.2,9.6,4,7.38,5.28,20,52,7,2,4.73
Buffalo,Akron,7.5,7,11.5,9.88,4.62,10.43,7.26,9,14.05,6,4.73,7.5,6.75,10.34,6.39,6.16,8.8888888889,13.4,10.95,8.71,9.18,2.35,6.71,7.62,8.94,,,6.86,8.61,,5,,,8.58,9,10.5,12,11.42,8.16,10.47,7.5,,4.9,8,7.5,15.2,25,17.78,8.65,,,8.79,8.02,3.6,9.41,11,8.95,3.96,17,21,7,8,2.87
Central Florida,Miami (Fla.),-14,-17.19,-11.5,-11.56,-14.41,-13.17,-19.5,-9,-8.62,-8,-19.17,-10,-15.55,-25.38,-12.09,-11.44,-14.29266667,-13.85,-16.15,-32,-18.47,-22.2,-17.46,-18.35,-21.87,,,-20.82,-14.29,,-18,,,-14.57,-12,-14.5,-16,-10.72,-19.68,-6.8,0,,-7.44,-10,-14,-11.9,-14,-15.56,-24.31,,,-12.82,-12.35,-18.15,-19.16,-8,-15.69,5.20,27,7,7,-6,-13.49
Clemson,Wake Forest,7.5,4.3,4.5,0.01,4.93,4.65,3.04,9,7.95,3,8.32,1.5,5.82,7.14,7.76,7.52,4.0764444444,6.36,0.15,1.33,0.71,-0.29,3.13,9.64,4.91,,,-0.59,4.4,,3,,,-0.68,10,6,2,6.92,0.99,4.77,2,,13.82,5,7,-1.2,-0.5,2.85,7.15,,,5.89,4.68,-3.85,2.29,3,5.98,3.52,3,38,7,2,6.29
Colorado,Kansas,-8.5,-9.73,-3,-19.64,-7.17,-10.53,-11.96,-8,-12.58,-16,-11.21,-16.5,-7.35,-27.74,-13.32,-10.37,-13.04044444,-16.77,-11.25,-31.21,-15.57,-17.09,-15.85,-13.54,-9.29,,,-21.9,-12.29,,-21,,,-21.35,-9,-9.5,-12,-10.34,-21.84,-8.12,-11,,-18,-12,-9,-7.2,-19,-6.76,-9.38,,,-8.09,-7.77,-16.55,-23.71,-5,-13.14,5.68,30,34,7,-17,-9.55
Connecticut,Louisville,14,12.67,14,21.14,11.63,13.63,9.29,17,11.38,12,26.73,9.5,16.08,13.69,13.78,14.83,14.24,16.22,20.45,16.5,16.89,11.01,13.57,14.38,13.24,,,15.43,13.66,,8,,,11.09,16,13.5,18,9,16.9,10.71,17,,23.54,9,14,18.8,11.2,14.35,11.2,,,6.63,17.77,12.7,13.03,16,14.23,3.97,25,38,7,12,10.11
East Carolina,Rice,17.5,18.57,23,28.07,13.14,9.14,21.88,27,13.72,20,26.43,19.5,15.53,31.11,19.75,27.83,17.595777778,24.43,12.75,23.04,15.09,6.78,8.94,24.58,7.7,,,25.76,18.03,,11,,,25.97,13,20,17,10.04,18.09,9.84,16,,7.38,12,17.5,14.3,8,22.57,19.94,,,6.36,16.41,14.55,23.08,20,17.97,6.57,13,49,7,20,14.65
Eastern Mich.,Kent,-7,-2.69,-3,-8.45,-3.2,0.67,-2.64,-1,1.03,-3,-3.98,-4.5,-2.73,-7.39,-10.96,-4.27,-3.606444444,-0.93,-4.35,-1.38,-10.77,-1.7,-5.29,-3.27,-1.05,,,-6.46,-3,,-3,,,-7.68,1,-3.5,-3,0.65,1.06,-10.07,-0.5,,-20.18,2,-6,0.7,3,-1.35,-1.51,,,0.26,-3.78,-8,-2.63,-2,-3.74,4.19,28,6,7,-8,-1.94
Florida,Arkansas,26,16.93,24,26.33,15.9,24.89,17.88,20,37.29,26,17.69,27.5,15.98,24.67,29.84,17.11,22.630444444,14.82,23.45,19.79,16.78,24.11,25.63,23.18,18.01,,,20.56,22.22,,14,,,20.4,29,24,24,29.16,14.36,28.04,24,,37.02,26,25.5,21.9,18.5,28.61,24.11,,,21.04,28.89,11.15,22.04,32,16.36,5.77,20,23,7,22,22.4
Florida Intl.,Troy St.,-9,-8.14,-5,-4.69,-5.78,-10.31,-13.49,-3,-6.16,-6,0.41,-11,-2.95,-12.29,-3.39,-16.89,-8.016444444,-11.51,-10.15,-19.88,-8.9,-8.38,-11.12,-5.84,-2.45,,,-13.54,-8.52,,-10,,,-13.09,-8,-11,-9,-5.21,-12.25,-6.26,-4.5,,-11.48,-7,-9,-11.1,1.3,-10.58,-7.25,,,-4.25,-5.39,-10.1,-10.93,-10,-13.2,3.93,42,33,7,-4,-8.09
Fresno St.,San Jose St.,20,16.87,24,24.89,17.68,14.15,11.99,24,18.47,16,30.68,17.5,22.49,10.08,16.48,28.3,18.684,20.05,18.75,20.25,20.86,4.19,8.89,24.71,15.45,,,15.17,17.94,,7,,,9.4,19,20,18,15.85,18.42,16.97,16,,37.43,20,20,20.8,16.8,29.84,28.91,,,13.23,17.99,16.65,17.88,18,15.64,6.37,21,41,7,21,16.17
Georgia Tech,Virginia Tech,-3.5,-5.15,-3,-11.33,-7.06,-5.68,-2.68,-5,-0.01,-6,-13.07,-7.5,-7.48,-7.88,-4.96,-9.12,-6.087555556,-8.02,-8.35,-3.75,-5.07,0.72,-1.12,-9.62,-0.86,,,-9.44,-6.15,,-7,,,-2.19,-6,-4,-4,0.95,-1.9,-7.73,-9,,-15.15,-2,-4,-7.1,-15.4,-8.34,-9.89,,,1.93,-4.38,-7.95,-10.31,-2,-7.75,3.91,23,28,7,-4,-3.1
Idaho,Hawaii,8,13.73,5,16.76,4.19,5.83,17.67,19,-6,16,15.93,11,10.49,21.02,6.76,3.73,10.433333333,13.98,8.05,21.38,9.33,9.97,9.11,19.06,2.67,,,26.38,10.75,,4,,,24.85,2,10,7,-2.06,23.19,-1.01,-0.5,,2.51,1,8,12.4,11.2,17.24,15.37,,,1.88,8.47,11.9,26.12,6,13.98,7.64,23,35,7,12,5.24
Indiana,Illinois,-3.5,6.82,4,12.83,0.94,-4.49,9.83,14,-3.67,5,0.93,7,3.95,5.52,2.84,-3.88,3.4922222222,14.12,-4.15,7.75,-4.67,5.41,5.05,12.18,3.54,,,10.88,3.75,,3,,,11.22,-8,-3,-1,-1.05,8.73,-3.69,1.5,,19.15,-7,-3,-0.4,12.2,0.27,0.12,,,1.57,-2.57,3.4,11.39,-6,5.54,6.51,14,27,7,5,-5.26
Iowa St.,Baylor,1.5,-1.68,2,-1.53,0.45,-4.68,-2.08,5,-9.74,-1,0.11,0.5,-1.25,-11.08,-5.91,2.74,-1.758222222,1.87,-4.45,-5.88,4.07,-9.94,-1.76,0.83,-2.5,,,0.74,-1.3,,9,,,-0.96,-6,2.5,-2,-7.2,-1.09,-11.1,-4,,1.33,-6,1.5,-0.6,-9.1,5.34,-1.35,,,-4.67,-2.64,-4.15,1.44,-6,1.72,4.38,10,24,7,1,-2
Kansas St.,Texas A&M,-5,-0.83,-6,-7.64,-4.6,-4.76,4.42,1,-12.12,-2,-8.21,-0.5,-6.15,1.05,-0.53,-2.93,-3.614,5.4,-9.65,-6.25,-0.58,-0.82,-0.51,-3.47,-2.7,,,-2.9,-3.37,,-1,,,2.63,-3,-4,-5,-5.59,-3.26,-1.06,1,,-20.47,-5,-5,-3.8,-1,-5.61,-11.8,,,0.94,-4.04,-4.4,-11.1,-4,-0.18,4.65,14,62,7,-5,-6.45
Louisiana Tech,New Mexico St.,20.5,12.62,16,11.05,13.58,18.84,8.33,12,22.75,10,17.24,8.5,17.21,12.84,21.39,13.95,14.570444444,16.54,22.45,11.92,27.55,15.95,12.51,13.63,18.52,,,3.69,13.79,,3,,,4.1,20,17,19,17.3,9.31,21.51,16,,23.93,15,19.5,18.3,16.5,11.97,12.23,,,11.85,17.93,6.5,6.18,21,11.64,5.55,7,45,7,11,15.58
Louisiana-Monroe,Arkansas St.,2,4.07,1,4.33,-0.29,0.3,9.36,-1,-0.59,4,-12.03,5.5,-1.85,11.63,-3,0.12,1.2562222222,-6.84,-1.95,0.29,3.41,5.29,5.41,-6.84,-0.45,,,3.56,0.21,,1,,,10.21,1,-1,-1,2.24,4.99,-1.7,8.5,,22.52,-1,2,-2.7,0.01,2.47,-6.95,,,5.07,-2.39,-2.2,2.61,-4,-7.79,5.81,10,16,7,4,-0.26
Maryland,Virginia,-3.5,-4.76,-6,-10.95,-5.3,-4.89,0.14,-9,-8.81,-1,-10.92,-1,-9.75,4.92,-6.46,-5.78,-4.813777778,-10.77,-5.15,-7.38,-8.46,5.38,1.44,-19.66,-0.97,,,-3.81,-5.54,,-6,,,2.98,-7,-3.5,-4,-2.28,-5.18,-1.09,-1,,10.2,1,-3.5,-6.6,-6,-11.56,-13.58,,,4.24,-7.35,-7.9,-15.41,-3,-4.34,5.69,20,9,7,-6,-1.47
Michigan St.,Northwestern,14.5,14.57,15,8.17,12.7,10.5,12.15,15,11.11,11,20.01,7.5,17.38,14.98,9.32,18.68,12.161777778,15.09,11.15,16.83,17.13,4.56,5.94,12.99,11.02,,,12.13,12.14,,7,,,6.66,11,13.5,13,9.3,12.84,12.45,1.5,,17.59,14,14,10.2,13.6,17.76,24.68,,,7.48,15.03,6.8,9.76,11,13.73,4.42,14,24,7,6,12.12
Middle Tenn.,Mississippi St.,-4,1.13,-1,7.76,-2.8,-3.52,6.74,6,-6.68,4,-6.67,1.5,-4.24,2.29,5.91,-4.79,-0.387111111,0.98,-3.75,-0.79,-6.49,-0.9,-5.4,0.8,-7.33,,,3.39,-0.45,,-1,,,9.08,-4,-3.5,-6,-3.1,4.38,5.39,6,,-13.3,0.01,-3.5,0.4,-1.1,-2.28,-3.49,,,0.49,-2.52,-1.8,3.79,2,3.44,4.70,27,6,7,1,-3.84
Mississippi,UAB,22,16.82,20,21.75,18.81,26,14.86,19,33.48,17,28.96,17,18.94,11.42,24.74,23.23,21.097333333,17.54,22.95,26.96,19.38,22.87,24.25,20.39,31.17,,,16.26,19.85,,22,,,12.91,28,22,28,26.54,21.39,17.47,27,,14.54,22,22,19.7,31,28.34,21.91,,,19.6,23.72,12.9,14.8,26,16.25,5.25,13,48,7,17,18.03
Nebraska,Texas Tech,9.5,14.17,12,18.42,10.13,4.05,14.28,19,2.19,16,18.78,10,14.76,22.51,11.01,7.21,11.159555556,12.64,7.05,15.04,8.38,2.83,10.86,19.51,7.16,,,18.76,10.58,,3,,,16.56,5,5.5,6,1.91,14.45,1.39,10.5,,24.6,0.01,9.5,8.1,16,7.91,23.67,,,1.62,8.02,10.3,16.98,3,18.75,6.47,31,10,7,9,3.62
North Texas,Florida Atlantic,1,4.06,2,13.13,1.05,-2.31,5.26,8,-0.53,3,7.8,-2,2.86,8.74,0.25,-5.39,2.294,11,-6.15,4.21,3.51,4.31,-2.7,5.89,-2.57,,,6.52,2.82,,-7,,,7.9,-5,-2,-4,-0.41,4.98,-3.02,-1,,21.4,-5,1,1.1,3.8,2.78,5.21,,,-0.29,0.91,1,5.95,-1,7.65,5.58,44,40,7,3,-3.87
Notre Dame,USC,-10,-5.8,-14,-8.01,-8.34,-12.76,-5.08,-1,-23.51,-4,-8.47,-11,-6.81,3.41,-13.95,-11.64,-7.955333333,-6.77,-11.25,-5.17,-11.95,-7.68,-3.34,-6.3,-7.61,,,-0.34,-7.65,,-3,,,0.61,-16,-11.5,-10,-15.06,-1.19,-14.66,-10,,0.96,-12,-10,-11.4,-4.5,-8.41,-10.81,,,-6.6,-10.15,-4.65,-0.82,-13,-5.93,5.25,34,27,7,-6,-10.24
Ohio,Miami (Ohio),14,20.98,19,32.17,16.71,17.67,19.17,24,21.96,22,22.49,21.5,22.84,27.73,15.89,22.06,19.317333333,25.97,18.45,28.58,17.83,16.1,3.89,21.1,11.56,,,26.64,20.2,,8,,,24.33,16,13,20,16.99,21.5,14.71,16,,27.06,12,15,20.9,22.4,11.3,19.43,,,12.03,18.89,19.5,22.95,21,20.39,5.27,7,28,7,19,15.18
Oklahoma St.,Missouri,7,1.65,7,3.81,0.29,6.23,3.14,-4,0.34,3,-4.1,1.5,0.01,-1.35,-2.45,-0.59,2.6942222222,-1.11,4.95,-1.29,9.54,3.8,7.96,-5.75,7.6,,,1.29,3,,2,,,3.34,5,6,6,3.94,1.7,6.61,-3,,15.06,5,6.5,5.2,3,0.42,-7.32,,,7.54,3.94,-1.75,-0.11,12,-3.15,4.60,17,33,7,4,6
Penn St.,Minnesota,18.5,7.56,13,18.82,9.64,16.39,4.53,9,19.96,10,16.25,11.5,11.1,14.27,13.76,16.69,13.123777778,8.35,13.65,15.33,20.48,12.39,19.34,7.13,10.99,,,9.28,12.22,,10,,,7.99,19,15,13,16.02,12.09,10.77,20,,32.41,16,17.5,13.1,7,19.99,9.37,,,12.08,15.73,5.9,8.38,15,7.34,5.15,0,20,7,16,12.34
Purdue,Ohio St.,-13.5,-17.75,-21,-16.5,-11.62,-20.14,-20.18,-14,-17.12,-16,-14.29,-22.5,-15.29,-16.97,-21.48,-23.58,-17.442,-17.08,-20.65,-33.25,-19.72,-25.2,-18.7,-13.61,-19.63,,,-22.92,-17.16,,-9,,,-20.34,-17,-14.5,-24,-15.01,-22.8,-18.4,-14.5,,-20.27,-15,-14,-20.9,-10.2,-8.08,-12.5,,,-12.91,-14.63,-17.1,-19.76,-20,-12.78,4.13,18,26,7,-15,-12.79
Rutgers,Pittsburgh,-6.5,-5.02,-1,-7.5,-9.26,1.18,1.23,-7,-7.57,-1,-10.11,-3,-10.98,7.69,-13.67,-5.29,-4.385111111,-5.03,-8.75,-6.54,-8,-2.89,-1.51,-7.93,-1.93,,,-7.39,-4.91,,-3,,,2.38,0.01,-3,-8,-3.33,-4.66,-2.17,4.5,,-5.76,0.01,-6.5,-4,-4.8,-9.46,-15.83,,,0.92,-8.09,-8.4,-5.73,-1,-2.49,4.73,24,17,7,1,-7.03
SMU,Navy,-7,-5.11,-6,-8.99,-10.78,-14.55,1.06,-3,-12.87,-6,-5.46,-12.5,-11.45,-2.79,-15.99,-14.17,-9.341555556,-7,-17.15,-15.67,-10.41,-2.5,-13.37,-5.32,-10.97,,,-3.29,-9.3,,-7,,,1.53,-14,-8,-10,-11.03,-6.5,-12.12,-16,,-26.92,-6,-7,-9.4,-16.7,-12.31,-10.44,,,-9.19,-10.66,-6.95,-5.86,-15,-5.21,5.29,38,35,7,-7,-10.03
San Diego St.,BYU,-17,-14.69,-23,-15.53,-17.01,-25.26,-13.1,-13,-29.52,-13,-18.28,-21,-16.63,-16.88,-19.27,-21.45,-18.54111111,-13.78,-25.55,-31.42,-15.24,-26.93,-19.19,-13.12,-27.43,,,-17.84,-18.33,,-17,,,-9.94,-25,-18,-24,-23.84,-20.29,-25.37,-21.5,,-5.11,-22,-17,-21.7,-2.4,-19.87,-19.33,,,-18.16,-20.42,-18.45,-18.38,-26,-9.48,5.74,38,28,7,-13,-17.25
South Florida,Cincinnati,-1,-1.55,4.5,-1.31,0.14,4.85,-3.78,-1,-1.69,0.25,-4.64,-2,0.13,-11.88,0.36,1.83,-0.695555556,3.27,4.05,-2.54,5.68,-1.04,-4.76,-4.62,0.36,,,-2.15,-0.42,,-7,,,-1.87,3,2,4,-1.18,-0.17,-2.09,-2,,-10.18,1,-1,4.3,-5.5,2.08,-5.65,,,-0.67,2.12,-3.6,-3.66,3,0.76,3.88,34,17,7,1,0.33
Southern Miss.,Memphis,16,13.66,7,15.7,13.34,10.97,9.94,16,17.26,14,14.43,13.5,17.47,3.38,16.53,12.68,13.084888889,9.01,5.85,16.33,6.43,8.14,8.22,18.44,11.17,,,14.29,13.42,,11,,,8.15,16,10,7,12.97,14.15,10.18,16.5,,30.59,16,15.5,8.7,27,22.55,22.27,,,8.67,14.08,7.95,14.73,11,9.62,5.46,16,36,7,14,14.27
TCU,Colorado St.,23.5,15.89,17,21.24,14.36,20.72,16.52,19,23.34,19,16.37,19,15.37,22.09,26.68,20.64,19.559555556,19.45,20.95,29.5,19.22,29.01,22.66,18.92,21,,,19.09,19.16,,13,,,19.33,24,21,19,17.66,22.91,17.58,20.5,,31.63,25,23,18.9,14.7,19.79,12.98,,,11.97,20.59,14.9,22.1,24,16.08,4.03,6,44,7,19,17.7
Temple,Army,10,9.79,11,8.04,9.15,15.24,8.7,4,10.54,6,13.16,5,10.91,9.59,12.4,9.41,9.6444444444,11.96,14.05,13.46,8.18,-4.47,14.8,10.96,5.67,,,9.39,9.5,,7,,,4.91,14,9.5,9,7.94,10.98,20.61,14,,7.29,11,10,15,0.01,8.26,9.18,,,5.34,10.95,6.6,12.17,17,10.41,4.31,13,27,7,8,7.82
Texas,Oklahoma,3,1.9,3,3.13,1.64,0.28,3.82,3,-4.66,6,0.63,8,-2.54,20.91,3.7,1.12,3.7802222222,11.42,1,7.25,1.22,6.33,6.76,1.44,2.27,,,12.55,3,,1,,,12.48,-3,1,3,0.71,5.92,-0.3,-1,,18.99,0.01,3,0.6,10,5.4,-4.43,,,6.09,-2.17,5.55,10.49,-1,-1.06,5.51,13,16,7,7,0.62
Toledo,Northern Ill.,-7,-8.86,-4,-9.88,-8.98,-3.96,-4.61,-7,-5.41,-4,-25.28,-3.5,-13.6,-6.22,-13.7,-9.51,-7.727555556,-10.4,-15.35,-13.17,-11.46,1.11,-0.13,-14.71,-3.21,,,-10.21,-7.54,,-9,,,-5.37,-7,-3.5,-8,-2.99,-9.73,-1.22,-8,,-8.48,-1,-7,-13.7,1,-8.48,-16.59,,,-0.57,-7.07,-13.35,-10.85,-6,-8.79,5.21,19,20,7,-2,-6.67
Tulane,Houston,-16,-15.24,-25,-19.92,-15.27,-24.34,-11.34,-17,-32.75,-16,-25.21,-19.5,-19.4,-13.7,-27.59,-15.73,-19.14933333,-20.68,-23.55,-30.83,-13.5,-24.44,-13.54,-22.52,-26.63,,,-17.82,-19.45,,-18,,,-10.77,-26,-19.5,-21,-23.16,-18.16,-19.61,-21.5,,2.32,-19,-16.5,-23.5,-11.4,-20.24,-23.98,,,-13.57,-21.26,-19.5,-20.26,-26,-11.09,5.98,44,16,7,-18,-15.53
Tulsa,Boise St.,-8.5,-12.79,-16.5,-10.86,-10.17,-9.39,-14.86,-17,-14.69,-8,-14.5,-11.5,-10.71,-19.52,-4.37,-10.47,-10.91555556,-22.63,-3.15,-19.25,-3.97,-7.02,-14.29,-26.6,-4.46,,,-16.65,-10.16,,-10,,,-10.14,-4,-8,-7,-12.4,-12.49,1.93,-17.5,,-4.44,-4,-8.5,-8.7,2.6,-7.67,-26.5,,,-10.1,-6,-12.9,-21.58,-1,-18.89,6.78,28,21,7,-6,-6.22
UCLA,California,-4,0.85,-1,-1.15,-3.24,-3.78,-0.01,9,-10.04,2,-3.06,-1,1.66,1.5,1.7,-0.19,-0.500888889,4.7,2.15,-2.92,6.95,-6.85,2.09,5.25,-9.68,,,4.19,-0.14,,-3,,,3.4,-2,-2.5,-4,-6.29,3.09,-7.45,0.5,,-12.9,-5,-3.5,4.3,10,6.15,2.38,,,-2.53,-5.09,-1.65,4.19,-6,2.22,5.06,45,26,7,-1,-9.19
UNLV,Utah,-16,-15.71,-21,-22.21,-12.68,-22.52,-17.07,-20,-20.22,-14,-16.46,-20,-14.51,-19.29,-21.52,-22.37,-19.51288889,-18.55,-23.15,-34.46,-21.31,-22.92,-19.86,-20.36,-18.39,,,-19.88,-19.87,,-15,,,-15.91,-23,-15,-19,-13.01,-22.89,-20.69,-24.5,,-30.73,-15,-16.5,-24.7,-17.7,-33.5,-27.67,,,-5.8,-15.21,-17.2,-21.01,-22,-16.35,4.87,35,15,7,-13,-12.24
Utah St.,Nevada,-8,-5.35,-12,-0.59,-4.88,-10.95,-9.66,1,1.58,-3,-7.43,-6.5,-1.02,-11.15,2.63,-12.63,-6.361333333,-10.13,-12.25,-13,-11.7,-11.39,-5.76,-3.9,-7.68,,,-5.69,-6.74,,-9,,,-5.23,-8,-9,-13,-2.23,-6.79,-8.17,15.5,,-17,-9,-8,-11.9,1,-7.86,-5.45,,,-6.05,-1.36,-7.5,-10.41,-6,-2.43,5.59,35,32,7,-1,-6.16
Vanderbilt,Georgia,-9.5,-13.63,-5,4.48,-7.22,-5.35,-20.27,-3,-7.82,-4,-6.78,-9.5,-7.36,-19.64,-14.38,-12.28,-7.408222222,-10.58,-4.55,-28,-8.82,-14.19,-6.52,-10.23,-6.14,,,-17.28,-7.32,,-16,,,-12.67,-6,-8,-9,-7.55,-14.48,-1.81,-4,,8.74,-5,-9.5,-2,6.3,-4.15,-9.02,,,-7.28,-3.84,-10.4,-15.32,3,-8.89,6.27,34,10,7,-1,-5.49
West Va.,Marshall,20.5,11.06,13,14.79,13.99,19.07,9.36,13,19.61,11,12.8,14,12.57,15.01,17.16,25.86,15.416666667,11.26,16.15,20.25,22.32,16.04,18.75,13.34,16.24,,,10.01,14.15,,11,,,8.98,21,17,16,16.41,14.11,15.08,14,,34.49,20,20,14.3,19.7,25.79,19.09,,,13.21,13.2,6.2,11.77,20,8.25,5.16,7,24,7,14,14.19
Western Kentucky,Louisiana-Lafaye,-8,-10.68,-6,-19.24,-4.87,-7.92,-23.65,-9,-9.88,-13,-12.81,-14,0.35,-26.85,-4.01,-2.9,-9.887954545,-13.18,-1.85,-16.58,-4.91,-20.14,-4.38,-4.5,-10.27,,,-21.65,-10.13,,-11,,,-23.56,-6,-7.5,-7,-12.67,-10.59,-10.69,,,-1.6,-9,-8,-10.9,5.8,-10.13,-2.85,,,-15.45,-3.64,-15.9,-12.73,-6,-16.08,6.88,30,22,7,-12,-4.41
Western Mich.,Central Mich.,-6,-9.46,-9,-12.01,-5.15,-10.3,-8.66,-6,-10.22,-9,-14.09,-8.5,-10.24,-14.48,-4.06,-5.08,-8.531777778,-4.01,-14.15,-19.46,-5.5,-7.74,-3.76,-5.31,-2.46,,,-11.55,-8.25,,-3,,,-7.9,-10,-8,-7,-6.37,-12.86,-12.65,-4.5,,0.34,-8,-6,-5.4,-26.6,-11.48,-13.78,,,-2.53,-10.8,-12.75,-11.4,-8,-4.55,4.57,34,23,7,-6,-5.34
Wisconsin,Iowa,2.5,-2.28,1,-0.64,-0.62,-7.91,-1.95,1,-13.6,-2,-3.93,-3,-2.59,-9.66,-9.09,3.13,-2.793555556,-2.48,-1.65,-5.13,3.88,-4.67,-6.9,2.22,1.85,,,-6.18,-2.55,,-4,,,-2.07,-5,-1,-5,-8.6,-1.85,-2.5,-15.5,,14.58,2,1.5,-3.6,-14.8,6.48,-0.49,,,-3.59,-7,-6.55,-5.52,-3,-2.73,5.30,20,10,7,1,-1.5
Alabama,Tennessee,15,20.97,16,20.54,12.14,15.08,23.6,20,19.05,20,13.19,24.5,17.36,27,14.86,12.38,17.7784,21.45,19.25,24.33,11.79,29.76,15.61,16.76,22.49,23.53,,22.61,17.36,32.77,17,20.76,26.04,24.15,13,17,16,16.74,17.87,17.77,13.5,16.38,3.55,15,15,13.7,11.3,17.76,14.02,18.38,32,14.44,14.12,16.2,18.89,16,20.28,5.32,10,12,8,14,8.5
Arizona,UCLA,7,10.99,8,14.7,4.65,12.63,13.53,12,14.3,8,14.28,11,8.76,11.01,13.9,6.64,9.9798,11.09,8.45,18.72,10.73,9.23,7.49,10.72,9.56,9.71,,11.45,10.6,15.37,8,9.93,11.11,11.41,9,8,6,10.7,13.66,11.98,14,9.79,-3.11,10,7.5,14.8,1.8,13.59,10.6,-0.59,7.25,7.11,10.51,6.1,10.93,14,8.83,3.51,13,27,8,8,4.76
Arkansas St.,Florida Intl.,10.5,7.43,8.5,14.75,9.26,6.43,4.59,11,1.84,10,13.87,9.5,10.9,7.67,9.79,16.66,9.593,11.37,10.65,5.81,15.33,4.87,5.98,10.11,7.55,8.91,,5.33,9.26,8.01,9,6.71,6.8,6.82,11,12,10,4.04,8.18,7.21,7,12.47,24.3,12,10.5,8.3,7.4,17.84,13.47,-28.67,3.64,6.24,9.55,9,5.81,11,11.03,3.76,10,27,8,10,9.72
Army,Rutgers,-10.5,-9.79,-13,-4.79,-4.75,-20.45,-10.54,-7,-19.44,-8,-9.47,-11.5,-9.05,-10.77,-22.61,-11.47,-11.6492,-12.93,-14.05,-22.17,-12.5,-8.25,-8.26,-11.03,-19,-9.11,,-11.41,-11.03,-12.49,-12,-9.98,-16.66,-10.64,-20,-10,-12,-13.91,-12.36,-21.32,-21,-11.95,2.43,-14,-10.5,-18,-8.7,-5.56,-5.61,-25.01,-40.53,-8.37,-11.18,-12.3,-7.71,-15,-9.62,4.90,27,10,8,-9,-7.27
BYU,TCU,-2.5,-3.31,-3,-4.44,0.01,-6.03,-4.26,-1,-1.14,-4,1.16,-3.5,-2.14,-4.85,-6.46,-0.43,-3.6768,-7.91,-2.75,-4.11,-2.75,-4.6,0.72,-8.13,-0.86,-4.21,,-5.13,-3.5,-8.45,-3,-3.84,1.4,-5.98,-4,0,0.01,1.54,-2.16,2.08,-7,-6.82,-15.58,-3,-2.5,-5.1,-13,-2.63,-7.32,-20.55,-20.11,4.23,-0.83,-7.55,-7.71,1,-5.38,3.70,38,7,8,-2,0.8
Baylor,Oklahoma St.,-9,-5.44,-11,-7.27,-6.05,-10.47,-7.4,-1,-6.15,-4,-6.92,-9.5,-3.41,-7.46,-4.28,-14.73,-7.5694,-4.2,-10.55,-20.72,-11.85,-14.08,-7.36,-1.95,-13.92,-4.08,,-13.65,-7.4,-7.98,-14,-10.75,-13.63,-8.35,-7,-10.5,-12,-4.71,-12.98,-8.78,-0.5,-0.23,0.45,-8,-9,-8.8,1,-4.69,-7.72,0.01,-2.42,-3.28,-5.59,-10.6,-9.77,-9,-4.16,4.10,34,7,8,-7,-7.39
Bowling Green,Central Mich.,-9,-9.04,-9,-12.67,-5.22,-5.3,-11.64,-6,-0.52,-10,-6.78,-10,-6.76,-7.51,-9.43,-5.96,-8.1648,-7.2,-5.05,-19.83,-10.08,-13.13,-3.22,-5.68,-10.42,-4.78,,-11.88,-8.12,-13.19,-9,-10.61,-4.73,-9.77,-5,-7.5,-12,0.4,-13.07,-11.85,0.5,-8.17,-25.55,-5,-9,-5.4,-7.6,-7.05,-8.12,-15.61,-39.03,1.32,-6.31,-15,-8.72,-9,-4.36,4.34,24,10,8,-11,-3.29
California,Washington St.,35,23.08,29,40.06,26.07,29.63,22.69,26,40.16,23,34.44,24,23.56,27.85,31.15,28.03,27.2004,26.69,26.85,44.25,26.37,27.35,20.5,24.63,30.42,24.72,,26.62,26.9,26.59,10,23.2,28.54,23.66,33,35,32,28.89,30.22,30.25,23.5,27.68,26.27,28,33.5,26.9,27,29.96,27.91,8.64,11.11,17.61,32.41,23.75,24.25,35,24.23,4.96,17,49,8,27,29.22
Cincinnati,Louisville,17.5,25.86,19,33.36,22.48,18.68,26.93,28,22.38,25,39.69,25.5,25.28,28.57,26.18,31,25.459,29.91,26.65,39.72,22.57,27.26,21.74,28.45,21.86,27.82,,31.06,26,33.9,14,28.86,24.07,27.32,24,17.5,26,18.75,31.06,19.06,24,28.93,31.81,18,19,22.5,23,24.16,24.33,26.02,38.33,15.13,22.52,27.45,30.36,27,27.17,4.87,10,41,8,23,21.09
Colorado St.,San Diego St.,7,10.46,3,6.62,7.57,12.9,13.9,11,15.79,8,10.62,11.5,7.23,21.81,19.67,10.08,10.8906,12.19,7.35,20.67,17.66,14.39,7.28,11.95,11.96,10.73,,10.38,10.73,13.86,17,11.88,19.74,11.43,13,7.5,10,14.79,12.53,11.74,16.5,11.69,-2.04,10,8,8.5,10.7,8.68,9.53,13.45,17.31,13.79,9.95,4.85,11.75,10,8.79,4.39,42,28,8,4,9.62
Duke,Maryland,4,12.84,5,15.98,10.17,4.95,12.47,12,9.08,12,12.57,8,13.23,9.31,12.59,7.76,8.5716,16.85,6.75,17.08,1.61,-5.59,5.89,18.31,3.9,10.09,,10.84,9.08,13.71,-4,8.88,-5.74,8.38,8,8,9,6.81,13.16,1.06,0,19.59,2.84,3,5,12.7,7,12.09,11.5,32.07,10.96,4.54,8.53,10,17.68,9,11.29,5.61,13,17,8,9,5.77
Eastern Mich.,Ball St.,-2,1.16,-8,-0.11,-2.67,-5.37,3.98,5,0.93,4,-2.08,2.5,-1.19,1.49,-13.78,-5.95,-2.0102,-2.89,-5.45,2.03,-3.88,-3.69,-6.91,-2.79,-4.23,2.33,,2.17,-2.79,8.72,-7,5.6,-24.07,6.06,-3,-5.5,-6,1.39,3.12,-4.4,-7,-4.56,13.94,0.01,-2,-3.9,8,-6.44,-2.98,-23.52,-7.2,1.84,-6.43,-3.05,1.05,-8,-1.97,6.05,29,27,8,-3,-3.62
Hawaii,Boise St.,-25,-22.61,-28,-28.39,-23.83,-32.54,-23.21,-25,-29.51,-22,-25.83,-25,-22.05,-29.74,-29.18,-26.15,-25.8398,-28.25,-27.05,-43,-27.69,-28.71,-20.79,-29.63,-24.46,-23.99,,-32.07,-26,-30.14,-12,-27.38,-14.38,-24.45,-29,-24,-26,-20.69,-29.37,-23.31,-29,-33.93,-34.64,-20,-25,-31.8,-10.6,-20.33,-32.02,-39.38,-37.91,-11.87,-24.18,-33.85,-32.61,-28,-24.7,5.52,54,9,8,-21,-23.75
Houston,SMU,16,12.79,11,15.55,12.57,15.93,13.4,15,18.77,21,17.35,23.5,12.34,19.77,23.79,15.39,16.3024,15.08,16.35,30.81,15.74,17.47,17.67,13.03,22.3,16.54,,16.9,16.54,18.87,6,18.59,24.92,16.99,21,17,19,15.68,21.6,20.41,12.5,12.63,6.23,22,16,11.9,20.5,20.21,11.14,40.87,5.38,12.59,17.49,9.95,16.65,19,13.2,4.27,15,38,8,15,16.52
Kansas,Oklahoma,-7.5,1.57,-12,-1.79,-5.75,-15.53,5.33,-1,-16.06,1,-8.9,0.01,-6.91,0.44,-10.36,-7.09,-5.8358,-7.79,-17.25,-4.25,-9.64,-4.72,3.87,-4.72,-9.77,-0.01,,4.82,-5.75,8.57,-3,10.84,-13.82,9.2,-17,-7.5,-10,-10.71,3.76,-8.78,-11.5,-10.38,-14.88,-10,-7.5,-15.5,-4.7,-8.13,-15.16,-8.38,6.04,-5.35,-11.32,-3.7,4.54,-14,-5.28,7.39,35,13,8,-1,-10.95
Kansas St.,Colorado,4,4.31,-2,10.6,0.12,-0.26,6.05,3,-2.93,5,5.15,5.5,2.55,10.92,12.39,5.53,4.3668,6.37,1.75,4.97,6.96,4.83,1.01,2.67,1.64,5.58,,3.41,3.75,6.64,8,4.34,0.32,7.32,3,3,-1,1.11,5.32,-1.43,-2,3.63,27.86,1,4,1.8,17.7,4.52,3.06,59.5,3.86,5.16,1.33,3.75,2.28,2,5.6,5.18,6,20,8,8,1.99
Kentucky,Louisiana-Monroe,14.5,12.45,11.5,3.19,14.02,16.19,13.58,12,21.28,8,23.58,10,11.48,21.76,16.59,20.27,13.7472,14.71,14.75,23.42,21.99,16.76,11.97,13.09,18.52,11.19,,10.27,13.8,8.61,15,9.58,18.31,5.43,17,15,19,16.12,12.12,11.23,7.5,18.02,19.64,12,14.5,12.1,13.8,16.9,19.08,7.01,12.54,10.96,16.64,3.1,10.76,15,13.97,4.83,13,36,8,4,16.97
LSU,Auburn,8,10.01,14,7.27,3.71,12.65,15.07,8,7.26,11,13.2,10.5,6.2,16.55,5.08,10.73,9.223,8.6,11.95,13.39,4.84,17.91,5.95,6.65,14.49,9.07,,9.9,9.07,17.25,6,12.16,10.7,12.89,13,10.5,16,5.11,10.59,12.53,7.5,4.86,-6.15,7,8,16.4,2.9,2.05,3.1,10.49,20.01,2.96,8.52,4.4,8.18,15,6.57,4.81,10,31,8,4,8.15
Louisiana-Lafaye,Florida Atlantic,3,7.8,1,13.27,3.03,5.85,16.34,6,4.79,10,6.58,10.5,0.29,23.86,5.21,1.08,5.9792,5.68,-2.85,16.53,4.17,11.42,3.03,5.13,4.11,8.18,,14.99,5.13,17.84,5,18.17,1.01,18.8,1,3,0.01,5.19,12.73,3.77,-6.5,2.52,4.82,2,3,3.2,4.4,-2.2,-5.72,-4.84,24.1,5.59,3.09,5.65,11.44,6,3.66,6.21,51,29,8,8,4.22
Marshall,UAB,7,12.2,9,10.33,9.35,5.34,13.76,11,8.57,9,19.09,12.5,10.85,6.14,14.04,17.29,9.6346,8.11,4.45,17.06,17.26,7.04,4.78,11.67,10.6,10.28,,13.97,10.28,14.41,11,14.47,7.4,12.76,7,7.5,12,6.9,13.58,4.48,3.5,12.67,-4.87,3,7.5,4.3,6.9,13.58,11.61,18.52,2.25,5.23,8.37,8.6,12.35,9,9.26,4.26,7,27,8,8,7.51
Miami (Fla.),Clemson,4.5,12.09,7,11.13,2.65,0.72,17.74,10,-1.52,7,-0.46,7.5,4.53,17.28,7.64,-0.86,7.0006,6.51,3.65,14.78,11.72,15.42,12.6,9.88,7.89,11.57,,12.47,6.8,19.95,5,15.1,3.52,17.51,1,7.5,9,1.44,12.64,3.63,3,8.56,-6.98,3,4.5,1.9,0.01,5,5.2,23.25,23.49,4.39,2.18,6.8,11.2,3,5.64,5.64,40,37,8,5,3.63
Miami (Ohio),Northern Ill.,-11,-14.74,-12,-30.63,-17.86,-14.7,-9.77,-13,-18.86,-14,-21.05,-14,-20.36,-12.21,-21.7,-15.02,-14.5314,-16.64,-18.65,-21.28,-14,-9.44,-13.81,-17.37,-5.2,-12.44,,-18.85,-14.51,-14.66,-9,-13.27,-11.74,-14.51,-13,-13,-12,-13.68,-13.19,-11.84,-18.5,-21.3,2.14,-8,-11.5,-14.2,-15,-9.07,-17.08,-6.44,-52.73,-8.5,-15.04,-22.5,-16.75,-16,-14.22,4.98,27,22,8,-15,-16.04
Michigan,Penn St.,-4,0.99,-8,-4.56,-1.74,-9.82,2.6,2,-5.53,-3,-1.82,-3,-1.12,-2.06,-11.67,2.67,-4.1974,0.66,-8.25,-5.78,-3.59,-5.94,-4.99,0.8,-3.03,-0.2,,-2.6,-3,0.56,-3,-1.81,-24.09,-0.74,-5,-4,-3,-5.25,-3.21,-7.22,-9,1.52,-20.79,-10,-4,-5.9,-3.4,-3.97,-2.23,2.69,-13.74,-4.96,-6.1,-5.15,-1.64,-6,0.22,5.06,35,10,8,-3,-2.76
Michigan St.,Iowa,0,-8.93,-5,-11.3,-3.7,-6.69,-13.45,-8,-13.58,-7,2.14,-12,-4.9,-9.17,-13.36,-2.47,-6.8722,-7.67,-4.05,-16.92,-2.91,-15,-8.26,-14.07,-1.04,-8.38,,-15.75,-6.69,-22.47,-9,-16.34,8.98,-15.87,-2,0,-4,-8.99,-10.56,1.97,-13.5,-10.12,13.54,-1,-1,-6.2,-1,-2.19,-4.73,-17.7,-30.29,-4.4,-4.18,-13.95,-14.84,-5,-6.2,6.61,15,13,8,-1,-0.01
Middle Tenn.,Western Kentucky,18.5,16.58,18,26.24,14.22,14.55,20.62,25,15.96,20,22.31,20.5,12.69,29.69,16.86,21.07,19.172857143,18.69,16.65,16.67,23.1,28.41,12.19,15.24,17.28,21.42,,20.41,18.15,35.1,15,21.25,12.43,23.67,19,19,19,16.86,13.53,19.97,,16.92,25.12,18,18.5,15,12.4,26.45,20.09,20.18,32.62,17.77,15.41,18.15,17.52,18,18.94,4.71,24,62,8,18,17.07
Mississippi,Arkansas,6.5,0.16,4,5.32,-0.75,3.63,0.38,2,12.99,6,2.49,3,-0.22,-5.79,4.44,-4.91,3.6194,-2.42,5.25,-1.75,3.13,8.86,10.45,-0.52,6.65,2.26,,0.59,3,4.82,-2,-0.2,12.89,3.45,6,7,6,9.05,2.19,6.08,19,-1.34,19.34,5,6,0.9,0.01,-2.27,-2.4,-11.07,4.24,5.12,6.63,-2.45,1.33,10,0.13,5.24,17,30,8,7,4.75
Mississippi St.,Florida,-23.5,-17.89,-21,-25.95,-19.89,-28.56,-20.02,-17,-30.73,-19,-19.55,-22,-15.8,-20.14,-24.96,-24.18,-22.2538,-14.57,-26.25,-27.22,-20.41,-24.07,-20.4,-21.39,-13.41,-16.97,,-24.35,-22,-26.82,-12,-19.98,-27.31,-20.55,-27,-24.5,-24,-23.91,-18.66,-28.79,-20,-25.1,-33.19,-26,-23.5,-23.5,-19.7,-25.69,-24.06,-22.54,-37.15,-17.1,-24.81,-24.05,-24.39,-29,-15.9,4.57,29,19,8,-19,-26.6
Missouri,Texas,-13.5,-8.64,-18,-19.9,-10.39,-18.38,-7.22,-15,-16.34,-14,-11.75,-15,-11.31,-16.06,-13.26,-12.64,-13.7602,-17.24,-17.95,-19.25,-15.8,-10.51,-8.91,-17.74,-8.61,-13.32,,-16.57,-13.59,-13.89,-8,-13.27,-9.02,-12.78,-11,-16.5,-12,-14.43,-11.07,-16.83,-15,-20.07,-4.66,-13,-13.5,-17.8,-8,-14.09,-17.03,-20.7,-17.95,-12.52,-13.59,-16.75,-17.12,-17,-13.37,3.61,41,7,8,-11,-16.61
Navy,Wake Forest,-1.5,9.08,4,13.71,3.76,4.26,9.05,14,2.35,9,4.51,10,9.14,3.59,0.28,9.33,6.2582,3.71,5.25,8.11,8.47,4.44,4.3,11.01,3.1,5.9,,7.25,5.9,13.29,4,9.79,1.75,9.31,7,0,3,2.21,9.67,3.48,9,11.85,9.99,0.01,0,4.4,-0.9,6.51,8.29,-7.81,7,2.07,4.15,2.8,11.24,6,3.81,3.69,10,13,8,7,1.91
Nebraska,Iowa St.,19.5,14.46,18,19.87,20.5,14.11,11.24,20,22.07,13,27.66,13.5,20.83,16.55,19.84,20.49,17.9452,14.49,18.15,25.94,15.58,18.72,18.61,20.85,19.86,13.78,,14.9,17.31,10.82,16,10.84,30.51,9.94,21,18,16,17.59,17.31,25.97,21,26.11,17.28,18,19.5,10.3,27.9,22.94,28.27,19.05,6.6,13.11,17.52,13.4,15.66,17,12.97,4.91,9,7,8,14,18.35
Nevada,Idaho,16,-4.4,10,-4.05,4.27,16.61,-8.82,1,16.67,-0.25,3.4,-4,-0.91,-4.92,14.47,6.54,4.8606,-0.7,14.35,-9.31,13.71,-2.38,4.31,-0.56,9.27,-1.27,,-8.42,2.3,-10.99,-3,-8.73,24.88,-9.86,20,11,9,12,-4.91,17.8,13,2.3,19.92,15,15,13.3,1.6,15.03,1.44,3.99,-11.64,7.33,13.1,-4.55,-3.87,18,-0.44,9.29,45,70,8,4,9.76
New Mexico,UNLV,-1,-7.27,-3,-6.51,-6.39,-2.83,-7.1,-2,-9.57,-7,-9.89,-4.5,-7.53,-12.75,-4.35,-2.82,-4.546,-11.98,-0.15,-5.86,0.21,-3.97,5.63,-5.69,-3.83,-6.81,,-10.12,-5.18,-11.5,-11,-8.45,0.76,-10.36,3,-2.5,-7,-8.38,-1.31,-1.5,-7,-6.36,18.22,0.01,-1.5,-2.4,2.1,3.73,-12.23,-12.79,-34.37,-7.19,-2.26,-9.35,-5.68,-1,-10.03,5.48,34,17,8,-5,-2.28
New Mexico St.,Fresno St.,-23.5,-21.82,-25,-21.89,-25.89,-20.93,-14.14,-21,-27.72,-13,-35.36,-14,-30.55,-15.06,-30.34,-36.5,-20.9426,-27.61,-30.25,-31.31,-30.16,-8.42,-6.47,-27.33,-17.98,-15.72,,-16.9,-21.82,-11.59,-17,-8.1,-12.35,-7.16,-22,-24,-23,-17.19,-16.99,-25.03,-11.5,-32.46,-6.22,-21,-23.5,-26.6,-11,-32.52,-38.6,-27.84,-27.64,-6.65,-25.02,-27.2,-17.17,-26,-23.21,8.48,34,3,8,-16,-23.72
North Carolina,Florida St.,3,0.53,1,7.27,-2.62,-4.47,4.76,6,0.57,6,-2.97,3.5,-4.06,1.5,-11.65,-0.66,0.7212,-2.56,-6.05,-1.19,-0.59,1.5,0.8,0.6,0.41,1.53,,4.67,0.6,8.72,2,9.72,3.14,8.72,-2,0,2,1,4.77,-1.9,-12,-3.84,13.56,-2,3,0.3,0.01,-1.38,-7.97,-17.57,-2.19,1.42,-1.3,-1.95,5.65,1,-2.49,4.92,30,27,8,6,-0.13
Northwestern,Indiana,5.5,1.58,1,7.1,2.23,5.98,-0.19,3,3.13,4,7.18,3.5,3.27,5.28,3.78,3.03,4.5488,-0.89,6.45,0.17,8.8,5,3.53,-0.63,4.21,3.21,,-0.66,3.53,-0.35,1,1.12,23.69,2.24,10,7,5,2.57,2.24,9.35,10.5,0.01,13.25,6,5.5,4.7,9.5,9.16,5.17,-9.75,0.21,2.01,4.1,-2,1,10,2.29,4.43,28,29,8,6,7.57
Notre Dame,Boston College,8,8.86,5,6.78,7.95,2.58,8.63,7,1.52,5,10.43,2.5,9.23,7.96,7.98,6.63,5.187,2.38,1.55,5.5,5.97,-1.38,5.25,6.72,0.5,4.38,,7.42,5.97,7.5,3,7.48,-7.2,5.08,5,10,5,0.59,7.87,0.42,2,8.1,-0.61,8,8,1.6,8.8,10.37,16.49,6.09,3.11,-0.35,6.02,1.6,7.49,6,5.6,3.82,16,20,8,4,4.25
Ohio,Kent,9.5,15.55,10,15.05,12.55,7.24,16.68,16,8.81,11,16.73,14.5,14.47,20.05,6.35,14.08,12.2332,12.36,10.15,20.25,8.32,15.67,-0.6,14.55,9.49,13.72,,16.76,13,18.25,7,14.75,5.69,15.14,9,9.5,13,5.92,16.67,5.94,4.5,15.75,21.53,11,10,9.1,15.6,18.5,17.39,11.07,29.7,3.03,8.96,12.1,15.28,10,12.89,4.56,20,11,8,10,11.11
Ohio St.,Minnesota,16,11.68,11,19.7,12.69,16.02,7.08,14,28.19,10,17.86,13.5,17.37,6.37,15.67,23.31,14.5038,10.81,16.35,16.72,22.35,10.24,19.14,14.09,12.88,9.43,,11.85,14.09,8.63,7,7.69,18.65,8.33,21,17,15,20.82,14.95,14.11,26,16.82,8.17,16,16,14.2,23.5,19.41,16.09,22.66,0.68,13.45,15.84,8.7,11.7,19,9.58,5.08,7,38,8,13,15.79
Pittsburgh,South Florida,6.5,3.5,10.5,6.06,5.17,11.53,1.08,9,11.7,7,8.03,9,5.97,-5.39,6.45,3.23,5.9714,-0.2,5.55,2.19,3.88,1.1,4.57,4.21,6.02,4.08,,8.29,5.93,5.63,1,8.95,13.61,4.86,8,7,4,9.65,6.96,8.82,12.5,4.9,2.68,0.01,6.5,12.5,10.5,4.14,9.04,13.69,-16.43,7.59,7.15,1.85,6.96,10,0.29,3.90,14,41,8,2,3.8
Purdue,Illinois,10.5,13.19,11,17.69,13.44,11.6,9.61,17,13.44,11,20.34,11,17.29,11.96,14.53,15.44,12.152,16.54,13.35,20,12.14,-0.51,2.35,18.87,7.43,12.87,,13.96,12.14,11.17,10,12.09,0.36,10.77,9,11,7,9.35,13.9,4.22,18,21.89,17.9,1,10.5,15.6,20,17.08,18.29,14.68,13.46,5.26,8.94,9.35,17.81,8,13.47,5.20,14,24,8,10,9.97
Rice,Central Florida,-10,-10.5,-18,-21.25,-11.01,-6.22,-11.97,-12,-3.9,-12,-17.36,-10,-9.05,-18.53,-10.15,-18.62,-9.5006,-18.47,-11.95,-10.19,-3.21,5.38,-0.39,-14.4,0.45,-9.5,,-17.97,-10.5,-19.62,-6,-11.8,21.04,-14.15,-4,-9,-12,-0.79,-6.8,-1.6,-6.5,-19.11,1.36,-5,-10,-10.5,3.9,-14.07,-9.72,-33.53,-66.18,2.32,-4.29,-18.55,-15.26,-10,-13.17,8.00,49,7,8,-14,-8.89
South Carolina,Vanderbilt,13,25.31,21,18.45,16.38,17.54,29.38,23,11.91,11,20.87,16,21.4,32.75,16.75,19.23,18.5332,22.36,18.35,41.61,11.04,22.8,16.29,21.16,13.41,22.33,,26.89,19.6,30.01,17,24.95,7.38,24.23,13,13,22,13.18,28.57,5.25,13,22.76,28.09,9,13.5,19.6,1.1,22.72,20.05,25.29,54.96,14.45,10.69,19.05,24.16,11,20.13,6.75,10,14,8,11,10.87
Southern Miss.,Tulane,21,15.01,27,25.21,18.38,26.06,8.39,23,32.17,18,26.33,18,21.96,11.71,23.93,25.87,20.038,19.08,19.85,16.5,15.13,15.77,10.28,23.9,17.88,13.67,,14.62,19,10.75,10,10,18.11,9.97,30,23,19,22.57,15.53,23.36,34,29.14,34.05,19,21,26.8,19,19.61,23.7,9.77,26.52,12.97,22.38,16.2,18.07,24,13.4,6.52,6,43,8,21,23.66
Stanford,Arizona St.,6.5,5.63,5,-1.31,6.87,4.06,4,8,4.21,3,10.73,2.5,7.51,1.86,8.34,2.82,4.5056,6.33,6.65,3.03,3.64,0.76,8.05,5.42,3.05,5.4,,3.65,4.21,3.4,5,1.82,5.09,1.74,3,7.5,5,3.12,4.01,5.31,1,7.19,-4.3,3,6.5,6.7,1,6.38,9.13,12.01,-0.53,2.03,8.63,1.75,2.7,10,6.2,2.87,14,33,8,3,5.33
Syracuse,Akron,10.5,8.6,5,7.86,9.51,14.59,11.08,7,12.33,8,10.24,7.5,6.17,16.34,7.57,12.71,9.6444,9.3,11.95,16.03,12.75,9.85,8.98,10.19,11.71,12.92,,12.04,9.56,10.61,6,13.91,2.77,12.15,9,9.5,11,10.83,11.07,0.82,6,10.65,24.38,1,10.5,8.8,17,4.56,8.92,4.46,27.11,9.33,5.16,5.6,13.97,8,9.56,4.13,14,28,8,9,13.77
Texas Tech,Texas A&M,21,20.15,23,19.48,12.84,27.05,18.14,25,18.03,21,29.6,24,22.93,18.67,33.72,31.65,23.6414,31.19,34.95,36.08,35.27,24.59,11.07,27.62,23.56,21.32,,16.92,23,20.63,8,13,29.18,15.58,28,24,30,16.5,24.73,31.56,29.5,33.23,17.4,19,21,33.1,13.2,31.91,32.8,18.39,13.96,14.96,25.44,18.25,21.19,35,24.78,7.03,52,30,8,18,18.88
Toledo,Temple,2,1.9,2,-1.13,-1.5,-4.79,4.73,12,-2.47,5,-4.4,5.5,-0.84,5.04,-1.95,0.86,1.3526,1,-5.05,3.64,1.41,4.7,-1.61,3.32,5.49,3.26,,1.75,1,5.59,2,6.57,-4.83,6.56,-1,2,-1,-0.54,0.52,-2.53,-3.5,1.26,20.58,5,2,-5.7,4.5,6.38,6.18,-2.04,-11.97,1.38,-2.06,-4.95,-3.47,-5,0.5,4.85,40,24,8,-2,0.43
Troy St.,North Texas,21,17.11,25,14.45,11,24.69,21.01,20,19.72,21,11.56,24.5,13.34,20.97,23.74,25.47,19.317,16.46,22.75,24.83,19.59,14.72,17.53,15.92,14.1,19.21,,21.73,19.59,29.01,16,24.04,29.19,23.6,26,21,21,15.52,21.24,22.07,16,14.83,14.99,19,21,24.2,5.1,17.93,15.92,22.14,43.91,11.32,22.97,16.3,18.99,29,13.57,5.14,26,50,8,15,18.01
USC,Oregon St.,21,14.64,12,21.06,17.19,14.99,10.3,15,21.57,13,20.62,16,19.17,6.92,21.02,24.44,15.3528,9.92,11.75,13.53,17.51,9.62,13.46,15.62,9.44,12.74,,13.41,14.64,14.06,10,12.37,13.09,11.91,21,20,13,15.89,12.09,17.02,13.5,18.21,34.58,17,20,10.9,17,22.56,19.08,17.98,4.04,10.21,19.71,11,12.74,20,10.4,4.93,36,42,8,15,17.82
UTEP,Tulsa,-7.5,-6.22,-12.5,-15.93,-10.34,-14.53,-1.68,-10,-11.81,-6,0.12,-9.5,-10.88,0.01,-7.64,-14.77,-9.4436,-6.99,-12.85,-17.69,-9.38,-17.17,-3.18,-6.77,-14.45,-6.72,,-7.44,-9.5,-3.75,-7,-1.6,-7.91,-4.12,-11,-6.5,-13,-7.9,-9.28,-14.98,-2.5,-9.33,-22.93,-13,-7.5,-11.2,-11.9,-17.8,-9.31,4.11,8.59,-3.99,-10.64,-13.25,-3.68,-13,-4.84,4.89,24,28,8,-11,-12.05
Utah,Air Force,9,11.97,8,6.85,5.72,14.4,17.36,13,15.45,6,8.23,9,6.19,21.07,12.11,8.69,11.275,9.84,8.95,23.94,12.4,18.68,11.67,8.86,11.48,13.15,,11.76,11.37,17.41,10,15.03,18.58,14.66,14,8,12,14.66,15.56,13.63,20.5,8.61,5.6,10,9,10.2,3.9,12.83,11.43,9.42,19.39,13.86,6.98,5.4,9.71,11,10.18,4.09,16,23,8,6,7.85
Utah St.,Louisiana Tech,2,-3.14,-1,-3.53,1.65,-0.14,-6.32,-1,7.74,-4,1.81,-6,0.01,-4.83,3.1,-4.31,-2.0586,-3.41,-2.05,-6.75,2.57,-11.87,-2.54,-3.4,-7.81,-1.41,,-5.79,-2.54,-10.51,-4,-8.38,-6.03,-7.87,-3,-2,-7,2.6,-4.11,-4.21,6.5,-2.53,12.45,-1,1.5,-1.7,0.6,2.37,4.03,-7.49,-27.83,-2.54,2.97,-6.65,-7.91,1,1.38,4.62,21,23,8,1,-1.12
Virginia,Georgia Tech,-5.5,-8.04,-4,-4.91,-5.57,-1.86,-11.3,-7,-3.95,-7,-0.74,-10,-4.56,-11.07,6.1,-1.3,-6.0092,-3.64,-0.15,-18.89,-7.98,-13.47,-6.88,-2.25,-8.61,-8.79,,-14.41,-5.46,-14.96,-7,-16.27,-8.85,-15.38,1,-4,-6,-4.05,-11.17,-5.46,7,-2.09,-20.16,-8,-5.5,-0.4,-3.1,-2.6,-3.81,10.44,-16.08,-4.16,-2.49,-13.2,-5.11,-1,-5.36,5.38,34,9,8,-3,-3.51
Washington,Oregon,-10,-6.41,-15,-16.55,-8.52,-18.96,-5.05,-8,-22.92,-7,-9.04,-10.5,-7.7,-7.25,-13.73,-14.87,-12.7472,-8.15,-24.35,-16.5,-20.65,-16.98,-11.75,-8.15,-12.84,-6.29,,-9.75,-10.61,-8.22,-10,-6,-27.51,-6.48,-20,-5.5,-16,-14.5,-9.67,-20.16,-16.5,-10.61,-22,-11,-10,-16,-8.4,-17.48,-13.23,3.14,-21.79,-6.08,-13.91,-14.7,-9.77,-18,-6.93,5.50,43,19,8,-9,-14.3
West Va.,Connecticut,7.5,5.67,5,6.38,5.08,7.42,6.56,5,8.22,5,7.34,7.5,4.76,9.85,5.57,12.54,6.4786,3.18,3.55,11.39,4.87,6.92,7.86,5.5,3.65,6.68,,9.37,6.38,6.38,4,10.28,7,8.56,6,7.5,5,7.92,9.84,5.19,6.5,4.71,12.7,5,7.5,2.9,1,8.28,7.26,-7.33,2.52,7.62,5.28,2.65,9.71,11,3.67,2.49,24,28,8,6,8.93
Western Mich.,Buffalo,4.5,5.54,7,2.15,5.77,3.45,5.91,10,-0.52,5,6.44,5.5,5.18,6.33,4.73,8.2,4.8466,10.1,0.85,6.69,6.46,13.12,4.27,9.81,9.65,6.47,,3.96,5.5,5.16,7,2.59,7.29,4.57,3,4,6,0.56,5.19,0.41,0,11.84,10.57,2,4.5,5.1,-26.2,4.88,8.06,4.96,0.37,1.65,1.53,1.15,5.54,3,7.71,5.42,31,34,8,5,6.92
Arizona St.,California,-6.5,-3.41,-9,-3.51,-7.04,-7.56,-5.17,-2,-6.88,-1,-6.71,-2,-1.8,-0.01,-3.34,-7.82,-4.928823529,-4.18,-6.25,-12.17,-7.52,-6.53,1.58,-2.72,-8.27,-3.03,-3.78,-7.52,-5.09,-5.97,-7,-3,-9.68,-4.17,-5,-6.5,-9,-5.04,-5.78,-6.8,0,-4.62,-17.13,-2,-6.5,-5.7,-0.5,4.2,-2.26,-6.51,-2.15,-3.2,-5.58,-9.25,-5.17,-6,-3.96,3.46,23,21,9,-2,-7.33
Arkansas,Eastern Mich.,35.5,35.99,33,31.42,33.68,37.7,37.19,36,36.54,32,36.27,32,35.74,39.69,30.12,46.21,33.852941176,35.37,39.45,43.78,36,30,21.32,37.16,36.87,31.69,37.02,35.04,35.02,45.8,27,33.06,16.91,33.23,37,35,38,28.26,30.11,26.7,20,41.86,36.7,25,35.5,39,33.5,41.85,47.77,29.53,62.14,19.98,35.96,29.8,31.27,35,30.79,6.27,27,63,9,29,34.74
Auburn,Mississippi,-4,0.92,-7,-3.71,0.31,-12.57,2.57,1,-13,-0.25,-5.71,1.5,-0.87,0.17,0.93,4.28,-3.144901961,-3.59,-12.75,-2.61,-10.68,-3.02,0.12,-0.34,-8.44,0.43,-3.91,0.97,-1.47,2.14,-2,4.27,-8.11,2.64,-6,-3,-10,-7.09,-0.57,-7,-15.5,-1.29,9.48,-2,-4,-15.6,-2.2,-3.14,-0.36,8.34,-0.62,-1.18,-5.09,-4.15,1.05,-10,-0.5,5.34,20,33,9,-4,-1.64
Ball St.,Ohio,-6,-13.39,-9,-12.58,-9.94,-0.48,-14.53,-17,-5.48,-11,-11.35,-16,-12.52,-14.91,-7.03,-6.03,-7.594901961,-9.19,-5.75,-14.03,-12.58,-5.37,6.21,-10.54,-2.73,-11.82,-6.71,-16.69,-9.56,-22,-3,-14.39,27.57,-17.01,-1,-7,-8,-1.98,-8.77,0.95,4,-12.48,9.77,-3,-6,-5.9,-14.7,-4.61,-9.93,-18.97,-32.35,1.52,-4.22,-18.3,-11.94,-1,-10.49,8.19,20,17,9,-10,-5
Baylor,Nebraska,-12.5,-4.91,-13,-11.46,-15.03,-7.16,1.17,-10,-12.95,-5,-19.92,-6.5,-14.59,5.6,-20.28,-13.98,-10.05176471,-7.95,-12.15,-10.14,-22.39,-8.82,-5.43,-13.62,-11.87,-3.26,-9.29,-9.62,-9.46,-0.49,-7,-3.91,-11.24,-0.79,-6,-12,-9,-7.07,-10.15,-9.25,-14,-18.91,-26.21,-5,-12.5,-9.3,-15,-18.41,-16.94,-23.27,0.63,-1.19,-7.44,-11.25,-12.83,-6,-5.77,6.13,20,10,9,-11,-10.15
Boise St.,San Jose St.,36,27.15,37,42.43,29.11,37.16,25.77,36,49.81,29,34.73,33.5,28.49,35.91,46.12,44.81,34.579019608,32.51,32.75,49.39,37.99,34.91,25.42,36.72,32.22,31.01,28.37,35.93,33.75,35.44,25,33.33,26.26,32.75,37,33,33,38.07,36.63,28.79,46.5,43,49.28,31,36,33,34,40.56,37.8,51.65,49.18,26.33,30.73,30.65,40.97,35,27.65,6.10,7,45,9,36,31.04
Boston College,Central Mich.,5,1.03,-1,-0.97,4.96,8.3,-2.93,1,5.48,1,2.06,-2.5,4.93,-0.65,13.37,8.76,2.6376470588,1.93,7.35,-1.19,7.33,3.33,6.42,3.9,7.6,1.62,-2.02,-0.3,1.77,-6.91,-2,0.71,11.01,-1.41,5,3,1,7.42,0.15,-0.51,5,3.7,3.6,0.01,5,3.6,2.4,0.91,4.8,13.18,-2.69,9.36,7.81,-3.35,-1.14,2,1.18,4.18,10,31,9,-1,9.6
Central Florida,Marshall,7,-0.24,5,5.73,1.54,5.21,-3.3,5,5.72,3,1.36,-0.5,2.76,-0.55,5.41,7.41,3.1044,0.75,5.65,-5.56,7,-1.13,4.1,4.62,2.75,-0.13,0.29,-1.74,2.76,-2.53,-3,-3.42,1.1,-1.02,7,3,3,4,-0.61,6.83,8.5,6.54,20.09,7,6,1.9,,9.02,3.6,2.61,0.28,2.28,5.1,-2.9,0.88,5,-0.51,4.18,20,21,9,5,5.66
Colorado,Missouri,-3.5,-1.41,-1,-3.29,-4.34,-4.37,-1.1,1,-3.26,-3,-5.42,-5,-1.75,-2.68,-5.05,-7.34,-4.380588235,-1.67,-6.45,-10.11,-12.22,-14.08,-3.65,-0.5,-7.42,-3.46,-2.41,-5.32,-3.56,-3.41,-10,-4.54,-9.56,-5.23,-8,-3,-2,-4.05,-7.14,-5.09,-3,-2.97,4.13,-7,-3.5,0.3,-18,-1.47,-3.9,-3.21,-0.01,-4.85,-3.04,-8,-4.26,-1,-3.43,3.77,36,17,9,-3,-2.76
Colorado St.,Air Force,-6.5,-2.58,-9,-15,-4.24,-7.03,1.85,-2,-8.14,-4,-9.29,-4.5,-7.23,0.98,-2.71,-8.46,-5.539411765,-5.68,-9.85,-5.67,-3.34,-9.08,-0.69,-2.46,-9.18,-1.8,-5.1,-1.72,-4.8,0.56,-4,1.12,-2.83,1.15,-8,-6,-10,-3.51,-4.42,-9.01,-1,-4.49,-12.83,-6,-6.5,-12.7,-15,-9.86,-2.36,-2.73,-1.33,1.12,-9.21,-6.75,-2.72,-9,-3.65,4.23,34,16,9,-6,-7.38
Connecticut,Rutgers,6.5,6.87,6,8.53,10.78,0.36,4.52,8,1.95,4,7.26,2.5,9.36,0.65,-2.43,9.93,5.3974509804,5.61,8.25,4.17,11.3,4.18,4.43,7.94,4.53,3.69,4.55,4.84,4.56,3.87,4,3.22,3.36,2.53,3,7,9,0.4,4.57,3.23,-5.5,8.64,21.35,5,6.5,4.6,2.7,11.87,13.1,-19.14,-0.97,-1.14,7.36,1.45,2.87,5,6.01,4.24,28,24,9,3,8.58
Florida,Georgia,15,15.63,20,28.2,15.43,19.56,14.94,20,17.49,18,20.82,21,16.25,17.7,18.39,14.74,17.576666667,14.44,19.4,14.08,13.95,19.5,17.4,17.96,8.22,14.49,26.27,17.19,17.6,23.8,7,12.72,8.97,17.16,19,17,20,14.97,12.2,17.43,19.5,21.31,7.37,18,15.5,17.2,19,24.44,21.06,24.37,22.04,12.46,20.31,15.15,20.47,23,13.86,4.38,17,41,9,21,17.03
Florida Atlantic,Middle Tenn.,2.5,0.15,1,-4.81,0.91,1.5,0.53,1,-0.97,2,-2.65,-1,-0.24,-1.09,-2.34,1.93,-0.30372549,2.39,0.65,-2.5,-4.41,-4.8,0.15,-0.97,0.01,0.34,-0.01,-1.5,-0.07,0.17,-3,-0.83,9.4,-0.99,3,1.5,1,-0.36,-0.95,-0.86,3.5,-3.3,3.92,1,1.5,5.9,-11,1.62,-0.12,-12.59,-2.04,0.25,0.37,-4.05,-2.95,-3,1.44,3.02,27,20,9,-3,-1.78
Florida Intl.,Louisiana-Lafaye,3.5,2.09,8,-2.89,3.78,5.87,-6.45,7,8.12,1,7.42,-3.5,10.57,-10.44,7.86,5.11,2.5033333333,5.22,10.35,-2.11,2.64,-5.63,2.55,7.18,0.55,0.18,-0.44,-6.98,2.82,-10.21,4,-9.71,0.78,-9.91,11,3,7,2.77,-1.85,6.73,11.5,9.86,-12.46,3,3.5,10.5,8.5,4.63,12.34,-9.16,-20.65,-2.57,11.31,-5.45,-1.98,7,1.88,6.66,17,20,9,-1,5.62
Florida St.,NC St.,10,12.77,11,6.25,12.54,15.54,11.06,16,10.21,10,11.23,10.5,14.81,8.54,7.02,18.76,11.171960784,13.02,11.35,18.78,4.26,11.33,4.8,17.38,11.97,11.37,10.78,11.65,11.34,11.45,9,8.32,10.43,8.8,12,7,12,7.48,13.94,13.79,10,19.93,19.66,8,10,13.3,0.6,11.98,18.36,17.53,1.96,4.76,14.89,6.1,13.46,10,10.9,4.02,42,45,9,4,8.96
Fresno St.,Utah St.,17,19.75,14,18.14,17.18,10.52,18.59,21,9.22,18,23.4,19.5,21.27,17.47,15.1,28.53,17.15627451,22.79,15.05,32.03,16.41,15.11,9.51,21.12,15.1,18.8,16.73,19.69,17.13,20.14,15,16.43,14.76,16.52,18,15,17,8.64,22.41,17.07,1.5,21.43,25.21,15,17,16.1,12.4,15.87,24.6,17.57,5.86,8.07,17.77,16.7,19.7,13,16.72,4.60,27,31,9,17,20.59
Houston,Southern Miss.,6.5,12.22,9,9.28,7.71,8.53,15.41,13,6.38,14,8.49,14.5,8.98,17.01,15.31,9.3,10.649411765,11.76,12.15,26.97,19.07,17.43,8.9,11.55,16.07,14.79,13.01,15.88,11,19.56,12,18.1,7.38,17.21,7,9,11,8,17.67,5.73,-0.5,9.74,-9.69,7,7.5,9.9,0.2,10.56,6.23,31.88,3.9,9.63,8.02,8.25,14.06,11,11,5.27,43,50,9,7,6.34
Idaho,Louisiana Tech,3,10.88,-2,6.01,5.22,-3.26,16.1,9,-4.99,9,3.71,12.5,6.28,11.25,6.28,3.08,4.3452941176,7.17,-2.95,20.36,1.87,9.9,3.8,7.24,-3.89,11.55,9.01,16.72,5.11,18.37,7,18.03,-14.65,17.17,-7,3.5,0.01,-0.93,15.62,-8.79,-5,3.47,-5.98,0.01,3,-3.5,1.9,2.98,4.03,20.98,4.02,3.13,-0.66,7.8,12.9,-6,6.75,7.56,34,35,9,5,1.54
Illinois,Michigan,-7,-13.01,-8,-17.3,-10.27,-5.71,-13.45,-9,-1.44,-10,-17.56,-15,-12.56,-17.77,-8.04,-10.66,-9.743921569,-13.01,-7.35,-27.58,-9.63,-8.5,-4.86,-11.61,-6.54,-10.59,-9.64,-18.21,-10.14,-18.13,-13,-15.99,10.25,-15.76,-3,-8.5,-8,-2.3,-17.64,-2.21,-5.5,-13.79,2.88,2,-7,-6.3,-16.5,-5.85,-11.69,-13.64,-18.72,-3.16,-6.19,-16.6,-19.58,-7,-9.51,6.02,13,38,9,-11,-7.96
Iowa,Indiana,17.5,28.14,15,26.89,20.61,22.91,31.35,24,20.96,20,25.75,26,26.17,30.08,23.59,30.2,23.584313725,20.4,21.25,42,15.85,28.57,16.99,25.33,15.47,25.24,24.92,32.26,23.25,40.86,8,31.66,21.7,31.87,22,17.5,20,18.25,30.61,19.05,27.5,25.48,15.06,20,18.5,19.2,21.2,27.95,30.45,24.73,36.65,15.54,22.91,22.65,31.37,25,20.68,6.00,24,42,9,18,21.13
Kent,Western Mich.,2.5,1.65,5,3.33,0.25,4.07,-1.58,6,2.85,2,-2.24,0.01,4.78,1.91,-0.37,-0.01,1.6454901961,3.09,4.45,-3,5.46,-4.77,0.77,2.31,-2.41,3.85,0.51,-0.7,1.06,-1.39,-1,1.68,-16.64,0.92,3,0,0.01,3.11,1.4,-0.3,6.5,1.11,18.03,-1,2.5,7.5,11.7,-0.21,-2.34,3.38,-13.65,3.36,2.41,-2.05,0.22,1,1.92,4.53,14,26,9,2,0.88
Kentucky,Mississippi St.,3.5,9.38,10,8.8,7.47,5.82,12.82,9,6,9,7.51,7.5,5.87,9.51,6.3,10.08,8.0541176471,7.42,6.55,16.83,0.39,9.04,6.67,6.49,4.41,9.18,9.71,10.05,7.51,13.52,6,12.93,10.72,12.02,6,3,7,6.49,13.5,8.09,5,5.53,17.56,7,5,6.1,3.1,5.63,7.91,-2.55,3.29,6.97,7.1,5.15,9.85,9,7.84,2.93,31,24,9,5,7.27
LSU,Tulane,36,33.5,43,39.38,33.35,44.73,30.75,39,46.89,24,44.42,27.5,37.25,33.94,36.16,51.11,36.190588235,35.45,45.25,52.28,39.83,41.8,25.63,39.47,39.53,32.96,30.87,37.27,36.12,35.86,21,34.87,25.77,32.42,47,38,41,34.52,37.61,35.03,34,45.87,41.5,28,36,44.1,26,37.45,36.71,23.12,41.38,22.16,34.06,31.25,38.74,42,30.19,6.86,0,42,9,31,36.09
Louisville,Arkansas St.,2.5,6.1,-4,-6.3,-0.88,2.01,13.6,2,3.11,1,-6.67,4,-1.96,14.38,5.14,5.53,2.7205882353,1.77,-2.55,11.5,3.42,10.3,4.11,2.38,8.12,5.06,4.62,4.08,3.18,9.73,13,8.39,5.96,6.8,3,4,3,4.17,5,0.53,-5,0.42,-7.25,2,2.5,-3,6.7,3.24,5.71,-10.4,11.62,5.22,0.22,-4.25,2.41,-2,3.06,5.02,13,21,9,-2,3.49
Memphis,East Carolina,-7.5,-7.01,-9,-6.48,-5.29,-9.47,-6.53,-7,-9.88,-4,-7.6,-7.5,-7.53,-0.86,-8.93,-10.62,-7.233529412,-4.36,-8.85,-13.83,-7.57,-5.08,-5.27,-7.96,-8.63,-4.9,-2.8,-10.26,-7.19,-8.61,-9,-6.63,-9.56,-6.46,-8,-7.5,-6,-6.56,-8.33,-7.28,-9,-9.88,-15.63,-3,-7.5,-7.7,-7,-3.68,-7.75,-13.42,-2.89,-3.23,-7.07,-11.2,-9.68,-6,-3.42,2.56,38,19,9,-6,-6.42
Miami (Ohio),Toledo,-5,-3.5,-3,-14.46,-3.82,-7.04,-4.96,-1,-7.72,-13,-8.34,-12,-2.14,-14.64,-3.83,-2.41,-5.746666667,-0.93,-2.55,-8.44,-2.54,-9.19,-8.43,-1.7,-3.36,-6.38,-9.05,-11.36,-5.1,-11.42,-7,-11.38,-1.25,-11.32,-1,-5,-4,-6.48,-4.72,-6.3,-7,-2.31,-1.53,-3,-5,0.01,-9.4,5.43,-0.38,9.4,-24.61,-5.24,-6.2,-9.95,-10.55,-8,-2.11,4.30,24,31,9,-10,-4.11
Minnesota,Michigan St.,-3.5,-0.83,0.01,-7.78,-0.86,-2.32,3.33,2,-2.47,2,-9.53,-0.5,-4.81,-1.51,-7.09,-3.63,-1.500392157,-1.14,-1.65,0.14,-1.53,3.14,-1.43,3.72,-0.95,3.4,0.01,0.93,-1.1,4.22,-2,6.16,-7.99,4.22,-1,-5.5,-4,0.27,0.81,-2.44,-4,-1.75,2.03,-4,-3,-3.1,-11.1,-10.96,-6.9,3.01,-0.78,3.01,-1.75,-2.85,1.64,1,-0.24,3.89,34,42,9,-5,-1.05
Navy,Temple,7,10.55,8,10.89,8.57,8.02,9.76,17,9.92,11,7.53,13,11.3,9.07,7.2,17.14,9.7523529412,6.32,11.55,16.64,10.75,14.38,4.33,10.56,15.94,9.41,10.09,9.12,10.01,12.46,2,13.07,16.18,12.73,12,7,11,10.08,11.53,6.02,9.5,11.34,0.24,8,7.5,6.3,5.3,13.32,15.07,3.19,-9.34,10.25,8.38,4.95,4.4,9,5.84,3.62,27,24,9,7,12.09
Nevada,Hawaii,29,11.64,26,19.23,15.2,24.73,11.44,18,25,18,17.12,15,11.86,10.9,18.17,16.04,17.504313725,13.62,26.35,20.5,23.72,12.66,10.4,14.49,13.9,13.83,19.87,18.01,16.95,14.38,18,17.68,5.07,15,22,25,20,16.58,19.26,18.15,14.5,16.77,37.94,15,27.5,25.4,8,25.26,15.49,15.51,1.37,8.17,19.75,13.85,19.54,25,11.62,5.89,21,31,9,21,14.71
North Texas,Western Kentucky,13,11.98,13,19.6,12.88,8.71,12.19,21,7.98,17,16.7,13.5,11.87,14.13,9.78,12.91,12.4882,14.21,11.35,5.75,7.07,20.13,5.61,12.6,9.17,14.28,13.35,13.5,11.93,20.7,8,9.65,-1.21,11.47,10,13,12,8.83,6.44,10.63,,14.17,29.4,9,13,14.5,0.3,24.26,20.01,23.29,9.3,9.68,11.64,9.55,11.84,7,16.17,5.36,49,68,9,11,10.71
Northern Ill.,Akron,12.5,17.53,11,22.29,15.99,13.61,17.82,20,10.99,14,14.85,15.5,17.42,13.6,17.55,14.97,15.380784314,17.19,16.45,22.67,12.47,14.97,13.47,20.59,8.89,18.18,14.3,19.24,15.47,22.21,14,18.94,6.65,20.2,14,11,11,10.31,18.67,8.02,12.5,19.83,25.39,9,13,14.8,13.1,16.74,15.45,22.34,27.23,9.64,11.29,14.3,22.27,12,16.96,4.01,10,27,9,16,17.59
Northwestern,Penn St.,-17.5,-16.37,-20,-18.63,-16.31,-18.69,-12.88,-12,-19.83,-12,-20.74,-13.5,-20.03,-16.63,-26.61,-22.98,-16.31470588,-16.98,-20.25,-28.53,-14.07,-11.39,-8.23,-15.4,-14.47,-11.68,-13.15,-17.95,-16.34,-14.96,-17,-12.08,-5.42,-11.09,-17,-14,-16,-15.3,-18.12,-13.17,-14.5,-18.75,-29.9,-15,-17.5,-22.2,-14.9,-17.92,-19.21,-34.18,-22.38,-10.77,-17.87,-18.25,-17.18,-19,-14.28,4.32,34,13,9,-12,-14.71
Notre Dame,Washington St.,27.5,19.87,24,37.26,22.47,24.02,16.73,19,23.58,21,26.8,23.5,23.03,18.02,24.71,25.15,22.740588235,21.78,21.3,38.53,23.14,19.01,21.69,21.36,19.52,21.55,24.14,27.06,23,21.85,13,24.66,17.48,21.49,23,31,23,16.61,28.61,22.33,20,26.26,20.42,22,26.5,22.5,26.3,25.28,27.39,23.95,4.92,9.64,23.3,23.9,26.99,27,18.8,4.13,14,40,9,27,23.88
Ohio St.,New Mexico St.,44,30.64,48,34.03,38.18,47.48,21.68,34,59.08,21,40.94,25,41.03,21.07,43.73,46.95,36.818039216,33.49,51.55,50.36,52.23,33.19,24.15,36.79,38.72,28.73,25.04,34.49,36.26,25.23,17,28.3,35.4,24.52,48,40,43,43.23,36.53,41.37,40,43.99,49.95,36,43.5,44.9,40,40.33,35.76,39.11,6.92,27.38,38.32,29.05,36.61,51,29.59,9.53,0,45,9,33,43.3
Oklahoma,Kansas St.,28,12.2,27,17.48,22.16,29.67,6.67,20,36.97,13,21.98,13.5,22.17,6.2,42.64,26.88,21.886470588,17.77,31.25,20.44,25.74,17.08,16.65,22.29,23.97,14.79,17.6,11.98,22.07,7.83,17,7.34,32.39,7.15,36,26,24,26.78,16.17,34.48,33,27.04,30.59,30,27.5,25.9,23,28.43,25.76,48.76,1.48,16.58,27.43,8.7,15.74,33,16.85,8.80,30,42,9,19,28.19
Oklahoma St.,Texas,-9.5,-3.96,-11,-11.85,-8.53,-10.19,-0.87,-11,-10.91,-10,-8.04,-12.5,-8.65,-11.9,-16.05,-13.64,-9.32627451,-8.03,-11.35,-3.83,-7.89,-9.93,-4.43,-12.94,-3.98,-6.76,-10.68,-7.91,-8.71,-6.96,-4,-3.91,-7.54,-5.3,-9,-8.5,-7,-8.86,-1.92,-11.57,-14.5,-18.2,-7.74,-10,-9.5,-8.7,-7.8,-17.57,-20.91,-24.5,-12.21,-6.81,-11.24,-10.9,-10.58,-7,-5.11,3.98,41,14,9,-7,-10.39
Oregon,USC,-3,3.85,8,3.8,3.34,3.49,4.51,9,1.83,3,4.42,1,3.1,11.34,-1.07,6.32,3.8550980392,5.52,10.55,3.81,9.55,4.08,4.79,4.64,4.69,4.69,6.06,4.75,3.96,5.2,-1,3.15,-4.9,2.55,2,-4.5,4,1.76,3.92,-1.88,1.5,5.91,0.9,-4,-1.5,9.9,2.1,5.84,3.08,5.19,17.86,1.69,1.01,1.8,5.23,7,4.78,3.33,20,47,9,2,1.58
Oregon St.,UCLA,9.5,6.34,15,11.51,2.85,13.29,7.42,9,15.9,7,6.82,9.5,5.29,8.3,8.77,8.09,9.847254902,10.88,13.95,13.92,14.79,11.72,5.06,6.82,13.82,8.38,8.42,6.46,8.54,8.66,5,6.43,20.31,8.24,11,8.5,13,10.97,10.66,13.46,13,5.1,20.94,11,9.5,15.8,8.2,14.29,3,1.44,1.66,6.04,9.61,3.4,6.56,15,6.81,4.19,19,26,9,10,6.32
San Diego St.,New Mexico,16,21.92,25,24.71,18.91,13.35,21.36,25,19.01,20,22.07,19.5,22.6,27.7,18.17,22.53,18.133921569,28.53,16.05,21.5,16.93,9.44,5.91,23.41,13.89,24.76,21.34,24.67,19.75,29.75,11,21.46,-5.41,24.92,10,16,19,10.87,14.61,5.82,17,25.34,2.76,5,16.5,22.6,14.1,21.92,29.42,29.52,25.66,2.72,13.74,18.8,21.77,12,22.44,7.60,20,23,9,19,13.31
South Florida,West Va.,-3,3.43,-5,-0.39,-0.11,-5.13,3.61,1,-3.78,2,1.51,-1,3.27,5.94,-5.53,-2.05,-0.278431373,3.31,0.75,-1.06,-0.33,3.03,0.14,0.66,2.82,1.69,-1.29,-4.99,0.15,1.74,1,-4.81,-0.32,-0.65,3,-3,1,-1.81,-1.94,-0.22,-1.5,-1.28,-6.54,4,-2.5,-3.6,0.17,3,-4.13,-9.73,1.59,0.15,3.4,-3.95,-5.64,-1,1.83,3.08,19,30,9,1,2.53
Syracuse,Cincinnati,-15,-20.13,-17,-23.74,-15.02,-14.11,-19.37,-26,-18.27,-20,-21.78,-22.5,-20.95,-20.53,-19.62,-25.48,-20.7027451,-27.6,-18.52,-34.17,-20.37,-28.29,-15.2,-26.08,-20.44,-21.66,-16.05,-20.9,-20.85,-27.85,-19,-19,-21.27,-19.9,-20,-16,-21,-14.1,-22.49,-20.8,-12.5,-27.43,-31.22,-20,-16,-21.6,-21,-24.41,-25.02,-23.88,-19.61,-9.94,-18.46,-22.15,-23.22,-18,-21.49,4.18,28,7,9,-16,-15.48
TCU,UNLV,34.5,30.19,35,39.45,28.98,34.55,28.05,38,30.79,30,33.6,31.5,32.34,32.01,37.67,40.38,33.307058824,36.11,37.85,47.44,27.42,36.64,25.53,38.91,31.89,33.72,37.6,36.05,33.22,38.75,15,32.85,22.34,31.97,38,31,31,21.28,36.17,26.08,33,44.3,45.92,28,34.5,37.6,28.7,43.74,43.77,43.5,20.24,11.78,32.27,32.05,39.02,38,29.73,6.50,0,41,9,31,28.39
Tennessee,South Carolina,6.5,0.83,5,5.59,9.44,9.95,-6.01,7,5.61,1,10.5,-1,8.79,-1.77,7.33,9.78,4.2166666667,8.52,11.35,-3.94,3.57,-7.81,2.7,7.95,0.89,1.57,-0.92,-2.68,5,-9.61,-2,-5.09,-4.89,-7.39,13,5,4,2.22,-1.83,6.17,7,11.65,8.77,5,6.5,14.8,18.3,12.25,9.06,3.15,-3.31,-1.17,7.22,-3.4,1.15,10,6.01,6.32,13,31,9,4,9.87
Texas A&M,Iowa St.,5.5,0.66,1,2.69,2.97,0.5,1.45,-2,9.67,1,2.37,-1,-0.21,2.83,2.4,4.58,1.8035294118,-0.53,-1.35,0.75,1.58,0.51,3.18,-1.56,1.21,2.42,-4.03,0.6,1,-0.4,-3,0.29,14.35,-0.56,3,5.5,-1,8.85,-0.71,4.88,-1.5,-2.5,16.87,7,4.5,0.4,6,5.77,2.95,-12.61,0.68,3.87,4.03,-4.4,-2.01,-2,-0.01,4.02,10,35,9,3,5.72
Texas Tech,Kansas,6,3.75,10,2.55,2.4,9.4,2.69,7,10.48,3,10.83,5,5.39,2.14,4.18,3.28,5.6,8.9,8.95,5,7.75,7.31,-0.46,5.66,12.41,5.24,0.36,0.67,5.32,2.66,4,-0.83,16.76,2.01,11,7.5,10,9.35,3.22,9.98,5,7.45,-10.3,5,6,5.1,3,8.25,6.3,-4.17,-0.27,8.23,7.38,-0.65,1.92,13,5.98,4.43,21,42,9,6,6.26
Troy St.,Louisiana-Monroe,14,3.68,12,4.4,6.21,14.38,2.71,11,14.58,7,4.81,8,4.6,4.72,16.25,8.91,8.8615686275,7.98,11.75,7.25,11.52,12.83,9.11,7.47,5.78,8.54,7.94,9.12,8.27,5.88,3,6.85,19.96,5.61,12,14,11,9.36,10.3,13.07,8.5,7.55,0.98,9,13,17.8,5.4,12.57,5.05,21.61,11.28,4.14,10.68,2.75,9.29,15,7.97,4.10,21,42,9,11,9.3
Tulsa,SMU,16.5,3.6,13,12.42,8.38,16.72,-0.71,9,14.48,10,9.17,11,8.02,-2.86,23.3,14.73,11.121372549,7.37,18.95,6.83,17.59,10.12,12.53,5.91,16.03,8.34,3.75,3.62,10.04,3.38,2,2.8,29.92,4.06,24,16.5,14,10.9,8.07,26.8,14,5.84,10.37,18,16,14.1,20.3,10.07,3.54,16.69,-10.8,7.32,16.01,3.4,4.44,20,6.62,7.04,27,13,9,15,15.69
UTEP,UAB,7,6.54,12,4.15,6.39,8.43,6.97,8,10.74,10,9.85,11,6.17,0.4,11.82,13.69,8.6176470588,6.17,10.15,9.53,15.95,4.51,4.66,7.7,12.42,8.41,12.46,11.02,8.65,9.33,4,11.81,9.73,9.08,9,8,13,7.89,9.75,7.68,8.5,7.37,17.33,5,7,10,9.4,5.33,5.03,18.43,0.14,5.03,8.89,6.2,9.67,6,6.36,3.22,38,33,9,8,6.41
Utah,Wyoming,18,20.71,15,21.61,16.21,22.59,17.48,21,21.42,14,21.49,18,23.76,24.45,24.04,21.42,20.237254902,19.96,19.45,35.47,20.34,25.48,16.63,19.36,18.61,19.36,14.63,19.36,19.44,19.82,22,19.43,34.14,18.92,25,14,19,18.27,25.01,24.81,21,20.78,37.12,19,18,16.2,14.1,20.54,24.52,12.86,13.6,15.12,19.11,13.1,18.86,22,18.67,4.48,10,22,9,16,16.49
Vanderbilt,Georgia Tech,-11,-24.52,-22,-18.63,-16.88,-16.65,-27.45,-22,-11.74,-12,-15.9,-19.5,-21.69,-33.04,-22,-18.84,-17.79509804,-23.32,-16.35,-41.64,-13,-23.44,-15.56,-22.81,-14.71,-21.32,-16.86,-28.06,-18.92,-32.03,-17,-23.54,-7.99,-25.95,-9,-10.5,-19,-9,-27.37,-5.22,-4.5,-25.87,0.68,-8,-11.5,-19.6,2,-22,-20.26,-31.48,-51.52,-6.26,-12.02,-26.7,-27.67,-12,-17.46,7.87,56,31,9,-11,-9.52
Virginia,Duke,7.5,6.81,10,4.2,6.24,6.94,4.04,8,10.27,5,11.71,5,9.76,1.94,9.12,9.23,6.3407843137,5.21,5.25,6.64,10.03,7.21,3.85,8.67,7.47,5.08,7.78,4.78,5.23,3.92,5,2.8,8.19,2.46,8,6,5,5.66,4.83,8.81,9.5,9.61,17.89,4,7.5,1.2,2.3,1.35,11.29,0.84,0.06,1.05,7.29,0.3,4.86,4,5.51,3.38,28,17,9,2,8.63
Virginia Tech,North Carolina,16.5,19.27,18,22.15,21.89,18,16.98,21,20.5,14,8.59,16.5,22.91,16.92,20.17,27.59,18.111372549,18.96,21.45,26.58,17.48,14.45,14.27,20.79,14.72,17.47,18.96,20.85,18,19.72,13,19.36,5.49,17.54,18,13.5,15,14.69,20.81,16.87,14,23.43,22.33,15,16.5,18,25.5,28.26,22.6,33.55,4.57,8.88,14.65,15.2,22.53,17,18.41,4.35,20,17,9,15,15.23
Wake Forest,Miami (Fla.),-6.5,-8.55,-6,-9.21,-6.66,-6.12,-8.14,-9,0.77,-5,-6.57,-7,-9.15,-11.72,-6.52,-5.97,-7.049215686,-7.48,-6.25,-16.03,-7.96,-6.21,-6.29,-13.69,-7.05,-6.44,-7.59,-10.71,-6.88,-10.44,-10,-9.85,4.74,-8.73,-5,-6.5,-4,-0.7,-11.77,-3.85,-0.5,-16.06,-6.77,-4,-6.5,-6.5,-6.5,-8.29,-10.64,-15.89,-3.39,-2.17,-2.88,-11.6,-13.19,-7,-5.77,3.61,28,27,9,-4,-4.23
Wisconsin,Purdue,7,12.48,6,12.1,5.6,4.18,18.68,12,4.05,12,6.35,13,6.8,13.93,9.45,8.46,9.5384313725,9.04,5.05,22.11,5.94,19.5,9.6,13.5,8.74,11.48,11.51,15.05,9.02,21.44,4,17.61,12.93,17.99,3,7.5,8,4.66,17.14,7.06,1,7.25,14.42,10,7,3.3,-0.3,9.97,9,0.64,4.85,5.27,4.9,8.5,13.5,6,7.9,4.88,0,37,9,8,8.09
Air Force,Army,17,22.55,24,23.29,19.26,17.44,20.21,21,20.64,13,24.7,15.5,25.19,17.65,18.12,30.92,19.6226,21.22,21.65,29.91,19.63,13.49,10.87,20.81,23.27,18.04,,18.97,20.22,22.63,22,15.94,16.06,17.27,24,17,22,16.08,21.52,25.7,16,22.39,7.14,19,17.5,22.9,16.7,23.47,20.22,21.36,37.84,11.53,22.06,11.7,16.48,23,18.72,4.39,7,35,10,17,20.28
Akron,Kent,-3.5,-4.98,-8,-8.21,-2.45,-8.13,-6.63,-6,-10.2,-4,-3.43,-7.5,-3.36,-9.16,-8.77,-1.02,-5.943,-10.1,-5.05,-12.31,-9.22,-5.58,-0.49,-5.07,-5.55,-10.5,,-9.23,-6.31,-11.67,-8,-9.29,-11.21,-9.71,0.01,-2,-6,-7.19,-6.52,-0.6,-2,-6.31,-5.74,3,-4,-11.8,2.2,-7.06,-1.26,-27.11,-14.59,-4.17,-2.7,-10.7,-11.51,-2,-6.58,3.74,20,28,10,-6,-0.9
Alabama,LSU,7,7.75,8,11.37,12.38,10.76,3.64,12,6.05,8,7.65,10,12.13,9.3,6.31,5.98,8.7624,8.21,9.95,5.13,11.87,10.87,7.64,12.2,6.03,10.98,,9.47,8.62,8.06,3,6.57,8.36,7.77,8,10,7,7.43,6.51,8.62,12.5,13.5,0.82,9,7,7.4,7,12.93,10.75,12.85,-0.29,8.81,8.42,6.15,10.63,9,9.77,2.62,15,24,10,9,12.01
Arizona,Washington St.,32.5,25.18,29,42.38,23.34,29.9,24.52,29,32.87,24,30.15,24.5,25.97,24.69,32.86,25.24,28.2176,27.75,25.85,46.41,28.06,23.43,20.26,28.08,22.18,27.27,,29.73,27.75,30.98,26,26.98,26.95,27.02,28,31,25,24.41,33.31,27.47,28,30.26,48.35,28,31.5,29.1,25,40.44,33.23,30.16,7.17,15.94,29.66,22.9,29.95,29,25.31,5.22,7,48,10,30,28.82
Arizona St.,USC,-10.5,-10.54,-7,-6.93,-9.06,-10.14,-10.65,-6,-17.14,-7,-9.32,-11,-10.42,-1.39,-15.62,-12.84,-10.1338,-7.17,-10.15,-19.66,-14.42,-12.46,-6.66,-10.25,-6.57,-9.11,,-13.19,-10.54,-15.38,-14,-11.8,-12.46,-11.66,-12,-14,-11,-11.99,-12.84,-13.94,-13,-10.99,-5.02,-13,-10.5,-7.9,-6,-5.96,-9.01,-11.63,-3.86,-6.84,-12.29,-12.55,-12.29,-12,-7.07,3.23,14,9,10,-6,-9.66
Arkansas,South Carolina,7,4.52,6,6.64,8.27,11.43,1.73,8,14.42,4,9.39,3,7.82,2.95,6.35,10.59,6.1782,11.31,11.05,3,8.59,-1.78,1.43,7.74,5.58,5.51,,1.17,6,0.21,5,0.22,-2.12,-0.44,11,4.5,5,8.46,2.96,8.81,7,10.24,11.06,3,7,15.2,10.5,5.17,7.51,4.53,-0.42,2.49,8.86,-1.05,3.83,11,7.47,4.15,16,33,10,6,8.28
Arkansas St.,Louisiana-Lafaye,13,10.04,14,9.73,11.72,12.73,3.76,12,10.47,8,19.77,6,16.64,5.38,18.29,16.38,10.913,13.76,17.95,6.06,18.56,-1.09,5.79,13.6,8.06,7.59,,2.12,11.13,2.83,4,1.05,0.67,1.76,17,11,14,6.29,5.82,11.65,16.5,16.99,24.87,13,13,14.9,10.2,19.82,18.53,14.98,0.51,2.12,14.04,1.5,5.7,17,11.13,6.18,21,18,10,11,14.32
Buffalo,Bowling Green,3,0.01,3,4.42,-1.19,-1.51,-0.01,1,0.44,2,0.01,0.01,0.15,1.15,-8.3,-2.44,0.4632,-0.63,-1.15,-4.56,3.5,-3.95,1.46,-2.32,3.52,-1.25,,-1.02,0.01,-0.88,-1,0.01,-1.01,0.27,1,3,5,0.02,-0.82,5.03,-1.5,-3.78,1.67,2,2.5,1.5,12.8,3.54,-2.65,-5.07,-0.4,-0.39,2.17,-1.4,-3.35,4,-1.6,3.11,30,29,10,3,-0.35
California,Oregon St.,7.5,6.23,5,12.1,8.98,3.78,6.64,8,2.16,9,8.53,5.5,5.92,3.82,4.3,10.65,6.2278,2.88,1.95,5.91,2,7.2,2.9,5.04,7,6.08,,7.73,6.08,8.74,6,6.36,6.99,8.12,7,6.5,6,4.26,6.53,5.37,1,4.45,24.72,3,7.5,2.4,5.5,2.52,6.92,2.33,1.1,6.36,8.48,4.7,5.56,7,4.01,3.55,31,14,10,8,7.27
Cincinnati,Connecticut,17,19.56,17,22.69,13.89,10.05,23.41,21,13.72,21,19.62,21.5,15.89,23.81,16.23,23.21,17.8294,20.89,14.15,29.47,12.83,21.32,12.29,19.13,14.18,23.08,,22.65,17.83,31.84,19,23.69,23.75,24.45,14,12,18,12.46,21.2,12.55,10.5,17.83,6.32,12,17,13.7,15,14.45,16.98,8.2,18.28,11.19,13.74,16.7,23.31,17,17.34,4.81,45,47,10,19,17.83
Clemson,Florida St.,8.5,8.07,14,10.91,10.58,9.97,5.67,14,6.96,11,12.79,10.5,11.45,6.46,5.51,14.26,9.064,11.78,10.45,10.91,5.55,-0.32,4.67,10.61,10.59,8.91,,9.54,9.97,6.99,8,7.13,7.95,6.61,10,8.5,9,6.9,10.62,5.6,0.5,11.02,5.48,7,8.5,15,12.5,11.41,10.24,4.29,0.6,6.84,7.81,4.15,9.97,12,10.62,3.29,24,40,10,8,10.85
Colorado,Texas A&M,-2.5,-5.12,-11,-12.71,-7.45,-6.21,-4.36,-7,-6.47,-6,-7.47,-7.5,-6,-7.29,1.31,-4.34,-6.2498,-11.16,-5.85,-16.5,-4.57,-6.31,0.59,-4.05,-3.37,-9.57,,-10.61,-7,-7.5,-6,-8.24,-8.42,-7.58,-3,-1,-3,-4.16,-10.39,2.96,4,-6.7,7.93,0.01,-3.5,-13.5,-16.6,-9.12,-8.04,-14.56,-2.34,-1.84,-1.3,-10.5,-8.69,-13,-8.61,4.63,34,35,10,-7,-4.85
East Carolina,Virginia Tech,-13,-10.08,-6,-11.94,-18.93,-10.33,-5.33,-7,-7.05,-9,-19.45,-10,-16.49,-10.52,-7.14,-17.83,-11.0008,-10.15,-12.05,-20.81,-8.57,-7.05,-7.58,-14.77,-11.27,-8.13,,-12.1,-10.33,-4.17,-10,-10.54,-7.95,-4.29,-9,-9,-8,-6.57,-12.57,-7.49,-0.5,-21.41,-29.81,-11,-13,-5.6,-22.9,-15.37,-22.32,6.04,-2.68,-6.1,-12.36,-11.85,-14.15,-7,-12.06,5.58,16,3,10,-5,-13.84
Florida,Vanderbilt,35,37.16,39,43.23,31.33,35.44,40.33,39,36.57,26,34.81,30,33.97,51.82,32.65,43.2,36.1082,32.65,35.75,54.84,32.01,44,25.37,36.13,24.6,37.91,,41.75,36.13,52.87,32,36.69,40.55,40.96,38,35,38,30.5,38.58,31.05,31,38.95,48.56,31,35,34.5,31.1,40.24,35.22,29.09,77.79,24.44,31.57,31.55,42.96,38,30.84,6.20,3,27,10,32,31.1
Georgia Tech,Wake Forest,13.5,18.45,15,20.02,13.27,16.62,20.21,24,14.08,20,9.01,22.5,16.45,13.45,18.17,16.37,16.9468,16.01,13.95,28.03,19.08,21.27,14.63,20.78,19.83,19.27,,21.54,17.31,26.94,10,23.55,23.69,23.2,16,13.5,17,10.97,22.88,12.6,5,20.5,23.02,12,14,18.2,3.9,17.41,17.31,24.4,4.72,7.86,13.92,16.4,23.73,13,12.42,4.99,27,30,10,15,12.85
Hawaii,Utah St.,-1,-0.51,-7,-6.02,-3.84,-5.48,2.77,1,-10.11,1,-7.33,1,-3.86,1.84,-2.04,5.05,-1.1318,-0.81,-6.55,0.25,-1.55,10.44,1.93,-1.69,-0.6,0.01,,-1.77,-1.55,3.69,-1,2.24,2.47,3.68,-3,-3.5,-2,-1.92,1.02,-2.16,-3,-4.4,9.84,3,-1,-6.1,5.1,-3.38,-5.95,-11.65,1.55,6.27,-2.52,-3.95,-0.7,-6,-1.76,4.35,36,49,10,-2,-4.86
Idaho,Fresno St.,-8,-3.92,-8,-5.16,-8.65,-7.55,2.57,-2,-8.21,1,-15.58,1.5,-9.96,-3.29,-12.09,-14.9,-5.4056,-8.02,-9.35,-5.22,-6.41,10.18,1.52,-6.77,-4.39,-1.34,,0.47,-5.86,5.05,-5,7.69,8.16,6.98,-11,-7.5,-8,-3.32,-0.29,-14.77,-2,-11.3,-18.38,-10,-8,-9.6,-5.3,-9.91,-19.18,-8.63,-0.59,1.57,-13.14,-3.9,-0.01,-11,-5.86,6.81,31,21,10,-4,-10.74
Indiana,Wisconsin,-10,-11.36,-7,-13.48,-8.95,-11.36,-12.25,-6,-6.56,-10,-13.73,-10,-10.61,-4.26,-6,-15.67,-10.0644,-6.33,-14.55,-27.34,-9.03,-9.09,-1.8,-12.64,-6.17,-8.65,,-14.37,-10,-15,-8,-14.67,-15.03,-13.99,-9,-5,-8,-4.67,-16.99,-8.35,-10,-12.36,0.37,-11,-10,-10.8,-0.5,-17.07,-19.86,-12.42,-4.35,-2.78,-9.42,-13.45,-16.02,-10,-6.51,4.34,31,28,10,-9,-8.93
Iowa,Northwestern,15.5,25.87,19,23.15,20.74,20.28,28.27,25,22.03,20,18.42,24,24.85,23.14,11.55,26.89,21.5184,21.82,18.35,37.91,14.32,27.33,16.21,25.79,15.66,23.9,,29.5,21,39.61,10,27.26,29.14,28.42,18,18,21,18.59,28.03,14.66,21,26.01,4.34,16,16.5,18.7,24,18.53,25.48,3.09,39.38,15.15,20.47,20.8,28.21,20,20.74,5.92,17,10,10,15,20.3
Iowa St.,Oklahoma St.,-7.5,-4.93,-9,-6.26,-5.95,-12.97,-5.58,1,-13.34,-4,-10.3,-4.5,-4.25,-5.78,-10.35,-12.39,-7.9336,-2.58,-12.75,-16.41,-11.45,-10.55,-5.71,-2.38,-10.19,-3.53,,-8.48,-7,-6.13,-10,-6.63,-5.92,-6.38,-13,-7.5,-9,-10.53,-9.53,-18.19,-5,-3.4,-11.07,-13,-7.5,-8.1,-13.9,-5.45,-6.94,-29.77,-2.84,-7.72,-8.7,-8.7,-6.31,-12,-3.34,3.70,34,8,10,-7,-6.05
Kansas St.,Kansas,-3,0.87,5,-1.49,-3.06,0.91,2.03,4,-1.03,-0.25,-2.34,-0.5,-0.63,3.94,6.23,-2.5,-0.27,5.23,1.45,-1.16,3.9,0.74,-7.07,-0.12,0.17,2.51,,-0.82,-0.5,1.84,-3,-0.01,-1.3,1.53,-3,-3.5,2,-1.36,-0.54,-6,-7.5,-1.21,-4.69,-11,-2.5,9.3,-1,0.32,-2.65,35.18,-0.02,-1.69,-4.89,-1.3,-3.27,2,1.76,3.66,10,17,10,-1,-0.37
Louisiana Tech,Boise St.,-21,-21.59,-24,-18.47,-20.61,-24.37,-24.04,-22,-26.71,-20,-27.38,-23,-19.14,-35.08,-13.93,-28.88,-22.6648,-23.7,-21.05,-41.22,-22.94,-28.36,-12.68,-23.63,-21.52,-21.8,,-28.83,-22.77,-26.86,-20,-24.45,-22.77,-24.46,-21,-21,-22,-19.58,-26.12,-17.13,-22.5,-28.86,-35.25,-19,-21,-20.1,-13,-16.52,-28.45,0,-38.75,-12.44,-19.14,-25.55,-28.49,-20,-19.64,4.93,45,35,10,-18,-23.8
Miami (Fla.),Virginia,14,14.11,11,17.2,13.42,11.63,15.29,21,6,15,7,15.5,12.81,15.88,11.8,16.12,14.4538,10.39,12.95,26.72,15.94,16.87,9.99,11.77,13.65,16.18,,20.58,14,21,14,21.95,20.98,21.73,14,13.5,15,8.98,21.58,14.77,6.5,11.11,25.96,14,14,14.4,11.5,16.37,11.35,7.72,2.79,11.97,11.02,13.55,13.75,15,11.82,4.13,17,52,10,11,15.3
Michigan,Purdue,6.5,6.61,5,6.43,5.12,3.25,6.81,8,5.16,8,5.85,8.5,6.41,5.93,4.03,9.79,6.0356,2.95,3.75,7.25,11.58,11.32,8.43,3.05,8.31,5.77,,7.64,6,8.86,13,6.78,8.12,7.9,6,7,6,5.28,7.57,6.14,0,2.37,11.4,4,6.5,1.4,4,3.5,-1.51,-0.43,1.5,5.4,5.49,4.4,5.14,7,3.25,2.85,38,36,10,8,4.88
Michigan St.,Western Mich.,20.5,15.43,15,12,16,18.91,11.47,11,19.73,14,16.6,12.5,19.61,10.55,20.42,20.75,15.4736,12.2,19.35,21.5,22.61,15.67,9.72,11.5,16.54,11.78,,14.39,14.39,10.4,11,14.12,11.26,10.45,18,17.5,14,14.52,16.33,15.32,11,15.48,33.4,14,19.5,13.5,33,16.46,24.91,20.42,2.12,9.32,17.97,8.2,12.96,18,12.3,5.15,14,49,10,13,16.57
Middle Tenn.,Florida Intl.,11.5,12.13,14,15.73,9.45,9.69,16.31,14,3.33,12,10,12,8.14,10.79,10.94,17.3,12.191,13.55,11.65,19.72,14.4,15.4,7.07,11.09,10.42,15.31,,13.51,12,18.85,13,14.96,15.84,16.38,9,11,13,6.7,15.29,7.47,10,11.25,5.19,10,11.5,10.8,10.5,21.55,15.1,8.09,4.66,10.07,8.65,10.6,13.71,10,13.41,3.39,21,48,10,13,9.72
Minnesota,Illinois,7,13.24,11,8.94,11.72,7.16,16.08,14,6.14,13,10.69,13.5,10.71,11.07,8.81,7.05,11.272,10.31,6.85,27.25,13.49,11.79,6.16,13.71,11.12,14.83,,18.97,11,19.8,11,20.76,20.61,18.1,3,4.5,6,6.83,19.24,7.8,3.5,12.37,21.23,2,7.5,3.6,18.7,5.18,10.09,19.42,3.58,7.52,7.57,10.25,18.54,8,10.1,4.99,35,32,10,8,9.3
Missouri,Baylor,14,11.33,11,11.39,9.81,11.45,11.67,13,5.48,9,11.03,11,10.98,0.97,10.77,20.79,11.5274,10.42,11.35,17.84,9.87,17.42,8.41,11.25,14,11.87,,14.23,11.35,14.71,18,13.98,14.14,13.07,12,14.5,15,5.04,16.32,10.95,9.5,10.63,-0.01,10,13.5,13.7,16.2,18.09,13.84,10.17,1.74,4.6,11.53,9.05,14.14,9,8.89,3.81,40,32,10,11,8.55
NC St.,Maryland,6.5,7.31,9,14.56,9.43,2.75,4.3,6,7.04,13,10.94,9.5,10.4,3.97,6.16,9.08,7.156,4.53,5.25,9.81,2.92,5.17,7.21,6.98,5.08,7.06,,7.69,7.31,7.34,3,8.25,7.9,8.16,11,9.5,5,6.23,8.86,7.33,5.5,7.23,-7.72,9,6.5,2.1,10.5,10.53,10.05,16.8,1.09,5.42,9.21,5.55,5.76,9,5.86,3.41,31,38,10,11,7.64
Nebraska,Oklahoma,-4,-0.74,-7,-3.45,0.62,-12.3,-1.22,1,-13.98,1,-3.2,-1,-0.53,-0.2,-7.21,-3.51,-3.9164,-5.89,-9.15,-7.78,-9.92,-1.9,0.95,-0.96,-3.52,-1.16,,-0.67,-2.9,-0.42,-5,1.82,1.05,0.18,-11,-6.5,-10,-8.26,-1.48,-11.04,-5.5,-2.19,5.52,-12,-4,-11.7,-6.2,-3.12,-3.36,-10.72,-1.28,-2.53,-7.55,-3.05,0.21,-9,-2.9,4.44,3,10,10,-2,-3.62
North Carolina,Duke,10.5,7.21,6,7.35,6.7,5.03,6.71,11,3.4,8,9.47,7,7.71,6.98,5.4,8.96,6.682,0.41,1.35,8.28,7.43,13.74,3.18,4.8,8.97,5.72,,8.98,7,8.08,8,9.02,6.77,9.15,9,7.5,7,3.04,8.17,13.66,7.5,5.45,21.6,7,9.5,2,-2.8,-1.67,7.19,2.8,0.19,2.68,8.57,3.1,3.11,6,3.77,3.88,6,19,10,5,9.25
North Texas,Louisiana-Monroe,0,-8.4,-5,-3.55,-2.36,-4.39,-11.88,-3,-2.68,-8,-5.96,-10,-5.04,-10.67,-2.76,-11.05,-5.3754,-3.98,-5.05,-11.75,-4.65,-1.09,-1.54,-3.67,-4.74,-5.53,,-7.34,-5.04,-15.32,-3,-9.22,-9.14,-11.2,-8,0,-6,-3.17,-5.78,-4.96,-4,-3.46,16.22,-9,-1.5,-1.5,2.9,-7.27,-10.3,-1.33,-16.75,-3.66,-7.01,-11.3,-4.55,-9,-2.05,4.68,33,6,10,-2,-2.84
Northern Ill.,Eastern Mich.,20.5,26.48,22,29.27,22.5,17.36,28.47,27,13.44,25,25.59,26,25.09,30.81,23.55,25.55,22.8482,21.4,23.95,25.56,21,20.98,17.89,25.42,15.85,22.83,,28.93,23.36,41.95,17,25.44,28.37,30.55,22,19,21,10.91,21.04,16.32,18,26.6,6.81,16,21,19.8,22.4,27.17,27.09,32.87,59.35,8.38,20.62,22.05,27.18,20,20.92,5.77,6,50,10,24,23.36
Notre Dame,Navy,12.5,8.5,11,9.11,10.67,9.9,7.94,8,8.22,9,10.7,7,9.13,8.69,0.51,10.56,8.6988,6.8,9.65,13.91,12.56,9.85,6.89,7.66,12.57,7.25,,10.35,9,8,14,12.37,11.07,9.98,10,11,11,6.38,11.77,7.55,-3,7.68,2.84,12,11.5,9.7,7.4,8.02,13.43,-7.9,0.08,4.55,9.13,6.55,9.16,7,6.02,3.03,23,21,10,7,8.21
Penn St.,Ohio St.,4,6.38,4,10.15,3,4,8,6,1.56,5,3.57,6,3.93,12.24,0.59,1.26,4.774,8,2.65,6.53,-0.72,8.89,3.16,2.45,4.64,7.54,,5.73,5,11.01,4,6.22,7.84,7.23,3,4,5,1.72,5.83,1.56,0.5,0.59,8.71,5,4,5.9,0.7,7.96,2.12,5.98,23.34,1.89,3.37,3.8,4.86,5,5.25,2.84,24,7,10,5,4.34
Pittsburgh,Syracuse,21,20.23,24,27.7,17.64,25.22,16.56,29,25.59,21,19.15,22.5,23.89,9.87,23.47,25.2,22.846,23.56,24.95,34.03,23.63,27.39,16.2,24.06,23.52,22.33,,22.17,23.28,24.58,16,19.85,21.45,20.3,28,21,22,20.82,27.05,25.64,22.5,24.69,36.61,21,21,29.4,26,29.83,21.23,31.76,4.37,16.04,23.33,16.6,23.28,21,19.06,4.38,10,37,10,22,22.03
SMU,Rice,17.5,24.14,28,32.42,23.97,16.71,24.27,31,25.71,27,32.01,25.5,24.09,31.12,21.66,26.53,22.584,29.74,23.15,25.69,24.35,12.19,7.46,27.44,13.39,26.84,,29.17,24.14,34.61,17,23.76,27.27,25.82,16,16.5,24,15.7,19.44,5.53,13.5,30.35,6.58,8,18.5,27.8,11,33.52,31.62,26.6,59.81,5.69,16.59,22.35,27.25,20,23.85,7.74,28,31,10,22,19.81
San Diego St.,TCU,-24.5,-19.68,-25,-25.32,-19.77,-29.08,-16.2,-24,-33.31,-21,-26.09,-22.5,-23.22,-23.84,-27.63,-28.18,-24.975,-24.86,-29.35,-34.5,-31.8,-32.11,-14.51,-25.95,-27.34,-23.07,,-24.95,-25,-25.76,-14,-22.21,-21,-20.12,-30,-24,-25,-24.5,-24.07,-25.79,-29,-31.55,-38.11,-25,-24.5,-29.5,-19.4,-31.26,-30.05,-24.53,-17.56,-15.69,-24.35,-25.15,-27.84,-30,-18.77,5.03,55,12,10,-20,-21.37
San Jose St.,Nevada,-14,-1.77,-11,-16.17,-7.8,-13.07,-0.71,-7,-20.74,-9,-9.28,,-2.78,-2.34,1.84,-13.35,-9.694375,-6.27,-13.25,-13.94,,-9.09,-5.97,-5.91,-6.32,-5.99,,-10.92,-9.28,-7.96,-3,-10.33,-10.03,-8.96,-9,-14,-11,-15.82,-11,-8.47,-14,-9.93,-31.7,-13,-13,-10.8,-10,-19.48,-9.86,17.83,-12.76,-10.9,-6.53,-12.5,-14.11,-9,-4.01,5.60,62,7,10,-17,-4.87
Stanford,Oregon,-6.5,-8.93,-13,-14,-7.53,-14.08,-10.62,-8,-10.43,-9,-11.7,-14,-6.89,-10.41,-9.04,-17.82,-10.7606,-8.13,-16.65,-11.38,-16.16,-15.48,-5.06,-8.69,-11.44,-7.68,,-13.4,-10.62,-16.41,-11,-9.43,-12.31,-11.01,-13,-5.5,-11,-8.28,-6.81,-9.69,-12,-11.3,-14.55,-4,-7.5,-14.4,-9.9,-9.31,-9.34,-7.7,-21.53,-6.12,-8.35,-12.65,-12.91,-12,-6.98,3.24,42,51,10,-6,-6.42
Temple,Miami (Ohio),17.5,19.27,17,27,16.95,22.02,19,15,18.22,17,16.63,17.5,19.89,10.96,23.42,18.23,19.207,18.27,19.75,30.56,24.27,24.15,19.59,18.02,13.72,21.21,,24.07,19.12,23.19,18,20.83,24.35,20.8,19,14,18,16.16,24.67,19.72,20.5,19.12,28.18,9,17.5,20.5,16,10.72,10.63,26.97,18,14.1,19.57,18.45,26.5,23,16.88,4.18,32,34,10,23,17.5
Tennessee,Memphis,25,24.72,30,28.88,30.11,33.03,19.29,29,35.9,20,34.16,22,31.38,13.93,28.81,38.24,26.9406,28.16,35.65,40.84,26.93,16.82,17.9,30.58,27.25,26.31,,28.38,27.4,19.79,18,25.23,20.84,18.71,30,26,28,26.15,29.8,18.41,19,36.01,36.31,19,25,33.9,37,36.12,40.12,27.55,4.67,16.4,27.4,19.9,29.17,25,26.33,6.65,28,56,10,22,27.16
Texas,Central Florida,34.5,25.97,34,33.71,30.14,34.98,22.95,32,38.03,25,30.23,30.5,29.92,31.58,28.47,42.72,32.0708,29.24,39.75,42.84,41.99,39.72,20.55,30.18,33.88,31.94,,31.13,31.94,35.08,25,30.75,28.98,26.37,40,36,32,33.09,29.17,33.26,23.5,34.19,29.93,33,34.5,38,40.4,39.85,35.88,20.29,17.54,28.15,33.99,23.1,32.27,38,27.88,5.23,3,35,10,28,34.21
Tulane,UTEP,-7,-3.16,-14,-7.73,-6.33,-14.05,0.83,-6,-17.24,-5,-15.12,-5.5,-7.6,-3.2,-12.28,-9.56,-7.9016,-8.57,-16.95,-3.69,-11.5,-4.53,-3.72,-9.06,-7.61,-3.12,,-3.77,-7.6,-0.72,-5,-0.62,-0.51,-0.42,-13,-10.5,-9,-10.06,-1.92,-13.1,-21,-13.68,-16.93,-3,-7,-15.6,4.4,-5.77,-9.1,-13.43,-21.62,-2.89,-10.62,-7.85,-8.27,-13,-4.5,5.52,38,45,10,-8,-6.21
Tulsa,Houston,0,-9.98,-6,-5.22,-5.98,-4.02,-14.25,-7,-4.56,-9,-9.38,-12.5,-5.74,-15.69,-0.14,-3,-6.9746,-11.31,-2.25,-31.91,-5.07,-9.5,-0.2,-8.99,-4.54,-11.02,,-16.89,-7,-18.14,-14,-17.53,-16.95,-15.93,3,-3,-8,-4,-17.09,5.37,2,-9.92,17.26,1,-1,-6.7,1.9,-8.7,-6.63,-2.73,-16.56,-3.43,-0.81,-14.8,-16.23,3,-8.46,7.05,46,45,10,-4,-6.71
UAB,Florida Atlantic,6.5,6.6,4,3.96,0.71,4.24,8.42,5,6.19,7,1.51,6.5,4.87,9.64,10.53,0.25,5.2462,6.59,5.15,8.84,8.55,5.35,4.87,3.61,3.88,7.79,,5.96,5.19,9.02,3,7.62,7.97,8.27,5,6.5,5,4.2,6.23,4.26,3,2.24,21.24,0.01,6.5,5.6,9.2,-9.47,2.29,17.2,1.79,2.22,6.75,1.7,5.38,7,5.19,3.96,29,56,10,3,5.42
UCLA,Washington,4,2.56,7,4.21,3.48,5.57,0.79,7,7.23,3,1.71,2,4.23,1.26,7.34,5.06,3.9214,3.44,4.55,-0.47,-1.14,4.91,3.62,4.16,4.74,4.06,,0.61,4.06,0.3,2,-0.34,-0.23,-0.16,10,3.5,5,4.86,1.94,9.57,5,4.45,5.97,5,4,3,10.8,7.28,4.61,5.37,-0.79,2.49,6.95,-0.8,1.17,1,4.3,2.79,23,24,10,4,4.38
UNLV,Colorado St.,1.5,-0.71,2,-1.84,-1.17,1.59,-0.29,1,-1.3,2,-1.61,0.01,-1.16,-3.27,-1.62,-3.53,0.0266,-0.8,0.01,-4,3.77,5.42,-2.46,-2.61,3.75,2.05,,-0.96,0,-0.63,-3,0.64,0.37,1.06,1,-1.5,3,2.28,0.22,2.32,-2,-5.62,6.3,3,1.5,3,-7.1,0.49,-4.89,-2.15,-1.51,5.85,1.49,-3.1,-2.34,-1,0.54,2.78,16,35,10,2,-0.54
Utah,New Mexico,27.5,33.34,29,39.18,29.22,33.09,34.53,35,34.76,27,34.32,31,32.35,45.6,28.3,37.32,33.4302,34.13,30.95,51.03,34.37,38.53,18.84,33.04,29.91,37.29,,41.93,33.04,49.15,23,40.74,42.49,43.01,31,28,32,28.1,37.13,30.51,40,34.72,42.42,24,28.5,28.9,30,29.82,35.92,17.45,39.2,21.43,27.31,31.9,39.18,33,30.73,6.06,14,45,10,30,31.15
West Va.,Louisville,17,13.27,11,21.84,14.33,15.13,12.64,14,19.29,13,17.98,14,13.89,6.67,16.56,20.11,15.0154,11.33,16.65,25.34,14.89,17.64,15.15,12.32,13,13.1,,17.85,14.48,15.94,5,15.73,17.32,14.57,18,15,16,15.35,20.66,12.61,18,13.14,35.02,12,17,11.8,15,11.6,12.6,19.64,2.48,11.4,15.76,12.85,17.45,20,11.14,4.40,9,17,10,18,12.54
Western Kentucky,Troy St.,-24,-22.7,-34,-26.92,-19.84,-27.58,-26.88,-31,-28.36,-28,-28.67,-30.5,-18.9,-27.02,-18.61,-27.88,-25.84142857,-26.13,-29.45,-28.97,-27.55,-30.03,-11.6,-21.42,-19.18,-26.08,,-32.11,-26.82,-42.32,-17,-26.82,-30.59,-28.72,-26,-24,-28,-20.64,-20.72,-25.42,,-24.69,-19.28,-21,-24,-31.6,-12,-37.05,-31.92,-8.24,-28.99,-12.92,-23.44,-29.1,-27.99,-26,-24.54,6.11,40,20,10,-25,-19.7
Wyoming,BYU,-14,-10.8,-7,-13.13,-11.1,-7.9,-6.8,-8,-13.75,-8,-15.74,-10.5,-14.54,-11.66,-14.08,-12.5,-10.9188,-9.81,-10.35,-24.03,-10.49,-14.17,-10.99,-10.34,-10.2,-7.86,,-12.3,-11,-9.14,-19,-10.19,-10.11,-8.65,-12,-10.5,-11,-11.89,-15.08,-12.65,-9,-14.98,-14.01,-14,-13.5,-4.1,10.6,-12.79,-19.3,-16.69,-3.79,-10.03,-12.66,-11.65,-13.01,-13,-9.08,4.28,52,0,10,-10,-12.1
Air Force,UNLV,17,13.79,19,26.28,14.46,15.02,9.52,18,19.58,15,18.54,13.5,18.27,7.03,18.6,22.28,16.005882353,17.66,19.05,20.81,21.67,13.25,13.56,16.05,14.99,14.22,16.14,13.38,16.03,12.7,10,10.56,11.12,10.77,19,17,18,11.12,17.39,16,17,18.21,19.6,13,17,18.6,27.5,22.18,14.79,26.29,2.38,2.66,17.45,9.4,15.76,20,12.5,4.49,17,45,11,18,16.27
Akron,Temple,-4.5,-10.47,-7,-11.38,-5.79,-9.49,-16.09,-2,-11.58,-7,-7.29,-9.5,-5.61,-11.23,-7.86,-6.84,-8.82,-11.35,-6.55,-25,-6.91,-17.33,-8.49,-7.93,-4.51,-12.32,-6.95,-16.04,-7.89,-18.08,-11,-13.55,-17.13,-13.93,-4,-7,-6,-8.28,-15.76,-4.73,-3,-8.21,-7.31,-1,-5.5,-6.4,-0.01,-4.89,-6.01,-11.91,-6.66,-4.97,-4.09,-16.25,-21.19,-6,-8.5,4.71,56,17,11,-8,-5.3
Arkansas,Troy St.,14,11.54,16,12.87,15.72,17.51,7.98,8,19.48,9,15.12,6.5,15.32,10.69,20.01,20.39,11.597843137,12.8,18.25,17.72,12.7,3.55,5.82,13.38,19.54,10.73,8.23,5.43,11.9,2.36,11,5.39,0.31,2.84,15,15,17,15.94,8.9,8.06,6.5,18.74,-4.43,8,14,15.7,22,10.49,25.04,26.6,1.78,12.4,15.12,3,6.3,14,12.27,6.06,20,56,11,8,14.94
Baylor,Texas,-23.5,-18.27,-26,-28.19,-19.5,-26.01,-16.08,-23,-24.68,-23,-30.05,-22.5,-21.4,-24.06,-29.68,-32.29,-23.54372549,-21.52,-27.35,-27.81,-24.81,-33.07,-15.44,-21.67,-22.25,-20.98,-21.12,-26.41,-23.28,-25.95,-27,-19.63,-22.44,-20.71,-23,-25,-23,-18.95,-20.59,-26.12,-21,-26.74,-9.03,-20,-23.5,-28.9,-29.7,-28.99,-26.9,-26.1,-16.61,-13.22,-24.45,-23.55,-29.13,-25,-16.49,4.71,47,14,11,-23,-20.86
Boise St.,Idaho,32,21.54,29,25.76,23.02,31.86,19.24,25,34.6,29,27.4,23.5,23.55,30.63,39.65,38.54,26.886666667,28.66,28.55,31.97,32.28,23.3,17.09,26.95,26.19,23.26,21.84,21.65,26.09,21.43,18,17.54,16.33,19.07,37,28.5,30,26.1,23.06,32.32,35.5,31.7,36.9,26,31.5,28,31,29.84,33.34,34.67,16.9,17.59,32.48,16.2,24.7,35,22.28,6.13,25,63,11,25,29.88
Buffalo,Ohio,-1.5,-1.94,3,-0.59,-1.35,2.2,-2.09,-4,0.48,-2,0.01,-4,-1.79,-3.02,-0.65,-2.53,-0.876078431,0.7,2.75,-5.42,-6.78,-9.32,2.66,-2.87,2,-3.98,-2.42,-5.58,-1.87,-3.41,-3,-4.81,-5.27,-4.35,3,-1.5,1,1.93,-3.96,7.15,2.5,-3.6,-7.35,4,-1.5,2,12,5.36,1.08,-1.64,-1.14,3.39,2.45,-8.55,-6.67,4,-0.97,4.13,27,24,11,-2,-0.56
California,Arizona,3,-0.99,-3,0.01,0.73,-1.4,-0.18,1,0.01,2,-0.31,1,-1.69,0.46,1.52,4.17,0.1017647059,-0.58,-1.85,-2.22,5.04,8.51,-1.63,-2.03,7.07,0.48,-1.63,-2.12,-0.44,-1.21,-3,-0.69,-1.73,-0.01,5,-2,2,2.1,-1.31,2.98,-1,-4,9.26,1,2.5,-3.4,-2.3,-8.88,-6.23,3.56,-0.86,4.19,3.59,-3.85,-4.55,4,-0.62,3.52,16,24,11,-1,5.36
Central Florida,Houston,-4.5,-8.13,-3,-7.82,-5.49,-2.2,-10.28,-5,-6.29,-9,-7.9,-12,-6.39,-9.04,-7.96,-5.25,-7.479019608,-6.01,-2.65,-23.08,-6.57,-14.8,-1.98,-5.01,-9.13,-8.38,-5.87,-12.24,-7,-13.99,-21,-12.78,-11.98,-11.51,-4,-7,-6,-6.65,-13.1,-3.66,-0.5,-4.32,-4.41,-9,-5,-4.1,-6,-8.16,-5.76,-9.55,-4.42,-7,-3.62,-12.15,-11.49,-3,-5.79,3.96,32,37,11,-7,-9.72
Central Mich.,Toledo,16,19.8,17,21.2,17.65,18.56,18.2,23,19.2,24,25.4,18.5,21.44,13.11,26.52,22.19,19.190980392,19.83,21.15,29.19,14.18,20.83,10.35,20.16,19.22,18.84,24.09,18.11,19.21,21.6,10,16.08,17.7,18.83,22,17,24,14.42,22.58,22.11,15.5,23.35,29.34,13,16.5,21.5,16,18.16,21.85,31.69,4.42,9.64,18.68,15.65,19.22,22,16.64,4.03,28,56,11,17,16.78
Cincinnati,West Va.,9,15.54,13,16.45,12.13,8.84,17.96,17,10.42,20,15.8,18,14.07,21.99,11.06,14.81,13.845294118,18,13.05,15.61,15.7,13.89,6.87,16.03,12.3,17,16.8,14.49,14.16,24.72,7,14.26,13.33,16.85,12,8.5,14,8.33,12.24,10.32,9.5,14.89,4.25,11,10,12.7,16.1,20.22,15.86,11.39,16.2,6.25,10.95,9.7,15.48,9,14.63,3.96,21,24,11,13,13.66
Duke,Georgia Tech,-13,-13.69,-10,-13.33,-12.49,-10.16,-13.62,-16,-10.41,-16,-12.2,-16.5,-13.79,-7.46,-9.64,-16.4,-12.44960784,-6.59,-9.35,-24.33,-14.57,-17.42,-8.18,-11.2,-12.52,-12.69,-9.27,-18.76,-12.84,-18.86,-13,-17.88,-18.25,-17.67,-8,-8.5,-10,-6.69,-16.14,-13.75,-3.5,-13.1,-22.95,-11,-13,-7.3,-4,-13.42,-19.05,-18.33,-3.56,-2.96,-11.59,-17.9,-15.54,-10,-8.35,4.36,49,10,11,-7,-11.48
Eastern Mich.,Western Mich.,-12.5,-12.57,-10,-11.26,-8.15,-6.55,-17.45,-9,-0.78,-16,-15.25,-13.5,-8.1,-26.35,-11.18,-14.16,-10.96627451,-10.29,-8.45,-7.97,-14.6,-9.66,-6.18,-9.41,-11.07,-10.89,-9.38,-13.52,-10.98,-27.54,-17,-9.01,-11.83,-15.66,-8,-10,-14,-0.94,-3.41,-9.24,-4,-12.58,-13.84,-7,-12.5,-7.5,1.6,-14.06,-12.84,-8.4,-40.18,-1.11,-10.59,-15.25,-12.29,-10,-9.36,5.18,35,14,11,-12,-9.02
Florida Atlantic,Arkansas St.,-3.5,1.55,-2,-2.52,-2.44,-3.09,7.93,1,-0.18,-2,-8.37,-1,-4.93,5.42,-1.05,-2.76,-0.825294118,-0.61,-2.55,3.06,-6.73,4.23,1.16,-1.9,-0.32,3.74,-0.4,0.9,-1,7.57,-1,2.66,2.95,3.85,-3,-4,0.01,1.7,2.35,-3.62,4,-5.6,-9.89,-1,-3,-3.1,-9.7,4.99,-0.85,-2.54,1.65,3.58,-2.44,-2.8,0.01,-6,0.33,3.93,18,35,11,-5,-1.47
Florida Intl.,North Texas,3,6.76,5,0.59,3.42,7.68,6.76,8,6.72,9,5.4,8.5,6.78,9.3,6.31,5.81,5.3196078431,3.79,7.25,5.19,3.12,1.3,4.55,7.06,7.6,6.36,6.4,5.77,5.81,9.14,5,5.74,5.81,6.88,12,3,7,5.49,4.75,10.9,7,6.06,-20.8,7,3.5,7.6,3.4,-0.95,2.77,-5.4,11.36,4.26,12.83,2.35,4.71,3,2.15,4.59,28,35,11,3,5.47
Georgia,Auburn,4,2.54,-2,-5.63,-0.27,2.68,2.66,1,8.34,3,-1.54,1,2.43,2.66,4.69,4.23,1.6762745098,0.26,1.25,0.97,0.84,3.16,-2.47,0.97,6.65,2.01,0.48,-0.4,1.5,2.13,2,1.75,0.01,0.88,7,4.5,3,6.51,0.24,9,1,-0.84,9.91,5,4,0.1,-7.5,3.21,2.45,4.36,0.23,4.68,4.24,-2.55,-2.68,1,0.7,3.28,24,31,11,1,3.22
Hawaii,New Mexico St.,19,11.39,21,11.95,13.54,17.08,7.11,15,17.68,11,15.48,9,16.2,4,13.82,20.65,13.980196078,14.35,18.95,10.75,17.75,11.14,6.83,14.95,14.08,11.3,9.8,7.69,13.68,7.72,7,5.53,4.75,6.76,15,15,18,14.33,8.11,15.23,17.5,17.17,31.12,17,18,19.8,16.9,30.93,22.21,12.24,2.42,10.97,17.59,3.5,10.44,18,13,5.94,6,24,11,13,13.02
Illinois,Northwestern,5,0.34,4,-4.13,3.16,2.13,-1.75,1,4.93,-0.25,-0.38,-4,2.22,-2.14,2.68,8.81,0.9978431373,2.32,3.95,-7.5,7.26,-3.74,-0.97,1.64,1.35,-0.01,-1.84,-3.23,1.49,-3.6,-3,-3.98,-5.62,-4.44,6,5.5,5,4.02,-3.69,2.78,-1,1.77,14.95,7,4.5,3.1,-8.4,2.67,4.46,-2.43,-1.44,3.11,4.34,-4.95,-4.66,5,1.68,4.37,21,16,11,-1,6.02
Iowa St.,Colorado,5,6.87,1,7.8,5.92,2.12,6.93,9,-0.11,8,1.54,8.5,6.81,8.35,5,3.92,5.848627451,9.8,3.75,11.67,4.68,11.52,4.89,7.15,6.64,10.44,7.31,7.57,6.65,9.58,2,8.11,9.05,9.24,5,4.5,2,2.55,9.87,-2.68,2.5,6.65,7.33,1,5,1.8,11,4.68,4.67,0.74,1.27,5.21,4.4,5.4,7.55,5,9.87,3.17,10,17,11,6,6.65
Kansas,Nebraska,-4,-3.35,-9,-4.68,-7.35,-6.47,-1.09,-6,-6.56,-6,-8.93,-4.5,-7.9,1.63,-7.45,-2.2,-5.060784314,-4.89,-10.25,-12.44,-1.94,-1.11,0.55,-5.96,-10.22,-4.44,-10.39,-6.83,-4.78,-2.21,-7,-3.7,-3.69,-2.52,-3,-3,-7,-4.25,-6.79,-4.33,-5,-9.91,-6.47,3,-4,-8.6,-2.8,-1.56,-7.16,-0.47,-0.96,-1.94,-4.17,-6.6,-8.15,-3,-4.27,3.09,31,17,11,-4,-2.9
Kansas St.,Missouri,-1,1.82,6,5.57,-1.25,4.04,1.69,7,1.11,2,-1.64,2.5,1.96,3.45,4.13,-0.51,1.218627451,6.3,2.35,-0.94,-2.22,-4.74,-1.17,3.17,1.26,3.97,0.71,0.76,1.49,2.32,-1,1.68,1.51,2.51,-2,2.5,4,0.33,2.07,-3.59,-3.5,1.36,-11.43,-5,-0.5,8.6,1.1,1.47,-3.05,10.85,-0.15,-0.45,-1.38,0.45,0.25,6,2.44,3.53,38,12,11,4,-0.47
LSU,Louisiana Tech,23.5,24.33,19,21.26,18.74,23.93,28.65,20,22.81,20,21.95,19.5,20.02,30.6,20.84,33.77,22.986862745,21.85,21.35,43.17,25.37,32.84,15.75,20.18,24.23,26.56,23.9,28.63,22.66,32.54,15,29.56,28.59,28.09,25,24,24,19.23,30.68,17.47,9.5,20.81,24.11,20,23.5,20.7,29.4,19.53,21.72,24.89,19.35,15.65,20.05,22.5,27.45,25,20.02,5.02,16,24,11,17,22.9
Louisiana-Monroe,Western Kentucky,21,25.57,22,29.36,20.36,21.84,29.16,33,20.47,33,25.68,28.5,22.46,32.52,20.16,29.99,24.2202,24.54,24.25,18.78,25.15,24.75,11.26,21.23,21.59,27.73,27.85,25.64,24.09,42.27,14,24.04,26.54,27.7,26,19,24,18.7,17.67,21.41,,22.24,30.06,20,21.5,24.7,8,31.8,26.88,31.57,26.52,16.93,22.88,23.15,23.61,18,22.7,5.70,18,21,11,24,22.37
Louisville,Syracuse,7,4.05,12,5.45,1.79,4.63,2.47,10,5.32,5,-1.77,5,5.49,0.34,5.24,11.18,5.1764705882,8.35,3.05,3.67,8.91,9.69,1.6,8.17,6.61,5.95,1.37,1.25,5.14,4.61,-14,1.96,2.65,3.4,7,10.5,5,4.76,4.11,9.97,1,6.92,15.62,10,7,7.2,5.5,10.31,6.83,3.43,-0.05,4.21,6.32,-1.95,2.54,5,5.04,4.50,9,10,11,6,5.62
Marshall,Southern Miss.,-3,3.62,-4,-3.44,0.94,1.06,6.45,3,-6.72,2,-3.86,1.5,0.7,3.01,1.99,1.6,0.1733333333,2.77,2.65,3.78,-5.18,0.13,1.31,1.54,-1.45,5.15,5.17,4.2,1.41,6.65,3,4.69,6.34,5.49,-5,-3,-1,-2.88,3.76,-3.15,-6.5,-0.78,-10.64,-8,-2.5,1.5,-7,-3.18,-1.39,-3.76,-0.2,0.95,-0.63,0.9,1.69,2,4.1,4.07,27,20,11,-3,-2.1
Maryland,Virginia Tech,-18.5,-19.34,-13,-28.02,-22.77,-13.17,-15.75,-18,-12.8,-22,-24.66,-20,-24.1,-7.57,-19.63,-24.42,-18.2545098,-12.6,-13.25,-34.81,-11.27,-10.55,-12.06,-21.85,-11.38,-15.49,-16.54,-25.93,-19.17,-21.92,-21,-22.7,-25.43,-19.36,-15,-16,-12,-8.58,-24.81,-18.83,-12,-26.45,-32.99,-14,-18.5,-11.9,-20.9,-18.25,-24.51,-11.83,-4.25,-4.36,-19.06,-22.85,-29.23,-15,-14.99,5.99,36,9,11,-15,-19.29
Memphis,UAB,-1,-2.51,-5,-4.62,-0.76,-5.55,-3.72,-4,-3.74,-4,-3.25,-4,-1.36,-1.39,-1.39,0.79,-3.315490196,-5.89,-7.15,-5.89,3.64,0.65,0.17,-2.92,-3.35,-5.6,-3.52,-5.97,-3.35,-6.98,-2,-4.54,-5.53,-4.33,-1,-3.5,-3,-1.52,-3.34,-0.91,-5,-2.67,-7.01,3,-1.5,-9.3,-2.7,0.87,-3.12,-5.08,-1.95,0.7,-0.74,-7.25,-7.58,-11,-3.93,2.93,31,21,11,-2,-0.29
Miami (Ohio),Bowling Green,-3.5,-7,-2,-10.17,-6.26,-5.2,-5.93,-5,-7.23,-9,-11.32,-7.5,-8.11,-2.1,-11.88,-9.45,-6.970392157,-3.8,-5.65,-11.61,-2.08,-5.52,-6.22,-6.31,-1.51,-6.81,-5.82,-9.22,-6.89,-10.1,-9,-7.4,-9.78,-9.25,-6,-4.5,-4,-7.1,-6.57,-8.83,-11,-9.17,-16.62,-5,-4.5,-2.8,-8.1,1.01,-5.37,-0.43,-2.08,-6.97,-9.42,-11,-10.64,-10,-4.62,3.22,35,14,11,-5,-6.77
Middle Tenn.,Louisiana-Lafaye,13,12.23,14,11.01,12.23,13.68,11.79,13,10.04,11,16.56,8.5,12.76,8.74,16.87,16.97,12.470588235,13.07,17.45,15.83,10.43,9.9,8.01,13.39,7.99,11.62,11.03,9.75,11.96,11.66,10,8.46,8.95,9.1,14,10.5,12,8.01,12.33,10.99,15,15.83,27.89,9,13,12.6,18,18.58,19.69,20.55,3.26,5.98,12.66,6.05,13.16,14,11.03,3.79,17,34,11,11,12.02
Mississippi,Tennessee,5.5,2.3,-4,2.18,0.38,1.12,2.97,4,8.93,3,-3.81,1,1.29,0.86,3.82,-1.24,2.1158823529,-1.4,-0.35,-0.5,-3.02,8.35,5.81,1.71,5.93,3.69,-0.57,1.45,1.73,5.13,1,1.75,3.31,3.83,2,3.5,0.01,8.2,2.24,3.23,14.5,-1.13,10.72,4,4.5,0.6,-9.1,-0.11,-0.95,2.98,0.11,7.46,3.7,1.3,-0.74,7,0.28,3.96,17,42,11,4,3.48
Mississippi St.,Alabama,-12,-13.01,-10,-20.82,-13.46,-15.54,-13.45,-14,-13.03,-17,-15.35,-18,-12.55,-18.75,-17.8,-15.41,-14.4,-9.13,-15.75,-17.92,-17.01,-24.1,-13.15,-11.09,-9.08,-16.08,-12.35,-18.76,-13.96,-21.2,-2,-14.53,-18.68,-17.81,-13,-14,-10,-10.84,-13.34,-15.93,-14,-13.93,-13.3,-12,-12,-10,-21,-9.52,-13.38,-24.8,-25.32,-8.64,-13.68,-19.6,-20.22,-15,-12.37,3.98,31,3,11,-14,-12.6
NC St.,Clemson,-8,-12.42,-9,-9.85,-14.22,-13.37,-10.79,-14,-7.9,-12,-14.93,-12,-14.79,-5.92,-12.86,-15.27,-11.26980392,-12.06,-11.15,-22.64,-5.72,-5.48,-5.35,-15.32,-11.19,-10,-12.44,-16.69,-12,-13.22,-12,-10.68,-12.17,-9.69,-8,-4.5,-10,-5.73,-15.58,-9.52,-3.5,-19.26,-15.62,-6,-9,-12.3,-12.3,-8.94,-16.91,-20.13,-3.18,-3.56,-11.55,-12.65,-19.08,-10,-11.91,3.67,43,23,11,-6,-10.6
Nevada,Fresno St.,7.5,-4.5,0.01,-2.74,1.89,7.71,-4.88,2,8.13,1,-6.43,-6.5,-4.1,-1.82,0.88,-0.94,1.7229411765,-1.86,9.75,-8.42,5.75,10.21,3.19,-0.2,1.92,-0.68,-2.16,-1.48,0.18,-6.82,5,0.36,-1.32,-1.02,7,7.5,4,7,-1.31,4.01,8.5,0.66,20.57,6,6.5,6.3,-0.9,14.43,-4.5,2.13,-3.28,5.86,-0.12,-2.85,0.46,9,-2.05,5.48,14,52,11,4,-1.55
New Mexico,BYU,-27,-26.86,-30,-34.73,-25.73,-23.67,-25.48,-29,-33.02,-32,-34.73,-27,-28.35,-31.31,-36.01,-32.31,-28.23607843,-26.26,-30.25,-41.92,-30.39,-26.85,-15.51,-28,-25.71,-27.95,-31.62,-33.34,-29,-37.58,-29,-29.13,-31.37,-29.85,-24,-28,-29,-24.68,-28.09,-23.8,-30,-35.51,-15.38,-20,-27,-25.6,-13,-30.59,-38.56,-59.05,-20.74,-16.34,-25.51,-32.95,-36.08,-30,-22.02,5.57,24,19,11,-27,-23.6
North Carolina,Miami (Fla.),-3,-4.43,-3,-4.86,-5.54,-3.83,-3.19,-2,1.5,-2,-3.93,-3,-5.7,-0.19,-0.01,-7.6,-3.545882353,-2.16,-7.65,-7,0.15,0.43,-5.33,-4.91,-1.85,-3.16,-1.89,-6.34,-3.88,-5.23,-4,-4.6,-6.27,-3.94,-4,-5.5,0.01,-0.59,-4.35,-2.44,-3.5,-7.36,8.93,-3,-3,-2.8,-9,-5.18,-9.84,5,-1.63,-2.67,-0.75,-7.6,-6.78,-3,-3.79,3.03,24,33,11,-2,-4.19
Northern Ill.,Ball St.,17,23.2,16,24,20.03,13.39,23.99,31,13.53,23,15.53,22.5,22.94,25.29,19.23,20.12,19.523529412,16.29,20.35,24.86,19.85,14.06,10.69,21.23,12.14,21.96,21.81,25.75,20.3,33.4,18,25.09,27.97,27.78,18,17,15,10.19,21.44,11.19,8.5,22.34,20.24,13,17,15.7,24,21.14,21.6,18.97,28.04,6.85,14.35,21.45,25.02,14,18.44,5.52,20,26,11,20,17.32
Ohio St.,Iowa,16.5,4.43,16,8.75,8.43,15.34,-1.09,9,10.31,5,14.48,3,10.51,-3.5,2.84,17.09,8.3974509804,5.97,17.45,2.83,11.24,-10.78,3.3,7.73,13.88,6.08,8.26,3.14,8.29,-2.8,3,0.71,0.29,-0.3,17,13,15,8.78,5,13.54,8.5,9.3,28.23,8,15.5,21.1,8.7,16.28,8.33,-3.54,-1.31,7.24,9.5,-1.5,3.75,18,7.1,7.09,24,27,11,12,9.44
Oklahoma,Texas A&M,20,10.44,17,15.42,12.21,20.39,7.1,12,23.03,17,16.45,12.5,17.22,3.77,28.97,24.25,16.533921569,12.21,23.45,17.86,17.95,15.21,9.86,17.88,17.86,10.55,18.3,10.4,15.71,8,11,6.85,8.33,7.94,26,16,16,18.99,13.56,30.19,28.5,20.83,26.3,22,19.5,14.4,18.1,22.27,24.52,13.19,0.89,14.95,23.4,5.8,12.38,27,11.75,6.56,10,65,11,15,19.74
Oklahoma St.,Texas Tech,4.5,6.1,2,6.64,4.06,2.43,9.12,3,-4.77,10,0.49,7,1.89,7.59,-4.31,3.64,4.6029411765,2.53,4.45,7.39,2.22,7.23,4.27,0.32,5.12,7.04,9.32,7.77,4.22,11.17,5,10.84,9.56,9.42,3,4,4,-0.95,7.89,0.72,-2,-3.46,22.11,3,4.5,8.6,9.7,3.94,0.67,-19.7,2.01,2.86,2.33,5.25,4.17,5,2.99,4.57,17,24,11,2,-1.16
Oregon,Arizona St.,18,17.52,19,20.29,16.72,20.97,17.45,23,19.23,17,19.63,17.5,17.71,8.95,21.16,23.96,18.811960784,17.91,24.35,25.81,23.51,23.07,12.89,18.43,15.58,19.62,19.72,21.95,19.18,22.88,11,19.78,22.26,18.9,20,17,17,15.54,21.96,17.58,18,19.73,24.63,13,18,22.9,14.6,23.48,16.77,26.09,3.53,11.84,19.14,16,22.82,23,15.33,3.63,21,44,11,15,15.69
Oregon St.,Washington,13,9.29,11,16.46,7.64,18.52,10.94,13,19.25,13,8.59,13,7.83,7.52,12.21,12.63,13.232941176,11.64,16.65,20.5,9.45,14.82,6.79,10.36,16.61,13.26,13.21,12.1,12.78,13.64,5,11.88,14.34,12.45,19,10,17,13.44,16.6,20.1,19,9.02,26.89,15,13,15.7,23,17.39,11.75,8.48,1.72,7.62,12.16,9.85,12.93,16,9.97,4.33,21,48,11,13,8.82
Penn St.,Indiana,25,19.52,18,28.46,19.37,22.66,16.68,20,21.35,20,24.94,17.5,22.89,12.71,27.94,26.98,21.764313725,17.56,23.65,35.94,27.5,22.3,15.21,17.78,18.93,19.5,21.87,22.82,21.61,20.49,11,20.97,23.04,20.36,27,17.5,17,19.13,27.25,22.63,27,19.4,36.67,24,24.5,19.9,22.7,28.22,24.59,25.96,3.42,16.92,23.88,17.75,24.36,30,15.41,4.69,20,31,11,23,22.32
Pittsburgh,Notre Dame,7,7.91,12,10.69,6.23,11.5,9.07,14,12.5,11,8.51,11.5,6.54,5.5,10.56,7.61,10.160196078,11.87,11.45,14.47,3.42,7.97,7.03,10.45,12.33,12.71,11.77,9.75,10.21,13.21,3,8.67,9.4,9.97,13,6.5,14,9.61,11.08,11.2,14,8.88,22.43,5,7.5,16.4,12.6,14.18,5.31,21.84,2.1,6.73,7.98,7.2,9.65,12,9.66,3.44,22,27,11,11,5.75
Purdue,Michigan St.,-3,-2.02,-5,-3.3,-2.27,-4.42,0.38,1,-1.57,-0.25,-6.72,0.01,-4.82,0.31,-2.48,-1.54,-2.43372549,-2.3,-5.35,-4.72,2.04,-5.67,-1.81,1.51,-2.28,1.71,-0.64,-0.86,-2.1,0.46,-4,2.31,0.93,1.22,-2,0,-4,0.1,-1.59,-9.03,4,-2.85,-17.01,-3,-3,-6.1,-9,-2.18,-3.48,-2.29,-0.81,1.77,-4.34,-4.35,-0.74,-3,-1.29,3.48,40,37,11,-2,-3.51
Rice,Tulane,2.5,-2.96,4,-6.29,-1.31,7.37,-8.86,1,2.25,-8,-5,-5,3.26,-20.37,-2.56,-2.18,-0.973921569,-4.6,2.45,-3.03,-5.4,10.73,2.27,1.78,5.81,-4.71,-5.62,-9.74,-2.09,-16.12,-5,-8.94,-10.88,-10.12,9,3,-2,4.58,-0.37,10.58,14,1.63,16.71,3,2.5,5.3,-6,-0.72,1.86,-11.08,-35.92,6.9,8.21,-10.75,-6.19,4,-2.94,7.38,20,28,11,-3,-0.15
Rutgers,South Florida,0,-2.78,5,-1.6,-2.94,6.72,-2.23,4,7,1,11.34,1,-3.28,3.24,-4.17,-8.27,0.6631372549,0.59,-1.55,0.36,1.14,-3.19,0.47,0.35,1.9,2.99,-0.64,-1.53,-0.19,-1.73,-4,0.64,0.45,-0.59,4,3,0.01,5.56,-0.44,3.64,10,-0.65,-11.83,-2,0,6,9.6,-0.85,-2.74,-8.5,-1.67,4.11,-0.61,-3.05,-0.38,3,1.32,4.24,0,31,11,1,-0.64
SMU,UTEP,6.5,12.42,10,13.82,9.44,9.37,14.04,15,9.14,14,6.08,12.5,11.04,10.55,17.71,8.87,10.061960784,11.24,5.55,16.58,9.88,12.39,2.37,12.14,8.31,12.1,10.32,14.15,10.44,15.63,7,12.23,13.75,13.89,6,6,12,7.65,13.15,-0.01,3,11.33,21.9,3,7.5,6.9,-0.3,9.62,14.15,23.54,3.08,6.15,7.45,8.9,11.86,8,8.58,4.23,31,35,11,8,8.55
San Diego St.,Wyoming,7,6.71,0.01,7.03,4.71,1.25,3.85,3,-2.65,5,5.49,5,9.39,3.34,5.85,4.29,3.7823529412,5.13,4.45,5.25,6.9,-2.44,3.84,5.21,-1.66,4.4,7.32,2.81,4.3,4.05,14,3.15,2.92,4.31,3,1,0.01,-2.51,4.22,-0.65,-2,5.68,14.74,1,6.5,4.5,-7.6,7.38,6.89,2.08,0.73,-2.38,5.49,-0.1,3.88,4,5.3,3.91,30,27,11,7,5.87
South Carolina,Florida,-17.5,-15.35,-16,-21.37,-14.09,-19.18,-14.9,-17,-19.57,-17,-20.14,-17.5,-15.8,-21.56,-17.88,-21.26,-17.27745098,-15.21,-18.55,-19.92,-19.51,-21.07,-8.92,-15.96,-12.84,-15.88,-17.04,-17.47,-17.02,-23.07,-18,-12.85,-14.9,-16.19,-19,-15,-18,-15.26,-12.06,-22.56,-16,-19.86,-30.05,-17,-17.5,-17,-17.9,-13.82,-13.9,-14.06,-27.5,-10.95,-18.41,-16.55,-21.99,-19,-13.98,3.50,24,14,11,-16,-15.06
TCU,Utah,20,15.36,17,19.82,15.69,14.86,12.52,17,18.72,15,19.12,14.5,18.08,13.44,20.71,21.19,15.796470588,16.61,18.65,13.89,13.52,9.81,7.89,20.78,15.29,17.52,19.57,15.22,15.78,17.54,10,11.88,12.15,12.17,16,16,14,11.46,10.7,8.02,10.5,24.11,27.92,14,19.5,19.2,9,26.48,21.69,22.5,14.1,4.19,17.84,11.6,18.24,19,13.86,4.64,28,55,11,14,16.66
Tulsa,East Carolina,5,-1.74,5,3.9,1.95,1.7,-5.69,1,8.99,1,1.45,0.5,2.34,-6.05,4.24,2.19,1.1076470588,-2.69,5.15,-7.72,3.69,3.68,3,-1.36,6.52,-1.8,-2.15,-3.09,1.45,-5.75,-4,-2.72,-4.64,-4.52,8,7,2,6.03,-2.05,6.83,0,-3.14,1.92,7,4.5,1.3,9.7,-0.51,0.71,3.33,-3.42,3.08,4.18,-6.9,-3.84,6,0.43,4.13,44,17,11,4,2.68
USC,Stanford,10.5,8.68,3,11.77,4.6,3.99,9.6,7,16.4,11,3.26,11.5,7.65,4.02,16.86,14.79,8.6066666667,3.91,3.05,13.06,16.53,16.86,5,7.8,7.16,8.04,13.9,8.15,8.1,12.88,6,9.3,10.16,10.87,13,10,7,13.81,8.74,13.45,15.5,5.15,0.45,13,10.5,-1.6,9.6,2.73,6.45,14.32,1.51,11.23,11.74,4,7.78,11,3.63,4.51,55,21,11,8,11.36
Utah St.,San Jose St.,12.5,5.51,9,13.78,10.12,8.49,-0.17,11,17.89,10,11.86,6,11.23,2.7,11.63,13.23,9.1682352941,6.01,13.45,2.36,13.86,-5.62,6.88,10.62,6.92,8.29,7.94,4.53,8.45,0.01,3,0.22,-0.41,1.97,10,12.5,8,12.7,4.63,8.4,14,15.06,31.07,8,12,11.1,13.9,21.97,15.98,11.03,10.39,7.51,13.07,2.75,7.56,12,7.2,6.10,9,24,11,16,10.44
Vanderbilt,Kentucky,-3,-12.36,-4,-9.82,-7,-4.1,-15.64,-6,-4.13,-7,-11.66,-8.5,-9.01,-24.68,-19.13,-9.97,-7.763333333,-10.53,-3.65,-24.58,-1.55,-7.57,-5.51,-7.5,0.91,-10.73,-7.8,-12.7,-7.54,-17.99,-7,-11.66,-12.6,-12.7,-1,-3,-4,-2.83,-14.07,1.5,-6,-9.82,-4.74,-1,-3.5,-2.5,-1.5,-3.85,-8.46,-34.05,-29.08,-1.53,-3.44,-14.2,-14.94,-4,-7.81,5.39,24,13,11,-6,-2.99
Virginia,Boston College,-4,-5.41,-7,-11.58,-8.4,-9.49,-4.75,-12,-8.85,-9,-6.17,-7,-6.25,-3.39,0.27,-6.74,-6.745882353,-3.44,-10.75,-15.89,-0.17,-6.86,-1.68,-1.59,-5.8,-5.53,-4.52,-10.54,-7,-8.34,-13,-10.05,-9.23,-10.5,-8,-5.5,-9,-6.16,-11.32,-11.62,-4,-3.76,11.93,-7,-4.5,-13.8,-10.1,-8.33,-2.72,2.69,-1.68,-3.47,-4.2,-11.45,-6.62,-7,-3.98,4.24,14,10,11,-8,-6.84
Wake Forest,Florida St.,5,-1.21,8,1.62,2.46,1.7,-2.82,3,1.52,1,2.52,0.5,0.7,-2.52,-9.64,0.23,0.81,3.09,4.95,-3.56,-2.25,-5.62,1.07,-1.57,3.32,1.07,-2.22,-0.01,0.3,-3.27,-4,-0.97,-0.59,-1.33,-1,6,3,1.44,-1.24,-0.56,-3,-2.53,17.18,0.01,4,9.5,0.01,2.95,0.37,-14.97,-1.69,1.35,-0.23,-3.05,-2.53,6,3.39,4.14,41,28,11,4,0.96
Washington St.,UCLA,-17.5,-12.78,-18,-23.71,-14.36,-14.23,-10.28,-13,-15.01,-12,-20.64,-11.5,-15.22,-15.76,-17.67,-16.91,-14.18784314,-14.34,-14.85,-24.67,-12.73,-8.83,-9.98,-15.29,-10.65,-14.33,-8.46,-16.09,-14.28,-13.29,-10,-12.71,-11.39,-11.64,-15,-20,-17,-10.09,-15.03,-13.11,-11,-20.28,-4.58,-13,-16.5,-13.6,-20.5,-21.17,-15.37,-20.1,-4.64,-5.18,-13.94,-15.95,-17.6,-13,-12.96,3.73,43,7,11,-15,-16.66
Wisconsin,Michigan,8.5,13.9,10,18.13,8.64,13.08,16.98,17,7.28,17,8.73,14,10.89,10.65,14.59,13.17,12.422352941,11.91,14.25,24.67,4.16,11.55,4.55,16.81,10.03,14.38,16.85,16.34,12.99,20.95,7,18.73,20.1,18.2,10,8,13,5.93,20.55,9.11,10,12.97,0.38,12,9,17.2,-2.9,20.4,19.18,23.76,3.39,4.58,9.29,12.15,18.19,10,10.33,5.21,24,45,11,9,8.26
Arizona,Oregon,-6.5,-3.3,-8,-4.76,-4.63,-8.59,-1.67,-4,-4.2,-5,-8.19,-6.5,-5.13,-0.4,-2.25,-9.92,-5.501568627,-4.55,-12.15,-5.47,-10.62,-6.07,-2.01,-3.51,-7.51,-4.4,-5.28,-4.96,-4.98,-3.7,-7,-2.86,-4.04,-2.37,-8,-4,-7,-2.92,-3.08,-6.04,-4.5,-6.32,-16.42,-2,-6.5,-11.9,-6.2,-5.63,-3.41,4.84,-1.32,-1.63,-4.23,-6.3,-5.55,-7,-3.11,3.03,44,41,12,-4,-2.69
Arkansas,Mississippi St.,10.5,8.1,15,19.61,12.52,17.61,5.81,15,14.64,12,13.53,9,10.66,4.74,12.04,11.94,11.38745098,10.96,18.25,12.84,15.39,7.37,7.37,10.37,9.37,11.36,8.14,9.82,11.18,6.71,10,8.53,9.1,8.13,17,11.5,11,11.83,12.7,15.32,10,12.19,-5.03,10,10.5,18.8,15.6,11.67,12.4,2.47,0.28,9.01,9.46,7.7,11.63,19,9.74,4.24,21,42,12,13,11.5
BYU,Air Force,10,6.42,4,3.46,5.02,1.06,8.43,8,0.23,6,2.83,5,4.13,6.17,2.85,7.4,6.3468627451,1.5,4.75,11.06,10.69,14.19,8.11,7.1,5.51,6.94,7.93,8.48,7.13,11.1,7,10,10.15,9.74,8,7.5,7,5.03,9.81,7.21,7,7.21,17.94,10,9,-3.4,-12.8,8.55,7.36,-2.1,1.48,9.83,7.15,5.8,8.23,8,3.52,4.41,21,38,12,5,4.09
Ball St.,Central Mich.,-16,-22.35,-13,-21.21,-14.62,-12.53,-28.31,-26,-14.67,-24,-18.76,-21.5,-16.94,-26.51,-14.11,-19.01,-18.18627451,-16.51,-14.55,-32.19,-19.5,-20.69,-6.1,-16.9,-15.7,-23.15,-13.69,-26.08,-17.83,-39.43,-15,-24.94,-28.32,-29.02,-17,-20,-17,-10.37,-21.91,-15.8,-4.5,-19.88,-4.51,-12,-16,-13.1,-19.8,-12.68,-18.66,-25.45,-30.65,-6.07,-12.8,-28.75,-23.82,-14,-16.31,6.79,35,3,12,-19,-13.81
Boston College,North Carolina,3,3.86,0.01,3.56,5.35,2.17,1.63,4,0.29,4,6.06,3,6.05,0.27,8.12,9.51,3.2915686275,1.78,5.05,1.16,0.16,0.89,7.17,2.14,-1.08,3.2,-0.22,2.66,3.1,2.95,1,3.57,3.58,2.93,7,3,0.01,2.83,3.26,6.32,9,1.57,-0.43,4,3,1.1,5,3.82,7.35,4.87,-0.14,5.37,5.21,-0.4,2.71,3,3.37,2.58,31,13,12,4,2.94
Bowling Green,Akron,10.5,14.43,15,14.55,12.33,16.45,15.01,20,15.91,15,13.88,14,13.84,9.49,5.35,19.26,14.251372549,13.83,17.15,19.47,14.92,11.96,8.44,16.76,12.92,18.24,13.71,16.55,14.49,19.86,14,15.1,17.98,16.13,17,13,13,13.99,15.18,12.66,12,17.04,-5.43,11,11.5,20.3,13,20.51,17.87,3.37,2.52,12.08,11.25,11.3,18.55,14,13.93,4.16,20,36,12,12,12.53
Central Florida,Tulane,23,19.27,27,22.12,21.34,25.97,15.67,26,28.43,20,24.8,15,23.49,14.37,19.19,29.86,20.625490196,21.02,27.45,26,25.96,13.52,14.69,25.66,20.11,19.86,18.7,21.01,20.73,19.64,11,16.57,17.96,17.79,26,20,24,19.48,20.45,21.82,28.5,30.24,6.27,14,23,25.2,6.9,21.76,22.6,20.83,5.18,10.54,22.51,16.35,24.25,26,15.98,5.63,0,49,12,20,18.08
Clemson,Virginia,21,16.51,19,23.55,19.49,20.45,15.37,29,21.05,19,18.52,17,18.14,11.51,22.17,22.68,19.285490196,17.17,19.45,30,21.52,14.45,11.8,16.47,18.73,19.33,18.12,22.46,19.18,21.14,14,19.99,20.4,19.86,21,20,20,16.8,23.13,19.03,12,17.87,35.59,18,21,21.5,21,27.64,16.99,18.97,2.86,12.55,15.55,16.05,18.09,22,16.36,4.22,21,34,12,22,19.88
East Carolina,UAB,13,11.92,5,8.78,12.26,12.96,10.11,13,12.17,12,11.44,6,13.64,3.52,19.78,18.44,11.296666667,8.94,11.95,15.5,16.88,10.03,8.22,13.82,11.7,9.83,10.81,11.08,11.29,8.96,14,7.83,9,9.95,14,13,12,9.84,12.22,13.76,8,15.76,17.9,11,13,10.6,5,15.56,17.01,21.99,1.69,7.51,15.06,8.35,8.99,14,8.24,3.58,21,37,12,11,11.15
Florida,Florida Intl.,45,40.76,42,45.54,36.86,44.94,42.81,41,40.76,38,38.79,34.5,38.79,41.28,44.18,58.04,41.814509804,37.12,44.75,54.72,40.11,51.95,24.9,38.5,43.14,43.68,39.98,41.19,40.83,52.17,36,38.85,40.01,40.2,46,43,48,36.93,39.76,38.57,34,44.1,57.05,40,44.5,40.9,43.5,54.52,50.48,44,33.5,33.11,42.4,35.65,41.67,45,37.22,5.97,3,62,12,38,39.81
Florida St.,Maryland,18.5,18.11,15,21.27,18.35,15.76,17.17,20,16.01,24,15.72,19.5,19.04,9.33,12.97,22.41,17.679019608,15.29,15.35,31.56,18.33,16.12,9.66,19.04,15.53,18.47,19.13,21.13,18.22,22.87,8,19.71,20.25,19.39,19,17,18,12.46,22.68,17.18,15.5,20.27,29.98,14,18.5,16.8,16,21.92,23.06,14.7,3.75,8.92,19.79,15.55,20.72,15,14.34,4.01,26,29,12,18,17.01
Fresno St.,Louisiana Tech,9,12.78,6,6.2,9.24,0.01,15.44,10,6.46,13,12.03,12,9.87,11.01,5.69,14.73,8.9839215686,6.36,2.25,20.72,12.73,11.01,6.54,7.93,4.06,12.43,11.11,16.05,9.89,18.86,6,15.17,17.07,16.47,3,11,5,5.56,15.21,6.03,-2.5,4.94,2.53,10,9,-0.2,8,6.63,10.36,0.57,4.05,4.66,9.75,11.1,12.7,7,7.56,4.74,28,30,12,12,9.91
Georgia,Kentucky,10,6.01,5,2.6,4.85,7.34,7.24,4,7.63,7,1.66,4.5,4.88,5.93,-1.53,10.3,6.2560784314,4.78,6.55,9.19,11.58,9.3,0.47,5.23,8.6,7.14,6.48,5.98,6.52,7.31,5,7.06,5.95,6.63,11,7.5,8,7.62,7.47,9.16,4,4.41,17.71,9,9,7,3.6,8.31,6.55,-13.33,1.06,7.6,7.28,2.95,4.44,4,4.44,3.01,34,27,12,3,8.67
Houston,Memphis,23,22.66,21,25.05,19.27,19.65,24.03,27,25.36,34,21.6,29.5,21.49,13.99,25.74,26.72,23.425098039,18.91,21.55,39.22,25.26,22.52,15.18,23.2,25.01,25.8,23.96,29.31,23.57,32.23,20,28.65,30.74,27.43,21,24,20,20.66,29.42,18.16,17,22.37,30.87,20,23,19.1,20.8,23.88,24.43,33.98,5.76,15.95,22.44,23.25,29.33,21,18.72,4.45,14,55,12,25,24.15
Indiana,Purdue,-3,-0.14,4,-0.78,-1.31,2,0.69,4,-3.01,-0.25,-3.12,0.5,-1.02,0.88,1.97,-4.19,-0.075882353,2.9,1.55,-2.63,0.52,5.48,3.78,1.15,3.43,-0.3,-0.76,-0.28,-0.27,1.24,-1,-0.62,-0.21,0.41,-1,-2.5,3,-1.53,-0.77,0.9,-7,-1.57,5.54,-3,-2.5,5.4,-3.2,-3.57,-8.88,1.21,-0.35,-0.01,-2.59,-2.05,-2.02,-2,0.9,2.93,38,21,12,-1,-2.46
Iowa,Minnesota,10,13.55,14,17.27,11,12.11,12.73,17,19.81,13,10.99,13.5,14.29,10.8,7.18,13.62,13.917647059,11.13,12.65,23.31,5.42,19.19,14.63,13.39,14.47,12.04,13.37,15.24,13.35,17.85,8,13,14.78,15.05,17,13,14,14.66,17.4,11.5,22,12.84,24.85,12,11,19.1,16.3,18.68,13.34,6.45,2.58,9.51,13.18,10.7,14.86,13,10.49,3.54,0,12,12,12,11.99
Louisiana-Lafaye,Louisiana-Monroe,-3.5,-5.51,1,-3.05,-3.2,-1.63,-4.24,1,4.28,-2,-7.47,-2.5,-6.84,-4.53,-4.68,-7.41,-2.673333333,-1.65,-4.35,-4.16,-1.84,1.4,0.39,-2.07,2.52,-1.47,-3.66,-2.1,-2.09,-4.24,-5,-1.39,-1.66,-2.05,-2,0,-1,3.37,-1.98,0.01,-6,-4.24,-9.15,-2,-3.5,0.8,-7.1,-9.28,-8.78,-12.28,-2.53,2.47,-4.58,-5.2,-3.45,4,-1.36,3.20,17,21,12,-4,-0.55
Marshall,SMU,3,3.3,7,1.11,5.2,6.55,0.22,6,3.5,3,5.41,0.5,6.02,1.22,8.72,6.91,4.047254902,5.88,6.95,1.53,3.55,-4.63,5.44,4.67,4,3.73,0.35,1.01,4.35,-0.75,7,-0.41,-0.73,-0.43,6,5,6,2.6,2.09,8.01,4.5,5.19,8.51,3,3,7.6,8,8.03,4.38,1.19,-0.91,1.7,7.53,-1.15,0.86,6,5.54,3.08,31,34,12,3,4.33
Miami (Fla.),Duke,19.5,16.95,16,19.13,17.8,16.34,14.74,24,12.38,20,19.9,16.5,19.05,10.08,19.4,25.08,17.198235294,10.63,18.35,25.88,17.37,15.74,10.44,17.31,13.81,15.8,14.81,19.74,17.26,19.27,15,18.38,18.61,17.8,20,20,13,10.74,21.24,20.14,16.5,19.77,34.36,15,19.5,16,11.5,18.85,22.82,24.84,2.22,9.09,18.07,13.6,17.2,17,13.7,4.20,16,34,12,14,18.86
Miami (Ohio),Buffalo,-3,-2.96,0.01,-11.1,-4.52,-2.55,0.38,1,-6.22,-6,-11.35,-2.5,-6.38,-3.3,-6.78,-3.03,-4.497058824,-1.11,-4.05,-2.81,-3.12,1.69,-4.67,-2.07,-1.26,-2.33,-0.93,-3.8,-3.09,-1.66,-4,-0.69,-1.95,-2.15,-10,-3,-3,-4.29,-0.96,-9.97,-8.5,-5.45,-21.9,-3,-3,-3.4,-20.8,-1.05,-3.15,-1.19,-0.61,-2.36,-7.47,-6.55,-3.05,-9,-2.3,4.61,42,17,12,-7,-3.05
Michigan,Ohio St.,-12.5,-13.92,-18,-18.53,-11.84,-21.38,-13.23,-16,-20.09,-16,-18.32,-14.5,-15.08,-10.86,-22.24,-14.82,-16.32607843,-14.47,-20.85,-29.66,-18.86,-15.59,-7.15,-14.34,-14.33,-14.66,-17.67,-18.13,-16.41,-17.14,-13,-14.53,-17.55,-14.56,-16,-13,-20,-14.47,-19.66,-16.93,-20.5,-17.5,-23.82,-12,-13.5,-22.2,-20.1,-16.82,-18.69,-16.22,-3.86,-8.86,-15.3,-17.65,-18.39,-17,-12.01,3.50,21,10,12,-13,-10.56
Michigan St.,Penn St.,-3,-3.25,-1,-9.57,-2.97,-5.83,-3.17,-2,-7.7,-7,-5.02,-5,-3.49,-3.55,-7.52,-1.03,-4.420588235,-2.23,-5.55,-12.25,-6.09,-9.5,-5.07,-4.45,-4.62,-3.72,-7.05,-7.56,-5,-5.36,-7,-6,-7.35,-5.52,-4,-3.5,-2,-6.79,-8,-1.57,-7,-3.56,6.98,-5,-3,-4.4,2,-0.94,-0.78,-5.62,-1.69,-5.88,-4.57,-10.05,-7.47,-5,-1.65,3.06,42,14,12,-5,-1.39
Middle Tenn.,Arkansas St.,9.5,12.89,14,12.71,9.57,13.82,19.5,17,12.42,11,6.29,11.5,6.47,10.46,13.14,10.69,12.5976,11.91,11.05,18.72,15.62,18.24,6.29,11.04,11.5,18.03,12.4,18.87,12.4,22.39,14,18.38,20.72,19.54,7,10.5,14,10.6,17.17,7.01,7.5,9.6,,5,10,15.8,11.5,15.22,11.18,14.11,4.87,8.77,5.81,14.85,18.13,7,10.69,4.39,14,38,12,12,6.21
Mississippi,LSU,4,-3.06,5,1.57,3.93,8.45,-7.82,4,8.84,-1,2.03,-3,1.66,-10.81,4.12,-0.01,1.4298039216,2.56,6.75,-4.25,3.89,-9.28,-0.45,3.71,2.42,-0.35,-3.04,-2.95,1.61,-10.15,-3,-5.86,-4.83,-5.42,4,3,-1,7.76,-1.88,1.13,13,4.42,12.21,3,4,9.1,0.4,9.75,3.33,14.7,-13.83,6.69,3.09,-3.75,-1.44,9,1.23,5.45,23,25,12,5,2.74
Missouri,Iowa St.,15.5,9.23,10,9.56,10.95,14,7.11,10,9.76,9,13.84,6,11.55,3.7,8.85,18.56,11.280196078,8.69,14.35,12.22,17,8.48,5.92,10.9,11.45,8.42,8.59,9.39,9.99,8.43,12,7.48,8.65,7.51,18,9.5,8,8.69,11.18,18.69,13,11.75,25.78,16,14.5,15.8,19.8,19.57,15.74,-7.85,0.83,7.62,13.09,5.1,9.18,10,7.65,4.36,24,34,12,10,9.97
Nebraska,Kansas St.,16,13.25,19,17.35,18.01,17.85,9.68,20,17.09,14,19.58,12,19.16,5.13,21.27,21.08,16.378039216,15.4,19.85,25.81,18.47,12.32,13.26,17.86,19.5,14.75,17.66,15.37,17.22,12.1,10,12.51,13.63,11.26,20,13,17,14.33,18.2,19.84,21.5,20.3,28.3,14,16,19.4,15.7,17.9,18.18,31.88,1.54,11.57,14.86,8.25,17.83,19,13.67,4.04,3,17,12,15,17.39
New Mexico,Colorado St.,-4,-11.25,2,-7.69,-7.15,1.67,-13.51,-4,-7.34,-13,-10.11,-11,-9.06,-21.27,-6.56,-9.27,-6.624901961,-6.17,2.65,-9.38,2.53,-2.72,-2.62,-9.29,0.81,-10.83,-5.27,-12.77,-7.08,-20.28,-7,-10.89,-12.55,-13.17,1,-3.5,0.01,-5.25,-4.46,-0.36,-10.5,-11.97,-1.85,-1,-4,4.1,-8,-1.59,-13.23,-11.94,-17.13,-3.16,-4.12,-13.6,-11.5,-3,-7.01,5.89,27,29,12,-6,-8.52
New Mexico St.,Nevada,-29.5,-18.76,-20,-25.09,-25.47,-32.22,-12.18,-24,-33.91,-21,-31.76,-17,-26.08,-2.22,-24.07,-30.56,-23.11411765,-21.69,-39.45,-27.69,-33.49,-20.3,-11.17,-23.62,-20.21,-18.66,-18.96,-21.59,-21.85,-15.21,-21,-16.13,-16.6,-13.76,-29,-31,-29,-22.34,-20.22,-28.83,-26,-31.5,-17.81,-22,-29,-34.1,-9,-38.85,-33.2,-21.86,-4.83,-10.76,-25.69,-21.5,-25.89,-34,-17.61,7.78,63,20,12,-26,-21.7
North Texas,Army,2.5,0.01,-1,0.49,2.13,-3.48,-3.44,1,-1.66,2,5.6,0.01,3.45,2.11,-5.86,-1.47,-0.120588235,0.01,0.35,-2.16,4.02,-0.14,-0.01,1.41,-2.08,-1.81,-0.49,-1.29,-0.1,-2.87,-11,-3.49,-3.01,-3.53,-2,3,-1,-1.55,0.47,5.41,0,-0.68,17.26,2,2,0.6,-3.7,2.44,3.07,-1.68,-9.96,-1.45,1.47,-6.8,-1.24,2,0.9,3.84,17,13,12,-1,1.14
Northwestern,Wisconsin,-7,-7.05,-1,-7.77,-8.42,-3.5,-5.3,-4,-9.63,-7,-8.77,-5,-8.64,-3.41,-9.32,-12.74,-6.106078431,-2.09,-6.55,-11.91,-8.42,-3.83,-1.26,-10.02,-2.4,-3.79,-3.34,-9.7,-6.78,-7.29,-8,-7.19,-8.83,-5.91,-2,-4,-1,-5.47,-9.6,-2.23,-2.5,-10.77,-24.6,-6,-7,-1.5,4,-7.44,-12.33,-17.56,-1.79,-1.31,-7.59,-10.35,-10.69,-3,-3.25,4.43,31,33,12,-4,-4.08
Notre Dame,Connecticut,6,5.31,3,8.29,5.9,5.86,4.66,4,5.77,8,3.74,5.5,6.13,5.15,5.07,7.85,4.9123529412,-0.5,5.95,5.94,2.18,4.97,5.08,2.56,2.38,3.98,6.47,7.85,5.08,5.86,4,9.72,10.07,7.91,5,7.5,2,6.57,8.11,2.84,3.5,2.42,2.91,5,6,1.6,3.1,3.43,6.53,1.81,0.15,7.37,5.91,4.65,7.76,3,0.8,2.29,33,30,12,6,2.89
Ohio,Northern Ill.,0,1.32,1,-0.32,-1.53,-2.28,3.6,4,2.72,1,-2.59,1.5,-1.14,6.22,-5.16,0.13,0.5088235294,1.74,-4.65,0.84,0.31,1.11,-3.72,1.01,1.35,5.03,0.89,1.4,1,3.53,-5,2.38,3.05,2.81,-3,-1,2,2.03,0.97,-1.22,-1,-1.71,8.84,1,0,1.4,2.2,-0.62,-2.22,-3.72,0.19,1.34,-0.8,-0.95,-0.67,-1,1.68,2.70,31,38,12,-2,1
Oklahoma St.,Colorado,18.5,19.53,23,25.55,18.57,23.23,19.22,22,25.37,24,17.32,20.5,19.87,13.65,22.62,24.16,21.907647059,20.25,25.35,37.94,19.23,26.17,14.77,19.49,23.82,24.25,20.63,25.2,21.78,25.03,17,23.69,26.56,23.63,24,18.5,19,21.07,28.38,21.14,14.5,20.03,35.85,19,19,22.8,31,21.58,18.77,21.19,4.11,16.78,19.4,21.1,24.38,24,19.28,4.02,28,31,12,20,19.64
Rice,UTEP,-6,-3.54,-6,-10.43,-5.98,-0.33,-1.5,-4,-9.35,-8,-14.05,-5.5,-5.73,-9.78,-3.41,-9.77,-5.224313725,-4.07,-6.95,-1.84,-5.18,6.73,-5.13,-5.81,0.38,-3.72,-3.91,-5.5,-5.35,-5.19,-3,-2.09,-3.31,-3.18,-4,-8,-3,-3.03,-0.71,-2.05,-5.5,-9.41,-9.59,-3,-6,-5.5,-10,-11.11,-10.08,-7.22,-2.41,3.28,-3.18,-7.8,-7.23,-6,-4.45,3.69,29,30,12,-8,-5.81
San Jose St.,Hawaii,-3,-1.7,-3,-9.84,-2.06,-3.33,-1.44,-1,-0.83,-5,-6.06,-4,-1.98,-2.32,-8.42,-9.83,-3.786862745,-5.53,-5.95,-5.88,6.35,-1.42,-1.55,-2.83,-2.38,-3.58,-4.08,-3.47,-3.4,-6.22,-3,-1.95,-2.68,-3.65,1,-3,-4,-3.39,-1.98,-0.43,-8,-6.84,1.17,-5,-3,-6.2,-6.5,-13.51,-5.91,-25.29,-13.98,-5.94,1.41,-7.85,-6.93,-1,-2.46,3.43,17,10,12,-9,0.59
South Florida,Louisville,12.5,13.59,9,18.85,12.1,8.47,14.51,12,5.7,12,13.37,8.5,13.24,8.32,12.99,15.31,11.882352941,12.5,11.65,21.06,9.81,15.7,11.69,10.09,13.37,12.91,11.64,13.93,12,16.59,10,11.33,12.39,13.99,15,11.5,13,7.54,15.95,9.31,12.5,8.76,16.76,11,12.5,7,9.6,11.21,7.59,18.37,3.32,9.37,12.99,10.9,11.85,13,11.34,2.66,22,34,12,12,12.33
Southern Miss.,Tulsa,8.5,9.67,7,6.49,6.97,9.43,11.12,14,9.11,12,11.57,8.5,8.15,12.72,10.26,6.66,8.8470588235,11.91,5.65,14.84,0.76,3.54,3.44,9.94,1.66,12.36,11.15,11.11,9.47,11.46,3,10.07,10.76,11.8,6,8.5,11,6.3,11.57,1.36,7.5,9.44,23.69,5,8.5,15,6.7,13.06,10.29,16.43,3.39,3.5,6.22,8.5,9.5,6,8.54,3.99,34,44,12,12,7.07
Stanford,California,7,6.75,11,3.7,5.71,12.49,3.64,11,4.25,7,6.94,7,9.81,3.77,9.73,4.66,7.7241176471,12.03,14.35,5.22,16.8,4.55,9.94,9.01,3.86,8.78,7.02,4.39,7,4.48,8,4.55,4.12,3.41,8,8,14,1.66,6.94,5.15,6,10,15.44,4,7,20,-0.7,15.57,10.15,9.46,0.4,-0.93,4.5,0.9,6.3,12,8.68,4.36,34,28,12,7,7.19
Syracuse,Rutgers,-7.5,-10.65,-10,-13.19,-3.19,-17.37,-12.12,-13,-10.71,-11,-7.2,-9,-9.75,-6.31,-17.96,-8.54,-11.70705882,-12.44,-12.55,-27.16,-12.58,-17.31,-3.63,-11.71,-10.85,-14.18,-10.77,-10.83,-11.91,-15.36,-14,-9.64,-12.71,-13.34,-16,-10,-11,-9.19,-16.38,-13.99,-15,-12.6,-17.04,-10,-8.5,-17.2,-15.7,-7.57,-1.96,-20.25,-4.15,-7.68,-9.82,-14.85,-14.6,-10,-10.03,3.63,13,31,12,-14,-9.75
Temple,Kent,10,13.17,13,12.27,10.51,15.06,16.97,7,6.86,11,12.05,10.5,9.8,17.35,8.99,12.85,12.608823529,10.5,15.05,21.63,13.84,21.74,10.53,11.86,9.16,13.43,10.51,16.14,12.56,18.16,14,13.98,16.28,14.18,14,13,14,6.29,17.58,11.42,9.5,10.94,25.46,7,10,13.3,7,8.78,11.54,6.36,5.3,5.72,10.86,11.1,18.19,13,9.89,3.76,13,47,12,13,11.03
Tennessee,Vanderbilt,17,19.16,19,24.82,18.12,17.41,18.91,21,21.34,16,21.74,16,19.97,28.18,15.39,23.58,18.244117647,19.61,19.05,31.56,15.38,13.75,14.37,18.51,8.44,20.59,17.25,19.88,18.87,21.34,16,17.54,18.83,17.65,18,18,19,14.88,23.26,10.28,16,21,20.64,12,17,17.6,22.2,21.76,19.77,16,6.38,8.42,13.93,14.35,21.99,18,16.83,3.78,16,31,12,19,18.61
Texas,Kansas,27,23.53,35,31.52,23.1,31.38,23.95,32,30.83,32,29.65,30,23.6,24.49,22.71,33.54,28.463529412,28.65,33.75,34.91,31.03,34.8,15.78,26.24,27.74,32.25,30.73,31.4,28.89,35.68,21,27.05,29.42,28.26,30,28,29,25.19,25.28,28.46,21,28.79,37.14,20,27,36.1,25.7,33.97,29.53,26.37,16.93,19.55,26.99,23.05,30.58,33,23.34,4.84,20,51,12,28,26.08
Texas A&M,Baylor,5.5,4.37,2,8.27,6.79,3.23,2.72,8,4.13,5,3.25,5,6.11,1.78,7.25,7.54,4.0196078431,5.47,-2.25,2.03,8.36,4.16,6.01,4.21,1.59,5.39,0.15,5.65,4.35,4.33,10,4.2,4.39,4.28,0.01,10,3,1.97,5.33,-2.29,-2,2.77,8.02,2,5.5,5.3,2,5.68,5.96,12.95,-0.47,-0.18,1.44,1,5.21,-2,5.15,2.97,3,38,12,8,7.22
Texas Tech,Oklahoma,-6.5,-0.31,-3,-8.2,-4.4,-4.89,1.3,1,-1.15,-4,-6.04,-0.5,-4.71,2.13,-4.66,-4.75,-3.876666667,-2.09,-10.65,-0.84,-6,1.14,2.71,-3.57,0.92,-0.01,-6,-0.65,-3.29,1.7,-14,1.05,1.08,2.32,-8,-4,-2,-0.45,-0.48,-8.06,-11,-6.87,-18.16,-6,-6,-7.9,-10,-8.24,-9.09,-12.62,-0.32,0.26,-8.1,-3.85,-2.03,-5,-1.7,4.50,13,41,12,-3,-1.26
Toledo,Eastern Mich.,18.5,17.89,18,16.95,11.75,13.23,23.15,20,5.35,30,14.57,21.5,12.98,27.76,10.72,18.17,16.465686275,13.31,14.55,11.72,21.23,15.32,11.65,14.93,13.29,18.76,19.98,20.28,15,35.85,12,18.31,21.14,22.04,15,17,14,6.22,10.86,12.87,9.5,13.94,13.87,13,18.5,12.3,15,22.47,20.89,13.41,38.85,7.09,12.86,15.1,18.47,15,13.84,5.46,21,47,12,17,14.03
Troy St.,Florida Atlantic,16.5,13.46,11,11.8,9.28,13.15,14.94,16,16.91,19,10.49,17,12.14,7.66,19.62,15.91,13.599411765,11.66,10.65,20.94,18.49,18.18,10.03,12.17,10.94,15.44,14.79,17.53,13.53,18.35,14,17.89,19.39,17.21,14,16.5,12,12.08,17.91,12.47,9,11.26,5.23,10,16,11.2,13.1,11.86,12.4,23.79,2.93,7.24,15.35,13.6,16.55,18,10.67,3.46,21,47,12,14,11.65
UCLA,Arizona St.,4.5,6.32,4,3.32,5.61,3.17,7.05,9,1.21,5,4.36,5,5.56,3.89,2.05,6.09,5.0303921569,3.42,4.05,8.22,8.23,2.95,2.7,6.4,-0.69,8.44,7.12,7.88,5,8.74,5,9.02,8.69,7.57,4,6,4,2.17,8.08,1.15,-0.5,6.07,1.81,3,4.5,5,7.5,9.06,4.53,0.57,0.96,3.13,3.29,4.7,7.93,3,4.86,2.48,13,23,12,4,6.79
Utah,San Diego St.,20,18.78,20,20.99,15.13,24.37,19.16,23,26.8,20,17.26,18,18.65,15.96,21.84,23.82,21.479803922,18.77,22.65,36.13,24.72,31.42,15.04,18.18,22.3,22.68,17.69,21.09,20.88,23.99,17,20.97,22.24,21.05,27,16.5,22,23.57,26.07,28.26,28,18.31,38.32,20,20,19.5,20.7,22.11,20.79,14.35,4.89,20.33,23,16.55,21.19,26,15.92,4.29,7,38,12,19,18.87
Utah St.,Boise St.,-22.5,-21.99,-22,-23.04,-18.61,-24.9,-24.7,-24,-24.22,-31,-26.87,-25.5,-19.23,-33.94,-23.02,-32.18,-24.4054902,-22.25,-24.15,-43.03,-27.55,-35.57,-15.97,-23.72,-23.04,-24.59,-20.26,-29.1,-24.19,-31.36,-31,-26.82,-28.24,-26.64,-26,-24,-26,-19.89,-28.37,-22.04,-25.5,-28.87,-10.66,-19,-22.5,-20.7,-19,-19.68,-27.56,-24.22,-21.31,-15.55,-22.17,-29.15,-31.96,-24,-18.05,4.93,52,21,12,-22,-20.96
Virginia Tech,NC St.,21,21.74,20,26.35,21.56,19.16,19.41,28,15.83,26,23.25,22,25.18,11.63,22.83,31.16,21.153921569,18.92,18.85,32.34,23.25,15.52,14.92,25.39,17.5,20.88,24.2,25.2,21.84,24.84,11,21.95,24.5,20.5,18,17.5,17,11.58,26.33,22.11,16,27.27,35.1,14,21,22.1,22.8,22.1,27.28,33.37,3.25,7.34,20.83,16.95,27.44,19,19.09,5.11,10,38,12,17,19.59
Washington St.,Oregon St.,-30.5,-20.25,-34,-37.87,-21.21,-30.6,-17.84,-27,-31.8,-24,-29.55,-22,-22.73,-15.63,-29.62,-26.1,-26.31764706,-26.13,-32.25,-42.13,-34.29,-21.14,-14.43,-24.04,-27.15,-26,-18.76,-25.69,-26.05,-24.17,-25,-20.26,-21.91,-20.42,-30,-29,-33,-20.68,-27.18,-27.55,-26.5,-29.25,-40.23,-23,-30,-34.2,-29.4,-35.86,-26.78,-22.65,-6.43,-9.57,-25.84,-25.95,-26.9,-32,-20.92,6.05,42,10,12,-29,-23.23
Wyoming,TCU,-30,-25.15,-31,-32.21,-23.61,-30.93,-18.75,-24,-33.21,-25,-33.59,-23,-30.96,-25.44,-33.38,-32.91,-27.38078431,-26.81,-35.15,-36.22,-34.61,-30.87,-17.23,-28.2,-25.42,-26.48,-19.03,-25.79,-26.66,-27.85,-28,-19.98,-20.96,-20.64,-32,-28,-26,-21.86,-24.53,-26.4,-28,-36.37,-43.54,-24,-30,-31.2,-10.9,-35.09,-34.81,-35.42,-17.99,-10.52,-26.24,-25.95,-30.21,-32,-21.98,6.22,45,10,12,-29,-26.52
Akron,Eastern Mich.,15.5,15.06,19,12.68,12.13,12.89,17.42,16,9.4,19,15.53,13,13.01,29.75,5.88,15,13.597843137,13.97,16.15,7.44,20.02,8.66,8.23,12.05,11.73,14.37,13.24,14.07,13.01,27.66,8,10.84,13.51,15.38,14,14.5,18,6.66,6.81,11.76,9.5,12.7,5.32,10,15,16.4,12.3,17.9,16.36,4.87,38.47,3.92,13.45,9.85,10.82,13,12.44,4.75,21,28,13,14,12.33
Arizona St.,Arizona,-3.5,-5.94,-7,-5.21,-5.01,-6.73,-6.69,-5,-8.07,-4,-4.3,-4.5,-5.13,-2.52,-1.24,-1.92,-5.449411765,-4.82,-6.65,-13.47,-5.92,-3.74,-2.9,-5.51,-2.98,-7.14,-3.9,-9.34,-5.36,-9.03,-7,-7.12,-9.16,-7.04,0.01,-3.5,-4,-4.46,-9.88,-4.43,-6,-7.76,-3.11,-3,-3.5,-6.2,-6.6,-5.84,-6.54,4.39,-2.29,-0.85,-5.56,-11.6,-8.87,-4,-4.8,2.40,20,17,13,-4,-2.38
Arkansas St.,North Texas,8.5,9.13,9,6,7.32,9.39,7.93,10,7.08,12,12.47,8.5,10.39,8.1,12.43,14.01,8.9223529412,7.76,12.55,6.33,6.75,3.68,6.45,8.95,10.22,7.9,8.37,6.02,8.24,11.56,7,6.71,7.08,8.08,16,9,9,6.69,5.73,14.16,9.5,9.35,15.01,12,8.5,10.7,3.6,3.71,6.46,2.21,12.03,6.3,13.68,4,4.94,13,6.81,3.04,26,30,13,8,11.26
Auburn,Alabama,-10,-12.39,-14,-15.06,-8.06,-14.64,-12.32,-13,-16.61,-22,-12.49,-20.5,-12.48,-19.37,-11.88,-8.05,-12.67156863,-11.7,-14.35,-14,-17.15,-26.19,-9.09,-10.31,-11.23,-16.25,-15.03,-14.19,-12.49,-21.1,-14,-10.33,-13.94,-13.44,-10,-13,-13,-11.46,-8.59,-13.21,-9,-12.25,1.59,-7,-10,-15,-8.4,-10.77,-10.61,-14.28,-15.12,-6.31,-11.23,-15.7,-13.98,-9,-10.84,4.49,26,21,13,-11,-6.8
BYU,Utah,7,3.08,9,6.3,5.51,0.7,1.35,5,3.88,5,5.63,3,4.59,-1.9,-1.3,8.35,3.6170588235,2.9,5.75,2.25,2.13,-0.71,4.2,5.86,3.7,2.34,7.04,3.98,3.93,1.99,3,3.15,3.35,2.32,5,7.5,8,3.19,3.71,2.81,-1.5,7.06,-10.13,6,6.5,4.4,-9,10.58,6.36,-1.83,-1.17,2.51,3.98,0.95,4.56,8,2.89,3.80,23,26,13,5,5.1
Boise St.,Nevada,14,17.21,17,13.77,10.66,11.98,19.81,16,20.48,28,14.22,22.5,14.46,29.77,26.58,21.87,16.510196078,15.95,7.55,27.56,16.81,23.08,12.54,16.79,17.1,19.63,15.48,16.37,16.47,23.38,4,16.57,15.77,18.56,13,10.5,13,14.9,16.71,11.44,20.5,17.24,26.81,11,14,8.8,23,8.01,19.28,26.83,17.34,9.32,17.12,11.3,16.16,14,15.07,5.34,33,44,13,12,17.37
Bowling Green,Toledo,8,11.17,12,9.1,10.79,12.07,10.42,13,16.44,14,15.27,10.5,11.92,8.7,6.4,16.06,10.780980392,12.76,14.55,14,10.33,5.47,5.62,11.94,8.99,12.48,10.45,10.37,10.56,12.61,11,8.53,10.62,10.06,14,8.5,13,12.91,11.11,9.92,12,12.91,4.29,7,8.5,15.4,6.4,13.15,13.03,8.41,1.88,9.37,9.3,5.85,10.25,10,10.73,2.79,24,38,13,8,8.5
Central Mich.,Northern Ill.,13,12.53,15,11.04,8.11,13.76,15.7,15,16.81,13,9.99,10,9.14,11.43,14.68,12.74,12.65372549,13.24,12.45,21.61,15.02,13.85,4.34,11.47,17.2,15.25,13.93,12.51,12.48,17.38,10,12.3,13.03,13.76,12,10,16,13.91,15.55,16.52,8,11.52,23.5,10,13,16.8,9,12.35,9.85,17.69,3.57,11.01,10.05,9.5,11.07,15,9.95,3.23,31,45,13,9,9.01
Cincinnati,Illinois,21.5,28.01,16,32.07,20.77,15.13,32.49,31,23.37,32,29.43,24.5,25.01,32.83,21.9,29.48,25.13,22.81,16.55,42.14,21.63,33.73,19.11,28.46,16.68,31.31,27.27,32.17,25.68,43.96,24,30.47,33.8,34.32,17,16.5,19,19.61,30.91,17.25,20.5,27.34,36.72,15,21.5,14,33,22.7,27.61,24.02,19.13,15.85,17.29,26.35,31.92,16,22.49,7.04,36,49,13,24,20.44
Colorado,Nebraska,-10,-11.27,-12,-17.58,-12.28,-11.48,-8.34,-13,-9.78,-13,-15.41,-12,-16.21,-3.64,-16.45,-15.58,-13.00039216,-11.01,-14.25,-26.64,-12.27,-16,-9.48,-13.74,-12.53,-14.36,-14.01,-15.4,-12.44,-12.16,-6,-12.36,-14.73,-12.64,-12,-8,-9,-8.14,-18.11,-13.14,-13.5,-18.02,-28.27,-9,-10.5,-8.8,-22.8,-8.91,-11.57,-17.01,-2.76,-6.5,-10.89,-17.65,-15.86,-12,-11.16,4.02,28,20,13,-13,-11.88
Colorado St.,Wyoming,2.5,2.2,-2,2.91,1.29,-1.5,-3.41,1,0.21,1,3.93,0.5,7.23,-1.91,7.2,4.85,0.5990196078,-1.32,-0.25,-4.03,-2.82,-5.2,3.37,3.33,-3.79,-2.83,-1.79,-3.39,0.54,-6.48,3,-4.47,-5.23,-4.44,5,1,-2,0.5,-1.88,3.66,3.5,4.75,18.8,4,2.5,-2.9,-12,5.4,5.92,-1.15,-1.9,0.8,3.77,-7.2,-1.16,5,0.59,4.84,17,16,13,3,4.31
Connecticut,Syracuse,14,12.53,14,13.67,11.08,11.48,9.18,17,16.24,14,11.86,11,15.63,7.1,16.22,16.37,12.652352941,11.85,11.95,19.44,16.07,14.89,11.24,15.61,12.04,12.66,10.29,11.32,12,12.43,10,8.88,10.27,10.81,16,15,10,11.75,13.73,15.42,13,16.2,22.31,14,14,9.1,10.8,11.27,12.98,19.56,1.23,7.26,15.38,5.95,11.47,13,11.78,2.95,31,56,13,10,13.95
Duke,Wake Forest,-4,0.76,-3,1.54,-4,-1.61,4.61,1,-4.19,2,-4.56,2,-3.21,5.85,-6.54,-5.61,-0.773529412,2.35,-3.55,1.53,-4.98,0.85,3.6,4.01,0.26,2.86,5.61,0.25,0.13,5.55,-2,3.01,3.68,3.64,-1,-4,1,0.25,2.01,-6.63,-3,0.01,-20.73,-3,-3.5,-1.7,-2.9,-2.94,-2.92,-12.97,0.79,4.69,-4.54,-0.3,3.97,-4,-0.01,4.50,45,34,13,1,-5.64
East Carolina,Southern Miss.,6,5.68,0.01,3.46,5.18,8.82,7.06,8,0.26,6,2.7,4.5,4.37,2.91,7.94,7.68,5.302745098,6.1,8.47,7.25,9.66,4.83,3.49,6.94,3.55,6.96,7.93,6.1,6,7.76,5,6.02,7.11,6.79,6,2.5,4,1.8,6.81,5.92,2,6.59,8.74,2,6,9.4,-4.3,9.01,6.84,8.19,0.59,3.34,6.2,3,5.74,7,5.34,2.79,20,25,13,2,3.52
Florida,Florida St.,24.5,18.86,24,30.06,16.92,22.03,18.26,26,23.21,32,24.77,27.5,19.43,25.48,14.57,29.13,22.321764706,15.54,23.95,19.31,16.83,31.75,16.63,18.96,18.01,21.7,24.82,21.71,21.98,27.95,14,20.55,21.56,21.02,26,21,24,19.63,17.32,24.98,18,19.98,34.27,22,24.5,20,29.2,24.99,21.95,11.31,15.45,16.04,23.12,16.2,22.7,28,15.98,4.83,10,37,13,23,19.48
Florida Atlantic,Western Kentucky,14,18.17,9,17.54,14.15,12.87,24.12,24,13.56,27,17.6,20,13.25,36.31,16.03,21.39,16.577,15.63,14.75,11.28,13.25,22.17,10.06,14.5,12.94,20.02,17.29,17.09,16.01,35.7,15,15.17,17.79,19.49,17,14.5,15,12.51,9.57,16.05,,15.15,21.22,16,14,10.9,-5.4,18.95,22.96,23.03,25.21,11.46,16.08,13.15,14.74,16,17.44,6.39,23,29,13,13,14.74
Georgia Tech,Georgia,8,14.29,13,21.28,12.79,14.8,14.42,23,10.7,19,11.18,18.5,14.19,7.27,11.66,12.06,14.317647059,16.52,17.25,16.86,11.47,18.96,13.62,18.11,14.55,17.58,15.72,17.09,14.68,19.95,11,13.63,18.68,17.82,11,9.5,18,9.19,15.91,7.88,5.5,17.19,19.07,6,9,18.7,0.01,18.92,16.15,14.19,2.61,7.68,9.84,14.5,17.02,19,12.43,4.52,30,24,13,12,10.31
Hawaii,Navy,-9,-12.01,-8,-14.31,-11.6,-13.03,-11.38,-8,-18.6,-13,-12.52,-10.5,-12.65,-10.32,-20.35,-14.39,-11.18607843,-8.29,-12.95,-25.31,-7.99,-9.99,-7.51,-11.55,-7.78,-12.56,-7.76,-14.31,-11.47,-13.2,-4,-11.1,-12.36,-11.11,-10,-9.5,-9,-12.22,-15.38,-7.4,-13,-16.06,-23.16,-1,-9,-11.1,-13.9,-0.13,-10.7,-23.73,-4.8,-5.83,-10.23,-16.45,-14.53,-13,-8.23,4.18,17,24,13,-7,-13.27
Houston,Rice,29.5,26.79,25,34.29,27.85,23.63,24.95,35,32.14,41,34.17,32.5,28.96,17.73,29.37,38,28.283137255,22.98,29.45,41.22,31.62,20.63,20.71,30.13,22.87,28.54,29.16,32.93,28.98,33.17,20,27.95,30.73,29.22,29,24,26,23.18,31.22,20.71,21,33.58,38.3,25,29.5,25.1,25.6,38.15,35.07,33.74,6.26,14.23,24.82,26.75,31.05,30,22.69,5.60,14,73,13,30,27.7
Idaho,Utah St.,3,9.29,-1,5.67,2.71,1.21,14.35,11,-5.74,15,3.86,12.5,4.39,12.05,5.99,6.16,6.6837254902,4.59,1.75,15.86,5.99,15.88,7.1,5.95,4.62,10.93,10.18,12.82,5.99,18.92,8,16.71,18.89,16.32,1,3,4,1.22,13.17,-1.44,-1,2.9,5.68,4,3,3,0.4,7.84,3.01,12.09,3.45,8.18,-0.66,11.5,12.36,-1,4.19,5.87,52,49,13,6,2.65
Kansas,Missouri,-3.5,-4.83,-7,-5.2,-4.76,-6.06,-6.21,-4,-3.01,-3,-5.73,-3,-3.2,-1.59,-7.78,-5.67,-4.619803922,-6.22,-6.3,-13.03,2.95,-4.9,0.18,-3.13,-4.19,-7.08,-5.08,-9.51,-4.87,-9.01,-4,-9.08,-10.1,-8.17,-4,-4.5,-4,-3.44,-9.31,-1.92,-1.5,-3.17,6.24,-2,-3.5,-8.2,-7.5,-6.19,-4.94,-14.39,-0.91,-3.88,-2.45,-8.8,-7.25,5,-4.3,3.38,41,39,13,-4,-1.76
Kent,Buffalo,-3,1.32,-1,-0.16,-1.66,-2.2,3.56,3,4.48,1,-4.18,2.5,-0.95,2.42,-5.19,-3.05,0.1994117647,0.91,-3.95,1.97,-5.01,8.53,3.82,0.61,0.01,3.36,4,1.57,0.77,4.2,3,5.18,4.77,5.23,-2,-1.5,-2,4.59,2.85,-3.89,-2,-2.19,9.47,-2,-2.5,-4.6,-13,-4.95,-3.81,-3.94,0.24,4.7,-3.15,1.05,1.39,-3,0.62,3.98,9,6,13,1,0.56
Kentucky,Tennessee,-3,3.28,1,-2.12,-2.59,-0.77,7.01,4,-3.32,2,-2.56,2,-0.78,4.67,-4.86,-1.24,0.7829411765,1.73,-2.55,4.08,-0.32,6.35,0.13,0.63,5.63,4.02,5.35,2.16,1,9.15,2,5.67,5.99,6.62,-1,-3,1,-1.41,3.5,0.18,-3.5,-2.97,4.54,-1,-2,2.2,-13.4,-3.27,-4.43,-9.56,1.23,0.49,-2.07,1.9,1.22,-1,1.07,3.87,30,24,13,-1,-1.81
LSU,Arkansas,4,5.63,-2,3.34,0.36,-1.85,7.78,5,1.26,7,1.32,6,3.35,3.67,-0.52,4.66,3.2652941176,0.85,-2.05,7.5,4.86,11.08,7.36,2.33,2.71,4.09,7.12,4.87,3.52,9.47,3,6.78,7.01,7.39,4,6,3,-0.5,5.62,3.6,4,-0.65,3.67,4,4,-2.4,1,0.01,0.96,-8.19,1.7,-2.26,4.59,1.25,3.06,4,2.34,3.16,30,33,13,2,4.87
Louisiana-Lafaye,Troy St.,-9.5,-8.67,-8,-3.81,-8.22,-11.19,-7.65,-7,-12.77,-8,-11.93,-6,-9.83,-2.65,-4.59,-12.58,-8.82,-10.15,-12.55,-15.14,-12.73,-8.46,-5.42,-8.34,-4.78,-9.03,-6.31,-8.89,-8.95,-8.81,-11,-6.35,-6.94,-6.02,-11,-10,-9,-8.33,-9.59,-9.08,-12,-11.61,-2.49,-8,-9.5,-11,-9.6,-16.85,-14.12,2.83,-2.78,-3.89,-10.48,-9.1,-9.75,-11,-9.16,2.93,48,31,13,-7,-8.43
Louisiana-Monroe,Middle Tenn.,-3.5,-1.65,-10,-1.22,-3.57,-6.8,-3.2,-4,-11.12,-2,-4.05,-1,-0.16,-2.47,-4.39,-2.17,-4.109411765,-5,-8.95,-7.25,-8.45,-6.89,-1.82,-3.88,-4.95,-5.07,-2.64,-5.33,-4,-2.16,-3,-2.65,-3.77,-2.59,-2,-4,-7,-6.39,-4.17,-4.77,-1,-6.9,10.19,-1,-3.5,-9.4,-7.6,-4.05,-5.18,-12.38,-1.98,-1.66,-1.15,-6.65,-5.83,-8,-3.8,3.42,38,19,13,-4,-0.66
Louisville,Rutgers,-5,-4.31,-7,-9.23,-1.58,-11.65,-3.6,-5,-9.7,-6,-7.62,-4,-5.06,-1.14,-10.57,2.05,-5.320784314,-4.93,-7.35,-13.39,-6.16,-4.9,-4.51,-3.84,-4.1,-5.86,-5.87,-6.71,-5.03,-5.38,-4,-4.47,-5.86,-5.59,-9,-5,-4,-6.34,-8.58,-6.07,-12,-4.98,10.47,-2,-5,-8.4,-11.5,-1.77,1.95,-11.96,-1.61,-2.98,-4.08,-11.3,-7.07,-6,-4.22,3.78,34,14,13,-5,-3.89
Maryland,Boston College,-6,-11.21,-5,-16.13,-10.66,-5.77,-10.77,-9,-8.51,-15,-12.15,-11.5,-11.67,-5.29,-9.11,-12.54,-9.695490196,-4.92,-7.05,-22.28,-7.27,-9.88,-7.55,-9.43,-4.61,-11.35,-9.02,-16.18,-9.45,-16.29,-13,-15.36,-17.27,-14.52,-7,-6.5,-5,-6.85,-16.49,-9.46,-7.5,-11.28,-5.11,-6,-6.5,-4.8,-11,-4.76,-8.52,-8.66,-3.37,-5.2,-8.8,-17.65,-15.59,-4,-6.49,3.99,19,17,13,-10,-6.81
Mississippi St.,Mississippi,-8.5,-3.65,-6,-14.64,-6.02,-12.15,-2.66,-6,-13.58,-6,-8.39,-3.5,-4.65,-1.8,-6.42,-8.03,-7.689411765,-3.87,-11.55,-12.42,-8.05,-11,-4.56,-4.44,-6.75,-7.21,-4.38,-7.09,-6.53,-4.02,-6,-4.05,-6.63,-5.44,-9,-7,-6,-9.21,-9.04,-9.14,-15.5,-7.07,-20.37,-6,-8.5,-10.9,-15.6,-5.62,-4.93,-2.32,-1.34,-4.83,-9.51,-11.5,-7.72,-15,-3.71,3.88,27,41,13,-10,-6.19
NC St.,North Carolina,-6.5,-11.04,-12,-12.54,-8.4,-12.99,-12.93,-14,-11.51,-11,-8.2,-11,-9.31,-7.31,-15.32,-9.45,-10.33901961,-12.03,-10.95,-25.67,-5.29,-11.6,-1.84,-11.99,-12.16,-12.51,-12.96,-15.7,-11.56,-17.33,-12,-12.43,-15.36,-13.13,-6,-4,-14,-7.76,-17.07,-7.78,-2.5,-13.54,-1.83,0.01,-7.5,-17.8,-5.4,-4.85,-8.08,-23.47,-3.24,-4.02,-8.13,-15.35,-15.97,-8,-8.64,4.29,27,28,13,-7,-5.06
Ohio,Temple,-4,-2.65,-5,-1.58,-2.14,-7.89,-4.45,6,-3.08,-0.25,-4.05,0.5,-1.11,-5.31,-3.48,-3.18,-3.021372549,-3.97,-7.95,-10.14,-0.17,-5.18,-4.29,-1.5,-4.19,-1.35,-1.14,-3.24,-3.13,-3.12,-3,-0.2,-1.46,-0.01,-5,-4,-5,-1.7,-4.58,-5.32,-4,-3.14,-6.2,2,-4,-8.7,-1.1,-4.28,-2.72,-1.59,-3.68,-0.33,-2.5,-5.15,-4.92,-4,-1.9,2.57,17,35,13,-3,-0.81
Oklahoma,Oklahoma St.,8,1.22,6,7.15,6.4,7.28,-4,6,13.22,3,9.34,-0.5,9.78,-1.03,15.15,14.16,4.8784313725,4.37,10.15,-6.19,3.24,-4.66,2.69,9.6,5.4,-0.6,-1.49,-4,4.83,-6.58,-1,-6.63,-7.77,-6.02,16,8,3,8.81,-2.37,13.8,19,12.96,-4.6,11,8,5,9.6,14.78,15.15,2.35,-1.84,4.4,11.14,-8.5,-0.01,13,4.66,7.16,0,27,13,6,8.92
SMU,Tulane,17.5,17.54,20,21.29,18.47,19.16,13.76,24,21.19,21,24.64,17,22.25,12.71,22.98,23.28,17.993333333,17.53,22.75,18.19,12.78,12.97,12.11,22.01,14.51,17.3,15.51,18.46,18.1,17.42,7,13.98,16.13,15.38,22,17.5,19,17.2,15.67,15.49,23,25.21,32.24,10,17.5,20,-2,18.58,23.9,27.7,3.38,13.22,21.09,13.45,19.9,23,14.67,5.36,21,26,13,18,16.13
San Jose St.,New Mexico St.,12,5.86,14,3.9,9.21,11.91,1.19,9,15.6,3,10.37,2.5,11.17,-2.61,6.85,7.03,7.3331372549,7.01,11.05,3.19,13.22,7.85,3.17,9.34,9.82,3.68,4.55,3.67,7.02,-2.68,3,2.24,1.35,0.65,13,13,12,8.22,3.78,12.77,8.5,9.3,17.35,9,11.5,11.3,0.01,13.68,12.59,2.86,-12.58,0.83,11.99,-2.1,3.85,13,7.02,5.10,10,13,13,4,11.22
South Carolina,Clemson,-4,-4.73,-6,-7.69,-7.38,-6.31,-1.73,-7,-8.87,-5,-8.72,-5,-8,-0.16,-1.76,-6.69,-5.448627451,-9.17,-6.35,-11.36,-6.56,-1.56,-3.6,-7.48,-4.77,-5.91,-4.83,-6.17,-6.09,-3.1,-11,-0.55,-3.52,-2.24,-3,0,-3,-6.68,-7.19,-5.03,-3,-10.81,-6.4,-1,-4,-6.6,-8.4,-3.08,-5.01,-3,-1.17,-4.49,-6.42,-6.7,-7.14,-5,-7.16,2.51,17,34,13,-7,-3.6
South Florida,Miami (Fla.),-6,-2.97,-5,-2.61,-5.44,-7.91,1.55,-6,-5.72,-2,-2,-5,-6.46,1.89,-3.21,-3.94,-3.869411765,-3.57,-7.45,-6.06,-6.15,1.34,-1.02,-9.22,-3.37,-4.38,-2.31,-3.7,-3.97,0.89,-4,-0.9,-2.39,0.68,-2,-7,-3,-3.9,-4.15,-2.56,-5.5,-14.49,6.66,2,-6,-8.2,-5.6,-8.07,-13.34,5.26,-0.09,-2.07,-6.03,-5.75,-5.52,-4,-4.2,3.66,31,10,13,-1,-5.15
Stanford,Notre Dame,10,9,9,5.08,7.51,12.72,9.65,11,7.03,9,9.74,7.5,8.22,7.63,8.22,8.94,9.1843137255,11.3,13.25,12.56,10.33,11.57,8.06,9.34,9.15,10.45,8,7.02,8.97,10.56,7,6.99,7.36,8.88,10,10,14,6.97,10.34,8.05,5,9.07,24.34,6,10,14,0.4,8.89,10.94,10.58,2.03,6.9,12.08,4.45,6.43,14,9.94,3.35,38,45,13,8,7.07
TCU,New Mexico,44.5,41.77,45,49.57,38.7,43,41.02,47,49.88,41,48,37,42.54,37.85,47.78,51.57,42.97745098,42.83,43.75,58.39,42.87,50.55,30.28,44.84,40.91,50.91,40.19,48.22,42.94,57.36,29,43.12,46.66,45.85,42,42,41,34.59,42.05,36.14,45,50.16,54.24,32,44.5,43,35.6,47.25,49.21,44.26,22.26,19.3,38.66,41.75,46.56,46,37.25,6.62,10,51,13,40,40.66
Texas A&M,Texas,-21,-15.9,-26,-22.65,-13.64,-21.97,-15.59,-19,-24.55,-32,-25.07,-26.5,-16.8,-22.22,-17.52,-24.34,-21.19647059,-16.86,-26.95,-25.75,-18.85,-32.45,-14.46,-19.12,-23.65,-20.65,-21.31,-21.18,-21.24,-25.49,-15,-16.41,-19.32,-18.86,-25,-21,-22,-20.05,-16.05,-29.66,-25,-24.31,-5.79,-20,-21,-21,-25.8,-23.54,-26.36,-17.49,-16.26,-15.54,-24.02,-21.3,-20.98,-25,-13.14,5.06,49,39,13,-18,-18.22
Texas Tech,Baylor,20,12.2,20,20.24,15.8,23.62,6.66,20,27.26,15,21.3,10,19.33,8.43,19.78,,17.0238,15.98,26.2,23.58,27.71,12.1,12.42,17.91,17.65,12.8,15.94,14.29,17.65,9.05,25,8.8,10.99,9.26,22,21.5,20,17.66,17.7,21.09,13.5,23.01,9.28,14,20,25.8,20,25.2,22.58,23.88,0.89,8.06,18.61,11.55,17.03,19,13.4,5.57,13,20,13,16,17.66
Tulsa,Memphis,17,10.63,21,17.86,11.39,12.66,7.7,15,17.11,14,15.67,11.5,13.63,0.6,12.87,16.86,13.182156863,9.6,16.95,10.89,21.56,11.75,11.32,11.82,19.33,10.52,9,9.88,12.58,10.79,9,7.69,8.53,8.9,19,18,14,12.51,9.8,17.72,14,12.49,31.37,13,16,11.3,14.9,12.91,13.6,10.18,0.94,7.92,16.27,6,10.41,15,9.52,4.85,30,33,13,13,13.96
UAB,Central Florida,-3,-4.65,-9,-4.97,-6.06,-4.38,-3.6,-2,-12.03,-6,-7.28,-3.5,-5.66,-1.09,-0.6,-9.73,-4.885882353,-1.43,-7.88,-10.33,-8.77,-3.24,-2.33,-5.62,-6.58,-2.42,-7.87,-7.04,-5.03,-3.78,-15,-5.09,-5.69,-4.39,-3,-3,-7,-6.24,-6.65,-3.97,-0.5,-9.67,13.42,-2,-3,-0.4,-7.8,-4.66,-6.5,3.04,-1.76,-0.44,-4.56,-9.7,-7.39,-7,-0.96,4.13,34,27,13,-3,-0.72
UNLV,San Diego St.,6,5.01,5,0.2,4.1,6.42,4.61,7,7.54,6,3.18,4.5,5.41,4.02,7.86,5.39,5.1594117647,5.16,5.05,5.86,8.75,5.07,-0.31,4.38,4.98,6.35,5.86,4.24,5.01,4.69,4,4.76,5.54,5.01,6,3,5,9.27,5.27,8.51,5,3.11,15.29,6,6,7.2,-2,2.22,4.62,5.08,0.24,11.01,6.73,1.15,3.71,6,4.72,2.62,24,28,13,3,5.82
USC,UCLA,14,9.57,8,8.99,6.08,8.03,9.99,9,17.29,8,6.49,7.5,9.15,7.43,9.21,11.84,10.006470588,7.26,6.25,17.11,5.51,14.7,9.75,8.52,10.81,10.06,11.17,9.96,9.08,13.02,4,9.86,10.99,11.85,14,13,8,13.73,12.08,16.06,18,6.18,32.48,14,13,6.2,3,5.76,7.23,-4.35,1.52,10.18,10.12,5.8,8.4,15,7.31,4.58,7,28,13,9,13.25
UTEP,Marshall,0,-8.33,-3,-5.77,-6.98,-6.81,-9.57,-6,-4.11,-8,-6.2,-7,-7.18,-9.52,0.28,-7.43,-5.27627451,-6.53,-5.15,-13.69,-4.3,-7.84,-0.43,-6.77,-3.37,-9.17,-5.33,-12.88,-6.36,-11.43,-7,-9.5,-12.72,-9.83,0.01,-3,-7,-3.78,-8.77,0.54,1,-8.65,14.49,2,-1,-4.6,0.4,1.16,-5.72,0.52,-2.86,-3.45,-1.97,-14.75,-9.38,-6,-5.21,4.82,21,52,13,-1,-1.32
Virginia,Virginia Tech,-15,-13.23,-13,-24.02,-14.68,-13.41,-12.16,-22,-9.34,-16,-16.63,-15,-15.14,-7.11,-12.38,-16.36,-14.9,-10.15,-13.95,-25.92,-18.47,-10.53,-7.64,-11.72,-10.79,-14.7,-11.2,-18.97,-14.79,-18.4,-16,-17.18,-19.15,-17.11,-13,-13,-12,-6.37,-18.89,-17.86,-9.5,-15.25,-34.52,-14,-15,-14.9,-24.5,-18.48,-14.12,-9.4,-2.95,-3.4,-13.65,-19.95,-15.41,-13,-10.72,4.92,42,13,13,-15,-12.33
Washington,Washington St.,25.5,18.39,25,28.82,18.4,19.22,15.09,23,18.69,22,23.93,17,21.68,14.61,24.85,24.12,19.451764706,20.63,20.15,24.86,26.77,12.57,15.75,21.33,17.28,22.13,15.45,18.56,19.32,19.43,-10,15.66,14.73,16.1,21,26,22,14.46,17.63,15.67,14,24.1,38.13,17,24.5,21.9,16.7,30.1,22.07,26.07,4.14,10.23,21.42,12.05,18.08,23,17.38,6.49,0,30,13,20,23.24
West Va.,Pittsburgh,0,-2,-1,-4.08,-3.13,-6.62,-0.52,-1,-2.38,-6,-4.3,-3.5,-3.33,0.65,-2.82,0.54,-2.66745098,-0.79,-7.25,-6.44,-3.55,-2.03,-1.11,-1.98,-2.72,-3.33,-4.17,-4.93,-3,-2.84,-4,-3,-3.33,-2.9,-3,0,-2,-2.62,-3.48,-2.93,-5,-3.71,15.8,0.01,-1,-5.8,-7.8,-5.09,-1.89,3.51,-1.05,-2.85,-3.97,-7.85,-4.32,1,-0.92,3.35,16,19,13,-4,0.18
Western Mich.,Ball St.,10.5,13.57,6,12.8,8.26,5.96,18.09,20,6.78,17,5.71,15,9.45,6.87,7.22,11.13,10.596470588,10.35,5.75,12.94,4.77,10.21,4.81,9,11.11,16.1,13.76,14.47,10.25,27.03,22,15.17,17.37,19.68,6,10.5,11,7.11,10.02,7.39,1,8.1,15.39,8,10.5,9.6,0.01,6.98,9.43,9.15,26.95,7.44,5.89,13.25,10.58,7,10.3,5.28,22,17,13,11,10.62
Alabama,Florida,-5,-0.53,,-2.92,-1.8,-4.45,-0.11,-1,-8,-2,-4.63,0.01,-0.88,1.21,-0.91,-5.58,-2.920851064,-0.01,-6.4,-0.06,-8.64,0.4,1.93,-2.11,-2.1,0.39,,-0.75,-2,-0.12,-3,-0.42,0.01,-0.01,-6,-5,-7,-6.09,-0.11,-9.32,-2,-3.39,-13.45,-7,-4.5,0.3,,-3.78,-2.87,-3.36,-0.28,-6.78,-7.12,0.1,-1.36,-9,0.58,3.41,13,32,14,-3,-3.66
Boise St.,New Mexico St.,48,38.51,,43.95,39.65,48.35,34.25,50,44,38,49.1,36,43.48,40.89,47.75,57.98,43.414255319,38.82,50.75,57.75,48.71,50.25,31.02,44.24,41.55,42.66,,44.11,44,44.71,35,37.95,39.95,38.26,49,44,48,40.98,41.36,44.76,47,51.48,56.27,36,47.5,44.3,,53.52,48.93,46.12,21.35,24.52,44.02,34.55,46.05,51,34.21,6.71,7,42,14,44,41.61
Central Mich.,Ohio,13.5,7.08,,9.06,6.17,6.74,6.28,8,12.27,9,8.65,5,7.82,3.45,8.77,10.37,8.4108510638,6.03,8,11.44,17.63,5.15,4.07,7.57,10.94,5.51,,5.37,7.57,7.84,7,4.12,3.99,5.66,10,13.5,7,8.69,7.92,14.41,11.5,9.51,23.4,9,12.5,5.2,,13.75,11.15,21.69,1.32,6.16,9.23,5,6.13,16,5.25,3.85,10,20,14,10,7.16
Clemson,Georgia Tech,-1,-3.38,,-4.32,-1.47,-4.04,-5.04,-5,-4,-4,2.42,-5,-1.41,-5.05,-4.6,,-3.578043478,-2.67,-4.7,-7.78,0.82,-10.2,-2.04,-3.93,-3.83,-5.17,,-4.66,-3.97,-6.86,-3,-6.71,-7.15,-7.42,-3,-1,-3,0.22,-4.75,-2.38,1.5,-2.63,-1.34,-2,-1.5,-5.9,,-7.8,-3.33,7,-0.71,1.18,-1.84,-7.7,-4.56,-3,-1.07,2.62,39,34,14,-1,0.44
Connecticut,South Florida,7.5,4.73,,2.51,7.6,12.52,0.19,11,7.5,8,9.52,5,8.6,0.97,10.71,6.79,6.6904255319,9.76,12.75,2.94,11.07,-1.45,5.72,9.26,7.79,6.17,,4.04,7.5,0.66,3,3.15,2.4,1.03,9,7.5,9,6.63,5.17,8.41,3,10.91,16.7,2,7.5,18.7,,9.21,10.22,14.66,-0.94,0.96,9.67,-1.35,5.96,13,8.04,4.66,27,29,14,-2,6.86
East Carolina,Houston,-1.5,-1.1,,-1.71,-1.84,3.63,-0.92,-2,-1,-4,-3.76,-4,-1.29,-2.53,3.97,-2.93,-1.943913043,2.24,-2.55,-6.14,-2.96,-4.49,-0.49,-4.82,-3.77,-0.19,,-2.65,-2,-2.76,,-2.58,-1.21,-1.97,-2,-1,-2,-2.21,-3.65,0.18,3,-3.25,-12.4,-5,-1.5,3.5,,-6.63,-0.34,6.6,-1.46,0.01,0.17,-4.25,-3.14,-1,-0.25,2.80,32,38,14,-2,-2.69
Florida Intl.,Florida Atlantic,1.5,0.65,,-3.52,0.95,-0.18,-1.44,2,2,1,2.41,3,2.73,-0.01,0.01,-1.53,0.4491489362,-1.08,-2.25,0.11,-0.22,0.87,1.03,2.66,2.62,0.01,,1.41,0.87,-1.73,-1,2.52,1.94,0.36,2,2,-1,1.16,1.26,1.92,-5,1.14,12.65,-2,1.5,-0.2,,-8.27,-2.8,-5.82,-1.32,0.35,1.77,-1.65,1.34,3,-2.03,2.88,28,21,14,1,2.42
Hawaii,Wisconsin,-12,-9.34,,-14.2,-10.33,-11.62,-6.84,-5,-13,-14,-12.79,-8.5,-11.69,-6.05,-6.45,-12.55,-10.59234043,-4.8,-13.55,-18.83,-17.05,-9.91,-5.86,-10.93,-10.69,-6.8,,-12.58,-10.99,-9.44,-11,-12.29,-11.41,-8.87,-14,-13,-10,-12.03,-13.63,-10.38,-4.5,-12.87,-23.04,-8,-12,-9.8,,-7.76,-11.99,-4.27,-2.62,-4.66,-11.49,-16.4,-12.8,-13,-5.26,3.67,51,10,14,-8,-12.72
Illinois,Fresno St.,1.5,-6.74,,-5.24,-3.77,7.96,-7.41,-7,3,-7,-7.71,-7.5,-6.07,0.37,-1.14,-1.78,-2.372340426,-1.34,5.05,-12.67,0.61,-2.65,-3.87,-5.03,4.9,-6.71,,-9.48,-3.77,-12.18,-11,-5.72,-9.79,-9.05,8,3,5,2.73,-7.08,-0.21,-1.5,-4.72,11.6,3,1,5,,4.29,-3.5,-2.18,-2.02,2.22,2.86,-8.5,-7.96,5,-3.02,5.69,53,52,14,-5,-0.69
Louisiana Tech,San Jose St.,23.5,13.88,,22.73,15.58,18.88,8.37,21,16,14,20.74,13.5,19.71,4.35,28.46,24.1,16.882553191,19.02,22.45,15.39,27.06,7.95,13.39,18.65,18.68,15.3,,10.7,16.87,12.1,4,6.92,7.02,8.29,21,16,21,15.6,11.42,17.6,29,23.02,32.64,13,22.5,21.5,,27.53,20.74,36.08,1.84,11.63,18.6,6.05,14.02,19,15.03,6.76,20,55,14,21,16.87
Nebraska,Texas,-14.5,-11.11,,-15.04,-10.58,-15.84,-12.84,-14,-18.5,-12,-13.91,-15,-8.45,-20,-13.11,,-13.05282609,-12.51,-15.5,-13.72,-12.51,-24.48,-8.79,-11.85,-11.11,-15.44,,-14.3,-13.23,-21.58,-10,-11.25,-13.21,-14.32,-15,-15.5,-14,-16.94,-6.87,-16.08,-13.5,-13.55,-14.63,-15,-14.5,-17.7,,-21.77,-13.26,-16.45,-12.15,-11.56,-13.1,-11.45,-13.06,21,-10.55,6.18,13,12,14,-10,-13.12
Oregon,Oregon St.,10,9.31,,11.43,9.48,8.96,7.63,11,8,13,11.16,10,10.95,4.65,11.73,15.89,9.3634042553,5.73,11.25,7.61,7.4,7.58,10.63,9.7,7.27,9.31,,10.38,9.31,10.72,4,8.6,10.34,9.24,9,8,5,5.87,7.52,9.08,10.5,10.49,21.04,6,10,5.5,,11.1,11.52,13.11,1.17,6.35,9.95,5.55,9.87,11,7.26,2.93,33,37,14,8,10.01
Pittsburgh,Cincinnati,0,-2.28,,0.57,1,5.23,-7.72,2,1,-7,-1.7,-4,1.66,-14.76,0.47,-2.91,-1.495106383,-0.26,4.05,-2.94,-0.9,-12.25,-0.7,0.1,2.19,-3.13,,-3.12,-0.86,-13.97,-4,-4.54,-4.07,-7.12,5,1,-1,3.38,0.18,2.68,0,0.25,-8.94,-2,0,4.9,,3.58,1.98,-6.04,-15.7,3.84,2.15,-6.15,-2.93,5,-0.86,4.74,45,44,14,-1,-0.79
Rutgers,West Va.,0,-0.46,,-1.74,-3.51,4.01,-0.2,4,0.01,4,0.22,0.5,-0.69,2.43,-4.15,-6.29,-0.409148936,0.58,0.01,-1.53,-2.01,-4.28,-0.82,0.38,0.17,0.33,,-2.67,-0.43,-0.43,-3,-1.25,-1.71,0.17,5,0,-1,1.38,-1.21,2.31,-4,-1.69,0.54,0.01,0,3,,-1.31,-6.49,-7.69,-0.72,2.53,-0.63,-3.2,-1.14,-1,0.58,2.61,24,21,14,5,-0.13
USC,Arizona,7,6.18,,5.34,4.2,5.69,6.05,6,8,7,3.17,6,6.31,3.24,8.23,9.39,6.0842553191,3.92,4.25,10.25,9.68,8.92,4.44,4.68,6.15,7.01,,6.13,6.13,7.48,3,7.76,7.43,7.54,11,8,6,7.78,7.38,8.79,5,2.31,13.09,8,7,1.9,,0.01,1.45,7.79,0.52,6.31,9.12,2.6,5,7,3.99,2.59,21,17,14,5,8.82
Washington,California,-7,-3.54,,-11.3,-5.01,-10.92,-6.1,-6,-6,-5,-6.68,-5.5,-1.32,-4.95,-2.98,-6.83,-7.594680851,-5.12,-8.85,-16.97,-1.39,-12.34,-2.43,-3.08,-12,-7.09,,-9.6,-7,-9.22,-16,-7.12,-9.74,-8.91,-10,-6,-11,-11.06,-10.7,-13.47,-6,-3.76,-21.19,-7,-7,-9.6,,-3.73,-5.1,-2.88,-2,-7.61,-6.15,-14,-6.93,-7,-3.13,3.92,10,42,14,-8,-7.56
Western Kentucky,Arkansas St.,-6,-9.99,,-12.08,-8.12,-4.39,-11.89,-12,-10,-17,-15.64,-12.5,-8.93,-23.3,-10.79,-13.97,-9.416956522,-3.55,-7.05,-2.47,-8.8,-14.91,-5.16,-7.46,-5.26,-8.05,,-9.94,-9.72,-24,-12,-6.98,-9.72,-10.46,-9,-10,-6,-3.55,-0.96,-11.25,,-10.81,9.26,-11,-6.5,0.2,,-8.29,-9.67,-14.54,-14.97,-1.08,-9.55,-12.35,-8.13,-12,-7.12,5.45,24,20,14,-11,-10.49
Navy,Army,14,18.32,,15.6,17.76,15.37,16.4,15,16.06,13,19.9,13,20.27,15.06,20.84,25.23,16.382272727,13.42,20.5,26.67,15.69,10.87,10.26,,15.75,16.36,,18.43,16.22,19.89,,14.46,16.09,14.9,16,16.5,16,13.55,18,18.02,14,19.43,20.58,11,14.5,18,,18.72,16.6,15.23,3.21,11.03,17.57,,17.01,18,14.92,3.08,3,17,15,12,15.51
Alabama,Texas,3.5,6.75,0.01,4.68,-0.98,0.51,10.82,-1,-10.87,3,-0.5,7.5,2.82,4.73,0.53,-3.04,0.5279166667,3.42,-2.5,0.58,-1.85,5.45,-0.78,0.65,0.58,9.93,,0.75,0.65,10.58,7,1.54,1.39,2.36,-3,4,2,-10.24,0.32,-6.93,-7,-0.91,-10.66,-5,3,1.8,,-2.84,2.89,-2.84,9.75,-9.61,-3.94,,0.61,-5,5.55,4.97,21,37,18,1,2.57
Arizona,Nebraska,1,2.37,-5,-1.87,-3.36,-3.66,7,-4,1.4,-4,-4.63,-3.5,-4.31,-0.01,-8.42,-2.26,-1.879375,-2.19,-5.5,5.47,2.05,-0.01,-4.02,-2.36,-2.89,-5.35,,-0.39,-2.26,6.31,3,2.03,1.76,4.21,-5,0,-2,-0.34,0.39,-4.53,-2,-4.2,-13.18,2,0.5,-5.9,,0.72,5.29,1.83,1.63,-2.07,-3.28,,-1.78,-5,-0.72,3.79,33,0,18,-3,-3.35
Auburn,Northwestern,9,10.11,5,7.02,12.09,5.46,7.91,7,8.96,8,17.45,5,12.04,8.8,0.59,17.23,7.3864583333,9.77,4.5,13.92,9.12,-1.95,4.39,13.39,5.59,7.22,,6.53,7,5.21,11,3.28,2.79,2.44,7,4.5,1,5.83,7.25,3.42,10,17.35,1.9,7,9,4.8,,4.31,19.98,16.59,1.7,2.7,10.29,,6.99,5,10.7,4.66,35,38,18,2,11.92
California,Utah,4,1.08,-1,0.01,2.64,0.77,2.33,-2,4.66,0.25,3.01,-3,0.1,0.8,-2.68,2.54,-0.280416667,-0.01,-2.1,3.56,0.66,-5.74,-2.62,0.34,3.77,-5.49,,-0.11,0,-0.25,1,-0.21,-1.26,1.16,0.01,2.5,-2,4.26,-0.88,-4.65,-5,0.33,-1.93,1,3,-3.6,,-3.9,4.71,4.42,0.7,3.87,1.03,,-2.29,3,-0.16,2.53,37,27,18,-1,0.35
Central Mich.,Troy St.,3,7.55,5,12.86,6.65,4.15,6.09,,4.64,9,4.72,6,8.86,7.25,11.41,7.91,5.7536170213,2.98,8.2,8.86,5.97,3.97,2.98,5.89,5.79,6.7,,4.29,5.92,6.61,6,2.79,2.74,4.09,7,4.5,8,3.31,7.12,6.81,7.5,8.85,-5.94,4,3.5,3.7,,5.34,12.36,24.21,1.25,1.99,6.43,,5.94,2,4.3,3.00,41,44,18,5,3.93
Clemson,Kentucky,7,4.08,6,5.47,6.98,4.31,0.95,5,7.56,5,9.5,4,7.66,5.27,-0.69,7.01,5.4039583333,2.74,5.8,3.75,2.41,1.3,4.9,6.7,6.99,5.4,,5.33,5,2.33,4,0.49,3.26,2.08,5,7.5,4,7.18,5.61,4.86,8,8.1,23.43,5,6.5,1.3,,9.05,7.69,6.84,0.02,6.8,6.88,,4.89,7,3.71,3.48,13,21,18,5,5.24
East Carolina,Arkansas,-7.5,-7.46,-8,-9.32,-10.65,-10.61,-3.46,-5,-14.49,-6,-14.53,-4,-11.27,-7.95,-9.4,-12.91,-7.809791667,-11.35,-10.7,-12.42,-5.81,-3.05,-3.04,-9.94,-11.47,-8.66,,-3.15,-8,-0.87,-6,-4.61,1.27,-1.17,-10,-10,-9,-11.01,-6.26,-4,-1.5,-14.02,7.33,-7,-7.5,-11.2,,-15.57,-19.79,-9.99,-1.31,-7.52,-9.77,,-4.7,-10,-11.19,4.87,20,17,18,-5,-14.08
Florida,Cincinnati,13,5.37,10,11.04,6.82,10.55,0.76,5,10.09,6,11.93,5,8.22,11.81,11.11,9.11,7.6152083333,5.48,9.6,1.58,10.58,1.39,2.43,8.09,9.39,8.84,,2.48,8.22,-3.9,7,-0.91,-0.72,-1.91,11,10.5,8,10.79,0.99,13.72,5,12.3,25,10,12,5.3,,11.03,11.43,10.95,-0.02,11.5,14.97,,3.86,11,5.88,5.06,24,51,18,5,8.9
Fresno St.,Wyoming,11.5,11.11,15,10.67,9.97,7.34,5.27,10,8,11,14.61,10,16.26,5.67,14.65,13.42,9.666875,8.18,11.7,15.36,13.95,5.46,8.02,9.8,7.94,2.12,,9.52,10,7.82,10,6.01,6.68,6.68,11,13,11,4.2,10.13,-13.36,7,11.73,25.94,9,11.5,10.7,,12.54,14.95,4.16,1,0.39,11.54,,9.63,13,6.67,5.29,35,28,18,12,8.3
Georgia,Texas A&M,7,6.84,8,0.82,-0.85,1.26,10.76,1,-0.26,9,5.9,5.5,2.86,10.63,11.05,7.17,5.2441666667,4.18,0.4,17.47,9.12,8.38,-0.32,5.86,9.88,9.77,,5.76,5.86,10.21,2,8.38,7.65,8.22,6,4,4,1.78,8.56,9.95,-9,5.84,6.74,6,7,-1.5,,5.65,10.58,10.35,2.31,3.82,4.26,,4.94,-2,3.04,4.17,20,44,18,4,3.67
Georgia Tech,Iowa,5,4.22,3,4.37,4.41,4.29,3.78,8,0.01,2,8.7,1.5,4.64,8.55,-3.63,8.08,4.01,7.56,5,1.89,3.57,-0.48,1.16,8.99,9.74,0.8,,1.42,3.78,2.46,10,-0.49,1.2,1.09,4,3.5,2,2.24,1.9,2.57,-0.5,10.12,8.21,3,5,5.1,,8.7,9.28,-5.42,0.69,4.45,2.87,,2.37,3,4.38,3.28,24,14,18,3,1.09
Houston,Air Force,5,2.13,6,-0.01,1.63,3.79,4.63,6,3.08,4,1.29,5,-0.57,10.89,1.4,1.14,3.59875,0.69,5,7.97,6.37,5.46,1.57,4.29,2.5,-2.57,,5.77,4,6.56,4,4.82,7.51,6.98,5,7,1,0.6,6.44,4.35,0.5,4.25,0.01,6,5,2,,4.26,-1.71,23.66,1.23,-1.88,1.26,,6.01,11,1.38,2.96,47,20,18,4,3.52
Idaho,Bowling Green,-2,-0.67,-11,-3.91,-2.91,-9.48,0.52,-3,-8.33,-4,-3.57,-1.5,-1.74,-5.4,-10.73,-4.3,-3.480625,-4.64,-8.1,-3.83,-0.22,3.24,-0.34,-2.75,-1.42,-0.66,,-2.18,-3,-1.17,-1,1.12,-0.5,0.01,-11,-1,-8,-5.83,-2.19,-10.26,-1,-4.07,16.36,-6,-2,-9,,-0.4,-0.53,1.58,-0.34,-3.32,-7.22,,-3.35,-8,-3.51,4.69,42,43,18,-3,-2.95
Marshall,Ohio,-1.5,-1.78,-9,-6.27,-1.58,-6.42,-0.71,-7,-0.01,-4,-3.53,-5,-2.77,3.37,-3.44,-3.94,-4.45125,-4.3,-10,-4.08,-9.34,-8.17,-2.15,-2.38,-1.56,-0.87,,-3.8,-3.8,-3.21,-3,-4.54,-3.62,-3.65,-7,-4,-10,0.8,-5.14,-2.39,-5,-3.67,-16.69,-4,-2,-11.9,,-4.44,-1,8.62,-0.88,1.71,-1.86,,-5.88,-6,-2.04,3.59,17,21,18,-6,-0.69
Miami (Fla.),Wisconsin,3,6.09,4,2.96,4.78,3.14,6.19,7,-2.18,4,7.58,4,6,11.92,6.22,8.07,4.8797916667,7.49,1.9,11.03,5.25,3.88,2.22,6.99,4.84,1.94,,3.71,4.77,5.47,6,1.12,2.64,3.59,4,6.5,2,1.46,4.77,2.75,3,9.78,15.3,1,3,2.3,,-0.27,10.89,20.32,1.29,5.1,4.27,,2.98,8,6.93,3.17,20,14,18,2,8.62
Minnesota,Iowa St.,1.5,2.26,5,-1.99,2.45,3.39,4.32,-1,-0.72,2,2.63,0.5,0.35,1.6,-0.59,4.18,1.573125,0.27,1,4.97,3.14,0.27,-0.64,1.81,-0.13,0.18,,4.63,1.81,3.85,3,4.75,4.05,3.37,-1,1.5,1,-0.86,2.76,8.17,1,1.73,-9.86,4,1.5,-3,,2.83,4.58,-0.68,0.77,-0.99,1.8,,3.31,-1,0.38,2.81,14,13,18,-1,1.87
Missouri,Navy,6.5,1.76,1,-2.38,4.52,8.53,0.55,1,7.61,3,4.93,1,3.05,-5.74,7.23,6.45,3.5860416667,4.36,10,4.22,4.53,4.29,-2.74,3.28,8.26,-3.55,,2.49,3.83,1.65,3,4.4,3.44,1.53,11,6,6,4.44,3.91,7.34,-0.5,3.83,-9.27,11,6,7.1,,11.33,5.96,-3.36,0.1,0.14,6.42,,1.64,6,2.45,4.18,35,13,18,3,6.33
Nevada,SMU,15,7.4,21,12.42,14.28,17.71,1.82,16,14.36,11,16.29,7.5,12.62,-1.79,7.73,17.02,12.065208333,10.8,24.3,10.75,21.93,6.83,8.57,11.18,14.65,1.07,,8.6,11,3.17,8,6.92,4.3,3.82,21,13,18,9.46,10.19,19.03,13,15.66,-5.02,13,15,22.3,,27.05,19.24,19.92,0.2,4.56,14.89,,9.84,17,6.94,6.96,45,10,18,11,10.95
Oklahoma,Stanford,10,-1.19,6,8.97,5.36,5.16,-5.08,4,14.62,5,7.59,2.5,6.03,2.07,8.77,7.65,4.5566666667,1.23,8,-3.19,12.13,-2.4,-0.34,6.05,6.6,3.53,,-0.52,5,-3.96,2,-3.63,-3.31,-4.11,13,7,3,7.47,-1.15,14.89,13,8.94,-9.06,11,9,2.6,,13.44,7.3,17.74,-1.24,0.33,11.37,,2.2,10,1.81,5.65,27,31,18,5,6.33
Oklahoma St.,Mississippi,-3,-1.79,-4,-1.28,-0.63,-4.31,-1.36,-1,-1.24,1,-4.03,2,-2.21,-0.64,3.87,-0.01,-0.895,-3.05,0.01,-0.89,-6.05,2.52,2.22,-3.15,-0.37,-5.42,,3,-0.77,2.43,-4,4.12,5.55,3.46,0.01,-2.5,3,-1.12,1.86,2.86,5.5,-5.02,-14.45,2,-3,-4.7,,-2.94,-7.06,5.09,-0.62,-1,-0.77,,1.5,1,-2.1,3.69,21,7,18,-2,-2.29
Oregon,Ohio St.,5,5.08,2,1.66,2.12,2.92,7.81,3,-1.26,-0.25,3.25,0.01,1.45,5.31,-0.33,4.88,2.8616666667,4.26,4.9,2.81,7.36,2.15,-1.52,4,3.31,-2.6,,1.92,2.59,8.5,7,2.59,4.06,4.81,2,2,-1,-0.72,1.17,-0.43,0.5,4.32,11.71,2,5,4.7,,3.02,8.98,9.62,1.92,-0.17,1.3,,2.29,1,4.03,2.96,26,17,18,-1,2.55
Oregon St.,BYU,1.5,3.08,4,-0.3,1.87,8.62,2.24,1,6.57,-1,3.35,-1.5,3.84,-0.64,0.51,2.13,2.3664583333,6.92,6.3,5.11,9.49,-2.8,-3.97,3.06,7.49,-5.35,,-2.58,2.13,-0.87,3,-1.4,-3.02,-0.58,6,2.5,4,5.23,0.65,0.43,-0.5,3.09,8.61,1,1.5,11.2,,3.35,8.88,-5.86,0.63,3.88,1.62,,-1.43,4,4.47,3.78,44,20,18,-1,1.88
Penn St.,LSU,2.5,-4.05,0.01,3.1,1.12,2.2,-8.19,-1,1.34,1,-1.19,-0.5,0.55,-4.01,4.43,-2.28,0.530625,-4.19,3.2,-3.72,-0.14,1.47,1.59,-3.16,1.24,0.68,,1.03,0.55,-5.72,-4,-1.47,-0.42,-2.22,2,3,-1,3.18,-0.22,2.49,8,-3.08,10.37,4,2.5,3.5,,7.5,-1.9,-10.38,-2,5.03,2.2,,1.16,6,-4.16,3.65,17,19,18,5,-1.85
Pittsburgh,North Carolina,3,2.55,-1,4.96,3.69,2.48,1.27,1,5.21,3,3,3.5,3.87,-6.16,0.98,4.29,2.524375,0.24,4.4,4.67,4.89,2.93,8.54,1.28,-0.38,3.99,,4.52,3,2.93,3,4.82,4.29,2.54,7,2,3,3.67,4.14,5.34,3.5,1.48,-6.31,5,3,-1.5,,3.56,4.04,3.19,0.24,2.13,2.04,,4.64,-1,1.91,2.79,17,19,18,3,-0.43
Rutgers,Central Florida,3,2.86,1,2.62,0.26,6.75,2.24,1,6.97,2,2.16,2.5,3.4,3.17,6.06,-1.01,2.2847916667,3.32,0.9,5.86,-0.75,3.02,-1.03,1.44,5.48,6.52,,0.29,2.31,0.57,3,2.45,-0.23,0.91,7,4,1,6.04,1.92,3.34,-4,1.07,5.73,4,3,3.9,,-0.14,3.31,-4.41,0.7,5.12,2.31,,-0.27,-2,3.27,2.41,24,45,18,2,3.24
South Carolina,Connecticut,4,1.72,1,0.73,0.28,3.39,3.06,-1,0.01,-0.25,2.46,-0.5,0.49,6.05,-3.46,1.61,0.8854166667,0.74,1,2.78,5.1,1.12,-3.02,1.22,0.94,-2.26,,1.24,1.12,1.53,6,1.54,1.46,1.13,0.01,3,3,0.88,1.46,-1.95,-1,1.94,-10.48,1,3,1.2,,6.69,3.83,4.14,0.85,1.76,0.96,,0.01,-3,0.48,2.75,20,7,18,-1,3.26
South Florida,Northern Ill.,7,8.59,8,4.91,3.97,7.49,14.27,1,8.46,6,5.69,4,2.95,19.03,1.45,8.8,6.3208510638,9.55,5.6,18.42,5.52,7.43,-2.57,4.67,16.8,11.46,,6.52,6.41,12.29,-3,9.43,7.4,9.71,7,4.5,10,9.17,7.85,4.76,-6,3.65,,7,7,6.3,,2.57,10.26,7.56,2.95,9.88,4.62,,2.64,3,6.1,4.63,3,27,18,1,3.03
Southern Miss.,Middle Tenn.,3.5,1.44,2,2.08,1.55,0.9,-0.7,-2,5.81,-2,1.46,-2.5,3.49,1.69,7.62,2.43,0.7822916667,1.04,-0.7,-1.03,-0.5,-5.29,-0.46,0.66,2.82,-5.67,,-3.13,1.04,-3.66,3,-4.4,-4.38,-3.95,4,6,3,2.94,-2.12,2.5,4,2,14.81,3,3,-1.3,,-4.44,2.37,13.12,-0.37,0.01,5.08,,-2.86,2,1.21,3.71,42,32,18,-1,4.64
TCU,Boise St.,7,2.91,6,6.66,2.87,6.81,1.49,2,6.37,7,3.38,3,4.07,-1.69,5.2,4.27,3.6991666667,4.24,6.3,1.03,8.1,1.6,1.67,3.73,6.74,-0.68,,1.79,3.73,1.55,4,2.24,1.45,1.51,6,4,3,4.7,0.92,1.47,1,4.58,-2.49,4,6.5,4.6,,9.12,5.88,6.62,0,3.03,5.83,,2.23,5,3.56,2.46,17,10,18,4,5.25
Temple,UCLA,-6,-6.06,-1,-0.27,-5.44,-3.4,-5.57,-5,-2.47,-3,-7.16,0.01,-6.52,-9.29,-7.83,-9.33,-3.613958333,-4.05,-3.2,-7.44,-6.3,2.93,5.22,-5.07,-9.92,-3.67,,0.16,-4.05,-2.38,-4,-5.24,0.01,-3.55,-6,-4,-4,-4.15,-2.08,0.8,6,-7.12,-8.77,-8,-6,2.1,,-7.23,-14.23,-3.75,-0.85,-5.83,-5.93,,2.66,4,-4.47,4.26,30,21,18,3,-5.98
Texas Tech,Michigan St.,7.5,6.21,9,10.56,6.8,14.45,4.9,12,15.64,10,10.26,8.5,8.41,11.82,9.75,12.27,10.289166667,11.45,16.2,13.42,6.56,7.18,7.47,14.18,10.92,9.2,,7.15,9.86,6.88,5,5.24,7.12,6.46,16,8.5,12,11.88,10.8,10.83,8,15.03,14,9,8,16.6,,12.82,12.23,12.9,0.83,8.12,10.89,,9.76,20,9.36,3.40,31,41,18,8,9.86
USC,Boston College,7.5,5.91,5,4.42,4.44,6.42,5.66,2,11.63,3,2.48,3.5,6.2,2.03,14.07,6.66,5.4885416667,2.84,6.5,12.47,0.77,2.02,3.03,4.04,6.03,4.17,,4.98,4.98,6.49,6,6.22,4.81,6.1,9,7,4,8.62,6.69,7.47,6.5,3.72,5.84,11,7,3.9,,3.46,8.08,9.63,1.08,5.6,7.96,,4.03,12,4.29,2.70,13,24,18,3,4.49
Virginia Tech,Tennessee,5.5,7.07,10,9,6.86,6.34,5.14,10,0.67,10,7.74,7.5,10.13,2.61,10.05,9.56,7.6364583333,4.6,8.3,8.44,7.12,7.43,6.31,8.5,7.79,10.64,,8.41,7.74,9.34,7,5.66,9.73,7.65,6,4,3,-0.15,8.13,10.23,8.5,9.11,22.11,4,6,12.3,,7.05,6.38,10.99,0.47,-0.98,8.06,,8.35,8,4.88,3.37,14,37,18,4,6.28
West Va.,Florida St.,3,3.52,7,12.96,1.95,2.63,5.31,6,3.61,7,-1.48,7,2.15,-1.04,-5.32,2.94,3.7072916667,3.29,3.7,8.39,4.85,6.07,6.86,1.3,2.06,-0.01,,7.89,3.61,7.97,4,8.87,9.95,7.97,3,-1,4,-0.08,8.58,1.65,3,-0.21,-7.45,3,3,7.9,,3.64,1.31,-4.42,0.75,-3.77,-0.66,,7.48,2,2.28,3.94,33,21,18,5,1.2
