Home,Road,line,linesag,linebemiss,linepfz,linelaz,linemore,linesagelo,linemarsee,linenutshell,lineargh,linecpa,linehow,linesagpred,linecparetro,linekam,linebass,lineavg,lineelo,lineborn,linesuper,linedunk,linebill,linecovers,linebihl,linethompson,linemassbcs,lineimes,lineclaa,linemedian,linewolf,lineharm,lineanderson,linecoll,linemaas,linefox,lineopen,linepig,linenutshellretro,linecons,linecong,linesportrends,linetsrslots,linel2,linebenson,lineash,linegupta,lineca,lineburdorf,linesprs,linekeep,linekerns,linel2hf,linetsrelo,linelog,linebmc,lineatom,linesprs3,linetsr4,linestd,vscore,hscore,week,linetrexler,linedokter
Akron,Army,5,3.76,-0.5,9.29,4.12,3.33,3.76,6,15.55,3,2.7,9.5,3.76,2.7,8.97,-0.99,5.2,3.62,2.6,8.69,8.53,7.67,,,5.3,2.48,7.22,6.21,5.01,,3,,,,3,4.5,7,,5.73,12.28,0.01,15.43,,6.29,6,6.5,5,4.6,5.3,4.02,5.01,,3.69,,10.5,1.44,4.5,8.51,3.54,14,22,1,8,-3.71
Arizona St.,San Jose St.,15.5,20.17,11.7,10.75,21.1,14.75,20.17,5,20.25,12,12.62,16,20.17,12.62,21.47,29.8,14.53,8.52,14.65,30.88,23.94,9.67,,,10.5,8.8,6.47,5.76,13.91,,14,,,,18,16,13,,13.94,10.12,0.7,6.88,,21.83,25,12.5,15.5,15.1,10.5,3.09,25.21,,8.29,,14,13,13.5,1.12,6.86,3,45,1,10,24.22
Arkansas,Troy St.,23,21.22,17.1,20.23,22.03,23.71,21.22,15,33.74,18,23.22,15,21.22,23.22,30.93,22.62,21.73,16.58,27.65,36.56,21.11,19,,,20.4,23.15,19.85,19.72,21.22,,24,,,,27,23,22,,25.3,12.39,4.3,16.17,,27.86,24,15,23,12.3,20.4,15.78,35.43,,25.15,,25,27.5,20.6,15.48,5.68,26,46,1,21,28.33
Auburn,Kansas St.,13,14.67,12.1,21.02,11.12,8.13,14.67,21,18.28,16,14.62,18,14.67,14.62,15.97,17.4,15.2,12.05,10.55,23.5,19.85,18.67,,,15.1,21.33,19.58,20.97,15.97,,16,,,,12,13.5,13,,17.95,14.62,-10.7,9.97,,17.06,17,19.5,13.5,6.4,15.1,18.65,18.81,,23.12,,14,13.95,15.5,9.8,3.80,13,23,1,17,16.97
BYU,Arizona,3.5,11.2,4.3,18.47,8.73,10.4,11.2,24,11.94,4,5.02,12,11.2,5.02,12.58,4.47,9.8,12.32,16.25,15.94,15.4,10.67,,,6.5,4.1,11.85,14.18,10.67,,11,,,,13,4.5,8,,8.73,6.15,-12.3,16.32,,8.06,10,19,4.5,6.9,6.5,6.97,13.82,,6.17,,-1,15.09,8.4,18.1,4.72,7,20,1,14,3
Ball St.,Miami (Ohio),3.5,-3.79,8.4,1.9,-4.85,14.1,-3.79,16,13.25,4,6.22,2.5,-3.79,6.22,8.22,-12.43,6.71,10.11,13.45,-5.19,16.4,10,,,7.1,11.99,14.02,13.46,8.22,,9,,,,8,6,4,,5.89,6.23,-8.8,8.95,,4.78,-1,10.5,4,14.8,7.1,10.75,6.89,,14.56,,11,13.1,9.2,9.66,7.12,14,13,1,9,0.87
Boston College,Wake Forest,6,9.23,7,9.68,8.8,4.71,9.23,5,4.07,7,7.62,9,9.23,7.62,6.43,15.98,6.43,0.7,1.85,14.13,7.16,-1.33,,,8.5,0.76,0.4,3.93,7,,1,,,,7,6.5,5,,7.12,4.41,-9.2,9.09,,8.44,15,12,6,1.4,8.5,13.91,10.84,,1.54,,8,2.77,6.8,2.54,4.48,28,38,1,6,14.34
California,Tennessee,6.5,6.52,,9.14,8.74,13.34,6.52,12,13.98,5,4.22,5.5,6.52,4.22,4.59,5.53,7.16,7.69,12.35,7.13,18.51,5.33,,,5.6,4.06,4.64,5.51,6.52,,8,,,,10,5.5,4,,5.69,6.82,-12,5.45,,4.96,7,11,6.5,15.9,5.6,6.88,4.26,,2.12,,11,7.61,8.8,5.45,3.63,31,45,1,6,3.08
Clemson,Florida St.,-3.5,-0.01,4,11.62,1.16,1.33,-0.01,3,4.47,1,-3.88,3,-0.01,-3.88,11.25,,2.36,2.15,3.55,0.56,4.76,-1.33,,,-0.5,4.95,3.34,6.21,2.56,,1,,,,3,-2.5,-4,,-0.19,0.43,-6,4.65,,2.97,4,9.5,-2.5,-5.7,-0.5,5.46,10.33,,6.22,,-4,6.98,1.4,11.52,4.16,18,24,1,6,-4.77
Colorado,Colorado St.,2.5,3.65,-0.8,5.84,3.59,11.78,3.65,1,7.1,0.25,2.4,2,3.65,2.4,6.75,6.22,3.35,3.49,11.2,6.25,6.35,5,,,0.3,1.44,4.11,-1.87,3.59,,3,,,,12,2.5,4,,1.34,-8.06,1.2,4.04,,8.77,2,4.5,2.5,8,0.3,-5.58,4.77,,4.31,,-5,6.89,1.6,1.69,4.29,28,31,1,1,0.81
Duke,Connecticut,-4.5,-9.56,-2.3,-16.95,-6.45,-3.41,-9.56,-7,-15,-7,-7.88,-9,-9.56,-7.88,-12.98,-6.34,-8.47,-7.46,-8.75,-14.19,-6.79,-12.67,,,-5.5,-14.58,-13.09,-14,-7.88,,-8,,,,-5,-5.5,-5,,-10.53,-5.86,-14.2,-18.15,,-3.79,-2,-13.5,-5,-9.3,-5.5,-7.11,-10.7,,-26.47,,-6,-11.98,-5.6,-18.15,3.82,45,14,1,-8,-2.28
Florida Atlantic,Middle Tenn.,2,-6.44,-4.8,-7.21,-5.99,0.63,-6.44,-1,-9.41,4,4.32,-2.5,-6.44,4.32,-10.25,-6.27,-1.71,-3.43,0.65,-3.81,1.03,-4.67,,,4,-3.55,-3.89,-6.83,-1.09,,-1,,,,1,2,2,,-1.72,8.91,-23.3,-9.58,,1.62,7,,2,4,4,8.09,-3.15,,-3.65,,3,-1.19,1.2,-5.94,5.05,14,27,1,1,2.02
Georgia,Oklahoma St.,6,12.96,-0.8,18.13,11.79,5.15,12.96,8,-0.35,10,11.52,15,12.96,11.52,7.37,26.74,8.61,7.14,3.35,16.38,17.04,12.67,,,5.3,13.81,11.81,10.75,9,,4,,,,8,7,10,,9.29,3.18,-16,0.47,,2.85,0.01,15,6,4.6,5.3,-0.01,12.32,,15.57,,18,6.75,6,-5.89,5.92,14,35,1,9,16.4
Illinois,Missouri,-4.5,-12.41,-4.9,-20.86,-10.03,-10.45,-12.41,-17,-20.26,-8,-11.8,-14.5,-12.41,-11.8,-13.31,-12.26,-12.18,-11.4,-13.2,-23.75,-14.16,-19,,,-8.6,-13.35,-12.97,-17.05,-12.35,,-8,,,,-13,-5.5,-9,,-18.16,-9.38,-6.3,-21.6,,-10.97,-10,,-6,-8.2,-8.6,-12.28,-6.91,,-11.57,,-14,-13.5,-8.8,-22.4,3.89,40,34,1,-10,-14.88
Iowa St.,Kent,4,17.36,-0.8,6.84,15.44,9.06,17.36,1,16.8,7,1.22,11,17.36,1.22,12.11,29.52,7.13,3.35,12.75,18.56,4.3,9.33,,,3.6,7.52,1.49,1.46,6.84,,-1,,,,11,3.5,5,,4.81,-6.43,-10.2,-1.09,,7.24,8,17,4,5.4,3.6,2.28,4,,11.19,,-1,7.38,2.2,-6.8,7.39,23,14,1,1,19.28
Kansas,Central Mich.,7.5,10.1,4.5,0.2,10.18,4.35,10.1,-5,5.11,7,8.32,4,10.1,8.32,8.86,14.51,3.8,3.46,8.65,8.94,6.97,0.01,,,2,-1.89,-2.61,-5.37,4.35,,11,,,,10,8,8,,1.17,-0.19,-3,-2.84,,5.13,2,1.5,7,-1.3,2,-9.54,2.31,,-2.27,,-1,5.99,4.7,-5.29,5.42,7,52,1,4,4.38
Louisiana-Monroe,Tulsa,-3.5,-9.01,-3.6,-8.73,-8.63,0.67,-9.01,-2,-18.87,0.25,-7.38,-7.5,-9.01,-7.38,-9.68,-14.38,-7.71,1.61,-7.15,-17.19,-0.34,-9.33,,,-7.1,-8.79,-7.25,-12.13,-7.46,,-5,,,,-6,-3,-11,,-10.15,0.12,-32.8,-17.57,,-9.46,-7,-16.5,-4.5,7.9,-7.1,-7.41,-11.49,,-9.59,,-10,-3.34,-5.1,-31.91,5.47,35,17,1,-7,-7.03
Memphis,Mississippi,-2.5,-3.12,-2.4,3.61,-0.96,-8.18,-3.12,-5,-5.2,-3,-8.48,1,-3.12,-8.48,-6.44,6.21,-4.02,-5.85,-6.15,-7.31,2.24,-5.67,,,-4.3,-12.43,-10.82,-9.83,-4,,2,,,,-4,-3,-7,,-6.31,-2.62,-8.8,-13.54,,-3.49,1,4,-2.5,-5.6,-4.3,-3.43,-9.36,,-12.02,,-3,-6.66,-1.8,-35.81,4.32,23,21,1,-2,-3.17
Miami (Fla.),Marshall,18.5,22.22,10.6,21.55,20.21,17.7,22.22,14,13.95,13,22.02,16,22.22,22.02,19.11,22.81,17.46,8.89,16.65,35.88,18.43,21.33,,,19.4,12.81,13.82,13.7,17,,15,,,,16,19,19,,21.74,14.63,6.2,-3.17,,25.84,26,11.5,18.5,12.1,19.4,20.62,16.59,,14.12,,22,13.87,17,-3.17,5.35,3,31,1,15,25.81
Michigan St.,UAB,22,13.06,12.2,6.83,12.49,23.96,13.06,9,12.7,14,21.12,9,13.06,21.12,12.72,16.07,14.35,10.96,16.75,21.56,23.93,12,,,21.6,9.48,9.27,10.09,13.06,,18,,,,13,18,21,,15.32,17.3,-11.8,2.37,,21.3,22,0.5,21,18.8,21.6,22.65,17.15,,9.59,,11,11.5,19.8,-6.96,5.53,18,55,1,14,20.56
Minnesota,Bowling Green,14.5,17,20.1,16.88,16.79,29.39,17,17,29.33,16,20.62,14.5,17,20.62,27.25,14.58,18.7,23.42,31.55,24.63,27,18.67,,,15.5,22.4,19.47,18.28,17.3,,10,,,,24,16,17,,20.47,13.17,-13,29.78,,13.35,13,17.5,15,26.5,15.5,14.97,25.14,,29.71,,10,27.68,17.3,26.43,5.62,32,31,1,13,22.36
Mississippi St.,LSU,-20.5,-22.09,-15.5,-30.47,-18.19,-21.35,-22.09,-25,-29.76,-13,-27.68,-19.5,-22.09,-27.68,-27.74,-17.61,-22.45,-15.18,-21.05,-34.94,-22.8,-26.33,,,-22.6,-22.55,-24.41,-26.22,-22.09,,-21,,,,-19,-16.5,-23,,-29.14,-26.7,-26.3,-28.51,,-20.4,-20,-30,-20.5,-17.4,-22.6,-26.23,-20.01,,-27.27,,-22,-18.11,-21.2,-41.6,4.77,45,0,1,-20,-18.01
NC St.,Central Florida,8,18.03,7.7,7.9,16.59,12.89,18.03,8,18.1,3,9.82,10.5,18.03,9.82,13.62,18.65,10.56,7.5,14.45,24.38,16.36,10,,,7.4,7.02,4.56,5.64,10,,11,,,,16,9,10,,11.07,-3.08,-0.8,10.59,,16.51,13,6.5,8,6.4,7.4,4.3,15.48,,5.15,,10,9.76,9.6,11.52,5.74,25,23,1,6,16.81
Nebraska,Nevada,21.5,15.53,9.4,9.84,13.27,12.8,15.53,6,19.53,13,20.32,12,15.53,20.32,14.35,16.81,13.7,7.92,12.15,23.63,19.14,9,,,17.9,10.44,9.31,9.23,14.72,,24,,,,16,19.5,18,,14.86,12.23,-3.4,6.19,,15.75,16,,20,7.1,17.9,14.58,16.14,,12.58,,17,6.94,17.7,3.95,4.54,10,52,1,15,22.22
Northern Ill.,Iowa,-11.5,-11.51,-4.4,-5.36,-12.32,-10.38,-11.51,-3,-15.99,-8,-15.3,-1,-11.51,-15.3,-8.76,-14.24,-8.83,-3.38,-10.1,-16.63,-7.88,-1.33,,,-12.6,-7.08,0.66,-4.76,-9.7,,-8,,,,-13,-12,-16,,-11.04,-2.43,-11.5,-14.89,,-15.56,-13,3.5,-11.5,-7.1,-12.6,-10.31,-17.41,,-6.73,,-3,-6.49,-9.7,-10.77,5.42,16,3,1,-3,-18.21
Notre Dame,Georgia Tech,1,7.03,3.5,8.22,7.47,3.08,7.03,6,10.28,4,4.92,7,7.03,4.92,8.31,13.75,4.68,6.31,5.05,7.19,2,10,,,3.4,9.89,8.28,10.15,5,,-1,,,,3,2.5,3,,2.93,2.3,-12.2,3,,-3.06,0.01,5,2,-3.4,3.4,4.1,12.8,,10.98,,-4.5,6.43,2.4,3,3.74,33,3,1,7,4.99
Oklahoma,North Texas,39.5,37.48,30.2,37.03,33.36,47.11,37.48,37,49.49,28,49.72,27.5,37.48,49.72,45.91,41.55,38.13,30.96,46.65,55.06,46.94,36.67,,,39.8,31.17,37.62,37.1,37.62,,38,,,,43,39.5,43,,43.21,37.33,7.6,43.69,,42.68,35,36.5,39.5,43.3,39.8,35.98,41.01,,35.16,,26,40.73,39.1,32.86,6.21,10,79,1,37,43.39
Oregon,Houston,16,15.48,9.2,8.45,14.88,2.5,15.48,1,18.15,14,12.52,11.5,15.48,12.52,12.79,20.74,9.89,2.13,5.55,19.69,11.4,-0.67,,,12.8,9.25,2.46,3.87,9.25,,9,,,,11,15.5,6,,8.95,3.74,-5.1,9.33,,13.35,18,5,15,-3.9,12.8,16.98,25.71,,7.83,,6.5,5.86,11.3,8.36,6.68,27,48,1,8,25.68
Oregon St.,Utah,5.5,4.76,5.2,3.02,4.34,9.66,4.76,8,10.71,10,10.62,5.5,4.76,10.62,7.84,-4.69,8.4,6.2,7.95,7.63,5.97,12.33,,,9.4,16.68,12.75,11.73,8,,8,,,,9,6.5,7,,8.07,7.7,1.8,-2.55,,11.01,12,7,6,7.3,9.4,14.83,12.58,,16.97,,16.5,7.19,7.9,-1.14,3.77,7,24,1,10,11.16
Penn St.,Florida Intl.,38.5,40.49,31.5,37.64,37.24,47.78,40.49,40,55.9,31,48.52,24.5,40.49,48.52,43.38,35.67,38.7,34.18,49.25,52.88,52.03,36,,,43.9,41.99,38.04,40.11,40,,35,,,,40,38.5,44,,40.83,32.93,3.7,46.75,,36.1,38,,38.5,42.3,43.9,49.11,28.74,,56.99,,30,34,41.7,46.75,6.63,0,59,1,35,44.76
Pittsburgh,Eastern Mich.,20,25.17,19.1,24.03,25.86,21.26,25.17,25,34.15,19,28.02,21.5,25.17,28.02,28.75,27.83,23.6,18.97,28.95,36.25,27.32,20,,,21.7,24.36,23.99,27.87,24.03,,23,,,,27,20,25,,25.89,16.33,1.8,30.27,,24.43,22,16.5,20.5,20.3,21.7,20.1,34.94,,30.43,,17,28.77,22.4,12,4.42,3,27,1,23,22.63
Rutgers,Buffalo,33,38.43,24.1,37.26,25.68,38.89,38.43,43,43.37,26,45.02,27,38.43,45.02,40.75,29.93,35.48,32.01,40.85,49,42.18,37.33,,,36.1,35.45,37.4,38.98,37.33,,37,,,,40,33,40,,39.53,27.48,-6.2,37.03,,37.04,34,40,33.5,37.7,36.1,36.33,38.86,,44.47,,31,43.28,35.3,32.29,5.28,3,38,1,35,33.95
SMU,Texas Tech,-8.5,-19.54,0.9,-9.63,-17.36,-12.59,-19.54,-6,-15.78,-6,-6.48,-20,-19.54,-6.48,-9.44,,-11.04,-4.69,-14.35,-30.94,-3.86,-12.33,,,-8,-6.33,-7.64,-7.51,-9.57,,-13,,,,-16,-10,-7,,-14.59,0.19,-25.4,-16.8,,-18.18,-15,-9.5,-8.5,-3.1,-8,-7.64,-19.81,,-7.43,,-1,-11.24,-6.7,-16.8,6.65,49,9,1,-5,-21.87
South Carolina,Louisiana-Lafaye,29,24.9,24.9,20.63,22.65,37.88,24.9,27,27.29,23,34.12,17.5,24.9,34.12,30.19,21.12,26.6,25.13,35.45,38.69,36.15,26.67,,,28.5,23.01,24.64,22.83,27,,31,,,,32,29,28,,30.4,17.64,-3.5,35.92,,30.05,25,14.5,29,38.8,28.5,27.92,36.08,,25.9,,15,35.73,29.6,29.53,6.14,14,28,1,23,32.97
Stanford,UCLA,-16.5,-8.4,-17.8,-22.16,-8.57,-17.63,-8.4,-15,-15.73,-19,-19.88,-10.5,-8.4,-19.88,-15.22,-2.71,-15.77,-10.02,-16.75,-24.75,-8.34,-13.67,,,-20.8,-10.45,-13.17,-18.23,-16.24,,-15,,,,-15,-17,-20,,-24.56,-26.38,-8.3,-23.46,,-16.24,-18,-23,-16.5,-15.1,-20.8,-25.49,-15.23,,-14.92,,-13,-17.39,-17.3,-13.75,5.71,45,17,1,-19,-16.37
Syracuse,Washington,-3.5,-0.39,-0.1,0.21,-1.99,-5.42,-0.39,1,-6.1,-2,-3.08,0.01,-0.39,-3.08,-0.01,1.08,-2.59,-0.33,-3.05,-7.63,8.08,-1.33,,,-4,-3.91,-1.1,-3.15,-2.89,,-2,,,,-1,-4,-6,,-5.68,-4.67,-13.3,3.57,,-3.9,-5,-6.5,-3.5,-4.9,-4,-2.89,-3.85,,-3.74,,-7,-1.61,-1,3.57,3.00,42,12,1,1,-3.85
TCU,Baylor,21,18.11,15.2,29.08,16.36,31,18.11,35,17.49,16,24.52,20,18.11,24.52,23.22,12.04,23.16,19.29,28.35,37.25,32.79,21.33,,,25.9,14.36,22.54,22.63,24.52,,25,,,,26,21,25,,29.72,29.09,-10.4,13.06,,25.4,30,23.5,21.5,36.5,25.9,31.81,28.09,,16.61,,17,30.5,25.1,1,6.29,0,27,1,25,22.6
Temple,Navy,-20.5,-18.12,-16,-31.56,-13.16,-22.53,-18.12,-25,-35.87,-13,-22.88,-17,-18.12,-22.88,-32.2,-19.88,-21.03,-17.97,-27.05,-27.13,-23,-23,,,-19.7,-18.79,-18.3,-24.16,-20,,-22,,,,-24,-21,-20,,-21.84,-12.13,-6.5,-22.62,,-14.26,-21,-26,-20.5,-12.4,-19.7,-18.14,-24.99,,-29.73,,-21.5,-28.12,-20,-26.89,5.81,30,19,1,-24,-17.89
Texas,Arkansas St.,39,39.05,26.9,35.79,38.56,41.18,39.05,26,52.49,27,45.92,29.5,39.05,45.92,41.2,51.94,35.07,21.24,44.65,54.69,44.64,28.67,,,35.7,21.49,24.2,26.2,35.79,,43,,,,43,39,38,,38.59,27.9,7.3,32.53,,41.89,38,29.5,39,32,35.7,30.02,33.75,,24.34,,31,34.75,36.9,32.53,8.63,13,21,1,32,43.6
Toledo,Purdue,-6.5,-6.25,-6.7,0.81,-7.52,-7.62,-6.25,-2,-11.34,-6,-11.68,-2,-6.25,-11.68,-6.85,-4.05,-7.46,-5.88,-9.25,-12.81,-5.89,-14.67,,,-7.7,-10.11,-6.53,-8.34,-7.35,,-10,,,,-5,-7,-7,,-11.68,-7.35,-24.1,-7.71,,-12.88,-8,5,-6.5,-4.4,-7.7,-9.6,-8.15,,-11.97,,-3,-5.73,-7.6,-18.61,3.98,52,24,1,-5,-9.2
USC,Idaho,48.5,48.08,38.9,47.87,44.04,56.35,48.08,45,63.64,37,53.82,39,48.08,53.82,47.96,57.78,45.43,36.29,54.35,59.31,55,36,,,47.2,34.27,37.77,40.74,47.2,,41,,,,51,44.5,49,,45.57,47.95,11.3,39.35,,45.17,47,48,48.5,52.2,47.2,46.06,53.77,,39.18,,33,48.13,46.1,39.35,6.99,10,38,1,39,45
UTEP,New Mexico,-3.5,-3.32,-2.3,0.36,-4.72,-12.49,-3.32,1,0.86,-2,-4.78,1,-3.32,-4.78,-3.67,-1.31,-5.19,-3.48,-8.55,-10.31,-3.56,-8,,,-7.1,-0.95,-4.97,-0.7,-3.67,,1,,,,-3,-3,-2,,-9.46,-5.54,-20.1,-7.34,,-9.9,-6,-0.5,-3.5,-17.5,-7.1,-16.29,-1.28,,-0.9,,-10.5,-9.62,-4.4,-2.47,4.79,6,10,1,1,-10.27
Utah St.,UNLV,-6.5,-4.94,-4.6,-2.39,-3.73,-10.07,-4.94,-3,-8.6,3,-6.98,1,-4.94,-6.98,-8.59,2.33,-4.78,-8.96,-13.55,-3.5,-7.37,0.01,,,-4.3,0.94,-1.06,-0.4,-4.69,,-6,,,,-8,-8,-7,,-2.52,2.99,-21.4,-24.7,,-4.69,-6,0.5,-6.5,-6.9,-4.3,0.48,-4.56,,-2.33,,-6,-13.55,-5.2,-30.94,4.17,23,16,1,-4,1
Virginia Tech,East Carolina,28,25.56,16.5,24.42,24.28,26.05,25.56,17,18.18,22,28.32,20.5,25.56,28.32,25.08,34.79,22.96,14.25,19.95,38.69,30.16,20.33,,,26.8,15.38,16.68,16.79,24.42,,28,,,,24,24,26,,26.59,19.14,8,14.04,,29.87,30,24.5,27,21,26.8,26.31,13.3,,17.77,,24.5,19.82,25.8,4.19,5.49,7,17,1,22,31.47
West Va.,Western Mich.,24,23.89,19.3,22.41,23.01,24.43,23.89,20,31.76,25,29.22,22,23.89,29.22,19.31,24.93,22.59,15.69,24.45,35.19,23.24,19.67,,,25.3,21.28,20.9,21.58,23.89,,29,,,,25,23,25,,24.43,17.43,-9.5,23.48,,18.5,27,23,24,14.6,25.3,27.39,29.1,,24.95,,25,21.21,24.6,23.48,4.17,24,62,1,22,26.18
Wisconsin,Washington St.,14.5,9.96,10.3,12.27,5.98,15.85,9.96,19,6.86,11,24.62,14.5,9.96,24.62,10.87,11.55,14.46,15.13,15.65,16.56,23.56,20.33,,,18.8,13.35,15.01,14.17,15.43,,17,,,,17,14,21,,16.78,16.99,-23.1,7.02,,15.43,12,22.5,14.5,20.8,18.8,21.44,4.97,,19.36,,25,12.18,17.9,7.02,4.70,21,42,1,19,18.97
Wyoming,Virginia,-3,-4.29,-3.6,1.72,-4.49,-8.24,-4.29,6,-1,-5,-1.78,-0.5,-4.29,-1.78,6.61,-7.08,-1.25,3.19,-3.45,-5.06,5.01,-6.33,,,-1.2,1.69,3.6,4.61,-1.2,,-1,,,,-3,-4.5,-6,,-4.25,-3.03,-11.2,3.64,,-4.43,4,2.5,-3,-5.3,-1.2,6.31,4.54,,0.77,,-1,2.01,-0.5,3.64,4.58,3,23,1,2,-11.05
Arizona St.,Colorado,15.5,11.19,13,13.78,12.54,17.02,5.28,28,15.56,10,15.41,13,17.28,13.32,21.74,19.74,15.92,15.52,21.65,16.58,25.47,17.89,2.67,,17.1,,16.91,21.94,17.01,,20,,,,14,16,17,15.11,19.18,19.74,-16.6,15.12,,14.37,15,12.5,15.5,23.3,17.1,19.83,26.68,,20.94,,17,17.74,17.6,11.7,4.50,14,33,2,18,17.94
Auburn,South Florida,6.5,23.56,9.5,11.92,20.2,0.01,23.9,2,14.33,10,7.37,13.5,23.64,5.7,10.5,19.54,9.48,3.53,11.55,28.67,7.88,9.44,7.94,,8.6,,1.96,17.18,9.47,,4,,,,4,7,7,15.6,10.91,5.74,-12,1.95,,11.63,10,12.5,6.5,-6.5,8.6,11.89,10.33,,16.26,,1,6.49,6.4,3.05,7.62,26,23,2,9,21.32
Baylor,Rice,7,14.41,3.8,5.65,6.9,3.43,17.1,14,15.6,8,20.34,4.5,11.76,20.94,4.5,12.65,6.02,0.89,11.85,11,5.7,6.31,10.71,,4.3,,0.14,9.42,4.86,,3,,,,6,6,9,17.23,4.15,-0.78,-14,1.86,,0.1,3,2.5,7,5.7,4.3,-2.58,3.1,,-0.98,,-3,7.59,3.2,3.92,5.94,17,42,2,3,0.62
Boston College,NC St.,13.5,21.04,16.4,19.68,12.59,22.8,24.58,31,12.83,19,23.73,18,17.87,23.66,19.95,23.95,19.47,17.23,20.25,32.42,25.32,28.06,3.25,,19.9,,18.74,33.42,19.34,,16,,,,18,13.5,18,12.53,26.67,25.72,-10,5.93,,10.63,21,29.5,14.5,21.3,19.9,27.81,12.58,,21.79,,16,17.87,18.9,5.41,5.46,17,37,2,19,17.83
Central Mich.,Toledo,3,-1.29,5.7,3.3,-4.11,10.38,1.44,15,11.62,5,7.86,6.5,-4.05,8.02,17.06,-4.45,6.39,10.56,7.85,4.17,12.73,16.32,-0.01,,7.9,,4.24,12.61,7.74,,6,,,,9,3.5,5,14.08,8.9,4.9,-20.7,5.32,,4.96,4,10.5,3.5,12.8,7.9,15.7,7.63,,16.89,,-2,9.94,6.8,4.58,5.77,31,52,2,8,2.46
Cincinnati,Oregon St.,-3,-12.19,-2.8,-1.83,-7.27,-4.8,-17.36,-2,-6.73,-5,-3.61,-2,-6.21,-3.61,-1.01,0.13,-3.34,-0.32,-5.15,-15.25,3.14,-5.38,2.61,,-2.5,,3.76,-6.88,-3.56,,-1,,,,3,-4,-5,-5.27,-6.5,-4.11,-6.6,-5.42,,-14.7,1,-3.5,-3,-4.8,-2.5,1.07,8.28,,-1.5,,-6.5,-3.41,-0.9,5.55,4.98,3,34,2,2,-5.18
Clemson,Louisiana-Monroe,26.5,34.9,20.2,23.22,29.06,23.01,37.66,24,29.7,18,28.5,22,32.61,27.45,29.01,28.83,25.09,13.7,27.05,49.25,36.92,28.9,5.72,,27.7,,13.46,30.73,27.03,,26,,,,27,26,30,30.72,30.36,15.09,4.4,31.36,,31.95,27,25,26.5,13.5,27.7,26.58,33.4,,23.81,,20,17.39,24.5,36.28,7.14,26,49,2,24,28.27
Colorado St.,California,-14,-20.12,-16.7,-15.47,-15.16,-27.97,-23.9,-22,-25.93,-12,-21.42,-17.5,-16.41,-22.73,-22.88,-18.55,-19.41,-19.33,-27.25,-34.08,-21.18,-25.4,-5.26,,-16,,-8.47,-35.18,-20,,-18,,,,-22,-16.5,-20,-24.98,-26.81,-14.19,-25,-31.89,,-13.64,-11,-22,-14.5,-22.4,-16,-13.88,-21.05,,-26.72,,-20,-27.42,-14.9,-32.77,6.34,34,28,2,-14,-9.76
East Carolina,North Carolina,5.5,-1.77,9.5,0.56,-1.84,7.38,-3.49,18,11.07,4,4.24,2,0.13,3.59,9.24,-0.33,4.54,9.98,3.35,-1.92,9.75,6.01,2.7,,6.7,,4.09,4.57,4.34,,2,,,,3,4.5,1,11.81,4.44,16.38,-18.3,-0.67,,2.82,8,6,5.5,9.2,6.7,14.52,1.63,,6.73,,-1,6.11,5.2,-3.53,5.15,31,34,2,6,-0.34
Eastern Mich.,Ball St.,-4,0.51,-5.2,-4.27,-3.84,-9.82,3.31,1,-8.71,-2,-1.7,-4.5,-2.32,-2.21,-5.95,-0.58,-5.51,-6.28,-9.95,-2.17,-3.16,-3.81,-1.1,,-6.5,,-1.6,-4.05,-5.91,,-13,,,,-7,-5.5,-7,-8.63,-5.92,-1.35,-18.1,-14.04,,-9.9,2,-7,-4,-10.1,-6.5,-8.09,-9.67,,-12.59,,-6,-10.8,-6.8,-7.48,3.99,38,16,2,-5,-5.89
Florida,Troy St.,27,28.22,24.4,29.98,27.34,34.35,26.13,22,38.66,23,29.87,25,30.91,29.8,35.65,33.53,28.65,22.91,36.05,45.25,30.38,24.38,15.36,,27.1,,22.48,27.97,29.01,,30,,,,37,28,32,40.19,32.05,21.29,6,34.4,,31.51,25,31.5,27,24.3,27.1,23.93,46.05,,36.9,,32,33.6,26.8,21.17,5.49,31,59,2,28,31.52
Florida Intl.,Maryland,-23.5,-26.5,-16.4,-19.1,-24.97,-32.72,-23.28,-27,-41.03,-19,-32.95,-18.5,-30.7,-34,-29.23,-32.62,-26.6,-20.06,-35.65,-36.08,-31.35,-25.48,-7.92,,-30.4,,-16.92,-29.54,-26.9,,-26,,,,-33,-24.5,-31,-39.72,-27.53,-24.95,-26.6,-23.45,,-22.44,-21,-27,-24,-27.4,-30.4,-36.3,-22.05,,-45.31,,-27,-29.91,-26.8,-45.66,5.81,26,10,2,-22,-24.64
Florida St.,UAB,35,24.88,20.3,21.22,23.32,35.29,20.44,31,25.35,26,28.31,21,29.37,28.28,25.75,28.87,26.37,19.58,32.45,39.67,31.8,27.18,11.82,,34.8,,16.02,23.07,28.3,,35,,,,29,33,34,25.16,29.17,32.99,-2.5,14.11,,30.25,32,13,34,33.6,34.8,36.84,32.16,,20.64,,18,22.12,31.1,8.32,6.10,24,34,2,25,33.12
Georgia,South Carolina,3.5,15.83,2,10.5,14.58,7.88,13.95,14,2.71,7,9.6,10.5,17.46,8.04,7.82,15.75,7.55,3.45,10.95,16,5.97,9.78,7.51,,6.2,,4.07,7.43,7.66,,2,,,,8,5.5,10,1.97,8.36,0.86,-6.3,5.8,,5.75,6,8.5,4.5,5.5,6.2,4.09,5.99,,4.75,,8,6.46,4.9,9.06,4.45,16,12,2,8,11.57
Iowa,Syracuse,23,25.28,11.5,25.48,21.96,22.51,24.15,23,15.2,14,16.4,17.5,26.55,15.7,27.93,17.5,19.42,12.5,17.35,35.75,24.26,6.6,10.79,,22.5,,11.93,20.09,21.97,,22,,,,22,23,22,15.3,21.97,19.04,0.5,4.53,,25.37,22,27.5,23,27.4,22.5,22.37,22.06,,6.88,,19.5,12.94,20.3,-4.64,5.91,0,35,2,20,26.5
Kansas St.,San Jose St.,20.5,20.18,9.7,10.02,21.32,10.58,14.98,16,12.97,9,7.71,12,25.43,6.15,17.32,24.87,12.34,3.64,14.55,25.5,17.58,3.51,12.28,,12.7,,5.96,10.17,11.3,,13,,,,16,16,10,12.47,10.54,8.01,-1.1,-6.77,,18.91,16,11,19.5,5.9,12.7,11.19,19.11,,4.09,,5.5,7.72,11.4,-5.51,6.18,14,34,2,11,25.13
Kentucky,Kent,13.5,8.77,14.7,6.58,12.5,19.3,5.99,14,15.34,17,19.72,11.5,11.83,19.1,13.98,14.22,14.46,18.07,18.95,20.42,21.89,13.09,5.18,,15.6,,10.28,12.5,15,,16,,,,21,13,15,17.48,16.47,14,-9.4,15.16,,6.86,16,15,13.5,21,15.6,19.22,22.66,,29.54,,10.5,18.55,14.6,9.44,4.47,20,56,2,11,21.66
LSU,Virginia Tech,11,13.37,10,13.01,10.47,11.17,6.93,23,14.62,6,11.51,6.5,20.07,10.4,15.48,5.32,10.89,10.08,17.45,8.75,16.89,5.43,8.74,,13.2,,9.54,10.65,11.36,,15,,,,15,13,12,14.75,7.29,12.21,-14.5,0.07,,7.76,8,3,11,13.4,13.2,15.19,22.45,,13.75,,3,11.22,12.8,7.31,4.45,7,48,2,13,5.16
Louisiana Tech,Hawaii,-28.5,-10.37,-23.1,-7.49,-11.29,-36.79,-6.18,-33,-31.49,-8,-26.23,-7.5,-15.84,-28.6,-24.81,-30.03,-22.51,-26.37,-32.95,-22.83,-26.09,-20,2.48,,-26.9,,-13.29,-17.26,-25.1,,-32,,,,-31,-28,-25,-30.49,-27.37,-19.89,-30.3,-41.19,,-18.52,-25,-5.5,-28,-33.5,-26.9,-27.76,-28.7,,-24.19,,-19,-36.18,-25.2,-20.62,9.87,45,44,2,-23,-7.13
Louisiana-Lafaye,Ohio,-1,2.66,-8.2,-3.21,1.87,0.15,0.36,4,-3.53,1,-6.43,-1,4.99,-7.61,-2.58,3.67,-2.23,-7.5,1.75,-2.08,0.14,-7.25,1.34,,-0.5,,-1.44,-6.01,-1.22,,-6,,,,-6,-1.5,-1,-3.04,-5.37,5.68,-20.8,-14.62,,-3.11,4,-0.5,-1,-0.1,-0.5,0.87,-2.41,,-4.62,,-1,-5.51,-1.8,-14.62,3.93,31,23,2,-4,-4.05
Louisville,Middle Tenn.,40.5,31.91,21.5,28.21,28.55,38.59,28.06,38,39.72,28,37.79,25,37.28,38.1,40.52,43.03,33.96,26.82,41.65,49.08,42.91,32.74,12.5,,38.8,,27.16,30.78,36.29,,42,,,,38,38.5,36,39.45,38.17,29.82,7.7,28.98,,31.95,41,29,39.5,33.9,38.8,40.94,44.44,,30.29,,32,35.55,37.1,18.77,5.83,42,58,2,36,39.78
Marshall,West Va.,-26,-19.99,-17.4,-25.74,-16.88,-26.36,-17.02,-24,-26.55,-18,-31.25,-20,-23.24,-30.1,-25.98,-27.95,-24.79,-14.54,-33.35,-34,-24.5,-25.43,-13.37,,-27.6,,-22.13,-31.88,-25.34,,-29,,,,-19,-25,-27,-24.24,-31.29,-21.98,-25.1,-17.18,,-24.46,-26,-34.5,-26,-22.9,-27.6,-32.39,-35.06,,-23.53,,-19,-28.84,-26.8,-8.83,5.21,48,23,2,-21,-20.77
Michigan,Oregon,7,-2.22,4.6,2.19,1.43,8.77,-3.2,-5,6.3,3,5.17,6.5,-1.26,5.58,12.67,-6.3,4.02,11.05,4.55,2.5,6.11,6.91,2.85,,10,,-0.3,-6.84,4.88,,7,,,,10,7,12,7.59,1.31,0.33,-13.9,5.88,,8.76,0.01,-2,7,2.1,10,9.48,4.31,,18,,3,9.75,7.3,-0.52,5.42,39,7,2,6,8.39
Michigan St.,Bowling Green,18.5,7.54,16.5,6.63,12.75,13.14,3,8,19.5,7,8.05,7.5,12.28,6.98,16.76,13.34,10.93,13.67,19.85,12,24.14,-3,3.55,,13.2,,3.79,8.93,12.19,,17,,,,15,16,12,20.5,10.99,6.77,-19,18.59,,16.8,9,4.5,17.5,6.6,13.2,9.48,21.37,,18.68,,13,16.09,12.1,8.18,5.67,17,28,2,14,16.85
Minnesota,Miami (Ohio),9,5.09,15.5,6.07,12.55,19.77,0.55,1,23.27,9,4.56,10.5,9.36,4.99,13.28,0.39,10.53,15.36,16.75,9.17,14.22,11.08,2.97,,11,,4.95,3.68,10.95,,12,,,,17,10,7,26.2,10.14,12.5,-8,19.02,,10.89,12,8,9,15,11,17.47,19.07,,29.64,,8,15.93,10,21.33,6.02,35,41,2,6,18.2
Mississippi,Missouri,-6,-1.69,-0.8,-5.7,-3.21,-6.42,-1.72,-2,-16.55,-3,-8.46,-3.5,-1.77,-8.15,-7.48,-5.46,-6.64,-2.16,-8.35,-6.58,-6.29,-8.54,2.7,,-8.4,,-0.51,-5.85,-6.35,,-8,,,,-6,-5.5,-8,-15.96,-10.33,-6.12,-24,-9.46,,-10.6,-12,-11.5,-6,-4.5,-8.4,-11.29,-3.87,,-3.24,,-8,-7.11,-6.8,7.79,3.63,38,25,2,-5,-3.31
New Mexico,New Mexico St.,7,11.17,5.3,9.02,10.67,8.49,9.37,9,13.53,7,5.46,9,13.03,5.09,10.96,7.45,8.01,8.14,9.05,15.33,14.86,10.14,2.72,,9.3,,1.9,3.48,8.5,,5,,,,8,8.5,6,14.84,8.21,9.98,-6.6,3.71,,11.89,8,8.5,7,7.7,9.3,14.97,3.88,,12.55,,-2.5,8.67,7,2.7,3.81,34,44,2,3,20.99
Northwestern,Nevada,10.5,12.09,1,10.02,13.14,8.81,7.09,3,-1.75,5,4.7,5,16.81,3.15,2.7,21.96,6.56,-0.6,6.95,10.08,7.59,-1.25,6.59,,10.4,,7.55,5.39,7.5,,9,,,,8,7,8,-2.03,6.01,-1.69,-20.3,-12.22,,8.14,12,7.5,10,10.6,10.4,13.2,12.99,,-1.77,,7.5,-0.74,9.6,-3.85,6.17,31,36,2,7,21.52
Ohio St.,Akron,29,28.24,23.7,20.36,27.96,36.23,26.12,32,38.62,22,35.26,23,30.3,34.39,35.37,27.42,28.6,28.56,38.95,42.42,37.96,31.18,13.18,,30.7,,17.04,26.62,29.43,,31,,,,39,31,32,39.24,32.69,20.87,1.8,31.35,,22.74,25,22.5,29,27.6,30.7,31.71,33.11,,43.3,,18,34.72,28.1,31.35,6.44,2,20,2,26,38.48
Oklahoma,Miami (Fla.),11,8.04,8,6.47,8.82,15.96,3.47,19,20.63,8,13.32,11,16.52,14.1,16.76,21.03,13.15,13.39,16.75,9.25,22.56,11.41,14.18,,14.1,,16.15,11.08,14.1,,14,,,,18,10.5,11,21.36,11.54,16.76,-10.8,13.81,,9.64,9,17,11,15.2,14.1,20.84,21.71,,12.68,,4,18.01,14.5,7.02,4.58,13,51,2,13,7.97
Oklahoma St.,Florida Atlantic,24,17.05,20.1,-0.01,17.11,20.63,17.47,12,28.86,15,23.36,13.5,16.64,23.36,23.38,12.88,16.64,14.27,22.25,25.92,28.74,19.65,0.34,,20.9,,1.42,2.79,17.08,,28,,,,25,23,23,32.35,15.24,9.19,-2,22.63,,14.9,21,6.5,23,10.1,20.9,16.18,16.66,,14.44,,10.5,20.45,18.4,30.99,7.88,6,42,2,15,25.95
Penn St.,Notre Dame,17.5,13.65,16,17.46,11.94,14.36,5.71,20,6.34,10,14.78,7,22.71,11.57,18.17,30.91,13.78,6.36,14.15,13.25,15.44,3.46,6.18,,16.5,,21.27,11.1,15.22,,19,,,,11,14,13,5.17,15.84,7.08,-24.4,-1.68,,28.38,17,15,17.5,17.3,16.5,19.61,22.85,,1.1,,16.5,12.68,18,-1.68,6.65,10,31,2,17,22.27
Rutgers,Navy,16.5,11.82,11.9,7.6,7.39,17.82,8.8,16,11.35,14,21.53,8,14.65,20.3,16.41,19.73,15.34,11.81,20.35,13.17,25.23,11.68,6.08,,18,,16.77,14.61,16,,16,,,,14,12.5,16,11.22,16.55,21.43,-6.3,20.05,,17.33,23,11,16.5,20.9,18,21.89,19.84,,13.91,,23,18.8,17.3,15.77,4.53,24,41,2,15,14.3
SMU,North Texas,17.5,8.14,15.6,19.84,8.29,19.83,4.48,11,24.78,17,20.19,11.5,12.63,21.2,17.92,36.86,15.84,12.69,21.75,9.08,28.48,12.95,7.27,,17,,,10.91,15.6,,20,,,,15,17,21,25.71,12.49,18.78,-1.5,15.56,,10.86,14,11.5,17.5,14.8,17,13.06,24.89,,15.37,,10,19.35,16.4,11.52,6.34,31,45,2,14,18.81
Temple,Buffalo,3.5,3.47,-1.2,1.71,10.28,3.27,0.35,1,0.65,2,0.01,6.5,6.57,-1.2,0.99,4.65,1.92,3.35,2.85,4.33,3.4,0.96,11.14,,2,,1.18,0.97,1.67,,-1,,,,2,3.5,5,0.53,1.64,-4.63,-6.4,-5.64,,8.58,-8,2.5,3.5,5,2,-2.42,7.91,,0.84,,-3,-1.59,1.3,-10.37,3.96,42,7,2,1,11.37
Tennessee,Southern Miss.,10.5,15.84,7.7,1.56,14.18,9.47,14.26,8,14.52,10,14.22,7,17.36,13.9,12.9,13.37,10.08,9.17,12.15,16.33,16.58,12.15,3.54,,11.6,,-0.52,6.85,11.32,,9,,,,7,10.5,12,15.67,9.71,8.78,-3.4,3.03,,15.19,12,-1.5,10.5,9.1,11.6,11.33,15.31,,18.69,,2.5,11.32,8.7,-3.07,4.71,19,39,2,6,15.56
Texas,TCU,8,3.8,5.1,3.15,6.36,-2.54,9.36,-3,9.15,11,11.87,11,-0.35,15,-2.07,-6.24,4.11,-0.13,-5.45,6.17,-0.4,2.02,9.27,,5.7,,1.25,2.56,5.4,,13,,,,6,9,8,12.85,2.24,6.84,-7.9,-2.45,,6.04,10,2,7.5,-10.8,5.7,-0.94,-0.34,,6.29,,11,-6.73,6.3,9.61,6.55,13,34,2,7,21.5
Texas A&M,Fresno St.,17,12,13.3,9.93,10.23,21.01,10.05,17,25.06,13,22.69,9.5,13.96,22.7,19.03,19.13,16.49,18.79,21.15,17.25,24.13,21.3,3.46,,20.3,,10.44,16.09,17.85,,20,,,,20,17,19,26.06,19.96,13.91,-12.5,14.31,,17.71,17,17.5,17,24,20.3,24.86,15.8,,21.82,,18,14.66,18.3,26.47,4.51,45,47,2,15,18.29
Texas Tech,UTEP,24.5,21.98,13.7,13.66,21.25,31.71,17.25,28,26.64,19,16.12,17,27.14,15.9,26.65,18.98,21.67,17.79,32.15,26.42,31.74,16.16,3.16,,25.3,,13.21,15.6,21.58,,24,,,,30,24,18,26.88,21.92,17.95,-0.4,14.39,,22.74,30,16.5,24.5,28.6,25.3,33.76,31.33,,16.93,,21,27.95,22.6,14.39,5.97,31,45,2,21,28.19
Tulane,Mississippi St.,-6,0.22,-3.8,7.89,0.48,-17.14,-4.74,1,-3.63,-10,-7.49,3.5,5.02,-7.5,-0.89,3.81,-3.09,-8.24,-10.15,-2.33,-6.44,-1.34,12.59,,-2.9,,-4.69,2.49,-2.91,,-4,,,,-8,-6.5,-10,-3.24,-2.76,-3.05,-13.5,-9.46,,0.22,-2,9,-5.5,-15.4,-2.9,7.29,-2.93,,0.11,,-2.5,-12.44,-3.5,7.39,6.22,38,17,2,1,-0.85
UCLA,BYU,8,7.21,4.1,5.17,7.29,-1.78,4.2,-4,-7.89,11,7.39,5,10.11,6.76,-0.8,-4.24,3.26,-5.1,-6.25,5.08,1.71,-3.67,7.43,,9.5,,2.77,-4.88,4.64,,5,,,,5,8.5,7,-7.15,1.99,9.22,-13.3,-17.09,,4.28,9,0.01,8,-0.9,9.5,14.03,9.54,,-0.56,,9,-4.36,7.3,-22.43,6.28,17,27,2,3,18.09
UNLV,Wisconsin,-24.5,-23.28,-19.7,-16.66,-20.86,-30.65,-21.64,-24,-36.23,-18,-38.64,-21,-24.89,-37.83,-30.69,-20.9,-25.72,-24.04,-31.05,-42.25,-27.87,-31.13,-5.7,,-28.1,,-7.6,-28,-26.9,,-28,,,,-29,-26.5,-29,-34.15,-33.44,-27.87,-36.4,-26.33,,-20.46,-22,-31,-24.5,-23.5,-28.1,-28.78,-19.15,,-38.95,,-32,-26.38,-24,-26.33,6.78,20,13,2,-21,-24.48
Utah,Air Force,7,8.23,10.7,3.21,4.95,17.04,9.49,15,6.9,11,14.48,8.5,6.94,15.29,5.81,2.63,8.3,11.58,10.45,12.17,6.34,17.3,0.89,,9.6,,0.56,4.12,8.37,,6,,,,12,7.5,14,8.37,10.57,20.33,-15.1,5.88,,9.37,6,0.5,7,18.7,9.6,6.66,-1.14,,12.81,,13,8.85,7,5.88,4.97,20,12,2,6,7.1
Vanderbilt,Alabama,-3.5,-3.53,0.7,-4.75,-5.43,-4.36,-1.16,-1,-6.13,0.25,-6.08,-4.5,-6.33,-6.2,-7.43,3.5,-3.2,0.74,-5.05,-10.83,4.16,-3.38,2.33,,-2.5,,-0.26,-1.54,-2.82,,-2,,,,-2,-5.5,-6,-5.13,-5.61,-1.6,-23.8,-8.71,,-3.14,-2,-4.5,-3.5,-1,-2.5,2.11,-4.44,,-0.91,,-1,-4.25,-1.9,-3.1,3.21,24,10,2,-1,-7.12
Virginia,Duke,18.5,19.81,17.2,18.12,15.62,16.75,18.98,23,22.1,18,15.51,17,20.79,16.78,16.35,4.25,16.66,14.63,17.55,26.08,24.62,23.95,9.75,,18,,11.94,16.69,17.32,,18,,,,19,17,19,23.65,17,22.25,-8.4,13.89,,8.23,14,19,18.5,19.4,18,17.43,13.8,,29.94,,18,14.24,16.8,13.89,4.53,13,24,2,15,27.14
Wake Forest,Nebraska,-8.5,-8.3,1.5,-6.48,-6.93,-2.37,-6.6,-4,-11.21,3,-2.96,-2,-10.74,-2.49,-8.73,-14.63,-4.86,0.92,-12.25,-10.75,-10.23,6.08,1.56,,-4.2,,-2.74,-6.71,-4,,-4,,,,-4,-6.5,-3,-8.49,-7.02,-1.49,-15.5,-7.89,,-11.8,-1,-3,-8,-0.3,-4.2,-1.21,-13.02,,9.71,,-4.5,-4.55,-3.9,4.66,4.56,20,17,2,-6,-2.64
Washington,Boise St.,-2.5,-0.63,-2.1,-7.57,-1.46,-8.01,0.18,-5,2.32,-4,-6.82,-11.5,-1.87,-7.83,-2.5,-7.68,-6.41,-10.57,-8.55,-7.83,-7.87,-11.98,-2.87,,-7.8,,-5.66,-3.19,-7.24,,-4,,,,-9,-4,-9,2.28,-8.51,-11.7,-19.5,-17.44,,6.92,-6,-16,-3,-8.9,-7.8,-11.31,-3.58,,-20.93,,-5,-7.48,-6.6,-17.44,4.59,10,24,2,-7,-1.46
Washington St.,San Diego St.,14,8.08,15.9,5.49,7.85,16.36,9.35,14,19.64,11,17.87,14,6.83,17.9,16.32,13.83,14.09,9.26,15.4,18.17,20.93,14.25,-3,,14.9,,20.95,14.83,14.54,,15,,,,14,14,12,20.5,15.68,13.74,9.7,11.52,,12.08,13,9,14,8.2,14.9,18.71,23.95,,21.89,,20,19.48,16.1,11.52,4.35,17,45,2,12,19.61
Western Mich.,Indiana,-1,-0.53,3.3,-3.01,-4.34,1.37,6.1,9,-1.65,0.25,4.93,4.5,-7.39,5.31,1.48,-9.26,0.06,3.59,-3.05,3.5,-1.39,10.82,-5.59,,-0.4,,-6.83,0.56,0.41,,-2,,,,1,1,1,-0.19,0.56,8.11,-14.2,-5.04,,3.42,0.01,5.5,-1,6.3,-0.4,-3.17,-12.86,,0.26,,-2,4.23,-2,-5.04,4.56,37,27,2,1,-2.24
Wyoming,Utah St.,24.5,30.74,17.3,24.86,23.4,27.55,32.15,33,34.34,15,33.29,19,29.42,31.79,33.66,29.15,26.08,27.5,32.15,36.17,39.15,24.17,3.73,,27.2,,20.52,32.16,27.5,,29,,,,31,25,29,34.37,26.83,17.25,-7.1,40.61,,28.15,29,26.5,25,25.9,27.2,28.22,24.34,,21.78,,24,27.99,26.2,40.61,5.10,18,32,2,26,27.33
Air Force,TCU,-8,0.1,-3,-3.45,-0.95,-14.99,1.96,6,-13.62,-6,-11.69,-3.5,-1.61,-13,-3.31,2.13,-5.79,-6.36,-5.95,-3.88,-5,-8.54,2.1,,-6.1,,-2.33,0.63,-5.98,,-7,,,,-8,-8,-12,-14.04,-6.96,-17.3,-19.8,-19.13,,-1.12,-5,-12.5,-8,-8.8,-8.09,-3.77,4.72,,-14.84,,-7,-10.73,-6.1,-16.51,5.31,17,20,3,-3,-3.32
Alabama,Arkansas,3,6.25,0.6,4.12,2.76,-3.63,6.9,2,-4.8,3,-2.08,4,5.67,-2.6,1.45,1.1,0.39,-5.25,-2.95,4,-4.04,-8.72,1.7,,2.54,,-0.29,-5.08,1.05,,5,,,,1,3.5,1,-4.29,-2.39,-0.72,-25.4,0.08,,0.13,4,15.5,3,0.01,3.31,5.94,9.56,,-15.58,,-7,-5.86,2.54,-6.02,4.70,38,41,3,5,5.66
Arizona,New Mexico,9.5,5.99,9,4.77,5.11,19.86,4.87,7,19.71,12,18.16,4,7.22,18.39,8.29,12.03,10.2,13.22,19.15,10.38,13.44,14.18,2.53,,9.03,,7.96,4.71,9.26,,6,,,,16,10,12,20.66,11.17,9.29,-6.7,8.04,,-5.25,8,-3,9.5,37.6,10.41,9.22,10.89,,18.01,,13,14.38,9.03,9.98,7.45,29,27,3,8,16
Arizona St.,San Diego St.,28,29.29,23.1,29.11,25.93,30.49,24.78,39,26.94,21,27.72,21.5,33.89,24.95,32.73,40.04,27.61,17.59,37.05,42.81,34.87,23.76,9.61,,28.06,,25.89,34.9,28.06,,31,,,,28,27.5,29,27.1,33.93,23.98,-8.2,15.55,,37.27,28,26,28,33.4,29.45,31.34,34.16,,21.92,,18,27.68,28.06,9.79,5.67,13,34,3,31,31.16
Arkansas St.,SMU,3,12.68,-2,1.68,4.89,-5.58,1.11,35,-6.7,1,-3.36,3,24.75,-7.4,11.13,12.49,3.83,-4.16,-0.25,8.06,1.34,-3.13,12.13,,4.21,,1.5,6.03,1.59,,1,,,,1,3.5,-2,-6.48,2.01,1.17,-23.3,-23.1,,1.86,8,8,3,-2.7,8.25,23.76,32.19,,-0.59,,1,-1.87,4.21,-23.1,9.28,28,45,3,3,6.67
Auburn,Mississippi St.,12,11.85,10,19.73,16.75,11.42,12.89,15,25.74,15,13.75,19,11.33,17.17,20.36,13.43,15.8,10.26,15.35,22.69,20.11,26.36,4.02,,14.26,,13.49,13.7,15.53,,15,,,,18,13.5,16,28.39,20.05,21.5,2.8,20.14,,17.53,16,25,12.5,11.3,15.7,18.09,4.89,,31.21,,17,14.13,14.26,36.59,4.63,19,14,3,16,29.01
Boise St.,Wyoming,12,7.4,12.4,12.07,8.54,16.96,2.61,18,14.53,8,3.99,13,12.62,7.23,19.5,13.86,11.96,17.21,18.05,12.88,20.14,13.18,2.37,,12.47,,7.65,-1.33,12.55,,14,,,,22,13.5,12,17,9.52,16.01,-8,12.9,,0.6,12,15.5,12,12.8,13.59,16.26,24.19,,35.52,,8,18.08,12.47,12.9,5.54,14,24,3,11,11.18
California,Louisiana Tech,33.5,27.75,33.1,21.83,23.78,37.77,35.04,25,45.5,29,39.24,29.5,20.43,39.9,37.3,29.78,31.1,33.16,28.55,46.38,42.79,31.96,9.43,,32.49,,19.91,32.79,32,,43,,,,34,33.5,31,51.84,36.35,28.33,-2.1,41.14,,29.93,32,25.5,33.5,28.5,32.98,34.43,35.08,,37.31,,32,38.17,32.49,41.14,7.34,12,42,3,31,26.89
Central Florida,Texas,-18,-17.26,-16.1,-14.88,-19.61,-24.57,-19.08,-7,-34.12,-17,-23.9,-21.5,-15.9,-25.88,-26.42,-15.73,-19.26,-15.86,-26.25,-29.88,-14.12,-22.13,-3.73,,-14.73,,-9.85,-19.63,-19,,-13,,,,-25,-20,-19,-33.12,-24.59,-20.4,-36,-29.16,,-25.49,-19,-27.5,-18,-16.6,-16.47,-11.42,-8.67,,-16.91,,-19,-22.2,-14.73,-30.09,6.13,35,32,3,-13,-22.24
Colorado,Florida St.,-4.5,1.13,-6,-3.98,-1.25,-4,-2.75,15,-3.6,-1,-0.91,-5,4.43,-7.25,-1.26,2.57,-3.91,-6.74,-1.95,-7.06,-2,-9.33,3.35,,-5.9,,-0.7,-2.78,-3.79,,-5,,,,-3,-4,-7,-3.83,-7.15,-11.58,-14.4,-11.02,,-8.82,-1,-2,-4.5,-0.6,-7.91,-12.22,-2.49,,-13.37,,-10,-1.43,-5.9,-6.49,5.15,16,6,3,-4,-12.24
Connecticut,Temple,29.5,32.31,18.2,32.18,29.77,29.14,27.12,36,34.67,24,28.47,25.5,38.44,24.57,33.45,38.69,29.03,19.85,35.55,35.56,34.14,18.86,9.84,,28.65,,24.53,33.34,31.09,,33,,,,37,30.5,30,35.2,27.7,21.86,-11.5,26.58,,36.16,38,31.5,29.5,32.1,32.05,36.64,36.51,,28.22,,22,37.64,28.65,29.73,5.24,17,22,3,33,30.67
East Carolina,Southern Miss.,-1.5,12.38,-2.2,5.04,3.69,0.65,14.18,6,2.17,-1,-4.96,-1.5,10.63,-6.56,0.53,4.58,1.66,0.82,5.15,0.06,5.71,-1.41,3.45,,0.01,,-0.01,8.98,0.73,,4,,,,-5,1,-3,2.32,1.13,-1.43,-17.8,-10.16,,4.02,-2,5,-1.5,5.2,-0.43,2.72,20.32,,-0.04,,-2.5,-2.44,0.01,-13.02,4.86,28,21,3,2,-4.93
Florida,Tennessee,7.5,11.45,5,17.18,8.54,14.31,9.18,10,10.05,10,14.43,14,14.38,8.6,8.69,15.31,10.74,10.98,11.65,12.63,12.61,10.35,10.53,,9.09,,10.44,12.79,10.48,,13,,,,16,8.5,11,12.37,10.25,8.04,-6.3,19.19,,10.51,8,13.5,8,12.1,8.69,7.07,7.87,,16.43,,19,11.89,9.09,5.96,2.71,20,59,3,16,7.18
Florida Atlantic,Minnesota,-7,-14.38,-8.1,-8.85,-16.11,-14.71,-14.28,-10,-23.49,-1,1.71,-8,-14.5,-3.77,-13.71,-13.16,-9.92,-11.1,-14.05,-17.94,-1.59,-4.84,1.63,,-6.65,,-0.4,-4.22,-9.36,,-13,,,,-13,-10,-9,-23.92,-11.05,0.95,-40.6,-30.23,,-9.72,-5,-13,-7,-6.7,-6.14,-1.92,-15.05,,-11.65,,-1,-12.93,-6.65,-26.59,6.76,39,42,3,-3,-20.63
Georgia Tech,Boston College,6.5,7.61,5,0.92,1.94,2.4,5.29,22,3.81,1,6.01,1.5,11.3,2.13,5.5,2.55,4.68,2.95,2.55,3.75,4.43,2.47,2.11,,5.77,,3.79,0.1,3.8,,11,,,,12,7,5,5.83,2.67,5.84,-2.8,-7.89,,-5.95,1,3,6,8.2,4.94,2.82,19.25,,-0.71,,-3,4.25,5.77,-6.71,4.73,24,10,3,9,6.32
Indiana,Akron,13.5,7.31,7,2.66,4.74,12.86,9.43,10,2.88,14,18.11,0.01,5.34,16.66,6.8,6.66,9.62,12.91,9.35,12.5,8.19,9.54,5.84,,12.04,,9.64,5.94,9.59,,10,,,,11,11.5,13,4.35,11.33,5.29,-17.9,2.57,,21.48,13,4,13.5,13.6,15.19,19.08,6.93,,14.86,,13.5,7.34,12.04,2.57,5.29,24,41,3,16,21.87
Iowa St.,Iowa,-17.5,-24.95,-12,-17.24,-18.82,-17.01,-24.7,-29,-11.37,-13,-19.34,-12.5,-25.3,-18.03,-17.62,-24.13,-17.48,-11.03,-18.05,-38.5,-14.75,-7.57,1.85,,-16.06,,-12.78,-31.64,-17.48,,-14,,,,-13,-16,-20,-8.39,-26.3,-17.57,-21.5,-21.35,,-17.39,-14,-19,-17.5,-24.3,-19.19,-20.57,-15.73,,-4.67,,-14,-18.12,-16.06,-12.18,6.43,13,15,3,-17,-19.9
Kansas,Toledo,25,30.4,12.6,21.24,24.39,24.53,23.43,41,23.55,17,17.84,16.5,41.77,14.46,34,39.08,23.21,12.17,36.15,31.13,30.83,16.63,8.88,,21.83,,29.65,34.24,23.38,,25,,,,28,21.5,20,23.31,28.33,13.39,-13.6,4.74,,23.32,15,26.5,25,26.1,21.24,21.23,34.44,,11.79,,20.5,29.27,21.83,1.56,7.92,13,45,3,27,15.99
Kentucky,Louisville,-5,9.51,-7,-2.87,2.01,-6.75,9.31,21,-15.98,-3,-6.12,-14,10.16,-9.6,-7.15,1.25,-3.49,-8.96,-0.95,-10.81,-3.74,-8.52,-3.8,,-5.66,,-2.04,8.07,-5.23,,-9,,,,-6,-7.5,-4,-19.42,-4.93,-7.19,-20.1,-20.93,,-5.16,-12,2.5,-5,-5.4,-5.3,-4.89,24.5,,-8.96,,-3,-9,-5.66,-20.93,7.87,34,40,3,-4,-6.94
LSU,Middle Tenn.,41,51.23,25.3,42.82,39.96,43.14,52.09,46,42.58,33,51.78,29.5,52.76,45.1,44.64,45.75,40.42,24.47,50.45,52.63,43.11,33.49,17.29,,39.28,,36.5,50.75,41.8,,44,,,,41,41.5,42,40.64,40.61,35.19,8.4,21.51,,37.27,39,45.5,41,36.3,43.3,47.4,63.48,,30.57,,31,41.6,39.28,22.05,6.73,0,44,3,39,43.98
Maryland,West Va.,-16,-6.64,-11.6,-10.09,-8.58,-15.4,1.68,-14,-14.63,-12,-18.02,-5.5,-14.06,-14.9,-15.49,-9.11,-11.58,-7.47,-16.05,-15.44,-11,-3.93,-5.23,,-14.28,,-4.99,-6.37,-12.71,,-20,,,,-9,-16.5,-16,-10.83,-12.81,-12.61,-18.7,-13.29,,-4.57,-15,-13,-15.5,-16.8,-16.37,-17.1,-10.37,,-5.74,,-3,-16.44,-14.28,-1.7,4.86,31,14,3,-9,-9.24
Miami (Fla.),Florida Intl.,33,30.52,27,29.8,31.16,36.18,25.76,31,42.28,26,38.39,25,35.66,41.8,34.33,32.84,31.59,24.75,40.95,44.31,41.76,28.44,15.26,,33.74,,44.62,24.21,31.62,,28,,,,36,33.5,39,45.8,30.55,31.92,10.6,37.59,,28.35,35,20,33,35.6,34.27,31.32,19.61,,44.47,,32.5,31.16,33.74,37.59,6.44,9,23,3,30,45.43
Miami (Ohio),Cincinnati,-7,-13.34,-7,-11.9,-8.59,-18.41,-12.51,-13,-15.95,-6,-22.53,-6.5,-14.74,-18.11,-13.41,-17.75,-14.14,-14.56,-21.65,-20.5,-15.06,-17.61,2.18,,-13,,-19.32,-23.05,-14.28,,-12,,,,-16,-8,-14,-12.31,-22.47,-15.41,-15.7,-20.27,,-6.18,-11,-20,-8,-18.9,-13.23,-16.7,-11.5,,-29.61,,-8,-18.24,-13,-32.33,4.60,47,10,3,-12,-10.05
Michigan,Notre Dame,8,1.51,7,6.19,5.16,9.58,3.49,-1,11.48,5,4.02,6,-0.39,4.9,9.07,4.84,5.94,6.71,4.55,5.94,5,-0.21,3.18,,8.66,,4.25,1.32,6.1,,11,,,,10,10,10,14.24,4.94,2.09,-21.3,11.96,,10.43,10,5,8,8.1,9.9,11.19,6.84,,8.43,,5,8.96,8.66,5.56,4.20,0,38,3,9,19.6
Michigan St.,Pittsburgh,11,21.15,3,5.92,9.91,0.72,24.17,25,-7.66,-1,2.22,1.5,18.19,-0.53,0.73,9.1,4.78,-1.79,6.85,8.56,3.89,2.14,3.5,,5.62,,-0.95,11.06,4.24,,6,,,,-4,8,6,-6.66,4.47,-3.18,-20,-11.69,,5.13,6,5.5,10,2.3,8.55,9.65,20.87,,-5.28,,4,-3.05,5.62,-10.7,7.72,13,17,3,8,3.67
Missouri,Western Mich.,20.5,27.53,12,20.29,20.32,18.76,32.82,19,25.61,22,20.86,20,23.7,18.78,21.56,19.44,19.25,13.05,23.05,35.13,21.21,9.47,11.35,,18.37,,14.95,29.83,19.9,,26,,,,20,20.5,18,26.73,23.73,7.5,-15.3,14.98,,21.51,19,23,20.5,19.8,19.08,18.75,26.83,,9.79,,17,17.33,18.37,4.84,5.42,24,52,3,23,21.93
Navy,Ball St.,7,9.93,4,5.67,4.19,5.6,17.25,6,11.76,10,18.06,12,2.32,20.24,-0.7,8.52,7.83,9.38,6.35,14.63,11.67,21.66,2.49,,6.49,,8.29,12.49,8.15,,7,,,,11,5.5,10,13.62,10.66,4.05,-23.2,14.12,,0.63,8,13.5,7,4.6,6.54,2.63,3.54,,19.77,,9,5.67,6.49,24.96,5.21,34,31,3,10,13.27
Nebraska,USC,-9.5,-1.33,-9.3,-3.77,-5.15,-4.75,-4.93,10,-3.87,-6,-9.42,-9,2.42,-11.63,-0.7,9.76,-4.4,-6.54,-0.65,-3.25,-0.93,-0.66,-5.19,,-7.99,,-3.01,-3.57,-5.04,,-7,,,,0.01,-9,-8,-2.87,-2.09,-6.75,-8.9,-13.83,,-4.08,-7,-14.5,-8.5,-7.5,-9.54,-10.11,11.27,,-12.41,,1,-2.58,-7.99,-16.07,5.21,49,31,3,-3,-10.79
New Mexico St.,UTEP,5.5,-12.18,2.7,-4.23,-4.82,2.62,-15.7,1,-7.52,2,-4.76,-3.5,-8.7,-2.58,-3.07,-7.32,-1.36,2.9,-3.55,-9.75,-8.08,-6.37,2.8,,3.7,,-2.97,-12.51,-1,,3,,,,5,6.5,-1,-5.61,-5.93,2.65,-16.2,-2.13,,14.11,8,-16.5,4.5,3.8,6.49,13.98,-3.55,,-3.14,,-1,2.71,3.7,-2.13,7.49,24,29,3,8,2.97
North Carolina,Virginia,3,9.5,-1,-2.67,5.43,-2.77,3.16,23,-2.38,-1,1.44,0.5,16.02,-2.01,5.32,15.13,2.7,-0.65,8.65,2.63,8.35,-2.11,3.87,,0.75,,-0.88,4.1,1.17,,6,,,,5,3.5,3,-2.7,0.16,-9.15,0.9,-10.46,,3.93,-1,-2,3,3.6,0.12,-5.65,9.31,,0.36,,5,4.27,0.75,-10.46,6.40,22,20,3,5,-1.69
Northern Ill.,Eastern Mich.,14,21.08,13.8,12.36,18.66,17.59,20.92,18,15.33,11,10.98,15,21.85,10.51,21.41,14.22,15.35,17.38,25.45,15.5,20.06,17,5.95,,15.17,,13.69,11.28,15.93,,16,,,,21,14.5,16,16.02,12.25,13.4,-10.2,10.23,,8.52,12,18.5,14,13,15.85,17.04,23.6,,20.59,,17,17.03,15.17,5.18,3.84,21,19,3,15,16.81
Northwestern,Duke,16.5,18.98,11,22.11,13.94,20.76,25.59,18,18.87,18,18.72,22.5,13.23,17.79,15.04,13.15,17.73,15.44,23.35,28.69,24.53,25.59,9.61,,16.35,,22.61,27.16,18.36,,15,,,,21,16.5,18,18.89,22.41,16.51,-21,13.8,,19.23,15,25,16.5,21.3,16.49,14.96,11.31,,26.08,,21,20.71,16.35,22.17,4.59,20,14,3,22,27.07
Oklahoma,Utah St.,46,42.5,35.7,37.92,40.33,53.37,42.47,40,58.49,32,50.25,36.5,47.66,50.77,49.94,61.71,43.85,40.27,60.75,59.06,58.22,39.63,16.52,,44.01,,41.43,41.77,44.36,,49,,,,56,47,47,58.78,45.17,42.17,1.6,57.98,,42.36,43,46,46,48,45.98,44.93,37.37,,40.09,,42,48.98,44.01,51.19,7.18,3,54,3,45,44.71
Oregon,Fresno St.,16.5,21.22,13,19.67,18.34,22.79,21.14,26,34.93,22,26.3,19.5,21.87,23.07,25.27,21.36,20.14,17.43,27.45,33.13,32.67,22.47,5.33,,19.68,,19.59,25.7,21.19,,22,,,,17,16,19,34.41,25.55,17.65,-14.2,20.13,,6.65,25,14,17.5,24.9,21.16,27.97,15.68,,22.37,,14,21.94,19.68,19.16,5.43,21,52,3,18,25
Penn St.,Buffalo,34,26.85,25,29.73,32.47,35.79,25.13,18,42.67,25,37.07,25.5,29.73,38.74,37.22,39.84,30.43,28.48,35.25,49.81,40.61,36.24,12.77,,31.51,,28.73,25.29,31.99,,37,,,,36,34,35,45.17,36.67,25.3,-2.7,31.01,,37.04,33,34,34,22.3,32.77,29.31,21.3,,42.94,,17.5,31.47,31.51,26.27,6.67,24,45,3,34,44.21
Purdue,Central Mich.,22,17.83,10,9.63,19.69,8.96,13.36,20,10.22,17,13.43,13.5,23.03,12.73,17.74,16.57,14.36,3.18,22.65,23.13,18.35,6.88,12.4,,15.23,,11.54,12.64,15.03,,18,,,,17,19.5,16,11.22,14.83,14.4,-9.2,-11.73,,20.08,18,6,20.5,10.4,17.28,14.83,29.34,,3.58,,17,11.46,15.23,-0.1,5.44,22,45,3,18,25
Rice,Texas Tech,-28,-36.39,-7,-24.23,-26.43,-24.39,-38.23,-34,-25.33,-20,-30.17,-20.5,-34.77,-28.44,-19.9,-25.72,-24,-8.09,-31.45,-44.81,-31.2,-14.15,-10.56,,-19.87,,-19.25,-43.14,-24.22,,-28,,,,-20,-27,-25,-23.09,-29.68,-14.77,-22.9,-21.14,,-27.01,-22,-34,-27.5,-24.2,-21.65,-12.44,-41,,-2.77,,-12,-25.17,-19.87,-12.11,8.43,59,24,3,-23,-17.31
Stanford,San Jose St.,7,11.17,1,-7.39,10.65,6.52,13.36,1,0.92,2,-3.96,5,9.28,-5.89,3.17,11.74,2.74,-1.84,2.85,8.94,2.39,-6.88,7.95,,0.7,,2.47,8.67,2.43,,1,,,,4,7,-2,0.92,0.97,-4.16,2.7,-11.53,,7.5,6,3,6.5,3.7,-0.01,-5.26,10.36,,-7.44,,-1,2.56,0.7,-7.17,5.94,0,37,3,2,14.24
Syracuse,Illinois,-12.5,-4.91,-1.8,-4.37,-3.19,-10.92,-0.89,-6,2.7,-5,-6.21,1,-8.77,-2.67,0.22,-4.96,-6.38,4.46,-12.55,-9.75,-8.7,15.05,-3.29,,-8.98,,-5.67,-7.66,-7.33,,-11,,,,-8,-10.5,-12,5.98,-8.19,-6.48,-14.3,5.96,,-15.19,-11,-9.5,-11.5,-16.1,-11.8,-10.9,-12.32,,11.21,,-7,-6.99,-8.98,16.9,6.45,41,20,3,-9,-12.16
Texas A&M,Louisiana-Monroe,22.5,24.27,17.4,22.2,22.43,20.01,26.35,18,26.19,23,27.75,26.5,22.54,29.93,20.2,19.85,22.49,12.2,21.15,36.63,27.99,29.59,8.29,,24.22,,23.46,26.68,23.71,,27,,,,29,25,30,29.57,28.4,16.49,2.1,29.46,,29.9,20,29,22.5,15.5,25.82,23.96,8.14,,23.4,,20,14.89,24.22,46.55,5.10,14,54,3,26,32.46
Troy St.,Oklahoma St.,-10,-6.48,-10.7,-11.24,-10.26,-14.18,-5.38,-3,-17.12,-10,-11.78,-4,-7.76,-10.96,-8.17,-7.94,-10.43,-4.63,-15.25,-16.69,-5.64,-4.02,1.83,,-10.51,,-4.91,-6.38,-10.38,,-13,,,,-12,-10.5,-11,-16.89,-14.11,-8.31,-38.3,-25.13,,-18.26,-14,-2.5,-10,-10,-11.48,-13.45,-6.81,,-2.14,,-9.5,-14.4,-10.51,-25.13,4.57,23,41,3,-8,-14.04
Tulane,Houston,-14.5,-15.32,-5.5,-3.28,-10.06,-20.38,-10.05,-30,-11,-12,-12.42,-9.5,-20.9,-11.52,-20.7,-6.11,-14.69,-14.87,-19.05,-22.56,-19.21,-18.34,2.51,,-11.28,,-8.74,-13.1,-13.9,,-12,,,,-16,-15,-18,-14.59,-17.79,-20.19,-16.9,-21.84,,-15.37,-14,-22.5,-14.5,-22.7,-13.8,-8.91,-43.84,,-8.81,,-4,-21.63,-11.28,-20.34,5.68,34,10,3,-11,-7.62
Tulsa,BYU,-6.5,-4.16,-5.5,0.67,-5.02,-16.65,-3.39,1,-9.28,-5,-8.57,0.01,-4.92,-9.21,-10.57,-3.32,-6.83,-12.58,-12.95,-7.06,-8.58,-14.18,3.2,,-5.46,,-1.85,0.81,-5.48,,-4,,,,-8,-7,-7,-9.96,-7.75,-7.78,-27.3,-24.02,,3.76,-4,-4,-6.5,-15.4,-7.13,-7.38,-3.66,,-9.65,,3.5,-17.03,-5.46,-23.22,5.25,47,55,3,1,-8.99
UNLV,Hawaii,-17.5,-4.9,-17.1,-12.43,-3.87,-18.16,-6.36,2,-22.28,-9,-19.31,-15.5,-3.38,-25.23,-9.53,-9.62,-15.1,-15.67,-14.95,-22.88,-19.5,-19.66,1.63,,-18.18,,-11.26,-6.2,-17.02,,-21,,,,-23,-17,-20,-27.39,-19.99,-17.98,-29.9,-28.46,,-13.58,-16,-26,-17.5,-11.9,-19.9,-22.19,2.15,,-24.98,,-15,-17.71,-18.18,-18.98,7.28,49,14,3,-19,-16.94
Utah,UCLA,-15,-21.11,-8.8,-13.78,-11.14,-15.2,-23.11,-14,-6.94,-18,-17.28,-8.5,-19.33,-16,-13.13,-8.97,-13.96,-4.28,-14.95,-26.88,-11.9,-10.69,-5.71,,-13.04,,-12.54,-27.98,-13.54,,-17,,,,-8,-13.5,-14,-2.66,-21.16,-9.64,-15.6,-7.54,,-14.55,-9,-25,-15,-17.8,-13.3,-11.89,-17.1,,-5.27,,-16,-12.77,-13.04,-2.2,5.92,6,44,3,-12,-18.73
Vanderbilt,Mississippi,5.5,6.23,6,9.29,6.53,-0.46,1.67,6,5.72,5,3.36,3,10.73,2.45,5.29,14.79,4.69,1.28,1.65,5.88,6.54,2.52,3.08,,6.04,,4.08,1.64,5.77,,6,,,,6,5.5,5,7.25,4.12,6.14,-16.9,-1.71,,0.45,10,6.5,5.5,-0.9,6.73,10.18,9.9,,2.42,,6.5,2.01,6.04,-8.81,3.32,17,31,3,7,3.89
Virginia Tech,Ohio,21,17.96,10.1,8.88,18.05,28.43,22.72,1,22.36,18,26.63,13,14.91,29.99,20.74,11.41,18,14.02,21.55,30.5,29,18.93,4.29,,18.13,,14.8,6.29,18.13,,21,,,,19,18.5,25,26.45,18.12,19.83,11,14.31,,18.56,25,18,21,20.7,20.97,16.9,10.21,,19.33,,16.5,18.61,18.13,4.46,6.81,7,28,3,12,30.2
Wake Forest,Army,20,23.84,18,16.51,22.22,31.83,21.72,18,32.18,17,31.66,14.5,27.62,29.75,23.98,18.49,22.8,25.01,34.45,32.56,31.73,32.25,3.34,,22.98,,18.4,18.88,23.91,,25,,,,22,21.5,30,32.95,25.44,29,-2.2,29.43,,18.38,24,20,20.5,29.1,25.5,26,19.97,,31.13,,15,24.49,22.98,28.54,5.72,10,21,3,15,24.19
Washington,Ohio St.,-4,3.1,-3,-8.49,-0.68,-4.8,0.15,12,-12.35,-6,-3.36,-11,6.08,-8.58,-9.13,-5.32,-5.38,-8.37,-1.45,-7.19,-0.97,-2.42,-1.76,,-4.53,,-1.4,-1.09,-5.66,,-1,,,,-10,-4,-6,-14.58,-6.65,-9.28,-26.7,-20.56,,-9.84,-6,-17,-4,4.5,-7.25,-11.26,8.99,,-20.68,,-6,-7.3,-4.53,-20.56,6.33,33,14,3,-5,-13.64
Washington St.,Idaho,26,16.91,21.4,17.14,18.97,29.14,17.39,10,41.32,22,27.87,18.5,16.51,28.38,24.85,19.71,21.51,20.22,26.25,32.44,20.82,19.08,7.1,,22.49,,14.72,15.22,21.7,,29,,,,26,26.5,19,42.32,23.28,23.91,-0.1,21.74,,27.45,23,22.5,25.5,18.5,23.28,24.83,18.52,,22.87,,17,27.14,22.49,21.74,6.15,28,45,3,20,30.4
Akron,Kent,-2.5,-1.16,8.7,4.52,3.95,4.14,-2.22,14,10.79,2,-6.43,3,-0.15,-6.61,10.24,-0.6,0.42,-1.43,3.55,-2.13,3.06,0.37,4.12,,2.69,,-3.48,-3.92,0.17,,-1,,,,2,-4,0.01,12.09,-2.67,2.97,-14.7,-3.78,,-4.61,3,-2.5,-2.5,4.9,-1.54,-2.14,2.37,,-14.42,,-2.5,3.46,0.33,-5.01,5.01,20,27,4,-3,-8.45
Alabama,Georgia,3.5,12.01,5,5.12,5.04,-4.01,13.26,11,3.85,8,10.14,3.5,11.38,3.89,-3.11,10.76,5.26,6.69,5.35,11,-1.03,0.26,5.54,,6.46,,11.71,12.06,5.28,,2,,,,-2,4,3,3.53,5.5,-0.64,-25,13.54,,-0.78,8,13.5,3.5,0.7,3.76,4.78,17.87,,21.88,,3,6.5,5.21,13.04,5.24,26,23,4,7,13.56
Arizona St.,Oregon St.,11,0.88,5,5.72,6.24,5.84,1.3,-12,8.56,8,6.36,6.5,0.32,2.47,10.78,4.02,3.65,4.72,10.25,7.94,10.03,3.59,7.07,,5.47,,-0.8,8.11,5.24,,11,,,,3,11,5,8.14,4.21,-0.75,-13.5,-6.02,,12.33,5,-4,10,7.6,6.8,3.39,-2.63,,4.38,,4,7.22,5.87,-5.84,7.59,32,44,4,13,6.76
Arkansas,Kentucky,7,4.43,4,6.54,4.39,2.82,3.45,9,11,3,-4.41,7,5.48,-3,9.39,2.39,3.14,1.31,0.65,5.44,-1.51,-3.01,2.74,,0.46,,-2.56,-8.51,2.91,,-1,,,,7,7,3,16.76,-0.15,1.03,-0.7,-49.91,,4.61,8,-5,6,0.01,4.19,2.57,18.32,,-17.42,,3.5,2.81,1.92,-49.76,4.89,42,29,4,3,10.49
Auburn,New Mexico St.,16.5,14.14,11,18.19,18.73,18.92,16.09,-10,29.94,16,12.13,18.5,12.59,12.02,18.12,21.29,14.15,11.53,16.65,26.25,12.52,16.32,6.07,,6.96,,9.15,9.45,14.07,,14,,,,19,17,16,36,16.43,18.94,2.9,24.58,,9.4,16,14,16.5,13.9,16.96,17.87,13.13,,0.38,,12.5,15.75,13.14,24.55,6.71,20,55,4,11,29.12
BYU,Air Force,11.5,-2.18,4.5,1.63,1.05,17.33,-12.08,-7,17.18,1,-6.72,3.5,6.29,-4.39,8.37,-1.22,2.99,0.01,11.55,-1.06,3.34,0.92,2.93,,-1.37,,-5.57,-21.17,3.14,,12,,,,14,10,7,23.6,-0.88,18.89,-6.7,-11.7,,13.85,11,-3,11,16.6,11.46,16.38,4.47,,-25.62,,2.5,7.12,6.28,-11.65,10.70,6,31,4,6,-0.59
Boston College,Army,27,35.87,24.5,34.05,30.43,35.78,40.26,20,35.28,25,41.02,26,31.61,37.05,32.13,29.99,31.43,30.65,34.85,53.69,40.51,39.63,12.1,,35.34,,27.66,39.22,32.57,,31,,,,28,30.5,36,35.42,40.19,31.14,-2.1,0.03,,27.91,33,41,27.5,33.1,33.24,35.73,30.46,,43.08,,25,27.61,31.18,-0.16,6.11,17,37,4,27,36.45
Bowling Green,Temple,21.5,23.82,11,25.25,16.82,14.91,32.92,23,18.18,19,21.64,22,15.86,23.59,21.72,17.83,19.75,14.9,16.15,28.13,24.15,19.9,14.3,,20.16,,17.25,25.78,19.45,,22,,,,18,21,19,20.01,18.16,15.98,-9.9,32.09,,17.21,30,30,21.5,13.3,20.08,20.24,30.84,,33.18,,13,15.99,18.66,31.05,4.94,35,48,4,21,30.07
Buffalo,Baylor,-3,-2.99,-6,-4.52,-0.67,-5.07,-7.22,10,-20.26,-0.25,-1.86,-5.5,1.11,-9.3,-0.62,-0.41,-0.97,2.66,2.25,-6.81,-0.66,-8.35,-3.18,,9.57,,4.97,3.53,-0.67,,-3,,,,-10,-5.5,-3,-22.76,-2.81,3.89,-27,-23.46,,-2.85,3,-3,-3,3.2,0.15,6.96,16.95,,-1.42,,-2,3.05,0.86,-23.34,6.65,34,21,4,-3,0.43
California,Arizona,14,26.58,15,20.66,19.76,10.89,31.93,21,14.98,22,31.98,22.5,20.85,32.26,13.7,14.56,19.42,18.8,14.55,35.25,24.88,17.37,15.11,,9.34,,17.07,37.43,18.63,,22,,,,13,17,18,16.36,25.71,12.42,-12,-43.3,,25.4,16,31.5,14.5,9.9,16.29,14.88,18.46,,33.88,,21,11.21,16.04,-44.04,7.91,27,45,4,19,21.92
Central Florida,Memphis,7,12.98,3.4,5.26,7.01,5.42,14.23,25,9.1,10,16.42,7,11.71,13.6,8.59,11.61,8.68,11.04,8.15,16.06,5.13,13.43,6.63,,-0.19,,8.66,15.15,8.62,,4,,,,0.01,7.5,12,6.69,11.84,9.92,-9.2,-24.47,,-8.88,7,15,7,5.8,9.1,8.29,16.42,,15.78,,8,8.24,6.17,-23.97,5.64,20,56,4,5,13.72
Cincinnati,Marshall,24,40.7,13,28.24,26.84,25.9,37.45,54,20.21,26,42.91,22.5,46.89,30.68,39.19,28.35,32.52,31.3,42.35,48.88,34.32,25.73,19.41,,36.12,,36.56,57.2,30.34,,23,,,,25,23,26,17.37,38.26,22.59,2.9,8.14,,18.26,26,48.5,25,37.1,28.33,35.48,33.22,,51.48,,20,34.94,27.67,7.59,12.52,14,40,4,30,43.55
Colorado,Miami (Ohio),12.5,5.9,7,8,10.07,10.96,4.88,-9,18.29,11,9.36,6,6.92,9.09,8.48,4.7,6.52,1.69,12.25,12.06,10.7,7.8,5.9,,11.71,,-0.15,1.22,7.9,,10,,,,15,11.5,10,19.44,6.14,5.76,-10.8,-8.19,,10.6,13,-3.5,11.5,5.4,11.9,11.7,6.57,,1.38,,8,7.41,9.18,-8.16,6.70,0,42,4,9,2.75
Houston,Colorado St.,7,9.18,6.2,11.49,2.49,10.7,13.9,20,8.89,9,9.09,13.5,3.61,8.78,10.92,5.38,9.63,10.05,6.15,15.63,7.74,20.03,4.77,,9.45,,16.05,19.73,9.72,,6,,,,12,7,10,10.32,14.71,11.5,-20.6,23,,2.82,7,20,7.5,9.9,9.22,10.67,3.83,,22.58,,11,10.2,9.34,22.89,4.80,27,38,4,12,9.54
Idaho,Northern Ill.,3,5.43,-8.1,-2.25,0.84,-9.89,15.3,31,-14.15,9,10.09,2.5,-4.45,2.77,0.36,3.17,2.19,4.86,-6.75,5.56,0.19,-1.43,0.01,,1.77,,18.42,22.33,2.81,,-2,,,,-6,49,4,-16.56,3.42,-9.3,-34.8,-12.21,,-1.04,2,14,3,3.6,3.31,2.93,15.36,,23.18,,4,2.86,2.86,-11.29,9.09,42,35,4,5,6.19
Indiana,Illinois,-2.5,5.61,2,5.98,1.73,2.14,9.34,16,2.5,10,4.17,11.5,1.8,4.62,5.7,4.61,3.79,4.82,2.55,8.19,2.35,10.91,4.49,,8.96,,10.43,15.2,3.52,,-6,,,,-1,-2.5,1,3.59,6.28,5.49,-18.9,19.05,,-1.86,3,15,-1.5,-0.4,-0.48,0.57,-8.43,,10.68,,4,-2.36,1.99,18.4,5.03,27,14,4,8,2.81
Kansas,Florida Intl.,33,30.53,24,30.71,31.93,38.67,25.88,36,46.77,30,34.27,27,39.12,36.07,39.97,41.16,34.59,28.8,44.35,44.25,42.61,24.62,21.05,,38.23,,26.77,42.46,36,,36,,,,39,30,38,50.24,36.63,31.65,2.1,25.84,,41.4,33,32.5,33,35.9,37.05,41.14,30.01,,38.28,,26,39.25,33.73,25.69,6.64,3,55,4,39,44.27
LSU,South Carolina,17.5,20.35,16,24.31,21.92,19.91,10.65,24,24.38,13,18.88,14.5,31.7,13.18,25.17,22.98,19.64,17.01,27.85,10.31,22.72,9.01,13.43,,24.05,,17.84,22.49,19.46,,19,,,,16,16.5,17,23.47,9.39,18.72,-0.01,13.57,,17.04,22,19,17.5,18.6,21.83,31.98,35.81,,7.18,,13.5,26.3,20.34,13.78,5.60,16,28,4,18,21.17
Louisiana-Lafaye,Troy St.,-9,-18.3,-1.3,-2.32,-10.31,-11.59,-18.99,-17,-2.27,-15,-22.9,-8,-17.67,-18.47,-9.71,-10.6,-12.52,-11.37,-18.55,-22,-21.42,-16.94,1.55,,-4.64,,-14.29,-15,-13.01,,-10,,,,-7,-10.5,-13,2.92,-16.73,-3.49,-23,-7.01,,-1.56,-6,-5.5,-9,-23.9,-13.01,-15.54,-16.14,,-11.92,,-3.5,-18.93,-9.9,-7.73,6.76,48,31,4,-6,-18.91
Louisville,Syracuse,37,25.48,17,31.93,22.94,32.86,21.77,39,29.41,35,27.08,32,29.79,26.53,36.15,29.81,31.5,31.42,32.55,48,29.02,23.22,16.97,,23.56,,42.7,28.73,32.28,,42,,,,34,36.5,31,30.74,36.69,35.92,4.6,62.99,,36.16,38,40.5,36.5,35,36.39,41.17,24.78,,32.18,,25,32.93,33.49,62.12,6.66,38,35,4,40,41.46
Miami (Fla.),Texas A&M,2,-4.28,1.6,0.89,-1.01,-4.98,-2.41,-8,-6.49,-3,-4.13,2,-6.32,-1,-0.6,-9.84,-3.92,-2.54,-6.65,-1.75,-7.11,1.94,-1.29,,1.63,,-3.17,-16.88,-3.09,,1,,,,-5,3,-4,-2.96,-7.94,-1.23,-5.3,-25.2,,-8.32,4,-9,1,-3.8,-1.68,-4.03,-0.43,,-14.92,,-2.5,-7.87,-0.57,-24.88,5.31,17,34,4,-1,-1.28
Michigan,Penn St.,-2.5,-2.04,-5,-1.58,-1.04,1.4,0.69,-9,9.42,-8,-9.49,-1,-4.32,-3.85,7.09,4.37,-2.6,-9.03,0.55,-8.63,2.66,-2.11,-3.5,,-12.31,,-8.63,-14.38,-2.02,,-6,,,,6,-3,2,10.66,-7.9,-0.97,-15.3,40.28,,-13.56,0.01,-8,-2.5,-2.2,2.37,8.12,7.2,,-15.72,,-2,2.16,-3.55,40.34,5.92,9,14,4,-7,-1.04
Minnesota,Purdue,-13.5,-9.14,-4,-2.49,-6.79,-6.31,-4.82,-5,-3.47,-13,-13.66,-6,-14.71,-11.62,-4.05,-9.11,-9.87,-11.16,-10.55,-19.38,-14.67,-11.07,1.33,,-15.37,,-10.82,-12.19,-10.95,,-11,,,,-4,-13.5,-14,3.08,-16.15,-10.37,-17,-23.14,,-15.4,-8,-6.5,-13,-11,-13.61,-12.84,-10.9,,-22.02,,-13,-16.11,-11.72,-22.93,4.15,45,31,4,-12,-6.48
Mississippi,Florida,-23,-23.8,-15,-29.6,-22.25,-27.69,-20.64,-32,-28.25,-21,-26.87,-22.5,-27.55,-23.02,-26.07,-28.49,-25.32,-26.89,-33.45,-33.19,-28.56,-27.14,-13.57,,-18.12,,-14.76,-37.36,-25,,-23,,,,-25,-21.5,-25,-24.04,-28.39,-21.96,-26.3,-22.1,,-27.59,-18,-28.5,-23,-23.7,-23.32,-21.95,-31.87,,-19.72,,-18,-28.66,-20.12,-21.58,6.27,30,24,4,-23,-22.85
NC St.,Clemson,-7,-9.31,-7.4,-14.84,-4.03,-12.47,-19.19,4,-8.85,-10,-11.6,-10.5,-1.26,-15.35,-10.55,-7.62,-9.04,-10.09,-10.35,-22,-16.31,-14.38,-3.86,,-4.55,,-7.8,-23.6,-9.13,,-10,,,,-9,-8.5,-8,-7.35,-17.93,-13.43,-9.1,-19.7,,-11.54,-4,-19.5,-7,-8.8,-6.83,-4.98,9,,-16.92,,-7,-9.15,-7.18,-19.63,6.16,42,20,4,-10,-5.46
Navy,Duke,14,4.06,9,17.5,9.08,11.7,-1.64,26,23.44,12,-5.71,15,10.36,-4.86,6.3,2.75,10.14,8.74,12.45,12.25,6.38,22.68,4.16,,6.74,,11.17,2.45,10.77,,13,,,,15,11,8,27.99,11.84,13.16,-23.9,4.84,,16.74,8,1.5,13.5,12.3,10.32,11.46,7.13,,-8.22,,11.5,13.44,10.12,5.19,8.99,43,46,4,15,18.84
Nebraska,Ball St.,24,17.36,9.5,14.71,18.85,18.44,21.96,4,25.81,18,25.56,18.5,11.99,27.33,24.77,26.36,17.36,11.85,21.75,31.44,25.03,21.17,5.05,,11.65,,16.64,14.23,18.5,,24,,,,21,21.5,19,28.5,21.47,21.85,-3.4,34.47,,13.52,24,18.5,23,12,19.17,16.02,29.78,,14.78,,12,19.49,17.04,34.07,7.22,40,41,4,18,23.57
North Texas,Florida Atlantic,-7,-12.73,-6,-14.46,-3.63,-11.83,-9.52,-12,-6,-11,-17.51,-4.5,-16.04,-17.65,-7.93,-12.83,-10.56,-8.71,-12.05,-12.06,-14.78,-10.09,-10.06,,-2.76,,-7.95,-22.39,-9.66,,-3,,,,-6,-6.5,-8,-2.56,-10.82,-11.58,-21.4,-48.62,,-6.77,-7,-5,-7,-8.2,-8.1,-9.79,1.44,,-13.52,,-3.5,-13.87,-6.29,-48.37,6.39,30,20,4,-9,-15.92
Notre Dame,Michigan St.,-10,-14.76,-4,-6.7,-9.43,0.23,-14.39,-20,7,-3,-8.94,-2,-15.63,3.7,-5.37,-19.05,-9.66,-9.57,-5.65,-14.5,-5.42,12.47,-5.4,,-24.29,,-12.56,-45.84,-9.19,,-17,,,,5,-14,2,13.03,-14.92,9.14,-10.7,-18.67,,-23.24,-2,-27.5,-10,-7.2,-5.74,-6.22,-10.66,,-41.92,,-3.5,-9.49,-10.72,-18.73,11.80,31,14,4,-15,-20.17
Ohio,Wyoming,-4.5,-8.15,3.9,-3.77,-8.75,-6.59,-5.71,9,-3.57,-3,-6.4,1.5,-10.54,-7.25,1.91,-4.02,-4.55,-0.67,-7.75,-11.63,-7.53,0.25,1.03,,-12.92,,-1.56,-5.62,-4.35,,-3,,,,2,-3.5,-3,-2.49,-6.71,-0.57,-14.3,1.69,,-17.33,-8,-7,-4.5,-6.6,-6.13,-11.88,-18.43,,1.88,,1,-4.13,-4.57,0.92,5.21,34,33,4,1,-3.47
Ohio St.,Northwestern,23.5,28.07,19,28.58,22.38,23.08,33.92,46,36.59,21,29.63,24.5,22.73,28.55,32.66,23.01,26.74,33.68,30.75,36.69,30.47,26.87,10.55,,28.41,,23.87,29.56,25.5,,25,,,,28,21.5,26,37.08,30.52,22.73,-8.2,34.81,,22.56,19,36.5,23.5,22.3,23.99,23.48,27.9,,27.68,,22.5,23.25,24.04,33.78,7.71,7,58,4,24,38.08
Oklahoma St.,Texas Tech,-6,-12.07,5,-9.78,-8.27,-5.68,-7.62,-6,-10.61,-4,-9.74,-8.5,-16.07,-4.19,0.01,2.58,-6.79,-8.62,-10.85,-18.31,-13.32,-4.16,-3.8,,-12.36,,-7.85,-17.58,-7.62,,-4,,,,-6,-6,-6,-5.97,-12.29,-0.37,-22.2,-7.9,,-8.38,-1,,-6,-7,-8,-11.99,1.06,,-20.52,,-5,-9.49,-6.17,-7.71,6.16,45,49,4,-12,0.51
Pittsburgh,Connecticut,8,-2.5,9,5.72,3.96,7.84,-3.56,12,16.44,3,2.11,4.5,-1.29,4.72,11.17,4.18,5.12,6.1,7.75,3.81,9.34,3.34,3.72,,0.77,,0.8,-3.43,4.34,,11,,,,12,7,5,16.89,3.6,9.98,-4.5,9.63,,-2.74,6,2.5,7.5,3.9,4.56,-0.32,2.27,,-5.52,,3,2.89,5.04,9.63,5.90,34,14,4,6,15.14
South Florida,North Carolina,12.5,12.09,14,18.42,4.37,19.41,20.99,16,16.49,19,24.54,15.5,4.9,25.67,19.49,9.48,16.23,18.42,10.35,25.38,11.94,24,7.03,,9.25,,20.75,24.22,18,,19,,,,18,12.5,18,17.37,23.7,24.46,-12.8,35.36,,12.97,19,31.5,13,21.5,17.04,19.62,3.33,,28.48,,17,13.25,16.3,35.11,5.76,10,37,4,18,19.37
Stanford,Oregon,-17.5,-17.78,-14,-22.45,-17.85,-13.13,-18.72,-36,-26.47,-19,-19.48,-17.5,-16.83,-15.4,-24.65,-9.49,-19.96,-21.18,-19.65,-32.75,-25.07,-10.12,-5.55,,-20.93,,-15.39,-29.44,-18.51,,-20,,,,-15,-17,-20,-27.19,-26.11,-19.92,-18.3,-20.72,,-22.09,-18,-31,-17.5,-13.9,-17.5,-15.51,-20.45,,-23.92,,-7.5,-14.67,-17.55,-20.49,10.05,55,31,4,-15,-21.85
TCU,SMU,22.5,21.95,13.5,20.07,21.22,24.35,21.67,25,27.57,16,22.54,18.5,22.28,19.45,34.79,22.34,22.39,18.03,26.55,34.81,31.51,19.62,16.46,,15.6,,18.8,17.53,22.14,,24,,,,30,19.5,22,27.59,24.37,17.36,-1.3,29.48,,9.2,25,30.5,22.5,22.9,25.53,34.1,35.68,,16.28,,13,28.63,21.21,29.24,5.96,7,21,4,19,29.08
Tennessee,Arkansas St.,19,15.8,15,7.11,13.61,21.86,18.07,9,27.5,16,14.52,17.5,13.63,23.03,23.29,7.96,14.52,11.1,18.45,27.81,18.56,23.02,5.32,,1.19,,11.86,0.77,15.4,,21,,,,25,18.5,25,33.66,16.66,14.07,7,-18.22,,5.19,17,16.5,18.5,14.8,17.25,7.24,-6.03,,3.28,,17,16.92,14.4,-18.74,6.41,27,48,4,13,21.44
Texas,Rice,38,43.47,22,39.17,33.76,31.98,51.23,43,38.73,38,49.17,37,38.67,54.7,30.81,45.34,37.12,26.41,35.85,56.81,34.3,26.89,26.38,,40.26,,30.12,58.68,36.95,,44,,,,33,38.5,40,41.11,41.68,32.37,1.7,20.6,,39.88,36,45.5,38,31.3,36.9,31.69,45.19,,48.68,,24,31.86,35.3,20.36,8.27,14,58,4,36,44.5
Toledo,Iowa St.,-3.5,-2.09,3,-1.9,-4.83,-3.41,-6.74,11,-8.51,6,-3.92,2.5,2.37,0.81,-1.19,-0.96,-2.52,-5.77,-4.85,0.31,1.09,-6.66,-7.25,,-6.67,,4.5,-16.24,-2.72,,-3,,,,-1,-3.5,0.01,-4.93,-3.55,11.74,-18,-14.46,,-5.89,5,-6.5,-3.5,1.7,-1.74,-1.24,-2.43,,-18.62,,-3,-5.36,-1.06,-13.9,5.65,35,36,4,-3,-7.05
Tulsa,Oklahoma,-23,-9.39,-10,-7.18,-17.05,-19.55,-3.65,-11,-13.42,-11,-16.2,-13.5,-21.69,-13.5,-13.04,-16.41,-14.54,-5.15,-20.55,-14.75,-13.45,-5.76,-8.38,,-19.43,,-12.39,-5.37,-13.86,,-22,,,,-17,-20.5,-15,-13.46,-12.03,-19.87,-28,-33.97,,-13.73,-12,-1.5,-22,-15,-20.93,-25.78,-15.81,,-1.42,,-6.5,-14.04,-18.09,-34.16,6.39,62,21,4,-14,-20.58
UCLA,Washington,5.5,1.96,6.5,9.85,4.8,9.18,0.56,6,-1.74,9,-5.5,8.5,3.84,-5.55,2.64,-3.91,3.78,-0.98,-2.25,8.56,-5.1,-1.46,2.41,,-0.59,,5.07,0.97,4.32,,9,,,,8,5,10,2.05,2.46,16.5,-3.8,38.33,,9.14,13,1,5.5,8.9,10.65,15.45,-3.31,,-6.72,,7,-2.68,7.42,38.42,6.08,31,44,4,5,6.26
UNLV,Utah,-8,-9.53,-5.1,-17.73,-12.68,-13.48,-12.19,-11,-22.41,-9,-14.39,-10.5,-6.99,-18.13,-20.93,-17.46,-13.63,-13.57,-24.25,-22.13,-6.97,-18.76,4.56,,-9.33,,-4.85,-7.93,-13.52,,-7,,,,-19,-8.5,-16,-19.17,-19.17,-19.46,-23.5,-45.78,,-2.44,-9,-22.5,-8.5,-21.2,-13.72,-16.67,-9.84,,-4.42,,-7,-18.1,-9.64,-45.65,6.55,0,27,4,-5,-19.34
USC,Washington St.,24.5,24.11,21.2,20.87,19.96,24.26,25.34,19,22.04,24,24.19,27.5,23.51,26.3,18.68,26.07,22.75,25.56,24.25,25.38,31,20.57,19.15,,14.06,,22.94,23.44,23.78,,25,,,,22,24.5,27,20.78,19.71,25.26,-5.2,27.2,,18.76,24,32,24.5,25.9,25.39,24.18,23.56,,15.68,,20.5,24.07,22.77,27.58,3.17,14,47,4,23,29.02
Utah St.,San Jose St.,3,3.15,-9.7,-5.95,5.15,-7.08,-2.25,20,-14.2,-2,-4.77,-3.5,8.42,-17.91,0.56,12.22,-0.47,-1.91,0.25,-1.5,-3.14,-13.69,12.69,,12.41,,0.76,11.23,-1.94,,1,,,,-9,3.5,-11,-18.72,-1.98,-4.6,-14.7,38.42,,4.2,-1,-3,2.5,-3.6,-5.3,-7.9,11.69,,4.68,,-6.5,0.72,-1.63,38.54,9.07,23,20,4,1,2.66
Virginia,Georgia Tech,-3.5,-2.69,-5,-5.49,-6.82,-10.18,1.38,-9,-10.12,-5,-8.87,-3,-7.08,-12.43,-10.44,-6.08,-7.98,-7.45,-9.05,-11.63,-9.88,-8.77,-0.83,,-13.84,,-4.99,-2.77,-7.52,,-7,,,,-12,-4,-9,-9.11,-11.27,-10.6,-14.4,-9.23,,-11.33,-8,0.5,-4.5,-9.7,-4.8,-1.9,-5.16,,-2.12,,-3,-11.17,-6.46,-8.65,6.07,23,28,4,-7,-7.59
Wake Forest,Maryland,3.5,0.15,7,5.42,5.06,9.63,-4.95,11,7.22,6,8.53,2.5,5.78,4.35,6.71,2.46,5.53,7.32,10.05,1.38,8.2,2.11,3.36,,3.27,,7.42,3.75,6,,23,,,,4,3.5,6,8.07,3.93,7.52,-10.6,3.3,,-4.55,6,7.5,3.5,7.3,5.84,8.51,3.44,,-11.42,,1,7.34,8.31,2.09,4.92,24,31,4,1,11.08
West Va.,East Carolina,24,26.54,18.6,24.09,20.94,25.18,26.57,26,24.05,28,26.34,27,26.55,30.85,25.07,21.92,24.56,24.82,20.95,39.63,25.24,24.65,14.08,,14.91,,22.83,26.31,25.21,,30,,,,26,25,29,24.46,28.68,24.61,-1.3,37.72,,27.86,29,30,24,24.6,28.99,33.97,20.9,,29.48,,22,23.39,24.76,38.22,3.76,7,48,4,27,30.43
Wisconsin,Iowa,7,10.83,13,8.17,3.18,11.92,22.49,22,7.8,12,27.54,11,-0.82,36.38,14.04,5.63,11.97,11.7,10.35,18.44,4.56,22.81,8.39,,3.27,,14.08,36.06,10.71,,13,,,,10,7.5,14,9.73,18.22,13.17,-19.8,-2.43,,8.93,10,32.5,7.5,6.8,10.28,8.83,8.79,,34.18,,12,2.62,10.6,-2.22,8.81,13,17,4,12,9.97
Arizona,Washington St.,3,-6.05,0.2,-4.57,-1.91,5.97,-11.73,2,3.12,-1,-8.7,-2,0.17,-11.39,-2.73,5.24,-0.39,0.01,6.95,-8.85,-1.12,1.45,0.01,,4.92,,-3.2,-8.15,0.18,,3,,,-7.23,7,1.5,3,3.9,-8.46,5.38,-14.8,16.68,,-4.05,1,-4,3,7.7,3.04,3.61,0.18,,-9.65,,-3,5.52,1.52,18.74,5.33,20,48,5,1,1.6
Arkansas,North Texas,35.5,33.89,27,32.99,28.65,35.36,31.51,32,41.56,35,35.35,26,36.72,36.27,37.6,43.62,33.2,33.35,37.15,43,35.24,29.13,19.32,,27.56,,28.69,33.74,33.17,,38,,,26.32,36,36,35,45.64,31.93,26.36,9.8,103.69,,28.94,30,31.5,35.5,26.4,33.96,31.38,39.69,,32.57,,31,34.46,32.6,104.83,5.47,7,66,5,29,43.59
Arkansas St.,Memphis,5,6.4,5.5,8.58,5.21,4.87,7.22,17,6.14,10,12.48,8,5.57,8.71,10.38,,9.37,14.15,8.65,14.05,2.41,14.75,4.51,,10.67,,11.32,9.93,8.65,,1,,,9.8,1,4,6,1.13,10.43,12.02,-23,45.63,,15.14,8,12.5,5.5,6.5,8.81,16.42,32.46,,6.84,,13,13.15,7.37,45.5,4.13,31,35,5,5,6.34
Army,Temple,6.5,11.58,9.5,7.47,7.84,12.19,14.44,11,13.35,13,10.23,13,9.57,10,14.03,7.8,11.36,11.74,13.45,10.3,9.27,6.73,8.27,,5.62,,10.81,12.23,10.91,,9,,,20.43,19,8,11,12.21,8.09,10.19,-9.9,16.19,,3.03,18,21,7.5,8.7,8.02,7.06,14.33,,18.03,,14,13.05,8.9,16.23,3.78,21,37,5,8,17.64
Ball St.,Buffalo,13.5,16.17,15.5,13.97,12.86,18.27,16.33,16,21.51,15,11.4,16,16.43,14.5,13.28,15.79,15.02,13.14,16.95,22.05,20.35,14.36,10.59,,5.94,,12.7,16.41,15.49,,18,,,14.79,20,16.5,18,22.14,14.55,10.47,-7.4,-80.3,,3.61,10,23.5,13.5,18,15.54,13.12,14.36,,15,,21,17.03,15.47,-82.04,4.60,14,49,5,12,24.79
Boise St.,Southern Miss.,11,14.16,2.5,13.29,14.49,12.59,8.64,6,11.54,10,7.98,10.5,18.97,1.39,15.23,13.45,11.07,6.59,13.25,15.15,14.84,11.59,1.69,,17.49,,11.58,11.21,11.32,,12,,,6.9,9,11.5,7,12.69,10.09,10.09,-8.6,40.82,,16.36,11,16.5,11,12.4,11.44,16.82,19.4,,8.94,,5.5,8.62,10.07,42.57,3.48,16,38,5,10,11.03
Central Florida,Louisiana-Lafaye,22.5,24.02,10.5,26.23,21.38,19.99,25.74,22,14.3,29,22.34,16.5,22.53,22.17,17.2,26.61,22.06,16.43,27.45,30.7,26.75,12.1,8.69,,31.22,,22.6,32.73,22.26,,20,,,33.96,14,21.5,22,7.73,26.36,10.8,-7.1,48.12,,17.47,16,28,22.5,28.7,21.57,21.22,31.37,,35.8,,23,23.97,19.64,49.47,5.50,19,37,5,25,28.6
Central Mich.,Northern Ill.,3,0.94,7,-2.9,-2.66,7.91,10.23,6,13.18,5,14.37,5,-8.3,16.56,8.29,-2.89,5.53,10.57,-7.65,8.2,-2.65,11.72,-3.33,,-1.42,,10.62,7.16,6,,5,,,5.15,4,3,6,11.14,8.15,2.83,-19,18.18,,10.81,7,11,3.5,5.5,4.61,4.82,12.26,,14.42,,11,-0.59,6.07,16.65,5.99,10,35,5,3,13.77
Colorado,Oklahoma,-23,-21.66,-15,-21.17,-16.86,-22.32,-17.75,-23,-19.97,-13,-22.02,-18,-29.14,-18.91,-20.16,-16.73,-20.75,-23.57,-32.85,-22.9,-30.64,-20.4,-10.28,,-24.43,,-17.25,-22.62,-20.35,,-24,,,-12.16,-20,-22.5,-21,-18.84,-19.66,-28.46,-25.4,-132.1,,-16.8,-13,-26,-23,-24.9,-21.1,-20.29,-4.97,,-23,,-18,-20.98,-19.92,-136.1,5.03,24,27,5,-20,-27.35
Connecticut,Akron,15.5,16.1,6,16.51,14.95,15.45,16.84,13,10.45,14,10.53,12.5,15.35,9.64,6.6,17.54,14.25,14.61,14.25,23,21.25,9.8,7.23,,17.25,,11.65,16.79,15.04,,17,,,15.16,17,13,14,10.7,15.9,5.22,-20.1,25.52,,21.16,13,24,15.5,19.2,15.72,19.67,6.19,,18.3,,13,15.14,13.64,26.24,4.48,10,44,5,19,19.58
Florida,Auburn,17.5,17.86,16,24.9,11,18.84,16.72,24,11.49,21,22.54,17,19.28,22.93,16.57,17.41,18.02,18.63,16.75,18.75,17.24,17.59,14.08,,16.68,,14.56,23.04,17.32,,23,,,25,20,17.5,17,10.62,16.27,10.05,-6.2,107.03,,14.9,13,24,17.5,14,15.74,11.22,24.59,,20.22,,17.5,17.41,16.8,111.14,4.17,20,17,5,22,13.66
Florida St.,Alabama,2,1.11,3,-1.98,-2.32,-1.95,4.33,-4,1.36,-3,-2.23,0.01,-1.94,-3.33,-4.19,-7.14,-1.52,-4.63,-2.4,-2.95,-3.68,-2.18,-2.73,,0.43,,0.3,-5.17,-1.47,,1,,,-0.27,-1,2.5,-1,2.06,-3.42,1.95,12.2,-88.41,,-0.32,-2,3,1.5,-2.8,0.9,1.2,-0.75,,-0.57,,-1,-3.92,1.17,-95.14,4.08,14,21,5,1,4.31
Fresno St.,Louisiana Tech,12.5,6.87,17.1,-2.61,7.47,14.1,7.75,5,12.8,10,8.94,11.5,5.97,12.3,19.12,4.16,8.88,8.01,8.05,17.85,7,7.03,3.61,,6.34,,7.03,1.6,8.33,,15,,,3.49,18,12.5,13,14.96,4.65,11.38,-12.4,-122.2,,0.45,13,-1.5,12.5,8.6,12.98,13.43,17.07,,-2.15,,14,7.59,13.01,-127,5.36,6,17,5,11,8.78
Georgia,Mississippi,15,17.83,12,17.72,15.31,16.52,20.51,18,15.05,18,20.99,18,15.48,22.5,19.49,11.52,17.82,18.98,10.45,30.2,21,24.33,10.71,,15.78,,18.06,19.81,18,,17,,,19.06,20,15,18,17.1,23.25,16.29,-3,114.3,,16.54,17,31,15.5,12,17.97,20.91,13.49,,22.8,,20,9.75,16.83,113.14,4.24,17,45,5,19,22.31
Georgia Tech,Clemson,-3,-6.36,-3,-5.73,-1.29,0.52,-13.55,-3,-0.48,-2,-3.74,-2.5,0.14,-7.99,-1.58,-5.07,-3.92,-5.92,-5.05,-12.85,2.51,1.18,1.36,,6.12,,-3.93,-13.41,-3.32,,-6,,,-14.51,1,-3,-1,3.33,-14.12,7.01,-4.8,-11.23,,-5.37,2,-18.5,-3,-1.4,-2.96,-4.89,0.81,,-16.42,,-7.5,-1.82,-3.64,-11.28,5.40,3,13,5,-6,-4.28
Houston,East Carolina,13.5,11.63,6.2,14.03,13.02,9.09,9.29,19,10.19,17,6.62,12.5,13.96,4.6,15.77,9.66,13.82,15.63,13.05,22.45,5.25,9.78,4.2,,14.57,,17.22,20.82,13.5,,8,,,19.98,8,9,12,7.62,18.57,12.94,-7.4,-73.69,,19,15,21,13.5,11.7,14.63,21.9,17.62,,14.6,,17,12.8,12.55,-77.15,5.47,37,35,5,16,18.72
Idaho,Hawaii,-25.5,-23.22,-20,-14.56,-11.15,-28.5,-27.32,-24,-28.95,-26,-31,-22,-19.24,-34.97,-20.87,-17.59,-23.55,-23.95,-26.05,-41.7,-27.62,-20.47,-5.31,,-25.39,,-16.16,-23.4,-24.36,,-28,,,-24.72,-30,-27,-29,-31,-32.34,-25.56,-39.8,-102.2,,-10.04,-21,-43.5,-25.5,-25.3,-25.68,-22.03,6.16,,-29.58,,-29,-19.71,-23.53,-103.9,7.36,48,20,5,-23,-27.6
Illinois,Penn St.,-3,3.64,-1,3.37,-5.23,-7.81,5.23,16,-13.8,-0.25,0.78,-4.5,1.84,5.15,-5.04,-2.43,0.65,7.69,-7.75,-3.25,-7.34,-11.46,-1.43,,-2.12,,6.18,12.76,-0.94,,-4,,,17.97,-2,-3.5,-4,-16.08,5.04,-10.45,-33.7,16.32,,2.24,-3,26.5,-3,0.7,-2.13,0.61,14.43,,23.9,,-4,-3.43,-0.87,18.58,7.85,20,27,5,1,3.18
Iowa,Indiana,10.5,9.28,6,10.18,13.45,10.93,6.11,4,17.58,3,2.61,8.5,13.25,-1.1,20.19,10.29,7.2,2.56,9.45,7.5,13.29,4.89,4.8,,5.37,,0.92,-5.77,8.72,,14,,,-11.17,17,13.5,10,18.96,-1.49,9.19,-3.2,67.17,,4.49,9,-7,10.5,8.9,10.11,9.32,16.1,,-13.72,,4,12.47,8.54,68.48,6.20,38,20,5,5,12.63
Kentucky,Florida Atlantic,24.5,25.87,19,17.55,24.58,26.23,22.38,27,28.56,24,25.15,18,29.44,17.67,27.85,37.1,24.85,29.5,32.25,35.45,30.07,22.51,10.41,,25.44,,18.45,24.17,25.29,,28,,,18.68,29,23.5,32,27,27.09,16.35,-5.6,48.95,,18.03,19,29.5,24.5,23.8,25.82,23.45,33.87,,26.28,,15,25.43,23.82,48.18,5.62,17,45,5,22,31.57
Miami (Fla.),Duke,24,20.35,14,19.13,20.17,18.55,24.15,18,22.05,20,23.99,20.5,17.05,25.21,16.74,14.59,20.79,16.69,22.95,38.7,17.59,30.22,7.11,,19.56,,22.55,21.31,20.75,,25,,,20.19,19,23.5,23,26.49,26.34,24.32,-2.7,-65.71,,24.05,22,15,23.5,16.3,23.1,22.29,12.08,,22.67,,28,14.3,21.81,-68.64,5.12,14,24,5,21,29.1
Miami (Ohio),Syracuse,-1.5,4.19,-4,-0.6,1.72,-1.45,3.24,2,-9.41,2,2.34,3,5.1,1.52,-1.54,-7.07,0.64,3.47,-2.15,4.15,2.8,-3.6,9.23,,2.38,,-0.9,3.54,1.39,,-2,,,4.31,-2,-2.5,-1,-5.74,-0.01,1.27,-4.4,-87.08,,3.17,6,6.5,-1.5,-1.5,-0.49,0.52,6.66,,1.64,,-7,-6.59,-1.4,-87.68,3.37,14,17,5,2,2.77
Middle Tenn.,Florida Intl.,9.5,9.7,12,10.93,10.79,16.49,5.38,9,23.71,14,7.28,13.5,14.03,13.58,16.82,10.14,12.65,2.6,16.45,6.55,19.04,9.07,11.82,,4.76,,22.98,6.93,13.17,,17,,,8.95,20,12.5,16,28.76,4.88,17.07,-13.7,77.89,,6.48,13,11,9.5,14,13.78,13.33,9.71,,1.37,,14,16.98,15.55,80.03,5.28,6,47,5,10,21.53
Minnesota,Ohio St.,-23.5,-23.03,-13,-32.65,-17.29,-17.57,-20.58,-22,-24.84,-25,-20.95,-22,-25.54,-21.89,-27.33,-28.94,-23.37,-25.72,-27.85,-33,-28.56,-24.48,-3.91,,-26.03,,-22.64,-28.28,-23.71,,-21,,,-23.93,-21,-21.5,-22,-19.8,-29.47,-14.4,-27.8,-100.4,,-17.15,-13,-36,-23.5,-15.9,-24.03,-26.59,-23.49,,-32.62,,-31,-29.39,-21.46,-105.3,5.36,30,7,5,-22,-30.94
NC St.,Louisville,-8,2.59,-4,-6.81,-0.96,-12.36,6.06,-3,-14.87,-8,-6.39,-9,-1.37,11.03,-11.39,1.31,-5.06,-2.82,-6.05,-9.5,-15.13,-13.49,0.25,,-1.16,,-1.91,3.44,-6.22,,-10,,,6.02,-11,-9,-8,-18.3,-2.81,-21.5,-13.2,-37.04,,-8.5,-14,7.5,-8,-9.3,-11.33,-17.49,17.41,,14.99,,-4,-7.85,-8.32,-36.1,7.29,29,10,5,-9,-6.02
Navy,Air Force,2.5,-4,-1,-12.74,-1.98,4.23,-6.14,2,3.23,-2,-4.45,1,-1.83,-8.84,-5.78,0.73,-1.68,-3.37,-1.25,-9.25,-4.93,-1.94,0.92,,-6.13,,-2.73,-6.86,-1.96,,6,,,-7.77,2,-55.5,-2,8.03,-8.54,3.26,-20.8,-1.57,,8.03,-3,-9,2,1.5,1.85,4.55,-4.6,,-10.52,,10,-6.81,1.3,-0.67,4.81,20,31,5,1,0.54
Nebraska,Iowa St.,21.5,22.6,17,19.54,17.24,22.07,23.06,21,22.56,27,28.27,21.5,22.21,22.21,24.97,21.7,22.26,18.47,23.45,40.9,21.48,21.86,5.39,,13.43,,32.41,31.66,21.96,,20,,,33.26,21,22.5,23,25.74,29.21,28.38,-1.5,164.58,,14.43,20,32,21.5,21.3,21.24,18.21,26.48,,27.78,,24.5,21.76,22.19,169.24,5.47,17,35,5,21,24.13
Nevada,UNLV,3.5,-2.16,8,-3.14,0.91,6.37,-2.58,-12,15.75,3,0.57,8,-1.76,-11.69,5.72,-0.25,0.85,-7.5,11.55,-1.9,2.02,11.6,-2.14,,-2.47,,-3.51,-12.47,0.95,,7,,,-4.62,19,6,11,21.99,-7.09,13.2,-16.3,69.88,,-12.62,7,2.5,3.5,8.2,6.56,5.17,-4.44,,-2.47,,6.5,0.01,5.19,69.84,10.68,20,27,5,1,0.21
New Mexico,BYU,-3.5,-4.88,-3,6.39,-4,-13.41,-6.3,1,-18.56,2,-10.3,0.01,-3.23,-6.06,-15.75,-2.26,-5.01,-5.27,-6.45,-10.1,1.85,-2.83,0.66,,2.98,,-0.65,-2.51,-4.22,,-8,,,4.07,-6,-7.5,-1,-19.72,-6.98,-4.04,-25.3,-78.7,,-4.2,-5,-4,-3.5,-11,-4.61,-6.84,-32.64,,-0.23,,-1,-7.2,-4.25,-81.7,5.36,31,24,5,4,-8.89
Northwestern,Michigan,-17,-9.56,-6,-4.9,-13.35,-13.8,-8.32,-3,-26.14,-7,-13.72,-7,-10.77,-8.74,-21.66,-17.78,-12.52,-12.6,-24.35,-21.2,-23.2,-11.31,0.25,,-12.57,,-8.32,-5.18,-12.58,,-15,,,5.75,-15,-16.5,-19,-22.33,-14.44,-13.68,-34.5,28.43,,-16.27,-9,-4,-16.5,-11.1,-17.21,-15.64,-10.72,,-0.47,,-6,-13.92,-13.49,31.55,7.90,28,16,5,-7,-16.88
Ohio,Kent,-3,2.28,10.6,3.95,4.95,5.99,0.99,1,9.52,5,3.05,6.5,3.58,3.9,9.98,2.16,3.01,5.1,6.85,2.5,5.39,8.72,6.64,,-2.18,,1.45,2.66,3.88,,3,,,4.75,6,2.5,4,9.97,1.02,3.87,-9.7,3.62,,-9.99,-1,-2.5,-2,10.7,-1.62,-7.86,-13.83,,-0.84,,1,6.13,1.7,5.1,4.32,33,25,5,2,6.53
Oregon,California,6.5,3.8,0.5,11.46,8.33,1.89,0.79,12,3.95,8,3.78,5,6.83,-2.88,8.3,4.33,6.43,13.02,6.55,6.05,2.2,-0.56,0.01,,7.71,,9.18,8.39,6.46,,3,,,6.31,4,3.5,5,4.3,3.85,2.51,-20.1,7.66,,8.03,9,13.5,6.5,7.3,6.38,9.14,19.81,,4.82,,-3,8.3,5.3,4.42,4.30,31,24,5,8,14.35
Oregon St.,UCLA,2.5,-1.65,-4.5,-2.34,-4.48,-3.3,0.46,-4,2.13,-2,0.25,0.5,-4.39,5.01,5.96,7.97,0.32,2.77,-0.15,-3.15,-1.19,0.75,-0.56,,7.1,,-2.24,-11.48,0.05,,-4,,,-1.78,4,2,-1,3.77,-4.13,0.52,3.7,17.44,,10.91,4,2.5,2,-0.9,1.83,4.99,8.18,,0.85,,1,1.38,-0.88,19.37,4.41,40,14,5,4,-7.71
Purdue,Notre Dame,21.5,24.12,20,37.43,18.39,17.42,21.69,36,7.39,25,22.79,18,26.5,18.87,17.32,16.33,23.53,30.6,21.45,38.45,18.22,7.91,11.65,,31.5,,24.37,36.49,22.56,,25,,,34.22,15,21.5,17,0.71,32.66,15.09,-32.2,12.1,,29.41,18,36,21.5,28.8,21.54,26.12,14.37,,45.17,,20.5,24.31,22.33,13.14,8.30,19,33,5,31,36.56
Rutgers,Maryland,18.5,12.05,14.2,13.05,9.07,17.79,9.84,13,15.1,17,19.6,9,14.9,17.85,19.68,16.84,16.98,17.45,19.85,20.1,18.16,9.43,10.21,,25.85,,21.82,24.8,17.22,,16,,,19.14,13,13,14,15.82,19.72,13.85,-12.5,25.24,,28.12,17,25.5,18.5,19.5,18.36,25.09,4.36,,20.78,,17,16.91,17.85,21.89,4.77,34,24,5,23,18.2
SMU,UTEP,1,-4.87,5.2,-7.99,-2.32,4.29,-3.1,-7,1.82,-3,-7.22,-2.5,-6.67,-3.37,-3.23,-1.63,-2.58,-3.82,0.95,-5,-3.99,1.34,-5.6,,-7.3,,-3.96,-7.8,-2.75,,-3,,,-6.48,-2,1.5,0.01,4.43,-5.69,5.09,-11.3,15.03,,-0.22,3,-19.5,0.5,2.9,1.99,3.96,4.65,,-9.38,,-7,-2.35,0.7,17.19,4.72,48,45,5,-2,-1.94
San Diego St.,Cincinnati,-15,-13.81,-13.1,-17.59,-12.32,-24.04,-12.82,-25,-15.9,-13,-27.9,-13,-15.36,-23.3,-20.3,-13.52,-19.05,-32.12,-21.15,-36.25,-23.26,-18.78,-6.9,,-19.56,,-21.63,-25.19,-18.59,,-18,,,-12.98,-19,-14,-19,-12.21,-27.49,-18.98,-22,2.02,,-19.78,-14,-24.5,-15.5,-18.4,-17.08,-18.23,-2.87,,-23.61,,-21,-17.77,-17.33,2,6.62,52,23,5,-18,-24.93
South Carolina,Mississippi St.,13.5,14.2,13,11.51,12.53,15.09,12.6,16,16.93,10,12.84,12,15.66,13.37,16.23,17.42,14.42,10.56,21.65,22,20.82,21.89,7.45,,10.25,,11.19,7.99,14.54,,19,,,4.7,17,15,16,19.76,12.45,20.4,-3.1,-11.35,,8.88,15,14,13.5,19,16.05,18.16,13.7,,6.66,,11.5,14.89,15.23,-9.63,3.78,21,38,5,12,18.57
South Florida,West Va.,-7.5,-3.12,-5.4,0.95,-6.02,-5.97,-0.13,-5,-11.3,-5,-6.19,-7,-6.66,-5.97,-7.34,-3.01,-4.64,-5.08,-9.65,-6.25,-11.21,-1.88,-3.45,,-1.72,,-1.17,3,-5.69,,-7,,,7.12,-4,-7,-7,-9.71,-1.83,-8.39,-23.5,-27.31,,-2.06,-9,5,-7.5,-1.6,-8.39,-11.18,-0.68,,7.04,,-6,-7.7,-6.46,-28.57,3.85,13,21,5,-3,-6.42
Stanford,Arizona St.,-14.5,-15.88,-13,-24.25,-10.44,-13.01,-14.7,-7,-18.17,-18,-13.39,-14.5,-17.04,-15.19,-9.83,-8.24,-14.67,-15.97,-13.05,-29.3,-21.14,-10.31,-3.24,,-18.56,,-12.05,-17.59,-14.82,,-18,,,-15.2,-13,-15,-15,-20.35,-21.51,-15.26,-15.3,7.03,,-14.37,-15,-27.5,-14.5,-12.1,-14.93,-15.79,-8.6,,-22.63,,-14,-11.44,-14.64,8.15,4.77,41,3,5,-17,-15.14
TCU,Colorado St.,10,11.62,12,14.68,5.99,17.51,15.32,5,19.6,12,12.16,16,7.53,9.65,15.43,8.48,11.92,6.74,12.05,17.5,9.51,22.44,6.56,,7.84,,15.73,14.48,12.19,,14,,,19.8,22,13,14,23.62,14.66,15.01,-12.9,47.16,,-1.33,11,23,10.5,12.7,10.08,5.73,-1.88,,26.3,,20,12.83,11.99,48.48,6.17,12,24,5,14,12.22
Texas,Kansas St.,14.5,17.91,15,11.31,10.18,14.39,23.37,17,23.33,20,23.05,20.5,13.49,29.55,16.09,18.31,16.07,14.45,10.15,25.4,17.06,17.21,11.45,,10.56,,16.36,19.21,16.34,,18,,,21.19,14,15,14,25.42,19.91,17.32,-9,16.92,,13.94,19,25.5,14.5,8.3,12.02,6.56,6.88,,21.8,,17,7.43,14.24,18.95,5.04,41,21,5,14,19.56
Texas A&M,Baylor,17,13.48,10,10.58,16.26,13.21,12.57,9,9.07,15,15.5,13,14.4,17.24,14.64,18.07,13.77,4.11,14.15,23.15,13.59,14.8,5.17,,8.14,,7.57,12.49,14.02,,19,,,8.72,17,17,18,11.69,13.25,19.88,-11.9,-4.64,,11.16,19,14,16.5,9.6,15.88,13.15,16.89,,11.21,,15,15.63,14.04,-8.12,4.27,10,34,5,12,25.67
Toledo,Western Mich.,1.5,5.13,-1,0.25,1.2,-1.43,11,1,2.87,-2,0.83,2.5,-0.57,3.99,-2.45,-3.72,-0.56,-1.64,-1.95,1.7,1.64,-0.4,4.34,,0.39,,-2.56,-1.53,-1,,-1,,,-4.6,-5,-2,-4,3.33,-1.66,-3.06,-19.8,-152,,,1,-9,1.5,-2.8,-2.56,-2.18,6.2,,-3.8,,-1,-6.87,-2.04,-158.8,3.39,42,28,5,1,0.57
Troy St.,Louisiana-Monroe,12.5,17.62,2.3,23.38,14.91,13.69,15.03,29,10.84,20,17.95,18,20.24,23.27,16.76,14.53,18.47,23.53,20.45,26.75,24.04,24.5,5.88,,22.81,,22.83,21.53,18.41,,15,,,19.8,16,12.5,21,5.94,20.91,11.06,-18.9,130.52,,10.81,12,18.5,13.5,15.3,18.31,20.92,25.78,,21.49,,20,16.89,15.84,135.17,5.09,7,24,5,18,24.55
Tulane,LSU,-42,-42.32,-26.3,-49.44,-35.24,-48.35,-38.21,-37,-37.68,-31,-47.6,-29,-46.6,-39.08,-51.42,-45.38,-40.59,-43.34,-50.35,-51.45,-43.93,-37.08,-15.14,,-46.9,,-30.91,-40.01,-40.64,,-41,,,-23.44,-41,-39.5,-45,-36.68,-38.92,-40.27,-38.1,-85.9,,-39.03,-35,-53.5,-42,-47.7,-41.76,-40.27,-55.11,,-36.69,,-28,-43.46,-37.25,-89.48,6.83,34,9,5,-34,-57.74
Tulsa,UAB,23,19.46,11.5,17.7,14.34,24.67,15.94,14,20.24,20,23.75,15,23.11,28.99,15.69,26.19,20.27,19.02,26.75,30.95,16.02,28.86,13.68,,18.3,,21.68,22.44,20.24,,22,,,17.07,11,18,23,21.67,23.52,21.4,-11.2,150.9,,16.95,21,13,23,24.9,22.47,24.41,40.73,,22.35,,20.5,17.72,20.43,155.26,4.88,30,38,5,17,17.25
Utah,Utah St.,21.5,21.71,18.7,21.93,15.01,27.17,28.75,9,32.9,16,21.24,19,15.17,33.06,23.82,21.92,21.56,18.72,38.65,29.9,24.19,26.97,13.76,,17.25,,16.62,13.37,21.07,,20,,,20.27,32,21,24,37.41,19.61,23.91,-8.9,63.7,,8.9,26,25,21.5,28.1,23.35,26.04,16.44,,26.63,,19,18.48,20.89,63.54,6.81,18,34,5,18,26.97
Vanderbilt,Eastern Mich.,21.5,20.37,13.7,17.43,21.34,17.54,15.78,14,17.47,17,18.68,10.5,25.3,22.11,21.07,23.79,19.44,17.62,19.15,29.25,21.35,12.26,7.94,,18.76,,11.6,23.14,18.88,,26,,,16.72,17,19.5,19,18.23,22.32,12.69,-13.8,-66.02,,13.29,21,13.5,21.5,20.1,23.19,30.06,24.23,,19.2,,22,17.35,20.14,-68.88,6.25,7,30,5,18,31.28
Virginia,Pittsburgh,6,5.03,4.5,4.72,1.5,8.43,7.51,5,-6.07,6,10.77,5,2.75,10.52,0.77,-3.95,4.52,5.06,9.75,6.5,3.37,14.74,2.89,,1.11,,7.34,4.42,4.76,,3,,,12.71,0.01,6.5,12,-9.74,4.81,4.36,-8.9,133.41,,-9.02,2,-1,6,10.4,7.09,2.26,3.32,,3.28,,7,2.66,6.02,139.37,5.06,14,44,5,6,8.03
Virginia Tech,North Carolina,19,16.8,14.5,14.2,14.32,22.82,21.22,15,22.93,20,24.78,19.5,12.87,21.82,21.63,18.58,19.52,18.08,20.35,36,20.91,22.52,7.76,,9.18,,26.75,20.12,20.25,,20,,,24.75,22,17.5,23,23.43,27.11,27.44,1.1,91.31,,7.59,23,25.5,19,19.1,20.38,20.14,3.54,,25.09,,25,18.63,20.4,94.56,5.06,10,17,5,18,28.23
Washington,USC,-20.5,-19.42,-15,-14.6,-12.41,-17.4,-20.81,-7,-17.11,-16,-21.23,-17.5,-17.83,-22.77,-17.94,-13.44,-16.2,-17.6,-18.95,-20.1,-16.88,-8.54,-10.55,,-13.19,,-11.28,-15.33,-17.16,,-18,,,-12.32,-13,-20.5,-18,-14.05,-13.43,-22.48,-17.2,-86.25,,-14.84,-19,-20.5,-19.5,-19.8,-20.77,-23.31,-9.35,,-15.45,,-18,-10.49,-17.77,-86.16,3.81,27,24,5,-16,-17.2
Wisconsin,Michigan St.,7.5,7.38,8,0.16,4.21,12.87,9.48,9,12.42,10,11.21,11.5,6.15,17.6,12.73,4.04,8.88,4.21,6.65,11.7,5.68,13.98,6.15,,0.22,,10.07,2.6,9.06,,11,,,6.19,14,7.5,13,16.52,7.52,16.3,-20.8,-40.17,,7.33,10,8.5,7.5,6.3,11.58,14.75,4.43,,5.14,,13.5,2.44,10.64,-42.13,4.10,34,37,5,5,14.97
Air Force,UNLV,5,9.93,9,12.58,6.2,4.72,8.33,9,16.08,8,7.7,10.5,9.08,9.64,9.13,5.58,8.77,5.14,11.75,16.29,1.64,16.59,2.9,,12.99,,7.44,9.58,9,,9,,,11.3,14,6,8,21.51,8.72,5.03,-2.4,10.93,,5.4,12,10.5,5.5,3.4,10.35,13.54,7.85,,9.29,,6,5.54,7.73,8.14,3.82,14,31,6,9,15
Alabama,Houston,11,11.48,8,12.5,9.13,8.62,15.82,8,6.53,15,12.14,11.5,9.23,18.52,8.34,13.1,11.39,12.25,8.25,20.67,14.55,8.85,6.36,,11.09,,13.61,13.36,11.26,,15,,,12.5,13,11.5,11,6.46,14.51,1.03,1.5,3.85,,9.31,10,23.5,11,7.2,9.17,7.52,11.43,,19.14,,15,10.8,11.53,3.85,4.36,24,30,6,10,18.75
Army,Tulane,6.5,10.5,3.5,10.71,8.58,8.56,7.24,15,-3.82,8,7.11,7.5,16.39,-0.25,10.74,7.59,7.29,15.36,9.35,8.63,4.09,0.9,4.15,,13.72,,1.36,6.99,7.18,,3,,,6.66,11,6.5,8,-4.61,5.68,5.22,-35.1,21.02,,8.99,4,13.5,6.5,12.1,6.47,2.42,7.94,,8.99,,4,6.8,4.2,23.54,4.65,17,20,6,7,14.2
Auburn,Vanderbilt,8,17.15,7,4.69,10.87,12.7,19.67,18,18.56,11,22.91,15,17.18,14.12,13.24,12.99,13.72,15.98,14.15,24.13,5.95,21.95,4.85,,8.1,,15.05,13.46,13.79,,11,,,11.48,16,8.5,15,20.14,14.74,15.36,-8.9,9.07,,10.54,12,22.5,9,14.3,10.65,12.46,19.84,,11.16,,10.5,11.91,10.57,6.99,4.70,7,35,6,5,21.05
Ball St.,Central Mich.,12.5,8.07,8.5,15.09,13.52,4.95,4.3,21,1.13,20,17.77,9.5,11.37,9.89,12.33,17.31,12.44,10.33,19.85,10.38,8.08,-1.11,11.78,,19.01,,13.44,14.68,12.44,,15,,,17.13,9,12.5,8,-1.76,12.44,4.55,-0.2,12.49,,11.83,7,19,12.5,12.6,15.66,24.99,19.57,,5.42,,10,13.5,13,30.62,5.67,58,38,6,15,12.44
Baylor,Colorado,-9,-12.57,-2,-8.42,-18.45,-11.26,-15.94,-11,-3.9,-7,-22.16,-1.5,-14.69,-15.96,-12.3,-13.62,-11.72,-9.17,-11.35,-26.33,-16.06,-0.75,0.89,,-12.53,,-8.6,-16.64,-12.23,,-5,,,-6.69,-2,-9.5,-10,3.13,-18.47,-3.96,-14.4,-14.61,,-19.23,-14,-13.5,-9,-13.4,-12.16,-24.98,-25.78,,-11.87,,-3,-14.65,-10.73,-16.05,6.91,43,23,6,-4,-17.27
Boise St.,New Mexico St.,25,23.86,17,20.28,21.47,29.66,20.54,16,28.26,20,25.18,22,25.55,20.56,27.79,27.96,22.56,18.05,37.05,36.29,35.6,21.66,5.64,,21.8,,17.56,16.94,21.97,,26,,,11.76,24,22.5,25,28.71,21.93,24.26,-14.9,35.66,,16.54,20,16,25,27,23.12,26.87,27.76,,12.52,,14.5,28.31,24.43,36.13,5.58,0,58,6,18,31.14
Boston College,Bowling Green,20.5,15.3,22,16.49,15.78,25.31,12.61,21,27.98,22,18.76,22,13.18,22.52,26.54,20.64,20.33,17,22.25,29.04,17.58,24.19,11.09,,17.38,,15.16,17.3,21.07,,24,,,15,26,19.5,24,28.2,21.14,21.41,-13.3,0.5,,24.14,20,23.5,20.5,15.4,21.34,18.01,22.56,,22.53,,20.5,23.62,20.11,2.38,4.42,24,55,6,17,29.66
Buffalo,Ohio,-4,-3.74,-6.9,-4.39,-5.9,-0.81,-12.19,-2,-9.2,-3,-2.34,-6,-3.53,-4.08,-0.12,-10.38,-3.53,-3.42,-1.45,-7.33,0.64,-10.01,-3.28,,3.75,,-0.71,-11.05,-3.73,,-9,,,-3.73,-7,-5.5,-5,-10.72,-5.64,-4.37,3.3,-22.69,,9.93,0.01,-6.5,-4,-0.5,-1.52,7.95,14.03,,-14.47,,-4.5,-6.56,-2.5,-22.35,5.02,10,31,6,-1,-14.48
Clemson,Virginia Tech,5,2.06,7,9.71,3.18,1.64,-2.99,8,3.85,3,-3.13,1.5,3.39,-1.37,9.08,0.72,3.29,3.09,4.15,3.04,0.01,-2.87,1.17,,12.65,,-1.26,0.31,3.14,,4,,,3.28,6,4.5,-2,2.9,0.12,-0.53,-4.1,38.88,,12.39,5,1.5,5,4.1,5.55,12.65,9.52,,-3.42,,2,0.59,3.63,28.55,4.34,41,23,6,7,-5.95
Colorado St.,San Diego St.,12.5,3.94,11.1,-0.27,8.21,9.78,-1.16,14,11.06,8,4.12,6,8.57,10.1,15.75,5.58,8.6,20,5.95,6.25,15.32,2.74,8.05,,8.41,,-0.95,-0.49,8.4,,10,,,-2.95,7,13,10,9.82,2.92,13.27,12.4,55.24,,14.61,13,4,12,5.9,13.06,17.18,12.98,,-13.49,,3,8.4,10.81,53.94,5.85,24,20,6,7,16.86
Duke,Wake Forest,-7,-6.75,-5,-9.66,-7.41,-13.12,-8.92,-1,-18.73,-10,-11.69,-9.5,-3.63,-15.75,-20.97,-4.71,-10.17,-5.07,-11.25,-18.29,-9.23,-24.76,-0.57,,-7.4,,-4.92,-12.11,-9.58,,-10,,,-6.51,-11,-7.5,-10,-22.48,-15.57,-18.75,-31.9,3.71,,-14.46,-9,-9,-7.5,-3.6,-11.73,-16.19,-6.2,,-12.55,,-9,-10.45,-8.91,1.78,5.35,41,36,6,-6,-14.51
East Carolina,Central Florida,-3.5,2.7,6,-5.04,-7.68,1,7.74,1,4.95,-2,1,3.5,-0.65,1.47,-0.2,-4.56,-0.92,0.46,-5.05,0.38,1.26,11.44,0.89,,-10.69,,-0.78,-5.5,0,,-7,,,0.54,7,-3,0.01,11.73,-4.13,1.73,-3.9,-10.03,,-12.65,0.01,0.5,-3,2,-4.66,-4.48,3.97,,-2.07,,-2,1.28,-1.21,-11.31,5.05,38,52,6,-6,-3.65
Florida Atlantic,South Florida,-16.5,-22.34,-15,-21.24,-20.02,-21.96,-26.34,-18,-25.33,-15,-22.51,-11,-23.64,-16.12,-24.21,-30.12,-20.74,-25.88,-27.55,-32.08,-23.38,-20.33,-6.94,,-19.49,,-13.96,-23.74,-20.78,,-19,,,-16.98,-22,-15.5,-25,-22.65,-24.73,-12.06,-32.3,-16.09,,-18.67,-13,-33.5,-17,-21.7,-18.34,-17.52,-21.62,,-25.49,,-14,-20.29,-18.55,-17.02,6.17,35,23,6,-13,-30.18
Florida Intl.,Troy St.,-19,-18.25,-9,-26.38,-20.85,-25.48,-20.54,-19,-25.77,-25,-27.04,-19,-19.82,-38.55,-21.32,-24.81,-22.56,-23.85,-22.75,-25.92,-31.77,-19.43,-8.27,,-17.63,,-27.26,-22.46,-22.23,,-22,,,-19.23,-19,-19,-26,-21.62,-21.83,-22,-22.6,-16.84,,-14.11,-16,-26,-19.5,-22.6,-24.91,-30.72,-20.07,,-28.64,,-13.5,-26.54,-23.61,-15.34,5.35,34,16,6,-17,-34.8
Florida St.,NC St.,18,18.6,13,31.78,15.15,16.49,26.5,28,13.84,21,23.63,18,15.45,23.31,17.54,17.14,20.66,25.63,16.95,36.04,20.72,23.09,7.57,,20.68,,20.26,25.17,19.63,,20,,,29.15,16,17.5,19,12.44,29.74,19.65,-3.5,7.93,,23.09,16,34,18,18.6,19.57,26.2,18.24,,22.87,,19,15.32,19.6,6.31,5.46,10,27,6,19,25.11
Hawaii,Utah St.,40,28.79,31,27,21.78,38.01,29.04,37,38.17,40,31.21,36,29.59,49.5,38.33,26.47,34.91,30.67,37.75,43.38,43.35,32.11,16.16,,34.07,,33.05,34.88,36.42,,45,,,37.3,46,38,38,41.59,36.83,30.36,-5.6,23.2,,29.61,37,46,39,32.5,41.91,47.72,16.9,,48.86,,33,37.88,39.73,22.37,6.61,37,52,6,38,36.95
Illinois,Wisconsin,2.5,-0.71,-2,6.76,4.31,-3.45,4.5,4,-10.2,1,2.1,-8,3.05,-9.18,-1.7,-0.22,0.55,14.04,1.55,-3.33,-2.86,-12.12,-3.95,,6.68,,0.53,-1.03,-0.45,,-2,,,-1.34,-2,3,-1,-15.58,-1.63,-8.68,-17.5,16.22,,3.96,-1,7,2.5,6.7,-0.67,-0.01,17.24,,-6.65,,-3.5,2.08,-0.69,18.84,5.61,26,31,6,3,2.25
Indiana,Minnesota,13.5,8.05,11,24.17,9.02,6.41,19.31,23,0.36,23,11.92,13.5,8.24,8.36,13.23,11.07,13.17,16.01,6.35,18.58,16.3,8.84,4.14,,19.21,,18.92,16.73,13.37,,10,,,21.32,5,12.5,14,-5.48,20.45,4.55,-11.6,2.92,,9.46,9,23,13.5,11.1,13.67,20.52,3.56,,21.84,,17,9.89,14.89,1.07,6.04,20,40,6,18,14.05
Kansas St.,Kansas,3,6.36,-1,9.19,0.43,-1.19,10.85,1,-1.06,8,7.16,6,-0.13,10.58,1.5,-2.14,2.85,1.38,-3.75,4,-0.51,8.08,0.8,,3.04,,7.64,0.83,1.66,,-1,,,8.2,1,3,6,-3.7,2.17,0.63,-2.1,-16.13,,-6.77,1,17.5,3,2.1,1.82,3.46,12.3,,3.03,,3,-4.03,2.51,-15.21,5.49,30,24,6,-2,9.54
Kent,Miami (Ohio),9.5,5.59,0.3,15.77,8.2,3.76,11.04,16,5.31,9,6.13,7,10.39,-0.42,2.5,9.88,8.88,9.57,5.25,7.63,4.65,6.93,3.33,,16.95,,9,10.69,8.96,,8,,,8.9,14,9.5,11,3.12,9.72,12.17,-4,28.67,,14.96,8,8.5,9.5,5.1,10.78,13.83,10.4,,14.72,,12.5,8.92,8.04,28.39,3.74,20,13,6,13,10.07
LSU,Florida,7,12.67,12,14.02,8.24,8.16,28.3,11,9.51,14,18.26,15,8.6,12.42,16.08,4.68,12.65,21.14,9.85,7.46,18.24,11.79,9.34,,9.75,,14.71,12.9,11.87,,12,,,14.13,8,8,10,9.1,7.08,11.96,2.3,27.91,,4.9,11,28,8,10,10.41,15.74,5.88,,21.87,,11.5,9.21,13.1,25.86,5.58,24,28,6,11,22.86
Louisiana-Lafaye,North Texas,8,6.3,11,18.84,12.58,9.82,8.01,11,15.65,7,10.47,-2.5,10.32,9.06,13.91,20.51,10.67,12.08,14.75,5.08,18.29,3.81,11.96,,10.97,,7.47,10.77,10.79,,7,,,4.86,14,7,13,14.96,4.1,13.32,-5.5,17.7,,13.88,10,8.5,8,1.7,9.14,10.91,5.58,,8.99,,3.5,13.8,10.81,17,5.76,29,38,6,7,16.15
Louisiana-Monroe,Arkansas St.,-2.5,-5.41,0.5,-14.37,-8.21,0.14,-5.94,-2,-0.6,-7,-5.25,-4.5,-7.89,-5.45,0.18,-5.1,-5.15,-6.61,-3.45,-9.92,-6.58,-8.08,-1.97,,-8.81,,-6.35,-10.6,-5.7,,1,,,-8.41,2,-3,-4,2.55,-8.34,-1.71,-22.2,-36.66,,-9.05,-2,-6,-3,0.01,-5.07,-7.21,-6.98,,-13.08,,-7,0.14,-3.59,-37.43,3.75,13,30,6,-7,-10.65
Louisville,Utah,14.5,10.46,11,5.53,13.64,13.76,5.91,15,19.57,13,10.27,13.5,15.72,5.02,13.02,13.85,11.82,9.49,-1.35,16.63,9.3,5.93,4.39,,8.4,,7.58,10.87,12.86,,20,,,4.89,19,14.5,14,21.21,9.58,12.71,6.4,35.4,,19.05,19,3.5,14.5,6.9,15.6,22.29,4.46,,5.65,,14,14.04,14.1,46.95,5.59,44,35,6,15,23.25
Maryland,Georgia Tech,-3,-1.9,-2,-4.49,-3.08,-2.64,-1.92,4,-2.8,-3,0.7,0.01,-3.89,0.01,-4.8,5.06,-0.74,4.13,1.25,-5.38,3.74,6.73,0.33,,-4.66,,-1.65,-1.4,-1.45,,-3,,,2.14,0.01,-2.5,1,-3.99,-2.87,-3.12,-10.7,4.24,,-4.78,-2,-2,-3,1.5,-0.19,2.93,3.11,,-0.32,,-1.5,-0.72,-0.21,2.01,3.20,26,28,6,1,-6.28
Memphis,Marshall,2.5,4.52,2,18.69,3.78,-1.4,13.83,5,-4.49,8,9.86,5.5,4.24,7.08,-0.43,1.64,3.49,5.04,1.85,3.63,0.27,-3.56,10.85,,6.11,,0.58,2.94,2.19,,1,,,11.28,1,3,2,-2.37,1.51,0.17,-2.8,6.31,,5.83,4,-0.5,2.5,1.9,2.19,2.07,-10.47,,10.79,,3,1.62,2.19,2.28,4.70,21,24,6,7,10.89
Michigan,Eastern Mich.,30,25.16,17.7,17.67,23.5,33.66,10.08,13,40.51,17,25.26,19,28.69,25.32,35.34,28.24,25.51,22.9,34.75,37,33.95,34,9.12,,24.07,,17.42,18.5,25.29,,33,,,11.93,31,31.5,33,42.06,24.25,23.8,19,14.35,,21.71,27,18,30,29,31.82,30.95,29.35,,15.43,,20.5,27.47,28.07,19.08,7.73,22,33,6,22,42.43
Michigan St.,Northwestern,16.5,16.29,14,28.31,17.76,9.56,27.84,25,14.93,20,18.66,16.5,15.61,23.19,17.43,16.92,18.56,17.34,17.65,29.17,18.36,13.26,8.78,,25.63,,13.29,25.82,17.67,,21,,,23.55,14,14.5,17,11.09,25.11,11.12,-0.6,62.73,,21.98,12,27,16.5,12.8,17.69,22.56,24.12,,25.02,,14,13.69,17.24,61.39,5.19,48,41,6,18,20.42
Middle Tenn.,Virginia,-10,-15.38,-7.5,-15.94,-11.12,-11.78,-21.8,-9,-11.83,-14,-17.79,-9,-12.19,-25.41,-4.5,-12.74,-12.72,-13.95,-9.65,-29.42,-17.69,-17.86,-1.57,,-9.05,,-9.72,-23.11,-11.31,,-8,,,-18.05,-6,-10.5,-16,-7.43,-23.68,-6.26,-5.8,-9.9,,-10.07,-7,-26,-10,-8.8,-10.07,-4.72,-8.53,,-28.7,,-11.5,-7.74,-10.52,9.59,6.63,23,21,6,-11,-25.4
Mississippi,Louisiana Tech,12.5,9.91,13.5,-2.3,3.91,19.86,18.48,1,15.87,7,8.27,6.5,7.28,19.51,11.23,11.64,8.91,0.29,11.75,12.33,7.67,7.73,3.47,,4.84,,5.41,7.09,8.16,,16,,,5.22,18,12.5,10,16.51,6.23,8.06,-5,20.91,,3.64,11,-2.5,12,11.7,11.11,6.84,9.42,,6.74,,10,13.5,10.35,22.27,5.67,0,24,6,8,13.6
Mississippi St.,UAB,18,13.61,10,14.97,12.8,20.42,34.88,15,8.2,17,24.71,11.5,8.8,38,8.61,,17.21,20.16,14.15,25.42,12.84,16.29,9.8,,12.85,,16.72,21.67,16.15,,16,,,21.69,14,16,19,7.89,22.34,15.05,-5.2,-3.23,,15.13,17,,18,15.3,18.94,19.33,24.84,,30.58,,16.5,11.04,15.98,-5.29,6.50,13,30,6,17,22.4
Missouri,Nebraska,6.5,5.07,6.5,5.78,3.39,3.24,16.33,15,-1.59,8,3.57,2,5.96,1.38,9.26,0.26,5.32,15.47,1.15,6.75,-0.37,-3.49,4.89,,2.84,,0.89,7.08,5.04,,11,,,10.66,6,6.5,2,-3.77,5.01,-2.58,-2.7,21.43,,2.24,6,17,6.5,7.6,4.97,5.92,-8.23,,12.54,,5.5,3.03,4.71,20.11,5.22,6,41,6,9,10
Nevada,Fresno St.,3,-0.45,1,0.82,-4.78,8.26,3.87,-10,10.79,1,5.38,3,-1.93,0.26,1.96,9.77,1.37,-10.18,4.35,-2.71,8.71,10.77,1.06,,-2.84,,-0.32,-1.35,1.79,,6,,,1.61,6,2.5,3,11.52,-2.6,5.7,-13.9,-9.92,,-1.8,4,0.5,3,9.4,2.5,0.01,-4.74,,5.26,,2.5,4.24,3.13,-10.02,6.28,49,41,6,3,-5.76
North Carolina,Miami (Fla.),-7,-4.94,-7.5,-7.84,-0.37,-8.37,-1.07,1,-6.7,-7,-8.6,-9.5,-1.16,-15.72,-5.36,-1.19,-6.38,-4.88,-9.35,-13.83,-11.99,-11.9,-0.18,,-1.2,,-5.32,-9.16,-7.34,,-7,,,-12.36,-2,-8,-8,-8.07,-14.88,-12.53,-8.5,-14.36,,-11.74,-9,-9.5,-7,-4.8,-7.8,-3.4,13.29,,-11.38,,-9.5,-0.67,-7.17,-15.46,4.23,27,33,6,-9,-10.15
Oregon St.,Arizona,3,7.87,2,-0.85,1.97,-3.05,9.39,-3,-2.76,4,4.87,7.5,6.83,8.39,-0.33,2.89,3.2,1.78,-3.25,7.25,-1.85,8.15,4.01,,2.62,,1.13,3.56,3.28,,2,,,6.34,2,5.5,4,0.71,3.96,4.22,7.3,-19.21,,11.33,10,3,3,-6.8,5.26,1.77,8.99,,7,,6,0.44,1.86,-19.14,4.32,16,31,6,5,5.05
Penn St.,Iowa,9,6.4,7,6.54,9.07,12.78,-0.01,11,9.1,9,9.76,6.5,7.07,11.94,14.02,6.79,9.82,11.62,15.95,13.25,7.08,11.92,2.64,,14.49,,7.94,9.5,9.88,,11,,,11.06,9,7,12,8.38,9.55,11.66,-15.9,16.79,,9.64,11,7.5,9,14.1,10.98,14.43,5.11,,7.76,,10.5,10.17,9.64,15.51,3.13,7,27,6,10,14.1
Purdue,Ohio St.,-7,-7.54,-3,-12.01,-7.94,-7,-7.27,-8,-13.53,-7,-6.04,-10,-6.98,-1.5,-15.93,-8.28,-8.18,-12.47,-13.25,-6.04,-10.28,-7.27,-2.48,,-6.95,,-8.46,-6.88,-7.52,,-5,,,-2.33,-11,-6,-5,-18.15,-6.37,-1.23,-16.8,-30.86,,-8.35,-2,-14,-7,-6,-8.43,-13.78,-16.45,,-4.17,,-1.5,-15.4,-7.5,-31.32,3.75,23,7,6,-3,-12.7
Rutgers,Cincinnati,4,-2.97,-1,-6.51,-5.58,-0.33,-12.94,-10,4.58,-1,-17.72,-3,-2.99,-8.05,3.27,4.28,-2.96,-18.22,-7.15,-11.75,-8.65,4.86,3.03,,1.02,,-6.03,-7.72,-1.82,,7,,,-7.47,1,3,-1,9.42,-9.15,3.39,-22.4,-43.22,,4.78,5,-7,3,-8,2.86,0.58,-1.13,,-8.09,,-2.5,-0.01,-0.87,-43.49,6.63,28,23,6,1,-2.92
San Jose St.,Idaho,7,12.34,11,8.81,5.23,6.18,23.14,7,11.96,11,16.76,10,8.12,18.11,6.39,5.89,8.88,12.2,5.25,10.92,3.13,15,-1.55,,6.48,,8.28,9.9,8.23,,12,,,16.14,11,6.5,12,17.72,8.18,11.54,1.9,3.57,,-6.86,4,7.5,7,14.8,7.59,6.26,2.42,,12.62,,14.5,7.57,8.52,0.71,5.25,20,28,6,6,8.05
South Carolina,Kentucky,4,2.56,3,-4.24,-4.2,2.77,15.37,1,4.45,2,4.01,6.5,-2.7,1.05,2.22,0.19,1.93,5.29,-0.01,3.5,-1.02,0.34,1.78,,-6.05,,-0.43,-3.92,1.66,,5,,,2.73,7,3.5,0.01,7.12,-0.01,2.91,-5,-19.88,,-1.8,4,5.5,4,1.3,1.04,0.62,5.38,,1.52,,3,1.2,1.53,-19.37,3.87,23,38,6,1,8.86
Southern Miss.,Rice,20,24,11,24.3,18.34,18.8,35.09,34,18.05,25,30.46,21,21.9,32,24.58,19.84,22.54,25.17,24.95,31.29,26,15.16,14.02,,19.17,,21.23,26.07,22.61,,22,,,30.12,16,21,25,16.88,19.98,18.82,1.6,55.15,,10.83,20,25,20,20.1,23.54,22.62,24.67,,23.43,,14,22.61,23.54,55.53,5.41,31,29,6,19,29.93
Syracuse,West Va.,-27,-22.5,-10.5,-30.68,-23.41,-25.38,-20.13,-18,-22.5,-26,-27.64,-20.5,-28.89,-27.6,-24.31,-21.55,-25.31,-22.56,-26.25,-38.92,-17.36,-22.58,-12.41,,-21.9,,-15.29,-27.9,-24.84,,-28,,,-17.94,-24,-26.5,-26,-21.65,-31.86,-29.39,-30.7,-48.54,,-35.31,-28,-30.5,-27,-23.7,-35.17,-41.33,-35.53,,-26.58,,-21,-26.76,-23.57,-48.53,6.09,55,14,6,-20,-33.18
Temple,Northern Ill.,-3.5,-5.73,-3,-0.45,-0.72,-9.32,-6.43,14,-15.34,-0.25,1.17,-6,-2.67,-5.97,-9.27,-2.83,-2.84,4.5,-8.05,-1.17,1.02,-9.28,-1.71,,0.67,,1.98,4.37,-2.12,,-7,,,-0.18,-11,-3.5,-7,-19.13,-0.01,-11.91,-17.3,-24.1,,1.57,-10,-1,-3.5,0.3,-4.91,-2.24,5.61,,-10.3,,-2,-7.07,-2.82,-25.87,5.77,15,16,6,-2,-1.56
Tennessee,Georgia,-1,-1.76,2,-5.82,-4.73,-5.59,-5.97,-3,4.28,-3,-3.78,-3,-2.25,-2.8,-6.93,-0.33,-2.63,-5.13,-0.75,-8.46,-1.85,0.66,-2.43,,-3.64,,-5.41,-5.8,-2.62,,-1,,,-1.86,-3,2,1,7.6,-7.59,2.75,-27.9,0.73,,-6.1,3,-8,-1,-4.3,1.72,0.65,7.55,,-8.11,,-7,-1.86,-0.3,-0.55,3.95,14,35,6,-1,-2.12
Texas,Oklahoma,-12,-8.52,-10,-14.01,-15.26,-13.16,-2.75,-11,-5.07,-5,-2.22,-3,-20,-0.86,-10.26,-10.22,-9.68,-14.27,-14,-8.29,-21.66,-2.6,-0.47,,-9.47,,-4.67,-5.69,-9,,-14,,,-2.51,-11,-10,-5,-0.56,-5.94,-8.53,-18.2,-11.19,,-6.51,-3,-8.5,-12,-20.4,-10.16,-17.97,-17.31,,1.37,,-4,-17.85,-12.04,-32.01,6.07,28,21,6,-6,-7.2
Texas A&M,Oklahoma St.,6.5,3.13,6,6.08,4.58,4.02,-3.15,4,7.76,8,0.01,9,1.59,4.42,9.62,5.01,4.9,4.71,4.15,3.42,-0.23,5.94,6.45,,4.78,,6.03,6.82,4.9,,8,,,8.17,3,5.5,6,7.67,3.76,4.64,-17.4,30.16,,1.39,3,2.5,6.5,5.4,6.71,7.63,-1.44,,6.74,,10,0.48,5.7,29.82,3.02,23,24,6,10,10.19
Texas Tech,Iowa St.,25,17.22,15.5,24.02,20.12,20.9,6.38,30,19.83,31,14.49,25.5,21.76,12.61,24.77,17.8,21.41,18.8,27.45,28.04,22.93,15.36,6.44,,23.52,,20.55,21.29,22.51,,29,,,26.01,28,25,22,20.46,23.9,27.26,4.9,1.39,,10.42,25,34,25,22.1,23.78,27.85,8.41,,21.19,,19,23.29,23.26,-0.09,5.94,17,42,6,26,23.38
UCLA,Notre Dame,21.5,23.03,22.5,36.95,32.13,25.31,26.37,32,11.85,27,26.3,20.5,28.34,22.91,23.32,16.07,24.98,29.07,22.95,40.75,15.45,10.83,12.59,,22.75,,34.4,36.8,24.05,,25,,,33.64,19,21,20,3.37,33.68,17.65,3.5,31.65,,29.52,19,35,21.5,29.6,23.11,30.82,22.8,,37.59,,19,22.75,24.1,30.81,7.26,20,6,6,24,34.1
USC,Stanford,40.5,29.85,31.5,37.36,20.51,31.18,33.98,35,39.48,34,28.47,33.5,28.9,27.78,32.79,25.34,32.2,29.37,32.95,40.88,31.87,28.22,20.55,,30.03,,28.72,30.95,31.39,,44,,,28.14,35,37.5,37,40.56,31.28,38.18,22,16.21,,29.81,35,49,39,30.5,38.28,41.35,29.74,,31.77,,21,29.09,36.13,13.32,5.73,24,23,6,34,37.76
UTEP,Tulsa,-3,-5.4,-2.5,-3.15,-4.96,-9.58,-8.17,1,-9.03,1,-13,1,-4.61,-13.86,-0.59,-5.07,-4.78,-6.24,-9.75,-16.92,-1.15,-12.09,0.57,,3.07,,-3.38,-9.94,-4.68,,-1,,,-3.81,-1,-3.5,-1,-10.47,-10.77,-0.45,-14.9,33.1,,-2.15,-5,4,-3,-5.4,-5.2,-7.59,-25.11,,-8,,2,-4.75,-2.8,34.29,4.94,47,48,6,1,-7.92
Washington St.,Arizona St.,-9,-15.78,-3,-24.65,-20.44,-16.02,-21.51,-13,-7.97,-18,-24.5,-11.5,-19.39,-28.22,-12.04,-15.1,-16.5,-22.49,-18.95,-29,-23.14,-7.88,-2.71,,-15.32,,-21.85,-23.41,-16.68,,-12,,,-18.42,-9,-9,-13,-1.1,-24.69,-6.85,-13.6,-25.76,,-17.91,-8,-23.5,-10,-19.7,-11.72,-19.17,-15.1,,-23.88,,-14,-17.34,-14.38,-28.46,6.36,23,20,6,-12,-21.56
Western Mich.,Akron,9,-0.81,4.5,0.12,0.72,12.07,-2.98,1,2.45,7,0.25,7.5,-2.36,1.37,1.96,8.8,4.26,-0.63,10.35,2.54,3.94,7.19,-3.2,,1.75,,0.87,-3.76,4.22,,8,,,0.67,13,10,10,-0.84,-0.77,10.7,-3.2,48.35,,5.37,10,0.01,8.5,12.5,9.29,10.86,-3.6,,-2.15,,6,7.55,6.67,48.03,5.06,39,38,6,6,9.22
Wyoming,TCU,3,4.64,-3.5,5.46,4.28,-8.57,20.45,8,-12.57,2,6.64,-1,3.05,11.33,3.63,3.09,2.31,4.51,-5.55,8.04,-4.4,-1.74,3.04,,0.84,,6.12,11.77,3.05,,-1,,,14.52,-8,2,-5,-14.86,7.59,-8.44,-23.8,25.19,,9.64,-1,12,3,-3,-7.97,4.3,11.82,,15.36,,2.5,-2.97,-3.67,25.51,7.16,21,24,6,6,1.67
Akron,Temple,10.5,16.73,12.9,14.91,15.46,11.53,32.4,18,21.03,20,20.82,18,11.93,26.01,19.3,12.37,16.67,19.15,13.55,25.25,17.3,15.58,7.95,18.08,13.9,,20.39,22.96,17.03,,7,,,26.25,18,10,17,25.25,21.33,17.06,-19.4,2.15,,3.93,19,,11.5,10.5,12.83,11,18.62,,29.06,,16,18.89,13.18,-0.1,5.47,24,20,7,12,21
Arizona St.,Washington,11.5,13.1,9.8,24.68,10.4,8.36,20.19,15,6.94,20,14.11,19.5,10.08,26.55,9.68,12.14,14.67,9.19,10.15,20.57,8.39,9.19,6.28,10.57,18.2,,20.36,21.64,13.6,,13,,,24.6,11,12.5,9,5.71,17.84,11.07,-5.6,23.31,,15.69,16,,11.5,10,14.99,24.48,17.68,,30.32,,21.5,10.37,15.77,25.52,5.33,20,44,7,18,17.97
Arkansas,Auburn,3,-6.51,-4,-5.09,-5.33,-1.2,-14.02,-1,0.99,-7,-9.56,-5,-4.17,-9.27,-0.57,-6.08,-3.33,-1.51,-3.55,-13.11,-1.86,-2.05,2.16,-2.15,-1,,-8.99,-12.76,-2.46,,3,,,-5.72,6,2.5,-1,1.48,-7.69,-1.61,-12.6,-20.23,,5.69,4,,2,-10,-0.26,-2.77,-10.29,,-11.05,,-2,-0.49,-1.35,-23.19,5.17,9,7,7,5,-6.27
Arkansas St.,Louisiana-Lafaye,9,11.94,8.8,6.81,7.69,5.61,14.72,17,4.42,16,6.89,11.5,12.07,11.52,8.01,6.39,9.78,11.01,7.55,11.68,7.54,6.73,5.88,6.45,8.4,,11.2,12.6,9.04,,6,,,14.79,7,9,5,3.1,9.34,7.04,-8.5,-4.28,,6.8,12,,9,8.1,10.47,17.4,17.84,,13.14,,10.5,9.29,9.72,-7.43,3.68,21,52,7,11,16.81
Boise St.,Nevada,26.5,17.8,19.2,16.99,21.08,21.1,14.41,20,18.89,26,29.36,19,19.25,18.53,26.89,24.84,22.08,20.05,25.45,31.54,23.87,19.44,5.94,27.87,17.8,,26.27,23.03,22,,22,,,17.93,23,26.5,22,13.62,23.47,18.88,0.6,56.45,,29.93,22,,26,19.5,26.95,32.84,26.12,,11.65,,20.5,24.17,25.72,55.75,4.28,67,69,7,21,24.77
Buffalo,Toledo,4,3.46,8.1,8.42,7.26,3.5,1.28,8,-2.33,7,11.34,0.5,8.26,3.9,8.36,4.53,5.53,8.13,8.45,1.04,9.71,-0.89,4.35,6.5,12.5,,2.32,4.2,5,,1,,,4.81,-1,2,5,-6.93,4.44,0.99,-2.2,-0.58,,10.81,-1,,4,13.3,6.44,10.83,14.48,,-2.14,,2,6.57,4.43,-2.96,4.01,33,43,7,5,1.26
California,Oregon St.,14,13.43,12.5,20.96,15.96,13,33,21,17.82,20,19.87,17,6.53,23.58,17.05,12.36,16.85,25.49,18.45,24.68,23.1,15.02,16.45,19.44,16.2,,14.37,23.08,16.9,,24,,,24.11,13,14,16,16.75,20.07,9.31,-7,15.46,,5.48,8,,14.5,16.8,13.29,9.86,3.4,,25.93,,18,14.17,15.65,11.43,5.91,31,28,7,17,22.38
Central Mich.,Army,14,9.25,3.9,8.6,6.69,20.48,11.25,4,23.83,4,8.85,8,8.63,5.43,17.51,6.93,11.07,4.22,10.05,13.61,18.05,19.99,0.01,8.98,11.2,,6.13,3.58,9.63,,20,,,1.02,13,11,18,23.32,8.58,15.51,6.9,13.26,,10.02,13,,14,19.8,16.1,17.3,19.31,,8.56,,4.5,14.31,14.99,11.19,5.58,23,47,7,9,12.17
Cincinnati,Louisville,9.5,16.23,21.4,24.36,18.43,11.14,33.41,28,0.29,28,26.03,19,15.24,27.85,13.64,10.56,18.46,25.22,16.35,31.75,21.35,11.72,7.35,24.87,22.5,,30.1,28.9,17.97,,15,,,27.43,10,10.5,13,-7.65,26.25,3.71,2.8,-4.78,,16.66,3,,10.5,19.8,13.5,17.5,23.27,,36.99,,19,14.45,17.12,-6.31,8.33,28,24,7,15,14.56
Colorado St.,Air Force,2.5,-5.7,0.2,-13.23,3.42,-3.93,-19.67,1,-0.94,-6,-1.86,-8,0.55,-14.9,1.68,-0.72,-3.07,6.12,-1.05,-16.11,-2.77,-14.65,0.96,1.31,-2.4,,-5.55,-15.15,-1.91,,-1,,,-16.59,-2,4,-3,0,-11.65,6.6,-9.5,-2.43,,-2.12,3,,1.5,-2.7,0.27,0.3,10.17,,-24.57,,-7,-1.97,-1.15,3.05,6.70,45,21,7,-4,0.53
Duke,Virginia Tech,-14,-14.2,-7.2,-18.46,-10.51,-17.03,-21.37,-7,-22.11,-17,-14.74,-19,-8.81,-18.07,-19.67,-12.17,-14.95,-6.3,-15.95,-31.11,-9.99,-30.41,-3.85,-9.8,-13,,-12,-20.12,-14.97,,-18,,,-18.4,-20,-12.5,-19,-25.83,-21.83,-21.75,-22.3,-22.46,,-11.62,-13,,-14,-15.2,-13.45,-7.86,-1,,-25.66,,-21.5,-15.7,-14.07,-13.1,5.87,43,14,7,-13,-21.52
Houston,Rice,22.5,16.78,15.1,20.42,27.89,17.27,7.47,29,18.26,23,30.3,16.5,25.93,11,22.05,18.39,20.76,26.29,22.25,24.89,14.67,7.22,12.56,25.23,28.6,,13.38,22.73,20.21,,22,,,14.41,15,19,17,18.71,16.3,19.64,3.5,13.76,,25.98,20,,22.5,17.5,23.67,33.51,42.31,,4.8,,11,22.71,21.28,30.74,6.53,48,56,7,18,23.46
Idaho,Fresno St.,-10.5,-13.48,-6.1,-10.77,-10.72,-11.77,-26.21,-12,-12.44,-18,-16.32,-15,-8.23,-16.99,-13.98,-7.55,-13,-26.64,-12.15,-25.04,-15.35,-9.23,-4.32,-16.12,-16.7,,-13.67,-19.28,-12.3,,-10,,,-17.83,-12,-11.5,-14,-12.16,-15.87,-11.98,-18.9,-27.25,,-12.98,-4,,-10.5,-10.2,-11.14,-8.41,-6.86,,-22.62,,-7.5,-13.19,-11.42,-21.12,5.13,37,24,7,-8,-19.19
Iowa,Illinois,-4.5,-6.04,-5.7,-9.77,-9.43,-6.7,-29.23,-8,5.73,-10,-12.94,-5,-1.97,-27.97,0.52,1.49,-8.25,-13.98,-6.75,-27.07,-11.09,-13.62,1.21,-13.45,-3.2,,-12.49,-23.71,-6.73,,-4,,,-23.51,2,-3.5,-9,15.41,-20.85,3.05,-12.7,7.49,,2.46,2,,-4.5,-10.1,-5.05,-2.64,-6.37,,-35.08,,-12.5,-4.47,-6.33,3.04,8.93,6,10,7,-6,-7.6
Iowa St.,Texas,-16.5,-14.39,-9.4,-18.98,-15.51,-15.28,-11,-18,-19.08,-19,-20.19,-17.5,-14.82,-16.23,-18.38,-17.22,-15.73,-10.9,-18.75,-26.75,-14.95,-13.09,-1.15,-12.3,-15.9,,-13.3,-21.12,-15.95,,-21,,,-16.26,-15,-16,-18,-22.64,-19.8,-24.83,-26.8,-31.95,,-14.69,-16,,-16.5,-13.3,-16.02,-14.05,-8.45,,-14.38,,-10.5,-14.27,-16.47,-33.58,3.62,56,3,7,-14,-21.4
Kansas,Baylor,27,24.86,28.7,24.36,29.91,23.27,27.7,28,15.89,23,43.16,17,30.38,23.85,25.33,29.97,27.29,23.15,31.75,42.14,28.83,17.08,9.45,31.64,34,,25.07,30.15,28,,33,,,23.66,23,24,28,11.78,28.53,23.81,13.7,30.8,,32.92,23,,27,26.3,28.69,34.57,33.97,,28.54,,20,30.25,29.13,40.46,6.28,10,58,7,28,31.77
Kansas St.,Colorado,6,3.32,7.4,6.43,6.93,2.72,0.81,4,1.93,3,6.58,2.5,5.45,1.07,2.53,7.68,5.41,9.36,8.75,4.43,2.88,7.96,3.46,5.68,11.8,,-0.74,2.38,5.49,,13,,,1.38,6,5.5,7,3.92,2.91,10.7,-5.3,4.69,,8.98,2,,6,1.8,6.33,6.49,3.85,,0.48,,4.5,5.52,6.35,3.22,3.45,20,47,7,5,14.44
Kentucky,LSU,-10,-13.37,-8.2,-18.81,-10.54,-10.43,-19.74,-6,-17.17,-17,-12.97,-19,-10.97,-11.56,-17.63,-7.67,-11.38,-9.29,-9.95,-6.82,-6.98,-9.83,-8.34,-11.07,-7.6,,-14.32,-11.28,-10.68,,-7,,,-8.67,-9,-9.5,-8,-18.41,-2.66,-10.87,-6.5,14.91,,-8.93,-10,,-10,-4.4,-10.92,-15.77,-18.28,,-14.46,,-7,-14.01,-10.82,14.45,4.53,37,43,7,-6,-18.07
Louisiana Tech,New Mexico St.,7.5,2.13,11.3,2.41,7.98,-1.3,-8.25,2,1.55,-0.25,6.24,0.01,7.33,-4.06,5.65,3.42,3.06,9.32,14.85,-3,12.88,-3.82,2.87,9.94,4.5,,-3.19,-3.42,2.5,,-10,,,-9.28,1,7,5,-0.98,-2.06,2.58,-32,32.55,,9.55,0.01,,7,-0.01,7.67,11,15.99,,-12.56,,-2.5,3.51,2.06,41.87,5.86,21,22,7,3,9.86
Memphis,Middle Tenn.,3,1.56,-4.7,4.61,-2.72,-3.56,0.67,2,-2.63,3,-0.21,4.5,0.34,2.66,-3.97,0.4,1.33,7.13,-5.15,3.29,-0.15,-0.96,4.03,-1.9,2.8,,-0.13,1.84,1.7,,7,,,6.66,0.01,4,2,-0.25,2.91,-2.21,-5.6,5.81,,9.43,6,,3,-4.2,3.69,5.08,-5.87,,8.43,,5,-3.84,3.59,5.91,3.87,21,7,7,7,8.12
Miami (Fla.),Georgia Tech,2,0.19,-5.8,-4.97,-0.3,-4.12,0.01,2,-5.51,-0.25,-0.57,1.5,-1.7,-1.31,-5.52,2.8,-1.15,4.49,0.95,-2.04,-3.17,-0.4,1.22,-0.81,-6.6,,-0.87,1.25,-0.74,,1,,,5.49,-5,3,-3,-3.94,0.78,-4.6,-15.9,-5.16,,-0.72,1,,1.5,-4.2,-1.33,-3.98,-8.58,,1.45,,2,-4.37,-0.77,-6.4,2.82,17,14,7,6,2.16
Miami (Ohio),Bowling Green,0,-0.4,-3.2,-5.91,-2.97,-1.29,0.66,1,2.85,-1,-1.33,1.5,-2.73,0.76,-2.13,6.42,-0.44,-1.13,0.95,-3.11,-5.07,0.32,-2.07,-1.8,-6.1,,2.05,-2.45,-0.24,,6,,,0.4,0.01,2.5,3,2.7,-0.94,-0.01,-29.1,5.45,,-1.42,-1,,0,2,0.01,-4.73,-2.83,,-0.24,,2.5,2.29,1.66,3.2,2.75,14,47,7,1,1.13
Michigan,Purdue,4.5,-0.01,-3.9,-2.07,-2.41,4.24,-3.92,-9,7.68,-2,-3.16,2,-2.04,-0.73,5.78,7.31,0.98,-3.32,3.25,-4.32,1.56,3.67,1.49,-2.82,0.3,,-0.01,-4.02,1.53,,4,,,-3.02,6,5,6,15.7,-1.83,-1.23,0.8,-6.77,,5.4,4,,4.5,-0.6,4.75,2.25,3.29,,-0.31,,2,3.62,3.65,-0.96,4.03,21,48,7,2,5.48
Michigan St.,Indiana,3.5,2.61,1.9,3.77,0.96,-0.57,-6.14,-2,5.43,-3,-0.19,2,3.46,-0.53,6.13,-0.29,1.19,-1.4,1.25,-3.96,-5.92,3.79,3.58,-3.85,0.4,,-3.68,-1.61,1.13,,10,,,-2.97,4,5.5,1,10.7,-2.75,0.58,-8.7,-38.17,,6.89,4,,3.5,-3.3,3.68,5.03,11.67,,-7.03,,-2,2.94,3.47,-35.99,3.88,27,52,7,3,3.11
Mississippi,Alabama,-7,-6.81,-3,-11.25,-5.93,-4.1,-7.21,1,-9.3,-7,-6.49,-7,-7.44,-8.98,-9.77,-5.68,-6.24,-9.54,-2.95,-18.89,-4.43,-12.42,-2.01,-5.01,-8.9,,-4.83,-8.97,-6.48,,-3,,,-6.48,-4,-6.5,-4,-10.01,-10.87,-5.89,-15.5,-8.93,,-0.54,-8,,-7,-2.2,-6.43,-8.8,-3.72,,-8.94,,-7,-3.07,-5.53,-12.04,3.64,27,24,7,-7,-9.5
Mississippi St.,Tennessee,-7,-3.59,-1.5,-3.46,-4.79,-9.47,12.63,5,-13.33,-0.25,-1.95,-2,-7.06,8.06,-9.56,-8.74,-4.33,7.91,-13.35,-1.21,-15.39,-12.5,-1.22,2.26,-7.6,,-0.23,1.58,-4.66,,-9,,,7.48,-5,-8,-12,-14.51,0.45,-12.63,-8.8,-13.79,,-4.02,-8,,-7,-10.1,-10.12,-11.36,-10.23,,8.32,,2,-7.68,-7.92,-14.55,6.82,33,21,7,-2,-4.53
Nebraska,Oklahoma St.,4,6.93,3.5,4.77,3.91,3.29,13.42,2,11.16,6,2.93,8.5,2.77,14.44,9.42,3.17,5.08,5.37,0.85,12.36,-1.5,6.24,6.44,2.71,4.4,,8.7,9.88,4.02,,1,,,11.28,2,4,4,17.14,9.36,4.04,-7.2,16.12,,-3.14,2,,4,-1.5,3.37,2.11,10.53,,9.89,,4.5,1.29,3.96,2.98,4.33,45,14,7,7,10.48
North Carolina,South Carolina,-7,-8.27,-3.3,-9.02,-5.98,-15.8,-21.93,-10,-13.08,-11,-10.4,-12.5,-4.02,-11.03,-14.03,-9.63,-11.04,-19.74,-14.15,-21.21,-12.26,-17.44,-5.3,-11.6,-2,,-10.16,-14.66,-10.71,,-9,,,-15.59,-13,-6.5,-10,-12.98,-15.98,-18.16,-10.2,-22.57,,-6.33,-9,,-7.5,-14.8,-7.52,-6.05,2.43,,-15.83,,-13.5,-10.43,-8.34,-23.18,4.41,21,15,7,-9,-14.75
North Texas,Louisiana-Monroe,-7,-8.9,-9.5,-14.45,-6.46,-11.89,-19.87,-6,-10.86,-12,-13.87,-6,-6.45,-14.01,-10.12,-19.07,-9.33,-4.47,-13.05,-6.39,-15.23,-2.73,-3.81,-8.55,-5.2,,-9.39,-13.73,-9.45,,-11,,,-11.76,-7,-7.5,-10,-8.97,-3.08,-9.56,-17.4,5.61,,-7.47,-4,,-7,-9.8,-7.13,-3.9,-7.8,,-21.63,,-5,-11.85,-8.36,4.37,4.27,21,31,7,-5,-10.64
Northern Ill.,Western Mich.,-4,-3.08,-3.5,-3.59,-6.29,-3.38,-19.76,-11,0.01,-14,-10.92,-7,0.52,-9.54,-6.26,-8.09,-6.56,-11.02,-4.25,-14.79,-0.27,-9.58,7.45,-10.86,-4.9,,-10.41,-15.49,-6.23,,-3,,,-12.96,-2,-4,-5,5.69,-8.93,-4.06,-13.7,-3.16,,-6.98,-4,,-4,-4.9,-3.92,-2.76,-9.42,,-20.69,,-6.5,-6.19,-5.03,1.89,4.84,17,13,7,-2,-10.66
Northwestern,Minnesota,6.5,3.49,1.9,11.22,2.85,7.5,5.73,3,-0.84,9,4.81,8.5,2.68,5.26,3.91,6.19,5.91,-2.73,2.15,10.86,11.8,13.51,1.85,1.27,3.1,,7.68,7.2,5.76,,4,,,11.37,3,7,9,-4.02,9.23,-0.39,-17.7,-10.83,,2.68,6,,6.5,5.8,10.45,15.34,6.92,,13.49,,13.5,5.51,8.6,-12.88,4.26,48,49,7,10,6.78
Notre Dame,Boston College,-13.5,-11.34,-12.1,-29.49,-20.82,-12.04,-22.89,-19,-4.61,-18,-20.73,-15.5,-10.68,-25.54,-13.63,-12.1,-15.33,-24.84,-11.35,-28.79,-4.52,-9.4,-10.94,-18.03,-15.9,,-11.89,-30.14,-13.42,,-18,,,-21.55,-8,-14,-9,-1.34,-23.8,-4.46,-16.7,-70.02,,-25.93,-9,,-13.5,-7.1,-12.05,-13.14,-6.59,,-29.73,,-15,-9.59,-13.21,-74.09,7.48,27,14,7,-18,-19.36
Ohio,Eastern Mich.,4,5.81,5.8,4.88,7.47,-2.05,2.74,5,5.62,7,7.11,7.5,8.13,8.62,11.42,4.85,5.59,14.23,1.95,4.68,-0.71,7.97,6.57,7.9,5.5,,5.14,8.26,5.56,,7,,,4.88,5,5,2,12.04,5.41,6.56,-9.4,-1.07,,0.16,6,,4,0.1,3.36,3.57,3.29,,0.55,,4,7.97,4.44,0.98,3.47,42,48,7,5,12.31
Ohio St.,Kent,31.5,33.43,30.8,37.15,31.48,38.24,29.03,32,45.57,25,38.86,28.5,34.95,29.16,41.25,30.82,32.48,27.33,42.55,44.79,36.27,34.69,17.94,33.53,33.1,,30.7,32.68,32.28,,33,,,28.28,37,29.5,31,46.13,30.9,27.4,15.9,35.07,,21.77,26,,31.5,36.4,32.38,36.15,30.1,,31.64,,21,34.76,32.17,34.73,5.81,3,48,7,27,43.57
Oklahoma,Missouri,12,8.13,11.1,9.94,8.48,7.43,-15.55,6,11.1,6,13.88,12,21.38,-9.43,16.32,11.58,7.92,3.57,8.95,0.96,6.94,4.48,4.51,3.59,16.6,,0.22,-2.72,8.31,,15,,,-6.11,12,10,8,15.01,1.01,18.1,3.3,19.53,,7.52,10,,11.5,6.9,11.07,15.71,21.54,,-11.54,,2,11.78,9.89,18.34,7.18,31,41,7,8,8.8
Oregon,Washington St.,19.5,20.43,20.8,30.88,27.9,17.52,30.19,26,18,28,33.09,21.5,22.29,30.69,22.2,20.78,23.43,30.44,24.15,36.43,29.98,13.93,12.25,29.33,29.8,,20.9,31.06,21.99,,22,,,24.61,17,17.5,17,14.61,27.55,16.02,-3.6,36.14,,20.16,17,,19.5,20.2,17.89,19.18,28.97,,29.52,,20,21.99,19.32,45.28,6.08,7,53,7,20,28.18
Penn St.,Wisconsin,7,3.51,9.4,9.2,7.58,4.63,-6.5,6,5.05,5,6.65,0.01,8.74,-3.26,9.44,12.77,4.99,5.69,8.85,0.61,3.22,-2.87,1.62,6.85,13.2,,0.73,-1.48,5.88,,10,,,-5.1,3,6,2,3.36,-1.03,3.69,-4.9,15.55,,8.7,7,,7,6.9,6.01,9.52,8.93,,-7.9,,-1.5,7.78,5.75,13.6,4.45,7,38,7,5,8.28
Pittsburgh,Navy,4,2.19,0.2,3.21,1.91,-4.1,4.83,1,5.14,1,-0.52,1.5,2.42,-2.98,-1.68,5.77,0.87,-0.38,-4.75,-1.61,-4.12,-6.13,1.64,0.32,7.3,,-1.12,-0.58,0.94,,3,,,0.61,4,3.5,-3,10.93,-0.49,5.75,4.1,24.74,,0.01,9,,3.5,-8.2,0.79,0.87,6.02,,3.31,,1,1.5,0.79,22.87,3.64,48,45,7,2,3.07
San Jose St.,Hawaii,-17,-10.92,-12.3,-4.21,-10.18,-20.62,-4.64,-14,-17.28,-17,-19.22,-15,-16.49,-8.54,-15.39,-10.5,-14.73,-22.09,-23.45,-23.14,-18.12,-8.07,-5.91,-15.95,-17.4,,-6.88,-11.9,-16.2,,-22,,,-8.07,-19,-18,-19,-18.17,-15.63,-16.44,-6.2,-21.29,,-19.02,-18,,-17,-12.2,-18.46,-17.38,-6.78,,-13.98,,-11,-18.12,-18.46,-22.89,5.07,42,35,7,-17,-14.84
South Florida,Central Florida,11.5,22.45,13.5,25.86,15.48,19.36,40.63,22,16.61,23,21.52,21,17.74,32.77,22.13,17.36,20.53,23.44,13.45,37.61,17.5,31.55,10.87,24.44,15.7,,22.68,28.84,21.11,,10,,,29.67,22,12,19,17.12,25.68,15.81,11.4,23.4,,17.96,14,,13,21.2,14.23,12.19,21.3,,36.93,,21.5,21.02,15.07,24.23,6.83,12,64,7,14,24.47
Southern Miss.,SMU,9,13.51,7.8,7.97,9.57,10.65,19.18,10,11.15,15,11.95,15,11.27,11.76,17.26,6.94,11.83,15.8,12.65,18.79,13.37,9.4,9.66,14.32,3,,10.74,12.82,11.37,,6,,,15.51,17,10,9,12.67,11.12,7.94,-7.7,-7.8,,3.29,14,,9.5,5.5,11.47,16.41,17.01,,15.46,,13.5,14.68,10.23,-11.25,4.10,7,28,7,11,22.35
Stanford,TCU,-5.5,2.4,0.9,-5.72,4.69,-1.45,14.19,1,-12.97,-0.25,4.33,-3,-1.65,15.29,-7.13,6.15,-0.3,-5.42,0.35,7.71,1.59,0.69,0.34,2,-7.2,,9.69,7.93,0.01,,-8,,,11,-10,-4,-3,-20.1,5.76,-14.13,-24.6,2.03,,-3.9,-7,,-4.5,0.7,-3.65,-3.95,5.64,,15.25,,4.5,-7.11,-2.25,-0.19,6.74,38,36,7,-3,-1.31
Syracuse,Rutgers,-17.5,-13.58,-12.8,-23.3,-18.41,-19.8,-7.55,-11,-15.72,-18,-20.17,-11,-21.95,-7.88,-13.61,-8.36,-17.13,-5.52,-18.55,-23.57,-15.43,-15.76,-8.07,-14.65,-28.5,,-11.43,-19.32,-17.96,,-21,,,-9.41,-18,-15.5,-17,-16.04,-17.91,-22.22,-29.2,-33.4,,-27.33,-19,,-17.5,-18.3,-21.91,-31.72,-16.5,,-18.28,,-17,-20.37,-19.63,-35.47,5.75,38,14,7,-17,-19.02
Texas Tech,Texas A&M,10,5.49,6.7,4.82,5.05,6.82,-2.69,12,9.53,5,8.58,6.5,10.81,-1.41,16.68,5.58,7.51,4.33,11.05,5.18,11.4,-0.63,4.3,8.04,12.6,,-0.73,-1,6.66,,11,,,0.82,11,9,6,9.15,2.77,6.56,6.8,15.8,,3.61,13,,10,7,13.73,27.19,15.3,,-3.38,,2,12.32,10.29,14.12,5.73,7,35,7,11,6.61
Tulsa,Marshall,14,14.94,11.3,23.91,13.47,11.72,29.53,21,16.75,28,16.87,21.5,8.31,27.59,16.46,15.71,17.2,17.81,17.65,29.25,18.56,21.27,12.86,11.54,13.5,,21.15,24.67,16.61,,17,,,29.86,10,14,13,18.13,21.94,10.7,7.2,27.12,,16.01,15,,14,12.3,15.44,19.32,10.07,,30.03,,15.5,14.6,16.89,2.03,5.52,31,38,7,18,18.66
UAB,Tulane,3.5,7.14,6.7,4.49,1.31,3.22,7.72,10,2.97,7,0.6,9,6.16,0.82,12.77,1.77,4.37,15.94,3.05,8.96,7.63,2.84,0.13,4.25,7.4,,1.16,1.43,3.61,,-1,,,5.88,11,3.5,4,3.82,4.97,0.89,-19.4,-13.45,,-1.95,2,,3.5,4.4,2.31,-0.56,-0.01,,1.2,,4,8.12,1.42,-17.38,4.59,21,26,7,3,13.98
UNLV,BYU,-11,-10.91,-5.3,-10.79,-14.01,-19.42,-7.84,-10,-26.43,-10,-11.43,-10.5,-11.39,-1.93,-17.85,-9.7,-12.74,-10.08,-25.55,-20.61,-13.81,-14.77,-3.42,-10.67,-13.8,,-8.75,-12.29,-12.44,,-14,,,-7.65,-19,-10.5,-16,-32.35,-13.13,-17.83,-20.8,11.21,,-10.48,-13,,-11,-20,-13.22,-13.65,-14.84,,-8.97,,-7,-15.09,-12.58,9.42,5.01,24,14,7,-8,-17.31
USC,Arizona,21,21.84,9.5,18.77,16.04,14.62,24.09,14,18.55,20,17.82,22.5,20.53,22.42,13.86,16.47,18.5,22.42,19.85,32.54,16.53,16.94,12.42,15.69,11.3,,16.07,22.56,19.31,,24,,,20.86,15,21.5,20,20.54,23.57,17.46,10,25.79,,22.62,22,,21,11.7,20.36,20.07,16.45,,17.78,,20,14.29,20.23,25.56,4.21,13,20,7,20,27.51
UTEP,East Carolina,3,-1.93,0.3,1.14,-3.16,-7.24,-1.29,4,-2.04,6,-2.6,7.5,-4.11,3.9,2.87,1.71,0.49,-0.74,-4.75,-4.14,-3.32,2.16,2.29,-2.42,7.7,,0.97,0.25,0.99,,5,,,7.46,1,1,-2,-3.34,2.27,-0.84,-8,14.16,,4.72,2,,3,-5.6,1.77,5.81,-11.95,,4.57,,4.5,-2.14,2.26,18.98,3.85,45,42,7,7,-4.63
Utah,San Diego St.,14,6.8,8.2,8.26,3.44,17.49,6.84,8,14.63,9,9.09,12,5.09,10.42,13.17,11.14,11.31,15.1,20.15,14.86,11.36,19.4,8.86,8.01,9.9,,7.71,5.77,11.07,,18,,,8.03,16,15,13,14.83,9.26,19.11,2.9,12.65,,11.48,13,,13.5,13.7,13.11,12.34,7.64,,6.06,,10.5,11.86,13.01,18.19,4.19,7,23,7,11,13.83
Vanderbilt,Georgia,-7,-7.2,-2.3,-0.39,-2.24,-10.87,-8.52,-4,-6.62,-4,-2.6,-8,-5.42,-4.18,-11.72,0.13,-5.83,-11.45,-6.45,-18,-3.8,-13.18,0.15,-8.45,-0.6,,-2.78,-5.73,-6.22,,-11,,,-1.75,-10,-7,-9,-6.62,-7.57,-6.81,-22.1,-6.83,,-6.59,-2,,-7,-7.3,-6.59,-3.77,-3.54,,-1.78,,-6,-4.76,-6.71,2.44,3.85,20,17,7,-3,-8.94
Virginia,Connecticut,3,-1.14,-4.7,-3.48,-5.13,2.75,-3.53,-2,1.46,2,-3.05,4.5,-5.43,1.37,2,-2.57,-1.02,-5.38,0.35,-3.82,-4.38,7.84,1.15,-5.47,-7.8,,-1.24,-2.36,-0.93,,3,,,0.01,2,3.5,2,2.16,-0.95,5.72,6.6,-17.52,,-10.87,2,,2.5,-0.2,-0.91,-8.24,1.59,,-1.9,,2,-1.15,-0.2,-20.71,4.17,16,17,7,-1,4.69
Wake Forest,Florida St.,-6,-2.56,-0.4,-6.73,-1.25,1.19,-1.13,1,-1.5,-3,-1.03,-2,-2.07,4.82,-3.61,-5.64,-1.7,-3.53,-0.35,-7.5,1.03,3.66,2.5,1.81,-7,,-1.82,-1.25,-1.91,,-3,,,-2.2,1,-5.5,-2,0.79,-2.86,3.67,0.7,-14.5,,-4.9,-2,,-5,-0.9,-4.09,-4.28,-0.31,,0.21,,-5,-0.01,-4.09,-18.47,2.88,21,24,7,-4,-6.24
Wyoming,New Mexico,4,7.1,0.01,5.15,5.88,2.37,15.58,6,5.31,7,6.63,7,4.48,17.37,8.05,4.68,5.48,6.74,-5.55,16.21,-0.73,7.12,4.6,11.27,-2.7,,9.27,13.85,5.94,,1,,,12.04,1,4,2,5.32,11.85,-0.21,-6.5,1.3,,-2.46,6,,4,0.8,1.95,0.36,8.71,,12.28,,9.5,5.48,3.23,-0.47,5.24,20,3,7,6,10.04
Air Force,Wyoming,2.5,4.32,7.5,8.2,5.31,8.99,2.51,9,7.7,4,1.19,7,4.92,9.67,9.12,6.07,4.78,-3.75,8.15,3.86,-1.22,4.88,1.81,6.83,6.9,0.69,1.21,3.11,4.77,,6,,3.45,3.29,9,3.5,5,5.32,4.22,0.89,4.5,4.4,3.32,2.47,3,0.5,2.5,11.1,4.65,5.94,0.99,4.68,-5.09,2.98,4.5,8.41,4.52,2.68,3.58,12,20,8,5,11.93
Alabama,Tennessee,0,-2.4,1.8,1.88,0.57,-3.86,-4.71,1,-2.58,4,-10.53,2.5,-1.66,-0.88,-2.72,-0.16,-1.38,5.3,-2.05,-4.58,-6.06,-1.52,2.27,1.17,3,-2.39,-1.17,-1.18,-1.18,,-3,,0.95,-0.22,-1,-1.5,-5,-2.19,-1.11,-3.47,4.5,13.36,-5.72,-1.8,3,-4,0,-5,-0.92,1.23,-10.28,-8.33,0.12,-0.07,2.5,-2.36,-0.31,14.12,3.34,17,41,8,4,-2.29
Arizona,Stanford,10,2.32,4.8,9.78,1.9,9.5,-3.13,9,15.89,6,4.94,5.5,6.24,0.47,9.76,3.54,6.98,9.95,9.05,0.08,0.01,2.64,2.33,6.03,6.5,-5.01,-2.53,-1.39,7.2,,18,,-2.84,-1.42,17,10,9,20.92,0.79,17.05,9.8,-13.74,20.08,16.46,12,0.5,10,7.9,11.98,16.94,12.91,11.37,-9.08,6.19,1.5,12.01,9.74,-13.25,6.68,21,20,8,8,11.03
Baylor,Texas,-25,-16.77,-13.1,-21.46,-18.69,-18.86,-5.87,-13,-24.32,-15,-23.91,-14,-27.36,-8.15,-24.82,-21.12,-17.82,-5.5,-26.85,-24.08,-22.48,-10.03,-3.25,-14.33,-24.7,-8.95,-13.89,-16.34,-18.69,,-29,,-7.87,-6.52,-20,-24.5,-23,-18.53,-16.5,-27.47,-3.8,-39.07,-21.91,-26.92,-22,-10.5,-24,-16.2,-23.82,-23.47,-23.13,-22.89,-3,0.73,-7,-24.58,-21.35,-41.78,6.46,31,10,8,-17,-22.01
Central Florida,Tulsa,2.5,2.16,5.1,-1.98,3.53,-1.6,-0.93,1,-8.72,2,9.58,-3,4.63,7.2,-0.15,-5.89,0.37,0.01,-2.05,-4.19,-4.43,-4.98,2.75,2.01,7,0.35,-1.91,-1.33,0.25,,3,,-1.91,-2.35,-5,3,2,-11.34,-1.51,0.16,6.4,7.16,-12.51,0.72,-1,0.5,2,0.5,0.59,-3.22,11.82,-14.17,-2.54,1.92,-2,-2.23,1,6.95,4.22,23,44,8,1,5.55
Clemson,Central Mich.,16.5,6.9,5.9,9.67,7.57,2.7,6.9,10,7.64,17,-0.01,13,4.2,8.42,13.74,13.41,9.88,12.6,12.15,14.03,6.28,9.92,8.52,2.94,16.6,7.91,8.88,8.61,9.05,,13,,6.48,11.84,15,15.5,8,12.72,9.43,9.22,5.7,23.87,19.53,8.23,17,5.5,15.5,-0.2,15.26,21.28,13.91,18.63,5.43,5.36,6.5,14.43,12.94,5.26,5.01,14,70,8,14,16.63
Colorado,Kansas,-4,-10.26,-13.6,-11.15,-10.32,-7.98,-9.82,-11,-6.69,-7,-11.82,-2,-15.08,-8.61,-4.86,-14.49,-7.88,-4.98,-10.35,-12.5,1.02,-6.04,-1.63,-13.49,-13.8,-4.35,-8.21,-10.22,-8.16,,-9,,-4.23,-6.16,-8,-4.5,-9,-4.64,-7.28,-11.55,7.5,23.31,-0.17,-1.02,-1,-13.5,-4.5,-7.9,-8.1,-11.31,2.73,-6.75,-4.9,2.27,-6.5,-10.71,-8.02,18.35,4.03,19,14,8,-8,-8.74
Connecticut,Louisville,-3,6.61,10.5,10.85,8.48,-1.18,14.2,13,-7.73,12,1.29,4.5,4.95,11.83,-3.16,-0.43,5.15,14.29,0.25,15.14,7.77,0.45,4.24,9.98,11.5,12.53,11.78,13.5,6.61,,-4,,10.76,14.67,-2,-3,1,-14.32,12.67,-9.8,0.9,-1.73,-25.09,9.61,-7,15,-2,1.2,0.53,4.1,9.35,-24.79,34.61,-0.49,7,-0.66,1.84,-2.94,8.67,17,21,8,4,1.14
East Carolina,NC St.,6,11.46,7.2,23.35,7.43,9.06,17.33,19,3.91,18,14.43,16,9.04,18.93,5.33,2.66,11.91,12.97,8.85,24.67,12.97,17.77,7.28,15.65,8.5,15.43,20.54,17.45,10.99,,8,,19.21,22.75,4,4,9,3.02,17.86,12.36,10.1,25.03,3.83,14.32,3,24,6.5,13.2,6.56,5.69,5.1,4.14,17.45,4.68,14,5.99,8.35,23.73,6.17,34,20,8,9,7.34
Eastern Mich.,Northwestern,-10,-14.51,-4.8,-6.15,-10.35,-15.56,-17.13,-4,-11.85,-8,-22.23,-9.5,-12.54,-21.58,-12.8,-12.41,-11.61,-5.69,-10.8,-22.78,-13.41,-21.94,-2.42,-4.82,-3,-20,-9.61,-17.1,-11.92,,-7,,-14.81,-15.09,-8,-8,-12,-12.38,-14.27,-4.91,-5.7,-10.98,-14.31,-4.04,-13,-14.5,-10,-10.3,-12.2,-14.61,-23.68,-16.73,-7.4,-2.45,-7,-11.33,-10.15,-14.56,5.12,26,14,8,-8,-12.57
Florida St.,Miami (Fla.),5,9.29,7.7,10.21,5.86,7.22,12.17,8,10.59,8,7.22,9,7.84,13.16,8.75,9.3,8.7,7.41,5.65,16.72,2.01,7.47,4.85,6.43,11.4,10.8,9.46,9.99,8.04,,7,,9.98,13.12,9,5.5,7,9.25,12.8,5.47,7.6,-2.1,7.9,5.51,7,16.5,6,5.1,7.57,9.72,11.79,12.04,13.75,4.01,10.5,8.07,7.7,-2.85,2.91,37,29,8,8,11.88
Fresno St.,San Jose St.,13.5,10.16,9.8,7.9,10.07,10.23,12.83,14,8.11,14,17.11,14,9.33,9.99,17.72,6.7,11.99,23.44,10.95,17.86,16.83,4.04,5.54,13.76,16.7,10.64,12.58,11.92,11.53,,10,,10.32,13.28,12,12.5,11,6.55,13.27,9.32,13.8,-5.81,-1.65,13.47,11,22,13.5,5.5,13.29,16.36,7.58,0.31,10.46,1.28,9.5,11.17,11.89,6.67,4.78,0,30,8,13,18
Georgia Tech,Army,23.5,22.11,16.5,24.66,19.51,25.15,20.17,18,28.88,17,25.4,16.5,23.07,18.56,25.28,25.33,22.44,13.12,25.25,33.86,22.63,29.2,7.68,18.54,32.4,17.09,17.5,18.21,23.07,,31,,12.57,17.45,28,25.5,28,31.66,22.37,28.55,13,43.4,27.27,26.45,27,20,23.5,24.9,28.54,31.11,28.66,22.12,9.89,7.46,18.5,25.39,25.37,42.6,5.36,10,34,8,20,30.35
Illinois,Michigan,-2,0.91,4.7,2.08,1.95,-6.66,2.86,12,-13.74,5,0.15,2,-0.01,-1.29,-5.99,-8.12,-0.27,13.19,-5.55,0,-7.77,-2.83,2.03,3.93,-3.8,0.46,-0.38,2.39,0.16,,-5,,3.46,6.51,-2,-3.5,-3,-19.71,2.41,-6.11,-4.7,15.66,-22.1,0.16,-2,6,-2,-2.6,-0.82,3.03,3,-33.24,16.74,-3.96,1.5,-1.5,-0.74,14.06,6.46,27,17,8,1,-4.78
Indiana,Penn St.,-7,-3.88,-7.9,-7.76,-8.18,-13.87,-0.11,-2,-14.85,-4,-14.51,-1.5,-6.5,-4.87,-5.5,-14.19,-6.64,5.69,-14.75,-8.14,-1.21,-5.13,2.07,-5.65,-7.8,-1.82,-5.8,-3.01,-7.13,,-11,,1.55,2.9,-11,-8,-8,-16.08,-4.79,-11.04,7.9,12.16,-12.05,-10.54,-8,-3.5,-7,-12.8,-9.23,-12.68,-15.87,-4.38,14.58,-0.2,-2,-12.28,-8.63,9.94,5.03,36,31,8,-3,-10.16
Iowa St.,Oklahoma,-31,-28.18,-27.4,-42.85,-31.56,-31.06,-25.75,-37,-27.81,-34,-35.13,-30.5,-37.01,-26.6,-32.29,-30.73,-29.87,-25.17,-38.35,-44.64,-35.88,-19.57,-9.73,-33.12,-33.7,-24.73,-24.36,-35.01,-30.25,,-31,,-25.8,-29.79,-30,-28.5,-27,-24.04,-31.34,-34.78,-11.1,-34.08,-23.42,-31.98,-22,-36,-31,-33.5,-29.45,-32.84,-26.74,-28.36,-23.49,-0.55,-25,-32.7,-27.59,-36.67,5.66,17,7,8,-26,-24.61
Kent,Bowling Green,5.5,-1.44,1,1.12,2.31,0.99,-1.02,2,6.37,1,4.99,2,-1.06,2.8,0.2,5.15,2.81,5.44,4.85,-1.53,-0.01,1.95,-1.32,2.71,3.2,-0.13,-1.14,-0.66,2.31,,2,,-0.14,-0.54,8,5.5,3,2.85,1.31,7.18,8.7,-0.56,7.82,11.54,4,-0.5,5,5.1,5.1,6.8,10.17,2.48,-1.87,4.93,5,7.67,3.02,10.34,3.31,31,20,8,3,-0.38
Kentucky,Florida,-7,4.1,-0.6,-2.39,-1.36,-1.58,14.47,2,-8.54,4,2.24,4.5,-2.27,10.87,-2.51,-6,0.86,8.85,-0.95,5,3.94,10.88,1.71,0.28,-2.6,10.39,5.2,7.12,0.34,,-8,,10.44,11.03,-4,-7,3,-12.21,5.24,-1.83,3.2,11.08,-15.07,-8.35,-3,7.5,-6,0.7,-2.56,-3.68,-6.8,-6.6,5.92,-0.19,5.5,-6.36,-2.01,8.64,6.48,45,37,8,1,0.4
LSU,Auburn,10.5,11.25,8.9,21.26,10.2,9.91,14.96,10,11.59,10,-0.69,14,10.85,10.8,13.81,5.09,11.92,19.97,12.05,8.86,9.97,10.28,11.77,12.3,15.2,11.64,10.91,10.14,12.23,,14,,8.9,12.23,15,10,9,14.55,7.46,13.68,13.9,-2.25,12.93,12.39,14,18,10.5,8.6,12.61,18.34,14.94,11.19,19.92,4.32,10.5,12.25,12.24,-4.81,3.94,24,30,8,14,13.78
Louisiana Tech,Boise St.,-15.5,-13.72,-9.8,-16.6,-12.94,-26.59,-11.12,-13,-28.61,-16,-19.55,-14,-16.02,-12.95,-20.2,-26.56,-17.96,-5.73,-25.15,-26.42,-28.4,-19.33,-3.02,-12.72,-22,-14.35,-14.2,-17.7,-17.15,,-20,,-11.11,-12.12,-24,-16.5,-23,-27.74,-18.93,-22.8,-4.5,18.49,-41.09,-16.24,-18,-21.5,-15.5,-20.3,-21.07,-23.71,-15.84,-43.27,-17.3,-15.69,-12.5,-27.32,-17.89,26.84,6.50,45,31,8,-16,-16.22
Louisiana-Lafaye,Florida Atlantic,-7,-14.46,-5,-11.47,-9.24,-11.66,-20.52,-16,-0.3,-14,-14.99,-7.5,-12.62,-11.31,-6.6,-7.48,-9.57,-2.29,-5.75,-18.58,-12.53,-13.15,0.72,-9.42,-9.3,-17.06,-9.48,-17.06,-9.36,,-4,,-12.63,-16.9,-4,-6.5,-7,5.4,-11.25,-5.1,8.3,-19.49,4.73,-3.96,-5,-12.5,-7,-16.3,-9.26,-13.77,-21.8,3.9,-13.6,3.56,-7,-9.23,-7.32,-22.85,5.44,39,32,8,-7,-12.17
Louisiana-Monroe,Florida Intl.,13.5,6.78,12.2,21.79,3.43,16.3,4.78,9,20.68,14,9.43,13.5,8.01,6.85,14.84,8.29,11.61,10.75,10.35,8.03,17.72,5.62,10.3,6.63,7.8,4.2,10.37,5.83,11,,17,,,8.01,14,12.5,14,22.77,6.26,18.8,34.6,43.24,17.99,14.26,15,11,13.5,13.7,14.3,14.91,2.82,-2.09,23.94,17.92,11,16.24,13.93,42.75,4.78,14,28,8,11,15.7
Marshall,Southern Miss.,-3.5,-7.57,-2.3,-11.93,-2.53,-5.59,-20.41,-7,-7.44,-12,1.94,-10.5,1.57,-10.38,-0.69,1.42,-5.99,-7.72,-7.05,-15.75,-2,-11.36,-4.37,-0.98,-5.9,-14.26,-3.99,-11.4,-5.95,,-1,,-11.89,-17.67,-4,-4,-5,-7.27,-8.44,-7.86,1.7,-20.07,-7.9,-2.82,-6,-8.5,-3.5,-3.1,-3.31,-1.42,8.81,8.27,-12.16,1.94,-8.5,-5.28,-3.32,-13.68,5.22,33,24,8,-8,-9.81
Maryland,Virginia,4,0.77,2.7,0.98,1.7,4.8,-0.01,3,5.95,-1,4.06,-0.5,0.25,1.56,8.36,5.82,3.59,5.33,5.95,0.31,8.83,6.55,2.4,4.47,4.4,-1.61,-1.34,-3.27,4.23,,5,,-1.82,-1.92,9,5,7,7.57,-0.01,7.17,9.6,7.19,5.75,4.14,5,1.5,4,6.2,6.28,7.35,7.58,10.63,0.97,5.87,2,5.48,4.32,9.94,3.31,18,17,8,3,4.07
Middle Tenn.,Arkansas St.,2,3.97,6.2,2.03,2.56,7.98,4.58,4,6.3,3,14.71,3,5.06,6.16,10.1,4.24,4.15,-5.21,7.75,1,9.52,3.94,0.57,4.31,1.8,2.78,5.46,-0.87,3.96,,6,,-0.01,3.1,11,2.5,7,6.86,1.65,1.55,10,-15.67,12.53,-6.57,0.01,2,2,9.3,1.99,-3.54,3.2,13.9,-4.38,4.62,2.5,9.4,3.38,0.59,4.44,7,24,8,1,4.75
Mississippi,Arkansas,-5.5,-4.29,-3.8,-11.29,-6.3,-7.1,-5.33,-5,-14.64,-5,-9.06,-5,-5.54,-2.61,-8.17,-5.59,-7.49,-9.39,-4.65,-13.11,-8.97,-12.06,-2.25,-8.56,-10.7,-4.21,-4.47,-6.41,-7.05,,-6,,-2.91,-3.53,-10,-6,-8,-16.54,-7.78,-9.16,-1.5,5.15,-14.01,-15.78,-9,-12,-5.5,-1.6,-7.82,-9.97,-5.99,-8.49,-4.74,-0.87,-7,-6.67,-6.68,3.33,3.41,44,8,8,-6,-8.46
Missouri,Texas Tech,3.5,5.65,0.8,4.41,5.22,3.19,9.89,5,1.62,7,2.9,3.5,1.41,5.53,11.82,9.34,5.09,14.8,-0.35,6.53,-0.78,4.53,5.79,7.86,3.8,9.5,8.59,7.37,4.47,,3,,6.9,9.48,0.01,3,3,-0.08,6.09,-0.98,4.6,11.5,7.38,7.12,1,8.5,3.5,4.1,2.16,-0.01,6.03,17.79,24.64,3.77,2.5,4,2.84,9.62,4.15,10,41,8,3,7.99
Navy,Wake Forest,-3,-1.65,-0.3,-4.67,0.01,-4.2,-5.14,4,-0.17,-0.25,0.01,0.01,0.92,-5.29,-7.24,3.7,-2.02,-3.53,-4.05,-8.5,-5.61,-2.56,0.01,0.01,-2.6,-5.28,-2.37,-2.08,-2.22,,2,,-0.92,-1.61,-3,-3,-6,-1.01,-3.81,-8.89,2.5,3.46,-2.65,3.7,-3,-1.5,-3,-1.4,-1.13,5.62,-4.56,-22.84,-7.02,1.83,-4,1.13,-1.01,0.17,3.35,44,24,8,1,-2.67
Nebraska,Texas A&M,2,0.92,-0.3,-3.45,-0.54,1.32,2.83,-2,5.39,1,-7.29,1.5,-0.95,-1.6,8.9,4.75,1.15,3.65,-1.45,0.81,-5.03,1.87,1.79,-0.1,2,3.58,-1.85,0.66,1,,1,,0.69,3.07,-1,2.5,1,12.02,-0.24,1.87,8.5,29.52,9.27,-4.2,2,-0.5,2,-3.6,2.85,5.54,10.86,13.07,-0.07,3.67,-2.5,2.14,1.34,18.24,3.40,36,14,8,1,4.82
New Mexico St.,Idaho,9,9.34,1.5,6.42,7.2,6.31,20.44,14,6.68,17,3.86,17,4.39,18.69,9.46,6.54,10.17,21.46,-1.65,14,-3.39,8.66,7.49,10.4,8.3,15.31,16.36,15.01,8.83,,8,,16.12,20.66,9,9.5,5,10.63,11.19,7.82,16.1,-12.98,13.24,2.09,10,25.5,9,5.5,7.62,8.37,4.73,22.94,26.66,2.72,15,5.77,8.39,-16.21,6.15,31,45,8,11,12.48
Notre Dame,USC,-18.5,-9.66,-6.4,-24.22,-15.14,-13.68,-7.37,-11,-16.59,-14,-0.01,-14,-11.27,-0.11,-18.35,-8.15,-13.16,-32.21,-15.85,-23.47,-1.47,-9.17,-8.29,-9.69,-8.7,-8.9,-9.47,-16.79,-13.1,,-17,,-13.2,-12.69,-11,-20,-12,-18.63,-17.67,-14.3,-4.8,-38.01,-10.48,-23.5,-16,-13.5,-17.5,-9.6,-17.89,-23.18,-4.83,-9.13,-9.71,2.87,-13,-10.86,-14.65,-40.11,6.57,38,0,8,-20,-16.22
Ohio St.,Michigan St.,19,20.53,22.4,19.87,17.35,17.97,19.78,22,25.76,23,24.3,24,23.15,22.21,26.25,22.44,20.85,24.67,24.25,24.39,23.49,24.38,15.87,20.51,18.1,15.59,22.84,17.31,20.58,,21,,13.22,17.98,26,16.5,17,28.32,16.43,22.08,14.1,39.49,28.99,19.98,16,21.5,19,16.9,18.21,20.62,16.22,24,27.16,10,17.5,27,19.55,40.05,3.65,17,24,8,17,26.77
Oklahoma St.,Kansas St.,2.5,-3.81,-3.9,-6.52,-6.99,1.56,-3.5,-1,2.24,-0.25,-15.88,3.5,-6.59,-2.09,6.82,-4.47,-1.83,-8.17,-2.15,-6.56,-4.08,2.83,0.62,-4.11,-8.9,-3.14,-5.94,-6.62,-2.05,,1,,-1.43,-0.52,6,3.5,3,5.3,-3.58,4.8,9.5,12.09,10.12,-8.92,8,-2,2,-0.5,0.4,-4.81,-6.88,23.61,-4.02,3.94,2,1.88,0.01,2.4,5.30,39,41,8,1,-5.3
Pittsburgh,Cincinnati,-9,-17,-15.4,-18.41,-14.07,-16.21,-12.66,-18,-4.03,-16,-11.92,-15,-20.78,-5.89,-10.97,-9.05,-13.84,-25.64,-20.95,-29.53,-21.23,-11.36,-2.8,-18.49,-11.2,-10.29,-16.41,-15.61,-13.49,,-14,,-12.98,-15.37,-11,-10,-14,3.64,-18.84,-12.7,-4.4,-15.32,5.8,-10.98,-8,-21.5,-10,-20.2,-12.21,-12.63,-6.39,1.11,-17.98,2.15,-12.5,-14.92,-12.92,-15.38,6.36,17,24,8,-12,-11.42
Purdue,Iowa,7,12.1,8.9,8.58,11.21,6.3,15.19,11,7.61,10,5.13,11,11.57,13.33,9.38,3.54,10.23,16.1,8.45,24,5.87,14.89,4.28,11.2,12,14.58,10.93,16.42,10.72,,6,,13.35,15.47,6,7,6,2.61,15.67,11.42,5.6,32.76,-2.48,15.94,9,12.5,7.5,4.5,7.42,9.27,7.87,-9.51,32.48,4.39,10.5,7.79,8.16,24.23,4.72,6,31,8,10,12.69
Rice,Memphis,0,1.57,4.6,-6.23,-3.02,4.05,12.88,1,8.15,4,3.69,6.5,-8.43,11.36,3.71,5.19,3.06,-10.49,2.85,4.56,3.81,16.08,-2.99,5.73,-1,6.91,7.86,0.11,3.9,,-1,,4.48,4.56,6,1,4,5.77,4.05,5.04,1,-26.68,6.38,-0.54,2,12,0.5,5.7,0.97,-3.1,7.45,-9.37,7.3,6.42,2,7.1,2.34,-22.97,5.68,38,35,8,1,4.93
Rutgers,South Florida,-2.5,-12.31,-2.7,-11.49,-5.83,-2.08,-24.01,-11,2.83,-9,-15.13,-6,-6.35,-18.24,1.62,-1.55,-6.22,-16.33,-4.05,-16.83,3.44,-8.86,-5.05,-13.6,1.3,-17.74,-9.98,-13.74,-6,,2,,-11.86,-17.06,0.01,-3,-6,9.68,-8.89,0.66,10.8,-16.54,13.53,-2.47,4,-18,-2.5,-2.6,-2.25,1.74,-6.46,17.62,-18.69,5.17,-7,1.29,-1.92,-2.73,7.87,27,30,8,-1,-9.21
SMU,Tulane,6.5,5.14,4.1,2.99,2.16,6.34,4.97,3,5.2,7,4.59,6.5,4.51,2.91,9.53,5.26,4.76,7.34,5.85,4.56,4.5,10.28,0.63,0.5,12,3.28,2.08,1.52,4.59,,3,,3.18,2.67,6,6.5,8,6.61,4.14,13.77,6.1,-31.1,11.31,5.66,7,6,6.5,4.6,5.59,2.27,4.08,24.75,-4.61,3.73,2.5,6.69,4.71,-36.08,3.83,41,34,8,3,9.51
San Diego St.,New Mexico,-8.5,-7.4,-7.3,-14.52,-7.17,-11.1,-11.98,-8,-5.88,-9,-5.78,-7,-8.5,-11.18,-12.53,-12.76,-9.86,-13.89,-11.45,-19.36,-12.54,-12.85,-3.82,-8.14,-13.1,-9.91,-11.34,-11.28,-9.81,,-11,,-8.44,-9.81,-8,-7,-10,-2.25,-12.77,-11.2,1.4,0,-7.14,-18.38,-6,-22,-8.5,-9.4,-11.91,-18.24,-6.83,-0.48,-4.49,2.59,-7.5,-9.49,-10.2,-3.73,3.84,20,17,8,-9,-9.29
South Carolina,Vanderbilt,13.5,16.88,12.1,15.65,10.74,18.52,32.5,21,14.57,15,25.18,19.5,10.26,22.43,14.21,12.81,18.19,22.95,17.85,31.83,20.8,25.81,10.5,18.34,9.1,25.59,16.62,22.04,17.92,,15,,19.55,25.28,21,13,18,14.23,23.01,16.32,10.8,38.66,14.62,15.98,11,31.5,14,20.2,14.69,12.56,13.36,11.02,24.35,6.03,18,14.69,14.11,38.27,5.57,17,6,8,15,24.1
Syracuse,Buffalo,3.5,0.96,0.01,-10.41,0.28,1.41,0.91,-1,11.67,-3,-0.24,0.01,-2.92,0.49,7.49,14.34,0.99,8.47,1.35,0.36,2.11,3.1,-0.56,-1.22,-6.2,-0.29,-1.96,-2.66,0.05,,5,,-2.94,-0.94,6,4.5,2,18.63,-1.46,-0.24,0.4,-4.65,22.98,-11.89,4,-1.5,3,0.8,-0.01,-5.67,7.71,30.77,-1.19,6.79,-4.5,6.26,0.98,-5.8,6.17,12,20,8,-1,9.34
TCU,Utah,3.5,3.75,1.8,0.78,3.25,4.45,4.25,4,10.2,3,0.64,4.5,4.65,5.42,8.54,4.16,4.12,10.03,-4.25,4.58,2.99,3.68,4.57,2.72,5.5,2.56,-0.84,1.77,4,,6,,2.81,4.34,9,3,3,14.67,3.48,5.52,26.9,19.61,9.61,4.93,7,4.5,3.5,0.6,3.49,3.98,-0.93,15.54,2.49,4.37,2,6.13,3.49,24.22,2.92,27,20,8,4,7.77
Temple,Miami (Ohio),-5.5,-6.83,-3.2,-4.72,-5.47,-9.29,-10.99,-1,-11.19,-7,1.71,-7.5,-3.85,-5.54,-9.32,-10.46,-6.94,-8.04,-15.05,-16.31,-4.34,-4.2,0.01,-5.37,-3.5,-10.59,-6.84,-9.55,-6.92,,-6,,-9.22,-9.13,-8,-7,-8,-11.65,-8.7,-6.26,2,-10.56,-14.04,-3.73,-10,-11,-5.5,-9.9,-5.97,-4.41,-7.5,-7.65,-14.84,2.73,-7,-7.55,-6.28,-25.93,3.76,17,24,8,-3,-12.24
Toledo,Ohio,1,0.35,-2,-2.16,-1.21,4.32,-1.48,1,0.9,-1,-5.88,0.5,-0.73,3.09,5.69,3.46,0.36,-8.55,-0.01,-0.36,-1.78,4.71,-2.58,1.11,-0.9,-1.43,1.54,-3.98,-0.07,,2,,-0.91,-0.1,3,2.5,3,-0.74,0.53,-0.54,8,2.31,-8.44,-4.96,7,-0.5,1,-0.7,4.08,8.23,9.19,-2.02,11.3,1.4,-1.5,-0.4,2.97,1.67,3.61,40,43,8,1,-0.33
Troy St.,North Texas,21.5,24.43,22.5,28.46,23.58,20.54,26.82,27,21.01,31,24.71,27,25.86,21.11,28.93,26.49,24.5,29.57,27.05,33.81,23.86,23.04,13.91,27.64,28.7,25.2,26.81,27.27,24.23,,20,,21.92,28.31,24,17.5,22,21.18,24.04,20.84,19.9,45.35,14.96,18.82,19,33.5,21.5,18.7,22.72,27.15,30.74,14.69,40.72,6.02,20,28.06,22.35,44.77,4.57,7,45,8,20,29.17
UAB,Houston,-13.5,-7.53,-2.4,-6.98,-10.96,-13.15,-2.23,-3,-10.55,-6,-1.24,-3,-13.2,-3.43,-9.28,-6.85,-9.4,-2.31,-12.55,-9.08,-9.68,-15.93,-3.29,-7.25,-13.6,-3.87,-4.64,-7.2,-9.06,,-16,,-1.67,0.24,-4,-13,-11,-11.64,-6.38,-18.54,-2.4,-10.9,-11.74,-21.16,-14,,-13,-9.4,-15.75,-23.26,-27.07,-6.42,-3.8,1.01,-2.5,-9.06,-12.04,-11.88,5.61,49,10,8,-9,-6.85
UCLA,California,3,-0.01,-1.7,-6.8,4.05,-0.01,-4.19,1,-8.51,-1,-11.24,-1.5,2.64,-4.68,-4.59,-5.59,-3.33,-8,-7.15,-6.22,3.13,-3.19,-5.62,-2.57,-10.4,-3.73,-1.45,-3.35,-3.09,,-13,,-2.11,-4.22,0.01,3,-3,-10.24,-4.63,1.08,1.3,-24.96,-7.92,0.72,2,-7,,-5.7,-1.24,0.52,3.92,-1.42,-18.01,2.14,-7,-3.32,-2.77,-29.38,4.22,21,30,8,-1,-0.96
UNLV,Colorado St.,2.5,9.16,4.1,10.64,1.68,7.58,18.6,8,-2.97,7,5.69,8.5,4.28,15.62,1.79,4.67,5.68,-2.26,2.65,12.92,6.36,6.42,2.11,5.34,-1,14.54,9.36,10.84,5.17,,2,,13.21,17.95,4,2.5,5,-9.62,8.94,-1.42,6,4.59,-5.05,3.67,0.01,14.5,2.5,9.3,3.91,4.22,2.57,-3.71,21.97,2.45,9.5,6.84,3.88,3.73,5.68,48,23,8,6,-0.17
Utah St.,Nevada,-7,-8.02,-0.9,-12.44,-4.44,-14.78,-14.79,4,-20.55,-11,-4.88,-9,-4.35,-11.84,-11.21,-5.08,-8.72,-6.84,-7.65,-12.78,-18.52,-13.71,-4.39,-0.01,-7.8,-11.23,-8.92,-8.39,-9,,-10,,-8.28,-10.51,-17,-7,-11,-25.43,-6.04,-11.21,-8.1,9.42,-29.09,-6.89,-10,-9,-7,-10,-9.47,-10.4,-6.07,-41.97,-20.89,-0.18,-7,-14.36,-8.32,9.44,5.84,31,28,8,-9,-14.34
Washington,Oregon,-13,-8.93,-7.3,-24.49,-10.75,-10.99,-7.65,-11,-11.68,-13,-9.95,-10,-14.39,-4.95,-10.01,-10,-11.79,-5.14,-15.85,-16.94,-17.6,-2.47,-3.54,-12.58,-18.4,-9.79,-11.88,-15.02,-11.94,,-15,,-11.19,-10.48,-7,-11,-7,-7.47,-13.01,-12.38,-6.1,-18.56,-2.54,-15.72,-12,-15,-13,-12.8,-12.99,-20.97,-19.72,-13.73,-15.52,3.03,-12.5,-9.09,-12.16,-20.74,4.46,55,34,8,-13,-14.3
West Va.,Mississippi St.,24.5,20.2,18.6,30.36,21.87,21.07,12.49,23,28.17,19,22.09,18,28.13,8.95,26.52,29.74,22.4,9.3,28.05,17.08,26.14,22.85,10.73,21.86,32.8,10.71,19.79,17.53,22.92,,32,,11.36,12.09,24,23,24,28.59,17.25,29.09,12.1,17.93,24.96,28.73,28,19,24.5,23.1,28.66,38.97,32.83,9.42,5.83,7.26,14,28.97,26.34,25.11,6.58,13,38,8,20,24.06
Western Mich.,Ball St.,-1,-5.23,-4,-5.03,-4.53,-4.49,-6.38,-2,-4.83,-3,-8,0.5,-7.65,0.01,-3.01,0.57,-2.44,-5.05,-4.95,-8.61,1.99,4.06,-4.66,-3.28,-3.2,-5.9,-3.82,-6.54,-3.1,,-2,,-4.23,-2.35,0.01,-1.5,-2,-4.34,-4.04,5.86,6.2,-13.62,3.7,7.44,7,-8.5,-1,-4.7,-1.57,-1.2,-6.01,-6.52,5.42,4.96,-2.5,-1.46,-1.07,10.57,4.06,27,23,8,-1,-1.23
Wisconsin,Northern Ill.,23.5,23.34,12.5,18.35,17.37,22.37,32.26,27,25.26,24,31.14,24.5,17.79,30.76,23.66,18.07,24.43,23.79,21.25,39.31,18.7,31.36,8.3,21.58,20.4,34.13,26.5,32.28,23.73,,20,,32.6,35.17,23,23.5,28,26.17,28.81,18.4,13.6,21.98,21.78,26.48,23,35,23.5,18,25.5,24.99,26.79,18.24,41.3,10.35,20.5,18.78,22.64,19.92,5.58,3,44,8,21,32.38
Arizona St.,California,3,12.11,9.5,12.25,8.92,6.94,13.24,10,2.17,16,9.43,12,10.73,16.43,6.55,10.53,8.58,7.9,3.65,12.17,1.06,8.28,3.84,8.42,7.32,12.92,14.5,12.75,9.3,11.22,-1,12.63,12.07,13.81,6,3,6,-4.3,9.44,-0.12,7.6,2.21,9,-11.9,6,,4,9.3,6.74,11.21,8.14,11.9,18.48,15.32,13,7.58,7.22,11.34,5.21,20,31,9,9,10.69
Arkansas,Florida Intl.,41,32.95,32.4,49.64,35.97,45.53,30.39,36,52.95,33,40.21,30,37.17,31.91,46.42,38.75,37.25,36.61,36.65,40.61,44.94,30.39,20.21,37.28,39.84,25.7,35.37,31.86,36.81,21.94,42,26.26,22.16,29.18,47,39,44,51.51,30.2,36.81,37.6,48.85,47.64,39.52,35,,41,37.8,42.08,42.75,36.71,43.76,37.62,21.36,49,40.17,39.41,44.19,7.50,10,58,9,35,43.57
Arkansas St.,Troy St.,-5,-11.05,-5.2,-7.61,-6.39,-8.56,-16.66,-7,-4.47,-8,-9.8,-7.5,-5.62,-11.07,-4.52,-4.08,-8.09,-15.31,-5.45,-21.08,-13.55,-15.19,0.73,-9.72,-9.11,-12.41,-6.27,-11.01,-7.86,-7.86,-7,-10.7,-8.7,-12.04,-5,-4,-11,-1.95,-11.64,-3.54,5.8,15.62,-10.32,0.86,-1,,-5.5,-9.4,-6.99,-5.48,-7.03,8.16,-16.58,-2.49,-7,-9.37,-6.87,2.18,4.27,27,0,9,-4,-9.93
Auburn,Mississippi,18,21.86,17.9,29.76,21.89,21.09,21.64,25,24.75,18,25.18,20.5,22.44,23.34,22.38,24.9,22.24,20.5,16.35,35.67,21.66,23.96,11.19,22.62,25.88,21.35,23.98,24.35,22.2,17.66,21,21.09,20.95,21.97,23,18,22,24.31,26.24,22.71,14.7,33.65,24.98,23.41,19,,19,24.3,21.94,26.31,19.71,30.94,23.92,7.09,23,22.2,22.01,33.99,3.39,3,17,9,18,27.02
Bowling Green,Ohio,7,15.53,7.2,10.86,9.8,8.22,19.36,16,-0.23,16,9.47,15,11.98,11.72,6.22,8.64,10.81,14.12,2.45,21.44,1.9,11.95,6.82,12.01,4.68,17.77,15.19,15.8,10.86,16.36,4,14.66,15.93,17.86,5,7.5,12,-2.22,14.17,0.84,8.9,30.83,6.83,6.45,10,,7.5,8.4,11.86,16.09,23.62,33.86,17.63,7.86,3,5.21,9.52,31.41,5.37,38,27,9,10,20.49
Buffalo,Akron,1,-1.28,0.7,1.08,1.04,5.35,-2.95,1,-2.04,1,1.23,1.5,0.27,-0.7,0.51,1.15,0.8,2.88,6.45,-3,-1.92,5.32,4.03,0.47,4.14,-2.18,0.64,-2.65,1,-0.38,3,-2.74,-2.04,-1.19,2,2,1,-9.32,-0.58,0.23,10.3,-2.08,2.91,-4.46,0.01,,1,5.3,1.95,3.34,-1.18,-2.49,-0.98,3.16,3,1.5,1.97,-3.21,2.69,10,26,9,3,-5.4
Colorado St.,Utah,-6,-10.61,-2.3,-13.49,-2.65,-8.49,-15.57,-6,-4.96,-9,-7.5,-11,-5.24,-15.02,-5.58,-4.59,-7.41,-5.42,-16.35,-18.33,1.12,-14.95,0.27,-4.48,-4.53,-13.71,-8.71,-13.83,-6.44,-10.25,-4,-15.18,-13.93,-14.74,-8,-6.5,-9,-3.26,-11.63,-7.09,1.7,16.25,-2.07,-1.97,-1,,-6,-9,-5.46,-1.37,0.18,5.04,-18.15,0.14,-6,-6.44,-5.13,1.73,5.01,27,3,9,-9,-1.61
Connecticut,South Florida,-4.5,-6.64,-1,-8.86,-4.89,-5.6,-3.78,-1,-3.96,-0.25,-7.57,-0.5,-9.59,-7,-5.21,-5.06,-4.22,-5.98,-9.05,-4.94,1.62,-6.51,-3.35,-6.2,-5.72,-3.73,-2.21,-3.35,-3.97,0.23,-3,-0.99,-1.76,-0.57,-6,-5.5,-6,-3.48,-1.92,-10,5.6,-2.59,-10.59,13.38,-3,,-4.5,-5,-4.81,-3.42,-13.08,3.31,-2.01,2.39,-2,-5.66,-3.76,-2.63,4.29,15,22,9,1,-3.97
East Carolina,UAB,14.5,16.34,12.3,17.4,15.57,18.16,18.44,14,14.04,18,17.26,15,14.42,13.38,12.19,11.55,15.86,11.64,18.15,23.58,20.67,20.21,8.79,14.58,15.6,18.32,17.12,19.22,15.65,13.98,16,15.01,15.05,15.34,12,14,17,13.38,16.5,19.19,11.8,29.77,16.29,17.88,14,,14.5,15.7,15.76,15.77,25.88,13.88,19.25,6.75,15,15.2,15.47,14.5,2.68,6,41,9,11,14.39
Eastern Mich.,Western Mich.,-5.5,-5.23,-1.1,-1.71,-4.58,-4.53,-5.37,-1,-3.1,-4,-6.61,-4.5,-5.16,-4.84,-8.5,-5,-4.61,-3.68,-4.25,-6.94,-7.48,-9.05,5.88,-3.6,-6.58,-4.57,-3.72,-4.84,-4.79,-2,-6,-3.23,-3.22,-1.29,-3,-5,-5,-3.92,-3.88,-7.48,-5.1,-12.51,-4.79,-4.63,-5,,-5.5,-5.5,-6.56,-9.69,-8.24,-22.3,-7.78,-8.77,-4,-7.43,-5.23,-21.25,1.91,2,19,9,-2,-6.01
Florida,Georgia,7.5,6.93,8.4,16.09,11.06,10.26,2.99,9,13.93,7,16.04,6,11.26,5.6,6.55,14.44,8.85,8.99,13.5,5.53,15.67,6.2,5.13,9.78,19.84,3.74,6.84,7.4,9,2.05,11,1.26,3.62,2.52,9,10,12,13.75,5.13,9.97,3.9,-2.68,12.41,3.04,7,,7.5,11.8,11.29,12.86,14.96,19.62,6.47,0.35,-11,13.09,11.42,22.03,4.09,42,30,9,5,9.82
Florida Atlantic,Louisiana-Monroe,6,15.26,10.5,15.41,13.21,8.71,20.25,15,4.53,14,13.36,13.5,10.63,17.42,6.42,10.55,12.02,13.19,6.55,20.78,12.65,18.8,6.62,13.42,8.54,17.95,13.13,17.24,13.13,14.62,4,16.06,15.49,18.66,8,6.5,11,0.64,14.84,8.34,9.5,27.62,14.24,3.58,8,,7,7,9.37,10.61,18.51,13.52,20.83,9.14,10,8.85,9.18,22.95,4.35,33,30,9,9,14.43
Florida St.,Duke,17.5,10.68,9,24.48,14.38,15.19,11.05,17,23.97,17,13.11,17.5,10.35,14.37,15.67,14.47,16.92,11.97,18.95,21.58,22.15,27.29,7.25,14.93,24.63,12.46,13.92,16.02,17,11.75,21,16.82,14.77,15.15,21,18.5,15,27.05,18.45,21.32,10.5,-6.09,17.48,21.66,19,,17.5,13.2,18.58,22.74,17.42,1.66,16.03,5.02,18,18.36,17.76,-4.18,4.15,6,25,9,18,21.86
Fresno St.,Boise St.,-3,-2.64,-1.2,-5.79,-3.17,-6.04,-1.35,2,-12.12,-4,-7.78,-2.5,-4.02,-1.62,-0.88,-7.97,-4.45,1.97,-13.05,-3.64,-8.84,-9.77,0.48,-0.93,-7.24,-1.75,-4.41,-4.08,-4.08,1.12,-8,-2.46,-1.95,-0.29,-7,-4.5,-5,-16.09,-4.2,-9.35,0.5,-10.18,-2.99,-0.01,-10,,-3,2,-6.06,-10.18,-11.33,-0.01,-0.33,3.09,-8,-6.71,-5.58,-11.63,3.93,34,21,9,-2,1.17
Hawaii,New Mexico St.,27.5,17.73,16.6,11.55,14.38,23.1,17,20,25.76,28,23.32,23.5,18.49,21.24,28.52,23.18,22.09,12.21,35.15,28.17,39.24,22.19,9.87,19.09,23.91,14.42,14.43,18.33,22.28,17.94,30,16.48,15.43,18.54,28,25.5,28,27.1,22.28,24.39,20.1,29.83,22.3,20.48,23,,26.5,19.7,27.58,27.73,22.22,34.96,25.36,16.12,31,29.44,24.02,32.29,5.96,13,50,9,25,23.34
Illinois,Ball St.,13.5,8.52,7.1,10.19,8.95,9.24,8,6,8.55,10,9.4,8.5,9.05,15.22,10.42,5.12,10.23,9.41,9.15,14.67,21.43,15.61,2.91,11.27,7.86,8.27,11.9,8.78,9.4,7,13,11.72,6.72,8.65,9,13.5,12,3.74,11.85,5.87,1.1,0.21,13.92,14.72,13,,12.5,6.4,12.33,11,14.01,8.02,8.69,4.85,7,8.69,10.91,0.05,3.37,17,28,9,11,16.53
Iowa,Michigan St.,-3,-9.01,-5.5,-8.43,-7.75,-8.23,-9.66,-6,-1.37,-6,-7.75,-6.5,-8.36,-3.53,-0.42,-0.59,-5.41,-6.71,-2.75,-14.47,3.79,-2.54,3.12,-5.75,-5.82,-9.06,-5.44,-12.13,-5.92,-5.56,-4,-10.29,-9.38,-8.79,0.01,-3,-5,7.46,-9.59,0.75,7.6,13.47,-6.37,8.92,1,,-3.5,-13.1,-4.64,-5.92,-9.25,-6.75,-8.63,1.55,-9,-4,-4.95,-7.41,4.64,27,34,9,-5,-9.69
Kansas St.,Baylor,25.5,23.2,24.1,30.94,28.01,24.13,17.43,27,16.86,23,34.42,18.5,30.05,20.38,23.16,23.81,24.75,25.5,32.05,33.08,32.96,14.56,8.2,26.43,32.13,16.68,20.3,23.25,24.21,13.82,27,15.92,14.87,17.11,23,24.5,27,5.51,24.21,23.4,14.2,15.78,32.56,25.05,19,,25.5,29.2,28.39,33.17,38.61,25.6,19.1,6.58,31,30.57,26.96,28.44,5.95,13,51,9,21,31.48
Kent,Central Mich.,-3,-4.73,-0.9,-3.03,-1.19,-13.96,-7.57,2,-11.7,1,-1.98,-1,-2.54,-6.38,-12.27,6.31,-2.96,-10.3,-7.65,-9.08,2.54,-3.83,2.42,-3.28,0.01,-4.48,-5.1,-3.7,-3,-1.58,-6,-0.64,-0.77,-1.58,-3,-1.5,-10,-11.92,-3.43,-1.96,6.1,-15.68,-5.77,1.62,4,,-3,-11.8,-0.53,10.9,5.53,-15.47,-8.22,-0.06,-5,-3,-2.01,-7.13,5.22,41,32,9,1,-6.5
Kentucky,Mississippi St.,14,16.8,14.6,25,21.73,17.42,11.77,15,16.09,20,25.06,17,21.14,12.03,17.35,19.02,18.25,13.25,22.85,22.81,23.67,22.15,10.62,17.2,27.35,14.54,15.14,19.96,18,11,18,12.63,15.1,14.14,16,13.5,19,14.1,19.7,19.24,7.2,6.57,20.01,17.36,16,,14.5,15.8,18.94,24.31,25.33,8.36,15.47,4.66,23,20.19,18.84,11.79,3.70,31,14,9,15,20.04
Louisville,Pittsburgh,10,5.21,7.3,8.7,8.69,12.13,-0.01,13,10.13,11,7.45,11,11.62,3.33,8.32,12.09,9.51,8.87,20.15,6.5,14.69,11.57,6.12,10.27,5.66,0.01,7.52,4.52,9.63,4.15,15,3.41,3.54,5.17,15,10.5,14,12.47,6.54,16.67,7.9,0.65,11.99,5.66,17,,10,13.7,13.22,14.66,4.34,-8.35,-0.6,3.48,11,15.87,10.73,-2.04,4.65,17,24,9,9,7.24
Marshall,Rice,9,2.62,3.5,0.55,7.42,5.57,-5.37,6,5.71,2,7.6,4,9.6,-1.04,9.22,8.49,5.24,3.24,6.75,2.36,3.38,-3.06,-1.32,6.23,8.82,-2.07,-1.25,3.86,5.71,-1.43,13,-0.78,2.61,-2.19,7,8.5,7,5.9,3.09,5.19,10.6,17.31,7.92,8.14,8,,8.5,5.2,10.92,17.27,23.65,10.39,-5.79,-8.88,6,6.72,8.12,17.75,4.53,21,34,9,5,6.57
Maryland,Clemson,-3.5,0.98,1.5,-5.79,0.93,-1.75,2.8,2,-6.45,0.25,-2.82,1,-0.37,6.48,-0.18,-7.2,-0.45,2.4,3.05,-0.22,2.22,3.92,2.01,-0.01,-7,3.81,4.82,2.11,-0.03,3.28,-2,1.66,3.33,4.1,-3,-3,-1,-3.71,0.24,-1.3,-3.3,1.59,-3.32,5.44,-5,,-3,-1,-3.95,-7.35,-1.24,5.74,5.28,3.41,-8,-4.56,-2.08,-2.29,3.49,30,17,9,-2,2.1
Michigan,Minnesota,23.5,20.7,12,33.74,18.9,22.49,22.5,24,22.38,29,23.26,27,18.88,20.33,23.48,24.28,23.54,20.24,22.95,38.83,21.09,28.04,11.63,22.38,23.75,24.77,31.28,27.77,23.48,20.94,28,30.52,26.76,29.31,18,24,23,20.76,30.09,18.59,13.4,17.92,24.53,26.48,19,,23.5,18.2,24.78,27.35,18.4,24.73,33.87,7.94,22,22.77,24.05,25.37,4.53,10,34,9,24,27.34
Missouri,Iowa St.,29,30.72,26.1,40.55,31.12,31.63,31.26,42,26.49,33,36.17,31.5,30.2,33.43,36.6,31.99,32.68,32.38,32.65,47.97,43.99,24.33,13.63,34.81,32.08,30.16,33.6,37.29,32.38,28.27,33,35.69,32.5,38.03,32,28,28,18.26,36.45,27.63,19.4,52.92,40.96,40.42,23,,29.5,34.5,28.83,29.98,28.2,58.73,36.34,9.74,40,32.71,30.18,51.87,5.30,28,42,9,30,37.15
NC St.,Virginia,-3,-11.77,-2.9,-22.16,-5.74,-5.16,-19.13,-11,-0.42,-12,-10.64,-13,-6.81,-14.86,-5.13,0.85,-8.73,-5.88,-7.55,-28.25,0.46,-19.62,-2.06,-9.26,-6.47,-17.45,-9.28,-19.24,-7.55,-14.94,-7,-20.84,-19.23,-20.53,-2,-3,-4,1.61,-18.09,-7.31,5.7,-3.65,-8.12,11.9,-1,,-3.5,-6.3,-4.45,-6.36,-3.99,-21.64,-19.99,-0.85,-8,-4.3,-5.57,-7.32,7.67,24,29,9,-8,-7.97
Nevada,Idaho,16.5,17.55,10.5,15.25,13.85,20.5,21.59,17,23.2,26,15.39,23,14.35,18.83,18.19,19.57,17.77,17.27,16.35,19.42,25.93,15.84,11.92,13.89,19.53,19.59,20.49,18.9,17.55,18.48,20,15.43,16.81,18.87,20,16.5,16,25.58,14.97,19.71,15.8,2.48,13.65,10.89,14,,16.5,20,17.05,18.66,22.15,2.6,24.6,39.99,9,22.46,17.38,8.74,3.60,21,37,9,15,26.39
New Mexico,Air Force,6,-1.02,1.9,-1.28,2.76,1.72,-3.5,5,-1.07,3,1.85,1,1.47,3.69,-0.49,6.32,2.57,2.52,9.95,-2.61,2.78,1.25,2.28,1.79,0.67,-2.55,0.97,-1.05,1.88,0.76,3,0.61,0.21,1.21,6,4.5,7,-1.44,0.58,9.84,4.9,-19.82,0.37,2,5,,5.5,5.1,7.01,8.03,5.81,-23.03,-0.8,2.53,5,3.68,3.94,-9.83,3.33,31,34,9,6,1.26
North Texas,Middle Tenn.,-12,-18.49,-16,-18.61,-15.78,-17.6,-13.29,-12,-17.58,-14,-22.76,-12.5,-24.06,-9.27,-14.73,-18.03,-14,-11.08,-16.35,-11.64,-8.91,-1.54,-5.31,-13.12,-18.34,-10.54,-14,-14.5,-14,-7.25,-10,-7,-8.57,-10.29,-16,-12.5,-14,-13.29,-8.04,-12.28,8.8,-2.1,-22.39,-12.5,-7,,-12,-16,-14.54,-16.63,-16.1,2.35,-14.63,-1.27,-24,-18.69,-14.57,-5.1,4.76,48,28,9,-10,-12.81
Oregon,USC,3,11.15,13,14.58,14.89,2.83,7.95,15,2.37,11,16.77,8.5,17.14,8.35,5.27,7.39,9.28,13.34,9.85,11.03,1.95,-0.54,5.49,16.4,15.8,9.34,12.64,13.52,8.54,8.32,4,7.18,9.63,9.61,2,2.5,0.01,-2.94,8.54,-2.1,-2.5,3.33,18.8,6.27,2,,4,6.7,4.75,11.24,19.14,3.27,10.87,4.71,16,8.23,8.53,0.81,5.42,17,24,9,6,9.02
Oregon St.,Stanford,13.5,8,5.4,13.25,7.05,12.04,7.33,10,13.82,12,8.67,11.5,8.83,8.83,13.67,9.85,11,8.78,11.45,15.47,4.68,11.45,3.6,8.6,13.6,6.47,9.65,9.2,10.4,7.67,15,5.92,6.86,9.07,16,12.5,14,19.08,11.06,18.71,12.7,-10.64,8.53,18.67,17,,13,10.4,14.99,17.47,18.23,-12.33,8.88,4.55,10,13.77,12.66,-4.18,3.67,6,23,9,12,14.22
Penn St.,Ohio St.,-4,-10.93,-5.4,-8.87,-4.44,-2.67,-12.73,-3,-8.56,-8,-5.51,-10,-9.01,-9.16,-4.86,1.39,-5.79,-6.9,-6.75,-10.11,-8.23,-13.54,-9.43,-4.09,-3.18,-8.61,-6.39,-8.3,-5.4,-5.77,-1,-5.39,-5.8,-8.17,-4,-3.5,-4,-10.65,-4.04,-2.94,3.6,-1.82,-3.96,1.13,-1,,-4,-2.4,-4.09,-4.28,-1.85,-2.62,-12.98,-9.98,-7,-5.81,-3.96,-7.69,3.62,37,17,9,-3,-13.47
Purdue,Northwestern,13.5,10.85,13.5,15.8,13.33,11.55,8.53,14,18.81,15,14.83,12.5,13,4.73,15.23,13.26,13.21,12.23,13.85,17.75,21.57,10.84,6.47,14.64,19.98,8.48,10.98,11.34,13.26,8.48,18,8.72,8.39,8.51,15,12.5,15,16.87,13.57,19.12,10.5,-2.58,17.22,9.34,12,,13.5,11.8,13.17,11.52,12.46,19.38,9.99,5.28,18,13.94,14.57,14.99,3.57,17,35,9,11,18.54
Rutgers,West Va.,-6.5,-6.09,-1,-6.18,-3.47,-4.01,-5.52,-8,-5.91,-4,-4.3,-5,-6.83,1.06,-7.06,-2.68,-4.69,-9.07,-7.75,-6.44,-8.95,-0.48,-0.64,-7.83,1.56,-1.36,-4.57,-3.19,-4.9,-3.01,-6,-2.53,-0.93,-2.7,-5,-6.5,-5,-4.37,-2.48,-5.42,1.3,-14.8,-12.7,-4.9,-5,,-6.5,-3.3,-6.66,-7.99,-1.06,-10.69,-0.21,1.29,-5,-4.42,-4.29,-5.45,2.76,31,3,9,-3,-9.81
Southern Miss.,Central Florida,3,-7.67,-2.9,-3.31,-5.05,2.88,-7.91,1,9.35,2,-6.26,3,-7.45,-6.23,7.42,4.45,-0.09,-1.89,7.85,-5.72,-2.64,2.3,2.95,-1.74,-3.02,-6.99,-0.83,-5.37,-1,-2.07,1,-3.37,-2.95,-2.28,13,2,3,12.28,-2.03,7.96,11.1,-3.17,-2.7,-3.06,8,,3,1.3,2.68,2.54,-7.36,12.58,-6.66,1.77,-1,7.29,0.33,11.9,5.31,34,17,9,4,3.58
Tennessee,South Carolina,3,-2.45,-2.9,-4.87,-1.95,1.41,-5.21,1,4.48,-1,-3.42,-1.5,-0.36,-6.27,-0.17,-2.29,-0.34,0.95,0.85,-5.44,-1.61,2.47,1.14,0.01,1.01,-4.16,-3.39,-4.16,-0.36,-0.65,4,-0.78,-2.94,-1.89,2,3,3,5.86,-2.86,1.9,8.3,12.86,-1.4,0.01,5,,2,1.4,3.48,4.45,4.67,-1.41,-4.44,2.54,-3,2.85,1.31,0.77,2.96,24,27,9,1,-1.71
Texas,Nebraska,20.5,9.59,11.2,20.14,15.67,18.55,3.98,22,17.8,15,17.59,14.5,15.53,9.72,14.24,10.35,15.22,15.34,21.95,14.06,14.61,6.19,6.96,15.21,21.45,3.69,14.18,10.8,15.53,7.17,25,6.69,7.24,6.94,20,21.5,16,8.18,14.69,17.22,11.1,-0.2,20.05,22.77,17,,20,24.6,19.85,22.56,13.23,1.28,5.84,3.75,22,18.47,18.7,7.74,5.51,25,28,9,18,12.72
Texas A&M,Kansas,-3,-12.65,-10.8,-7.89,-10.13,-3.18,-11.53,-10,-2.06,-8,-16.78,-1.5,-13.83,-15.74,-1.38,-7.83,-8.02,-13.39,-10.35,-11.64,-13.06,0.99,-3.48,-11.35,-13.26,-5.46,-9.43,-6.89,-7.89,-0.95,-5,-6.02,-2.23,-5,-2,-3,-5,1.44,-6.23,-0.48,6.8,-9.2,-16.46,3.46,0.01,,-3.5,-6.8,-8.29,-17.37,-12.67,-5.2,-9.41,-9.59,-19,-8.18,-9.05,-11.93,5.52,19,11,9,-5,-7.82
Texas Tech,Colorado,13.5,2.8,5.8,11.31,5.13,10.21,1.48,9,11.84,10,8.29,10.5,4.4,8.66,12.95,7.87,8.34,4.68,17.85,7.19,4.45,11.08,3.89,7.18,11.1,2.6,0.35,5.63,8.29,5.42,17,4.39,6,8.03,14,12.5,8,15.05,8.33,15.46,18.1,4.13,7.03,3.46,12,,12.5,6,11.24,12.22,-3.52,13.91,6.95,3.59,16,10.08,9.64,11.33,4.31,31,26,9,16,11.22
Toledo,Northern Ill.,3.5,7.65,4.2,7.41,4.09,5.16,14.38,14,4,17,5.9,16,1.33,9.84,5.49,9.93,7.68,1.59,-0.15,8.75,10.61,11.38,1.56,6.23,7.88,15.68,16.67,12.42,6.54,14.13,4,14.17,14.18,16.81,5,3.5,5,-0.62,7.86,3.15,7.1,-7.17,5.77,-2.46,8,,4,3.7,4.34,4.53,9.97,4.41,20.41,26.41,4,4.55,6.54,0.42,4.95,21,70,9,7,4.11
Tulane,Memphis,2.5,-1.52,2.2,-1.73,0.76,0.19,-0.51,5,7.53,2,1.8,2,-2.54,-0.35,2.63,4.48,1.52,3.88,0.85,1.61,-3.2,-0.53,2.07,5.04,-7.23,-0.22,4.04,1.23,1.95,2.7,2,3.13,2.08,3.29,3,-1,2,6.13,1.92,0.68,-0.1,-10.52,5,-4.46,2,,2.5,0.3,2.86,5.59,1.95,-3.47,-2.43,2.63,1,1.7,1.37,3.39,2.54,28,27,9,1,-0.47
Tulsa,SMU,14,19.89,11,15.05,14.28,12.57,24.7,18,13.33,26,15.86,25,15.34,14.03,17.48,16.58,17.19,15.02,17.15,24.44,20.64,16.25,10.93,16.97,8.1,23.67,21.37,23.42,16.53,20.73,17,22.41,22.21,25.18,14,14,14,17.03,18.07,6.35,12.1,26.06,16.26,13.82,14,,14,9.9,16.72,22.15,25.37,1.43,26.67,9.05,14,16.53,15.37,8.02,4.35,23,29,9,16,18.74
UTEP,Houston,-4,-5.64,-1.1,-2.52,-7.34,-8.64,1.15,-3,-7.35,0.25,-7.12,1,-13.45,5.69,-7.43,0.46,-3.71,-5.78,-4.05,-3.22,0.69,0.89,2.39,-7.55,-4.51,0.44,-2.68,-1.74,-3,3.2,-1,1.45,3.31,3.29,-5,-4,-3,-7.14,-1.09,-7.77,-4,6.86,-11.12,14.38,-8,,-4,-6.1,-7.38,-15.65,-20.59,-5.17,2.93,3.99,-3,-11.15,-4.49,-11.49,5.64,34,31,9,1,-7.22
Utah St.,Louisiana Tech,-2.5,-8.67,2.1,-9.88,-2.34,1.89,-15.91,1,-1.75,-6,-2.54,-6,-2.77,-7.43,2.1,-0.84,-3.56,-2.28,2.95,-7.11,2.33,-8.47,-6.05,-1.89,-5.95,-10.29,-5.21,-7.88,-2.77,-10.97,-2,-8.19,-7.07,-12.46,-2,-3,-1,-5.19,-3.25,1.48,6.4,2.71,-1.69,3.46,-3,,-2.5,6.7,-2.47,-3.92,-1.08,-3.66,-18.93,-18.31,-4,1.68,-2.64,-1.55,4.60,31,21,9,-6,-6.27
Vanderbilt,Miami (Ohio),14,13.36,14,18.76,19.7,17.25,9.93,12,16.06,11,19.39,7.5,16.5,14.08,17.04,21.59,14.1,17.73,3.35,21.33,9.16,10.65,6.69,15.35,19.57,11.78,12.43,13.21,14,6.87,11,13.12,9.88,11.71,15,13,17,14.44,14.77,14.03,6.3,12.7,20.8,10.45,13,,14,14.6,13.52,10.05,16.99,28.36,14.48,5.88,14,18.83,13.94,22.82,4.51,13,24,9,10,22.32
Virginia Tech,Boston College,3.5,-4.63,2,-8.06,0.95,0.91,-6.16,1,2.69,1,0.01,0.5,-4.53,-4.03,-0.35,2.36,-0.57,0.54,3.15,-0.36,-1.34,-1.37,-2.32,0.01,-0.72,-4.69,-0.35,-2.49,0.08,-2.44,2,-1.55,-0.69,-2.66,3,3,4,3.14,0.68,4.31,8.2,-3.03,0.36,-6.74,1,,2.5,5.4,1.32,-3.05,-6.77,-6.96,-7.15,-7.95,-2,5.99,0.98,-8.18,3.11,14,10,9,1,-4.73
Wake Forest,North Carolina,5.5,8.84,5.2,16.34,3.67,12.33,12.55,12,15.37,14,6.7,14,6.03,10.35,8.23,5.83,10.6,6.39,8.05,19.97,15.14,19.04,7.65,7.53,8.14,14.45,13.1,13.53,10,13.75,10,19.34,16.76,18.53,14,6.5,9,17.33,16.5,18.51,8.4,14.48,4.72,5.81,12,,6,8.3,6.21,3.13,2.52,14.5,15.43,5.43,9,9.9,7.8,15.34,4.65,10,37,9,10,13.04
Washington,Arizona,3.5,12.11,9.4,0.56,9.31,1.63,15.23,7,3.5,10,11.56,10,8.56,9.12,4.48,5.42,7.33,7.5,2.85,16.31,12.24,8.82,6.68,9.68,7.49,14.31,11.05,13.03,7.5,12.08,7,13.19,11.59,13.42,2,4,5,3.8,11.56,-2.66,-3.4,8,9.31,3.88,1,,4,0.5,1.68,-3.46,0.88,17.6,11.68,6.21,5,6.27,5.71,16.69,5.06,48,41,9,4,14.08
Washington St.,UCLA,-5.5,-19.45,-8.5,-17.89,-20.33,-15.69,-18.43,-11,-4.9,-14,-13.06,-11.5,-21.22,-16.31,-9.21,-10.4,-11.84,-9.05,-8.55,-30.11,-13.33,-7.96,-0.74,-11.15,-6.4,-15.81,-14.65,-21.13,-11.46,-10.91,-11,-16.92,-13.78,-15,-9,-6,-12,1.25,-17.05,-12.3,5.6,11.21,-11.46,8.4,-6,,-6.5,-9.6,-9.21,-9.14,-14.81,9.71,-19.11,-0.55,-11,-9.27,-9.74,6.19,5.96,7,27,9,-9,-13.7
Wisconsin,Indiana,9,3.23,2.7,2.66,4.21,8.93,6.29,7,13.59,7,4.45,7.5,0.01,10.61,13.73,10.99,7.43,4.02,7.25,8.22,2.64,11.14,3.93,4,4.89,7.29,7.75,7.01,7.29,7.09,10,6.97,7.75,8.05,16,7.5,11,21.27,8.49,13.17,18.5,1.24,4.07,-1.44,12,,9,4.4,11.19,15.08,11.56,7.52,9.71,4.34,2,11.34,8.42,7.99,3.97,3,33,9,8,7.64
Wyoming,UNLV,10.5,12.61,8.4,13.58,11.32,10.58,17.94,14,13.8,13,12.3,12.5,7.26,17.22,12.97,11.62,13.75,8.93,9.85,20.36,19.87,18.51,9.39,12.37,16.37,18.02,13.24,17.07,13.27,15.98,15,17.8,17.58,19.75,15,11.5,15,14.33,16.54,12.41,17.4,20.65,10.92,12.94,14,,11.5,14.3,13.3,12.91,12.46,16.18,21.11,6.46,12,8.89,13.27,17.36,3.01,24,29,9,14,18.38
Air Force,Army,17,14.74,11.7,23.01,16.22,17.37,13.35,16,21.82,14,13.75,15.5,16.09,9.5,17.6,16.58,17.03,15.02,20.65,22.31,23.97,25.88,7.99,12.3,20.38,11.67,13.28,16.45,16.22,13.07,21,16.89,14.53,15.72,16,16.5,19,21.04,18.08,14.39,6,16.1,15.81,23.91,18,,17,21,20.67,26.52,15.08,15.09,13.72,6.29,17,18.13,19.18,15.57,4.03,10,30,10,15,21.27
Alabama,LSU,-7.5,-6.3,-3.7,-14.41,-7.96,-6.46,-7.31,-4,-11.58,-7,-4.19,-9.5,-5.45,0.96,-13.92,-6.15,-7.52,-2.99,-13.45,-4.17,-3.56,-8.96,-4.65,-7.39,-9.5,-5.21,-7.29,-7.25,-7.29,-3.02,-9,-2.6,-4.2,-4.3,-9,-7,-5,-16.12,-1.84,-13.18,-3.8,2.06,-11.08,-11.98,-7,,-7.5,-2.8,-8.85,-14.56,-12.37,2.91,-3.37,1.96,-11,-10.52,-8.21,3.22,3.80,41,34,10,-5,-9.31
Arizona,UCLA,-1.5,-8.19,1.4,-1.82,-6.63,-0.39,-7.86,1,4.03,-3,1.09,-4.5,-9.04,0.37,0.37,9.91,-1.38,1.51,2.05,-12.08,6.22,-1.37,0.01,-0.3,0.33,-6.72,-4.71,-9.74,0.01,-4.8,-1,-19.02,-8.57,-6.03,3,-2.5,2,3.29,-6.48,-1.62,-1.6,-22.76,1.99,6.44,-2,,-1.5,6.4,0.7,2.59,1.17,-4.8,-3.77,1.96,3,1.68,0.39,-8.77,5.70,27,34,10,-3,-6.5
Arkansas,South Carolina,5.5,-0.76,5.7,8.11,7.51,8.61,-8.89,9,11.16,2,3.56,-1.5,8.81,0.36,9.04,5.59,4.37,3.79,-1.75,-8.06,1.24,1.54,2.6,7.64,10.31,-6.21,-0.36,-1.63,5.7,-3.5,8,-5.53,-3.88,-3.67,10,5,8,8.46,-1.14,4.76,4.6,-5.47,11.85,13.94,7,,5.5,6.4,7.12,8.87,4.86,-0.87,-3.94,1.61,15,7.68,7.65,2.71,6.00,36,48,10,7,-2.59
Arkansas St.,Florida Intl.,17.5,12.67,15.4,26.95,12.35,17.67,10.21,15,18.89,20,12.57,17.5,15.14,9.56,17.66,12.28,15.68,11.78,17.95,10.97,25.09,8.91,16.22,13.24,11.81,10.28,15.45,14.61,15.45,12.28,21,11.72,12.04,13.28,16,17.5,17,24.14,9.57,20.8,23.3,24.36,17.17,18.42,17,,17.5,12.5,18.61,21.34,7.55,22.21,18.4,14.77,27,13.66,17.43,21.48,4.24,24,27,10,18,17.95
BYU,Colorado St.,21,20.24,10.6,20.91,15.53,22.85,23.46,23,22.28,22,14.27,22,17.35,15.96,20.06,18.88,20.47,14.56,25.25,31.08,16.52,23.54,9.53,17.2,16.18,23.17,25.3,24.85,21.48,21.45,25,24.3,24.34,27.26,27,21,20,22.62,25.27,17.5,17.2,30.19,13.34,21.48,16,,21,22.4,21.51,23.54,21.33,13.54,28.8,6.96,19,24.1,19.55,28.79,4.16,16,35,10,23,26.31
Baylor,Texas Tech,-20.5,-13.72,-12.2,-20.26,-16.03,-15.53,-6.62,-14,-16.93,-14,-8.86,-12,-22.02,-5.6,-15.35,-11.88,-14.78,-10.89,-27.45,-18.67,-16.83,-6.25,-0.11,-14.31,-15.03,-5.55,-9.63,-13.29,-15.03,-3.52,-26,-8.82,-6.57,-6.22,-17,-20.5,-17,-11.98,-12.77,-19.27,-10.6,-17.22,-19.46,-18.2,-19,,-20,-13.6,-21.36,-26.07,-16.15,-13.22,-6.02,1.63,-27,-19.97,-19.55,-16.16,5.84,38,7,10,-17,-14.7
Boise St.,San Jose St.,25.5,21.76,19.1,21.3,21.28,28.22,21.86,24,28,27,20.06,26,21.84,17.18,31.82,26.26,24.95,22.57,27.25,33.89,33.91,20.51,10.22,23.46,27.28,20.94,28.02,26.23,25.41,18.82,30,20.81,21.9,23.52,28,25.5,25,25.72,28.1,25.42,20.6,36.47,27.16,30.55,25,,25.5,22.4,27.62,32.35,24.97,35.5,24.98,15.99,34,25.9,26.62,41.19,4.09,7,42,10,25,25.41
Boston College,Florida St.,6.5,12.13,7.9,17.06,8.13,13.67,23.17,15,8.8,12,8.75,14.5,7.26,13.53,9.97,9.81,13,14.24,10.05,14.94,16.59,20.93,16.07,11.79,9.3,19.8,13.73,16.27,12.13,19.45,9,16.75,16.17,20.04,13,7.5,16,5.96,14.01,10.21,6.8,-1.64,9.82,10.02,10,,8,16.3,10.66,9.48,9.41,0.74,26.33,17.7,13,8.57,9.7,-3.61,3.92,27,17,10,11,19.15
Bowling Green,Akron,6.5,6.09,3.3,4.39,5.22,6.21,5.54,7,-0.16,8,6.3,9.5,6.63,6.09,-0.21,6.25,5.32,6.97,2.15,8.19,1.45,6.76,8.74,4.8,0.98,5.74,8.08,7.06,6,6.24,4,4.95,6.82,7.35,6,7,5,-1.81,6.82,1.12,0.8,7.46,1.07,4.02,8,,6.5,4.5,6.68,8.05,5.22,3,7.24,3.81,3,4.26,4.72,5.36,2.46,20,44,10,8,9.17
California,Washington St.,14.5,16.93,14.3,20.48,18.06,13.92,14.83,17,14.34,19,15.14,17.5,19.37,11.72,14.68,13.37,15.73,9.57,25.45,26.36,17.36,11.41,6.56,16.03,14.51,14.17,12.15,18.19,15.17,12.46,17,20.53,13.88,16.42,16,14.5,10,18.29,18.77,15.28,11.2,32.36,18.86,32.38,12,,14.5,9.1,12.28,12.34,15.17,30.48,13.1,5.6,18,15.56,13.78,32.54,4.68,17,20,10,14,21.29
Central Florida,Marshall,14,23.99,13.6,18.07,17,13.39,27.91,27,8.12,28,14.01,19.5,20.33,16.48,15.82,11.31,17.94,16.93,8.95,30.47,16.97,18.48,13.55,16.05,16.32,25.13,24.35,25.71,16.93,21.93,17,26.12,21.36,27.33,9,13.5,16,4.69,21.48,10.52,11,36.07,16.27,16.77,12,,15,16.5,15.76,17.27,17.35,40.71,26.87,7.61,17,11.85,15.7,33.72,5.70,13,47,10,16,26.51
Colorado,Missouri,-3.5,-2.22,-1,-8.56,-3.1,-10.16,-2.38,-2,-8.61,-2,-0.6,-3.5,-2.07,-0.83,-2.51,-2.33,-3.55,-2.74,-7.75,-6.42,-7.44,-5.4,-4.6,-4.01,-4.93,-1.95,-1.14,-4.53,-3.5,-0.43,-8,-8.19,-3.11,-3.72,-5,-4,-2,-5.61,-5.5,-7.97,2.7,-0.32,-6.06,17.36,-2,,-3.5,-6.2,-1.95,0.16,6.41,-9.24,-2.53,2.72,-9,-5.94,-3.3,-2.8,4.36,55,10,10,-5,-4.13
Connecticut,Rutgers,1.5,8.8,8.4,10.04,5.32,3.63,12.29,13,-1.32,10,7.29,11,5.17,10.08,2.81,3.68,6.01,8.78,-1.75,17.36,-0.01,4.3,6.71,9.09,-1.09,10.23,11.52,10.51,7,11.81,2,7.6,9.6,14.49,2,3,3,-8.51,12.07,-4.75,-7.2,9.54,9.85,1.04,-2,,2,7,2.2,1.1,-3.98,6.97,12.36,5.36,8,0.69,2.57,5.23,5.28,19,38,10,7,18.21
Duke,Clemson,-16.5,-14.67,-8,-28.52,-12.49,-17.66,-15.63,-15,-24.88,-18,-9.39,-17,-13.77,-7.84,-19.75,-18.63,-17.27,-11.47,-12.05,-28.61,-21.62,-26.63,-6.3,-15.19,-20.63,-15.35,-13.01,-18.3,-17.91,-10.7,-20,-11.12,-16.11,-16.03,-22,-16,-17,-23.07,-21.31,-20.59,-9.1,-13.71,-18.69,-20.2,-16,,-16.5,-20.6,-19.6,-25.81,-20.81,-16.84,-19.55,0.6,-23,-19.76,-17.91,-18.29,4.98,47,10,10,-18,-14.59
Florida,Vanderbilt,14.5,10.71,11.1,13.55,13.46,14.76,6.91,15,20.96,14,12.38,13,15,9.78,21.3,13.84,13.91,7.37,24.25,14.28,7.5,15.06,8.39,16.39,13.13,6.93,11.39,10.36,13.84,7.47,22,11.44,6.85,9.11,20,16.5,14,25.85,12.98,18.29,8.8,4.4,18.67,17.24,15,,14.5,9.3,16.79,20.36,18.01,15.44,5.08,4.12,14,18.8,16.1,23.48,4.54,22,49,10,12,11.25
Fresno St.,Utah St.,20.5,22.99,11,20.77,15.77,18.73,32.4,22,21.45,27,13.65,28.5,16,17.53,21.81,21.36,22.22,18.79,15.65,29.19,29.04,24.94,15.64,19.93,20.2,27.57,26.74,25.47,22,28.59,26,28.42,26.16,32.1,25,20.5,23,20.85,22.75,17.16,2.7,-0.87,19.86,26.46,18,,20.5,18.9,22.67,24.51,15.35,4.9,36.72,26.42,21,22.22,20.95,-0.76,4.55,27,38,10,23,28.06
Georgia,Troy St.,16.5,15,9.9,11.69,13.18,14.93,15.49,9,16.48,14,10.69,12.5,14.69,13.01,13.18,12,12.78,10.4,11.15,21.53,8.39,11.29,10.6,12.12,6.74,15.22,14.31,12.86,12.86,10.71,11,13.19,11.16,14.61,18,14.5,15,18.44,14.89,8.75,-2.8,8.81,13.54,19.48,13,,15.5,8.8,13.92,9.77,21.68,17.58,13.88,5.53,5,12.43,11.57,6.31,2.94,34,44,10,12,18.79
Georgia Tech,Virginia Tech,2.5,-0.26,0.9,0.96,-0.45,-1.1,-4.66,3,-0.36,1,1.48,0.5,2.6,0.21,2.66,2.5,0.79,-1.13,-3.35,-4.03,-2.62,-2.51,-1.36,2.58,5.5,-3.25,-1.63,-2.24,0.5,-0.97,4,-4.63,-2.2,-1.61,2,1.5,-2,-0.15,-2.21,1.67,4.1,-12.45,2.81,7.91,3,,2.5,-1.9,3.61,10.33,6.46,-7.22,-3.67,1.73,3,-0.11,3.54,-7.61,3.19,27,3,10,4,0.01
Houston,SMU,19,26.25,15.6,20.89,22.11,21.03,28.63,25,17.63,31,17.81,30,24.64,15.72,23.87,16.17,22.93,20.79,18.05,32.64,24.54,22.22,12.7,25.19,16.37,26.2,25.54,28.25,23.29,23.5,20,22.41,24.71,29.04,20,19,19,15.01,23.29,15.36,8.9,21.01,27.24,20.84,19,,19.5,19.8,23.36,32.07,40.12,22.94,31.29,8.61,24,23.35,20.34,21.14,4.37,28,38,10,22,25.59
Idaho,Louisiana Tech,-3.5,-10.15,-3,-8.08,-6.6,-2.52,-14.75,-4,-2.62,-8,-3.96,-8.5,-6.51,-1.79,-0.55,-2.69,-4.99,-9.36,0.75,-10.39,2.18,-4.47,-3.85,-7.32,-6.04,-11.02,-5.73,-11.11,-5,-10.35,-4,-7.14,-9.28,-10.98,0.01,-4,-4,-1.32,-5.53,-3.04,1,2.08,-8.56,20.34,0.01,,-3.5,-3.9,-3.34,-3.01,-6.01,-9.27,-14.62,-22.73,-7,-0.37,-3.84,-0.27,5.63,28,16,10,-5,-10.01
Indiana,Ball St.,7,0.93,0.01,1.39,1.33,2.52,1.85,1,4.56,6,2.28,4.5,-0.01,5.22,6.07,-0.33,3.5,3.1,2.75,3,11.52,9,4.18,2.31,2.92,2.33,4.91,2.32,3.1,3.13,6,7.32,3.15,4.06,2,6.5,6,2.6,3.36,4.13,0.2,-0.95,2.61,4.61,9,,6,-0.7,5.18,3.04,-4.27,1.61,0.03,3.56,3,0.4,4.08,-0.6,2.62,20,38,10,6,6.59
Iowa St.,Kansas St.,-15,-22.77,-20.3,-30.73,-22.2,-15.48,-21.75,-26,-11.81,-23,-17.34,-21.5,-25.1,-10.92,-17.53,-14.3,-19.37,-22.57,-27.85,-36.22,-22.61,-12.29,-1.59,-21.1,-20.35,-17.58,-15.19,-23.81,-19.35,-15.95,-19,-20.21,-18.73,-22.46,-15,-14.5,-19,-2.7,-24.03,-18.01,-7.6,-23.23,-27.55,-12.74,-8,,-15.5,-16.7,-17.13,-18.4,-19.35,-29.41,-22.01,-1.98,-28,-19.75,-18.51,-31.07,5.75,20,31,10,-16,-22.07
Kansas,Nebraska,20.5,26.32,22.6,30.14,22.03,16.89,27.66,30,9.66,28,18.63,23.5,25.25,17.57,23.22,16.36,22.35,25.33,21.55,31.19,29.32,12.86,12.75,25.2,18.48,21.9,33.1,24.4,22.6,20.51,21,17.31,19.72,24.96,20,16.5,17,-3,23.7,11.03,11.9,28.02,29.02,23,12,,20.5,23.5,21.71,29.12,21.08,22.85,29.34,18.45,34,18.75,21.28,27.78,5.72,39,76,10,24,27.58
Louisiana-Monroe,Middle Tenn.,-3.5,-3.05,-4.9,-4.15,-6.17,-7.77,0.85,-2,-6.36,-2,-3.68,-2.5,-7.11,1.81,-5.78,-0.75,-3.25,-4.96,-8.85,-3.11,-0.01,-1.49,0.67,-2.96,-6.82,0.78,-3.29,-1.72,-3.05,2.21,-1,-1.06,0.49,1.55,-7,-4.5,-5,-2.51,-2.04,-1.65,2.1,2.05,-8.71,-0.6,2,,-3.5,-9.4,-4.86,-5.09,-3.2,6.03,-0.68,2.69,-9,-3.77,-4.47,-0.97,3.13,43,40,10,-1,-2.05
Memphis,East Carolina,-5.5,-13.57,-8.6,-6.07,-8.13,-8.71,-16.07,-5,-11.93,-8,-6.45,-8,-11.12,-5.11,-10.72,-7.01,-7.47,-6.41,-10.85,-20.53,-9.89,-8,0.55,-8.69,-5.23,-12.16,-6.96,-11.44,-8,-7.37,-5,-11.12,-8.37,-8.35,-5,-5,-6,-11.32,-10.3,-7.18,-3,-16.15,-10.19,9.9,0.01,,-5.5,-5.5,-4.6,-2.8,-11.09,-17.92,-10.37,0.3,-6,-9.12,-5.44,-11.82,4.76,56,40,10,-2,-9.62
Miami (Fla.),NC St.,10.5,5.35,3.7,16.85,6.74,8.55,5.28,12,5.97,9,6.21,9.5,5.42,7.12,8.34,3.61,8.77,9.08,14.95,11.31,6.62,18.16,5.21,8.78,-6.21,4.08,7.09,7.69,8.78,7.4,15,15.15,7.72,9.09,11,13,9,6.81,9.35,14.7,6.4,6.25,9.47,15.28,11,,10.5,8.6,10.4,10.21,3.32,6.53,1.79,4.51,10,7.25,7.37,6.13,3.53,19,16,10,12,10.86
Miami (Ohio),Buffalo,6.5,1.86,1.7,-0.78,1.91,3.1,4.9,7,4.59,3,2.96,4.5,-1.06,4.73,3.28,7.33,4.75,5.59,12.85,5.97,10.44,3.24,3.29,3.8,-2.96,3.95,4.29,3.73,4.44,5.25,7,8.16,4,5.38,8,6.5,7,9.12,4.78,2.31,9.4,20.92,0.75,9.48,8,,6.5,7.3,6.97,6.92,7.4,12.58,3.14,3.83,1,3.6,4.44,17.25,3.13,28,31,10,4,12.68
Michigan St.,Michigan,-4,-7.29,-0.3,-4.49,-2.02,-8.4,-9.6,5,-9.35,-4,-1.51,-3.5,-4.71,-4.88,-6.13,-6.09,-4.6,-7.04,-4.95,-15.47,-3.15,-11.1,-2.75,-3.78,-1.66,-8.83,-8.89,-6.97,-4.56,-4.23,-6,-1.2,-6.51,-6.09,-3,-4.5,-7,-12.26,-9.45,-6.08,-4.1,-5.4,-4.56,-1.48,-2,,-4,-4.2,-3.1,1.7,0.25,-10.16,-14.88,0.22,-2,-5.69,-2.96,-7.84,3.65,28,24,10,-1,-8.33
Minnesota,Illinois,-12,-15.64,-6.1,-22.98,-11.03,-7.68,-18.28,-18,-1.99,-18,-8.81,-18.5,-12.95,-5.67,-6.67,-6.59,-11.87,-8,-7.65,-29.58,-7.93,-14.8,-5.71,-12.27,-11.02,-17.31,-14.55,-18.96,-12.27,-13.18,-13,-20.07,-18.87,-20.29,-2,-11,-9,6.02,-19.31,-3.71,-4.6,-15.22,-14.49,-5.54,-6,,-12,-5.5,-11.2,-13.11,-8.44,-16.16,-23.18,-0.21,-14,-7.6,-10.71,-12.42,6.11,44,17,10,-14,-14.66
New Mexico St.,Nevada,-6.5,-1.16,-3.5,-3.9,-3.78,-8.38,3.1,-1,-12.46,2,-0.39,2.5,-5.56,-0.27,-3.64,-9.64,-3.01,0.53,-14.75,-1.39,-13.47,-3.74,0.38,-0.75,-5.64,1.07,2.22,-0.88,-3.18,4.79,-7,5.37,3.84,6.07,-8,-4.5,-6,-12.01,0.01,-8.57,-1.6,6.74,-3.18,12.46,-1,,-6,-8.9,-6.45,-6.34,-7.7,16.47,1.75,4.37,-2,-11.11,-5.91,3.05,5.48,40,38,10,-3,-2.9
North Carolina,Maryland,2.5,-2.31,-0.8,-4.35,-0.22,-5.32,-3.95,1,-7.54,-3,1.06,-3.5,-0.83,1.94,-3.87,-2.38,-2.21,0.8,-2.95,-5.22,-5.75,-9.7,-1.49,-2.09,1.57,-3.89,-3.33,-4.55,-2.38,-2.11,-1,-5.81,-6.1,-4.31,-6,2,-1,-8.66,-4.71,-9.82,-0.4,-6.33,-2.22,5.48,0.01,,1.5,-3,1.74,3.72,6.94,-0.63,-3.97,2.34,-4,-3.05,0.92,-6.01,3.30,13,16,10,1,-1.1
Northwestern,Iowa,1.5,3.44,-0.8,-3.77,1.53,0.86,4.74,2,-5.48,4,0.77,5,2.14,4.91,-1.31,-2.22,1.52,1.43,-2.15,6.86,-1.71,4.68,0.69,0.51,-2.14,5.11,1.32,5.21,1.1,6.09,-1,11.86,7.24,7.12,-1,1,-5,-8.57,4.56,-2.86,-1.4,14.05,-1.76,3.98,2,,1.5,1.1,0.01,4.06,4.83,-2.96,5.65,4.1,-1,0.11,-0.65,0.8,3.66,28,17,10,4,1.05
Notre Dame,Navy,3,-1.56,-1.4,-9.76,-2.94,4.26,-1.99,3,3.99,-4,1.78,-2.5,-1.17,3.75,-4.6,2.17,-0.2,1.41,5.35,-2.56,0.2,4.34,2.91,-2.04,1.02,-1.27,-2.94,-5.27,-0.71,-0.71,-1,-6.93,-4.74,-0.52,3,3.5,12,5.2,-3.01,11.87,-2.5,-21.64,-2.5,-12.91,7,,2.5,9.1,3.8,-4.11,0.4,-7.21,-5.73,2.69,-10,0.71,1.59,-12.84,5.17,46,44,10,-2,-0.17
Ohio,Temple,8.5,4.82,7.4,4.64,7.8,4.99,1.76,6,14.04,10,7.12,8.5,7.88,3.92,13.72,11.31,6.6,4.7,8.45,7.44,-0.46,3.02,3.33,6.93,8.77,3.08,3.58,5.36,6,3.79,10,-0.5,4.16,5.55,15,8.5,4,22.07,5.57,13.4,2.5,-4.97,8.35,4.25,13,,8.5,2.1,5.56,5.17,1.28,-1.36,4.25,2.82,9,13.25,7.14,-2.76,3.77,7,23,10,6,6.01
Ohio St.,Wisconsin,15.5,20.03,17.2,22.04,16.82,14.33,20.21,19,18.15,20,14.02,20,19.87,12.33,21.34,16.55,17.74,20.32,27.25,21.81,25.41,23.47,14.06,18.1,16.69,15.7,18.62,16.56,17.2,15.48,14,15.71,11.78,16.97,16,15.5,12,17.75,14.79,11.81,6.5,35.05,20.18,18.48,12,,15.5,17,16.29,20.88,18,29.95,22.4,17.42,20,17.54,16.05,34.27,3.81,17,38,10,17,24.57
Oklahoma,Texas A&M,21,14.32,12.9,17.63,16.46,14.86,12.23,17,16.7,17,14.14,15,17.08,11.82,24.97,14.22,16.68,13.18,26.45,19.86,13.73,8.44,15.44,16.55,18.86,11.05,16.43,13.57,16.43,10.51,25,7.6,9.34,12.51,15,19.5,12,18.4,15.08,16.47,9.7,40.58,21.66,32.92,15,,20,13.8,20.14,27.43,20.07,41.11,13.36,5.21,23,17.39,19.45,42.09,5.32,14,42,10,19,19.91
Oklahoma St.,Texas,-2.5,3.14,3.2,-0.51,4.08,3.85,0.86,4,-8.22,2,2.94,0.01,6.02,1.83,-1.32,0.72,1.47,7.32,-3.45,1.44,8.51,1.59,-2.5,4.23,-2.69,1.58,-1.72,0.49,1.59,2.27,-1,3.83,1.07,2.61,3,-3,3,-13.57,0.55,-3.48,-5.7,1.93,3.47,-2.15,-1,,-1.5,10.7,-0.01,-0.01,2.18,-8.61,3.29,3.47,-1,2.88,-0.17,0.99,3.36,38,35,10,1,3.79
Oregon,Arizona St.,7.5,-1,4.4,3.05,6.3,5.68,-5.39,8,9.9,2,6.62,3,4.9,-0.21,13.03,4.44,5.05,5.28,9.95,0.81,10.29,2.41,5.4,8.6,8.7,-1.95,0.01,1.98,5.68,-1.76,6,-0.15,0.98,-0.97,8,7,6,10.26,3.16,8.78,4.3,-6.59,9.66,4.72,8,,7.5,6.5,7.9,10.71,8.53,-8.43,-4.04,-8.02,7,7.5,7.14,-9.32,4.20,23,35,10,5,0.33
Penn St.,Purdue,8,1.17,5.2,3.82,5.28,5.86,0.14,6,5.62,6,6.55,4,2.28,2.88,11.6,9.92,5.86,3.81,15.05,-0.33,10.06,0.45,1.71,6.39,6.74,1.07,7.67,1.19,5.85,2.03,10,5.85,1.88,2.21,8,7,5,8.67,3.11,3.86,7.3,13.82,8.54,14.05,6,,7.5,5,7.69,11.06,12.44,12.79,0.12,2.51,6,9.54,7.58,13.38,3.74,19,26,10,5,1.76
Pittsburgh,Syracuse,13,12.58,11.6,16.45,14.42,12.15,6.63,16,16.31,13,11.23,11.5,18.8,8.91,20.27,12.95,13.19,11.6,6.95,11.03,5.66,8.44,4.92,13.8,16.03,6.7,8.7,11.62,13,6.83,14,8.93,7.71,7.83,18,12,13,15.56,11.78,14.62,6.5,10.13,16.25,20.96,17,,13,12.9,16.44,24.33,19.75,21.79,9.4,3.91,20,15.97,15.16,18.6,4.27,17,20,10,12,14.44
Rice,UTEP,-8,-14.66,-5.8,-12.42,-9.35,-4.8,-16.17,-13,-5.58,-16,-6.09,-15.5,-13.25,-6.95,-5.77,-5.87,-9.61,-6.6,-4.85,-15.03,-9.02,-12.9,-6.75,-6.86,-12.46,-11.66,-8.54,-16.14,-9.35,-10.9,-10,-13.57,-12.83,-13.81,-1,-7,-8,-2.65,-9.53,-4.35,-3,-10.48,-9,-10.81,-2,,-8,-7.6,-8.28,-9.83,-13.18,-11.14,-12.52,0.89,-16,-4.16,-8.85,-9.46,3.90,48,56,10,-9,-10.75
San Diego St.,Wyoming,-3.5,-4.52,1.6,-5.25,-1.3,-1.98,-11.32,-1,-2.83,-4,-0.01,-7,2.48,-0.37,-3.69,-3.31,-4.47,1.5,0.15,-12.25,0.27,-12.4,-5.14,-2.87,-9.6,-10.63,-2.53,-9.66,-4,-7.02,-8,-9.66,-9.14,-8.9,0.01,-4,1,-4.16,-8.38,-3.3,-1.8,5.61,-3.66,-16.28,-4,,-3.5,4.7,-4.02,-9.05,-4.2,-1,-10.03,1.41,-8,-2.13,-4.68,3.78,4.68,24,27,10,-7,0.33
South Florida,Cincinnati,5,10.23,4.3,12.57,6.7,7.15,13.6,9,3.67,8,7.95,7.5,5.31,7.17,10.96,7.86,8.45,10.84,5.25,13.72,2.01,9.99,3.79,9.31,9.21,13.99,9.86,10.96,8.7,9.93,4,13.54,9.38,10.61,7,5,10,1.19,10.77,5.17,2.9,10.36,9.78,2.02,4,,5.5,8.7,8.29,9.88,21.12,15.9,14.76,5.46,1,5.02,7.07,11.92,3.44,38,33,10,5,18.21
Stanford,Washington,-3,2.03,-1.7,1.39,-2.39,0.01,4.18,5,-6.48,3,1.09,2,-0.42,6.24,-9.85,3.5,1.12,1.52,-2.15,3.58,3.35,2.63,2.89,-1.43,-4.36,4.67,6.14,2.28,1.52,5.73,-4,4.46,6.03,7.27,-2,-3,5,-13.95,3.28,-1.91,-5.3,-11.84,-3.7,11.9,1,,-2.5,5.3,0.62,-0.15,-1.29,0.24,9.19,3.93,-3,-4.88,-1.37,-0.31,4.04,27,9,10,2,3.78
TCU,New Mexico,3.5,-2.35,-0.4,-5.2,0.27,5.06,-4.57,1,12.29,-3,1.09,-3,-0.01,1.42,7,0.94,0.38,0.29,-2.25,-7.03,-0.72,0.28,3.13,1.27,3.74,-4.14,-5.96,-5.16,0.3,-2.92,6,-2.88,-6.24,-5.71,7,4,0.01,20.48,-4.77,7.12,12.5,-5.1,2.88,0.39,7,,3,0.3,0.5,-2.01,0.43,-6.55,-7.25,2.51,-2,4.24,1.81,-7.08,4.32,0,37,10,1,1.49
Tennessee,Louisiana-Lafaye,27.5,32.62,19.5,23.04,23.61,33.45,39.47,36,32.25,37,21.99,35,26.75,24.75,29.03,28.84,30,30.87,37.85,48.39,41.99,32.72,13.84,27.43,20.26,33.83,34.42,33.54,30.27,29.54,31,31.71,29.96,38.44,33,31,31,29.51,32.96,23.17,10.9,35.97,29.45,18.61,26,,28,28.4,30.26,30.27,40.68,33.96,37.77,10.87,21,32.31,26.76,37.89,5.86,7,59,10,25,41.1
Toledo,Eastern Mich.,8,4.14,2.8,4.05,2.73,4.03,5.39,4,7.21,8,5.48,8,2.9,4.48,8.47,9.67,5.68,1.23,1.05,5.47,4.02,6.28,4.13,4.8,5.87,7.45,6.93,5.62,5.75,5.75,1,7.32,7.05,6.49,6,7,1,8.47,6.3,7.33,6.7,2.78,5.2,8.2,10,,7.5,2.5,6.4,10.7,13.62,4.16,8.19,3.84,6,6.5,4.9,4.07,2.49,28,52,10,8,2.58
Tulane,Tulsa,-6.5,-11.68,-2.8,-4.69,-4.95,-5.76,-19.38,-3,-7.81,-10,-3.3,-12.5,-4.51,-2.95,-6.36,-6.42,-7.22,-3.61,-13.25,-18.11,-2.4,-11.29,-0.84,-4.67,-7.65,-15.35,-6.7,-12.89,-6.36,-11.83,-4,-10.08,-12,-12.35,-3,-6.5,-5,-14.05,-10.31,-7.77,-8.2,-22.22,-3.41,-3.11,-7,,-6.5,-2.6,-6.22,-7.15,-9.13,-16.15,-14.42,-0.87,-5,-7.22,-5.52,-14.84,4.41,49,25,10,-6,-11.42
UAB,Southern Miss.,-10.5,-5.92,-2.3,-10.88,-6.79,-13.73,-3.44,-3,-11.42,-5,-3.03,-6,-8.44,2.07,-9.4,-3.2,-7.81,-4.09,-10.95,-8.42,-5.61,-11.81,-3.29,-4.9,-9.65,-2.57,-2.49,-6.25,-7.96,-3.68,-21,-1.9,-5.37,-3.16,-10,-11,-13,-9.19,-6.18,-17.35,-9.7,-17.19,-7.96,-13.2,-10,,-10.5,-13.1,-11.94,-11.82,-11.2,-22.11,-2.8,1.86,-11,-9.25,-11.46,-19.41,4.63,37,7,10,-9,-4.69
USC,Oregon St.,15,3,7.3,9.55,7.94,10.24,2.7,11,18.97,8,9.1,8,3.49,5.2,13.98,7,9.67,6.95,12.95,5.06,6.72,6.15,10.09,10.34,12.27,3.44,7.65,5.28,9.1,4.33,19,10.61,4.03,4.94,16,14,9,22.03,7.74,13.91,10,10.03,12.46,18.48,14,,14,8,13.6,16.8,7.1,7.83,1.48,3.48,12,12.46,13.31,5.65,4.54,3,24,10,12,5.81
Virginia,Wake Forest,-1,0.45,0.1,-1.91,0.01,-6.5,2.16,3,-4.4,4,1.06,4.5,-0.74,2.16,1.56,-0.5,0.82,-1.98,1.95,1.89,2.82,-1.96,-0.71,1.08,-2.45,1.76,5.17,2.25,1,4.7,-2,7.11,3.94,4.73,0.01,-1.5,-4,-2.88,1.65,-3.97,5.3,10.93,0.38,0.92,3,,-1,-5.1,0.47,6.41,3.4,8.57,2.22,3.47,1,-1.34,-0.49,9.03,3.13,16,17,10,3,3.78
Akron,Ohio,-2.5,1.16,0.6,-3.13,-0.97,-7.6,2.06,1,-1.85,1,0.46,-1.5,0.26,4.38,1.68,-2.74,-0.56,-4.12,3.55,0.08,,-2.66,-0.3,1.5,-4.52,1.03,-2.25,-0.94,-0.62,3.01,-5,2.36,1.05,1.52,-1,-3,-5,5.36,0.01,-1.39,-0.5,0,-0.11,11.9,3,,-2.5,-11.1,-4.17,1.75,7.07,1.43,0.06,3.37,-5,-2.11,-4.17,-5.09,3.79,37,48,11,-2,4.87
Army,Rutgers,-19,-15.2,-8.1,-18,-16.11,-15.47,-11.63,-8,-22.07,-12,-19.3,-10,-19.11,-14.83,-17.39,-16.54,-15.88,-13.72,-21.85,-23.28,-21.78,-25.1,-4,-12.01,-23.62,-10.95,-10.48,-13.65,-15.47,-5.45,-18,-9.31,-9.15,-8.3,-14,-18,-19,-27.18,-15.39,-19.73,-14.1,-8.6,-14.52,-25.19,-17,,-19,-13.6,-21.54,-27.62,-26.72,-5.57,-12,0.65,-17,-18.28,-18.89,-10.97,5.09,41,6,11,-15,-13.48
BYU,TCU,7,8.11,4.3,6.3,8.28,5.73,7.68,10,5.56,7,9,6.5,8.74,8.68,10.96,1.19,7.69,6.2,13.15,14.42,1.93,6.18,5.04,7.21,3.99,7.82,7.58,9.88,7.6,8.55,6,8.79,9.37,10.9,7,6.5,9,6.55,11.72,3.2,8.1,30.3,5.03,10.25,7,,7,4.7,10.11,13.82,11.17,19.39,9.43,4.18,7,7.71,7.6,30.31,3.02,22,27,11,9,14.21
California,USC,-4,-0.49,1.1,-2.03,0.01,-7.29,2.3,-1,-5.89,-0.25,-0.51,0.01,-4.06,-0.85,-7.95,-2.49,-1.73,-2.45,2.75,-0.86,1.61,-2.77,-3.5,0.25,-1.29,2.62,-3.2,1.12,-1.29,3.02,-1,1.8,2.68,3.02,-6,-4,-7,-2.35,0.68,-6.71,-2.8,-13.38,-1.18,-1.8,-3,,-4,-8.4,-5.42,-5.27,0.96,-14.45,3.34,3.62,-3,-3.61,-3.24,-16.54,3.21,24,17,11,-1,1.39
Cincinnati,Connecticut,6.5,-0.29,2.5,1.73,2.68,-0.41,-3.75,4,4.73,1,3.28,0.01,3.79,2.02,8.88,3.08,2.4,-0.01,13.55,-2.14,-3.42,-3.98,-0.79,4.65,2.74,-4.05,-0.89,-2.09,2.68,-0.15,8,-1.9,-2.1,-1.7,9,4.5,-2,10.49,-0.38,9.86,10.3,6.57,6.14,4.49,10,,5.5,-0.3,3.6,7.79,3.3,-3.99,-4.95,2.46,5,6.73,3.51,-6.07,4.42,3,27,11,4,-2.44
Clemson,Wake Forest,9,8.06,7.1,11.75,8.48,5.96,6.12,11,10.16,11,12.95,8,9.77,5.72,6.36,10.68,9.31,6.98,4.85,9.78,5.94,4.91,2.54,11.05,9.59,5.2,9.81,7.08,9.59,6.29,14,4.53,5.26,7.25,13,8.5,7,7.1,8.5,6.93,5.9,12.88,13.56,14.4,12,,9,8.1,11.09,18.26,16.25,12.34,6.77,4.07,14,10.83,10.66,12.92,3.22,10,44,11,12,10.34
Duke,Georgia Tech,-13.5,-9.76,-6.4,-20.33,-9.45,-12.39,-10.16,-11,-17.81,-13,-12.38,-12,-9.35,-10.3,-20.48,-2.45,-12.74,-8.31,-12.55,-19.42,-17.67,-23.32,-4.81,-10.09,-16.58,-8.79,-8.6,-12.4,-12.55,-6.94,-16,-10.63,-9.78,-10.64,-17,-13.5,-15,-21.07,-14.09,-19.97,-11.5,-13.84,-12.65,-11.02,-13,,-13.5,-13,-15.8,-18.9,-7.86,-19.02,-12.45,1.47,-17,-13.9,-14.56,-17.4,4.29,41,24,11,-13,-11.8
Eastern Mich.,Bowling Green,-3.5,-8.23,-1.2,-3.79,-4.95,-1.16,-10.4,-4,1.82,-6,-3.94,-7.5,-6.1,-2.45,2.65,-2.84,-3.85,-4.19,2.95,-11.36,0.88,-1.81,-6.68,-4.08,-2.46,-8.47,-4.5,-9.56,-4,-6.29,-7,-5.81,-8.35,-7.33,2,-4.5,-1,0.2,-6.17,1.13,-5.3,5.31,-1.65,-0.51,-3,,-3.5,-2.7,-3.75,-6.24,-8.72,8.86,-6.27,1.29,-2,-0.82,-2.82,10.32,3.56,39,32,11,-4,-5.38
Florida Atlantic,Arkansas St.,6.5,6.43,4.9,8.69,5.51,8.64,8.52,7,3.49,7,6.98,4,4.36,7.15,6.59,2.32,5.75,7.51,-1.05,9.17,1.51,11.31,1.81,5.5,4.96,7.41,4.87,6.39,6,6.93,6,7.18,6.66,8.67,7,6.5,7,0.66,7.31,7.01,5.3,6.65,4.76,-0.98,4,,6.5,9.1,5.96,3.39,5.97,1.12,8.69,4.35,2,7.18,4.96,4.44,2.65,31,34,11,5,11.17
Georgia,Auburn,2,1.36,1.6,2.67,1.67,3.14,6.27,4,-3.29,3,4.06,3,-3.33,4.7,-3.11,1.6,2.71,3.32,-4.05,4.81,-1.88,5.15,3.72,3.3,1.55,6.27,5.74,5.77,3,7.07,3,6.27,6.48,7.66,1,0,5,-4.96,4.61,0.57,-5.6,-13.81,1.49,0.48,2,,2,5.1,2.78,2.35,6.61,-8.43,5.73,4.17,-1,1.41,1.75,-14.67,2.92,20,45,11,4,5.68
Hawaii,Fresno St.,17,10.63,7.7,8.63,7.21,12.14,9.77,14,14.97,19,12.11,10,11.67,13.42,15.38,14.44,12.93,8.31,15.65,17.17,15.84,10.76,6.21,9.36,8.6,6.68,8.16,10.11,12.1,11.71,17,9.49,9.02,11.86,19,16.5,16,19.01,12.92,14.68,10.6,9.01,10.1,26.44,19,,16.5,12.1,17.32,17.95,16.24,8.34,16.09,8.39,19,14.48,14.54,12.77,4.25,30,37,11,19,10.98
Iowa,Minnesota,14.5,13.37,8,26.51,10.22,11.73,16.34,26,11.31,16,15.88,18,10.33,16.19,15.98,12.21,14.73,12.86,8.75,23.14,13.92,16.02,14.86,12.99,13.41,15.4,18.01,15.42,14.21,15.31,18,19.62,16,20.89,11,13.5,17,7.43,16.84,11.82,8.3,24.98,13.75,9.99,13,,14.5,12.7,16.95,19.34,5.35,18.5,19.35,5.94,13,11.48,14.21,22.82,3.99,16,21,11,17,19.64
Iowa St.,Colorado,-4,-10.78,-6.1,-9.44,-8.8,1.5,-12.78,-12,-1.06,-11,-9.98,-12,-8.89,-15.01,-7,-2.29,-7.02,-6.25,-15.15,-21.42,-0.64,-6.74,0.57,-6.52,-3.78,-9.86,-9.08,-13.16,-6.74,-9.19,-2,-13.57,-10.8,-13.86,-4,-6.5,-4,-3.51,-13.05,-2.89,-3.7,-7.38,-8.92,-4.23,-4,,-4,3.7,-4.77,-5.32,-3.39,-9.91,-10.51,0.52,-8,-4.28,-5.37,-9.13,5.03,28,31,11,-6,-11.21
LSU,Louisiana Tech,35.5,33.76,24.4,37.33,32.03,37.16,37.62,31,43.06,30,41.45,33.5,29.85,36.19,43.48,40.47,34.4,30.38,40.95,46.97,39.56,37.66,22,35.1,29.52,34.52,31.21,34.77,33.76,26.4,36,29.05,30.35,33.45,38,37,33,47.97,33.49,35.01,23.4,57.19,41.14,28.59,33,,35.5,29.2,35.65,38.44,44.74,54.84,33.86,9.39,32,37.35,32.14,54.81,4.82,10,58,11,31,37.7
Marshall,East Carolina,-7,-16.77,-8.4,-20.15,-9.25,-8.64,-21.15,-18,-8.22,-19,-11.22,-20,-12.55,-14.72,-3.36,-8.58,-11.26,-7.7,-7.75,-23.42,-11.01,-14.04,-9.1,-8.5,-9.88,-17.83,-13.25,-18.86,-9.85,-15.69,-11,-18.74,-17.89,-20.98,-6,-7,-9,-5.46,-15.24,-6.48,0.9,-9.41,-9.85,7.9,-2,,-7.5,-9.4,-6.69,-4.06,-5.93,-6.02,-19.64,0.22,-12,-9.1,-8.39,-6.46,6.22,7,26,11,-9,-13.65
Maryland,Boston College,-6.5,-10.37,-2.7,-15.6,-4.76,-7.04,-14.99,-7,-5.42,-10,-5.5,-13,-7.09,-7.87,-8.56,-0.59,-8.03,-7.32,-4.15,-21.53,0.62,-9.82,-6.17,-5.84,-7.99,-13.21,-7.09,-13.59,-7.09,-10.78,-8,-14.34,-14.75,-15.12,-3,-5.5,-9,-4.16,-13.97,-4.19,-6.7,-5.72,-5.48,-3.02,-7,,-6.5,-4.6,-6.75,-5.24,-7.71,-7.29,-13.18,0.69,-9,-3.64,-6.66,-6.06,4.52,35,42,11,-9,-11.98
Miami (Fla.),Virginia,3.5,-3.61,0.6,-0.53,1.9,1.79,-8.11,-1,2.79,-3,0.86,-6.5,-0.29,-6.26,6.19,1.6,-0.69,2.74,4.15,-11.86,-0.86,-5.31,2.1,0.16,-9.53,-6.9,-3.74,-7.3,0.77,-5.94,1,-8.75,-9.27,-7.94,3,3.5,2,4.31,-6.92,4.55,10,6.01,1.86,4.34,7,,3,1.3,3.51,5.04,0.77,5.51,-7.51,2.06,1,2.36,0.44,3.26,4.80,48,0,11,1,-0.98
Middle Tenn.,Louisiana-Lafaye,13.5,17.71,14.5,19.49,15.48,22.35,18.39,29,16.95,24,20.42,24,17.18,15.81,18.23,16.37,18.63,17.45,21.05,18.06,25.25,10.98,11.2,15.62,18.92,15.45,22.3,19.25,17.98,17.88,17,16.55,18.05,22.37,22,14,20,8.85,16.04,14.19,9.5,20.59,20.04,25.42,13,,14.5,23,17.33,17.98,12.28,24.64,19.64,6.69,21,19.76,17.73,22.87,3.65,34,24,11,17,21.91
Mississippi St.,Alabama,-4.5,-7.61,-5.1,-9.73,-10.26,-3.67,-0.59,1,-7.58,-4,-8.72,-4.5,-13.13,-3.26,-11.26,-5.99,-4.68,0.41,-6.45,-4.69,2.61,-4.47,-4.32,-4.57,-7.67,-2.66,-2.98,-6.18,-4.7,1.09,-8,-3.3,-3.06,-0.98,-1,-4.5,-3,-9,-5.19,-5.49,-6.6,-28.39,-7.51,3.44,-5,,-4.5,-1.6,-4.7,-6.6,-8.22,-28.03,-0.66,3.17,-8,-6.18,-5.81,-27.74,3.77,12,17,11,-3,0.01
Missouri,Texas A&M,19,16.05,12,19.04,14.96,22.02,16.26,20,17.36,18,20.18,19,15.86,13.56,23.82,16.05,17.92,18.21,14.25,21.58,26.27,8.93,15.3,18.93,16.39,14.63,15.3,16.15,16.69,13.37,17,14.87,12.71,16.25,16,17.5,15,7.36,16.55,10.36,6.6,23.37,22.2,40.36,13,,19,24.9,19.52,24.55,20.39,27.77,16.75,5.96,19,16.69,17.66,20.82,5.31,26,40,11,18,21.53
NC St.,North Carolina,3.5,4.9,5,1.37,2.85,5.5,6.93,7,8.4,6,4.55,6.5,3.1,3.41,3.22,7.09,4.89,5.52,-4.05,7.78,2.71,-0.76,5.77,3.62,2.2,7.48,9.37,6.64,5.5,7.83,5,7.81,8.5,9.13,7,3,9,9.53,7.89,5.1,4.8,7.41,2.93,-5.31,7,,3.5,6.5,4.11,-0.16,0.87,-0.33,7.29,4.09,5,4.16,4.09,7.47,3.35,27,31,11,6,8.88
Nebraska,Kansas St.,-7.5,-5.7,-7.7,-16.52,-11.91,-9.37,-0.43,-7,-1.28,-4,-8.65,-3,-12.31,1.78,-1.91,-3.34,-5.49,-8.19,-14.15,-7.33,-13.43,4.31,-0.55,-7.43,-8.75,1.67,-4.74,-3.92,-5,1.1,6,1.1,1.75,1.26,-5,-8,-5,13.19,-5.05,-2.01,2,-7.21,-11.73,-7.73,1,,-7.5,-12.7,-7.12,-8.85,-8.61,-7.87,0.61,2.72,-14,-4.08,-8.63,-9.13,5.41,31,73,11,-4,-3.2
New Mexico,Colorado St.,9,14.08,7.1,19.34,8.98,7.85,18.95,16,4.83,18,15.76,20,9.06,16,4.11,4.59,12.51,8.53,20.85,24.58,2.12,20.04,9.21,8.92,11.83,17.7,20.3,19.81,11,18.33,12,21.44,22.25,23.58,11,9.5,11,3.35,19.2,8.44,2.3,7.04,5.48,8.12,8,,9,7,10.51,11.04,5.64,-10.32,22.23,5.96,13,8.2,10.58,-2.91,6.15,23,26,11,15,16.89
North Texas,Navy,-15.5,-21.77,-14.9,-16.58,-13.17,-18.21,-25.09,-6,-27.1,-23,-20.08,-24.5,-18.64,-13.03,-23.27,-21.53,-17.11,-13.47,-19.45,-21.22,-24.43,-17.78,-6.34,-15.56,-13.14,-19.43,-15.56,-19.66,-17.44,-13.92,-21,-15.11,-15.48,-17.44,-19,-15.5,-17,-27.09,-12.97,-9.87,-10.6,-19.24,-18.37,-9.04,-8,,-15.5,-8.2,-15.85,-15.05,-22.77,-8.79,-26.79,-1.68,-21,-20.84,-16.1,-12.35,5.04,74,62,11,-13,-20.44
Northern Ill.,Kent,-3.5,-7.77,-3.5,-6.37,-5.04,-3.5,-15.81,-9,-1.51,-9,-7.06,-12,-0.19,-5.55,-0.59,-5.23,-6.84,-5.15,2.55,-8.53,-50.05,-8.58,-1.76,-6.51,-5.89,-12.23,-6.87,-10.68,-6.26,-10.21,-4,-8.89,-11.34,-11.74,0.01,-3.5,-4,7.19,-4.02,-0.61,3,-3.92,-7.48,14.38,-3,,-4,-6.4,-6.26,-11.28,-15.22,-3.85,-15.39,-0.21,-5,-2.07,-5.53,1.72,8.61,20,27,11,-5,-7.08
Northwestern,Indiana,-2.5,-2.59,-2,-6.15,-1.46,-1.81,-1.82,-3,-1.42,-3,-1.56,-3,-3.34,3.45,-0.78,-0.87,-1.6,-3.79,-1.15,-4.86,2.17,3.07,0.57,-3.91,-7.61,0.23,-1.6,-1.67,-1.67,-0.01,-5,-0.22,0.2,-0.3,0.01,-1.5,-4,0.85,-2.24,-2.61,-0.6,-3.73,-5.79,3.96,3,,-2.5,-4.5,-0.18,4.45,7.29,-4.65,-0.18,2.63,-7,-0.37,-2.86,-3.44,2.82,28,31,11,1,-5.96
Notre Dame,Air Force,-3.5,-8.41,-4.5,-22.3,-7.62,-1.02,-7.68,-12,2.77,-11,-9.43,-13,-9.14,-1.31,-2.55,-1.19,-6.92,-3.52,0.55,-13.47,2.12,-0.97,-2.66,-6.45,-9.26,-5.33,-6.81,-14.2,-7.56,-8.87,-3,-10.22,-12.25,-11.67,-1,-2.5,-3,7.14,-12.39,4.63,-0.6,-7.4,-8.6,-18.38,-2,,-3.5,-9,-6.46,-13.88,2.33,-9.82,-8.39,1.9,-18,-3.77,-8.52,-11.12,5.80,41,24,11,-9,-7.56
Ohio St.,Illinois,15.5,18.05,12.7,17.86,14.57,19.36,19.48,18,25.93,18,18.18,20.5,16.9,16.89,20.63,18.72,17.94,18.72,24.85,15.89,24.44,27.99,18.09,13.92,17.05,14.97,17.99,15.89,18,16.49,18,14.52,13.79,17.76,20,15,17,32.17,12.71,21.03,6.4,18.78,15.99,9.37,16,,16,17.5,18.26,22.79,11.23,13.06,19.88,7.55,18,19.8,17.09,8.65,3.65,28,21,11,18,21.81
Oklahoma,Baylor,38,35.54,29.8,43.63,33.65,35.33,28.96,39,35.11,34,45.62,33.5,43.17,32.1,39.16,34.35,35.46,29.29,42.55,46.17,40.51,25.17,19.24,34.73,33.62,27.25,34.87,36.59,35.54,24.02,44,26.68,26.77,29.61,37,38,37,26.75,34.7,39.28,18.5,35.13,42.89,38.88,31,,38,37.1,39.14,42.41,38.72,49.6,29.3,7.79,46,38.36,37.81,48.85,5.76,21,52,11,35,36.97
Oklahoma St.,Kansas,-6,-13.25,-7.9,-12.58,-6.22,-2.69,-18.09,-11,-4.65,-16,-11.6,-15.5,-7.9,-15.12,-0.26,-12.38,-8.64,-8.19,-3.05,-16.33,-10.97,-6.41,-8.28,-8.85,-7.39,-12.89,-13.23,-12.4,-8.2,-8.2,-7,-10.29,-10.42,-12.7,-4,-5.5,-3,-1.95,-8.97,-1.78,0.6,2.37,-11.14,-5.04,1,,-6,-4,-5.84,-9.01,-5,1.43,-16.16,-1.12,-16,-4.92,-8.13,-0.2,4.72,43,28,11,-8,-14.12
Oregon St.,Washington,5,6.58,-0.3,12.51,1.62,6.47,7.37,8,2.23,9,5.95,7,5.64,7.77,2.07,4.95,6.53,4.99,6.05,13.39,-0.14,9.89,3.72,2.53,4.01,7.09,9.31,6.9,7,7.7,-2,7.81,9.19,10.38,8,4.5,10,1.72,9.73,11.69,3.3,2.15,0.68,10.55,11,,5,6.9,9.74,9.47,9.08,4.75,8.91,4.25,4,5.11,5.44,5.84,3.76,23,29,11,11,11.36
Purdue,Michigan St.,4,8.21,7,8.32,6.35,6.61,11.04,7,7.4,12,7.78,9.5,4.98,10.6,6.98,8.87,7.07,6.87,2.45,16.47,0.01,12.14,4.1,7.17,4.04,10.07,10.71,9.89,7,10.23,7,9.14,9.87,11.21,6,4,7,8.15,11.68,11.43,-2.2,7.08,6.83,-4.31,7,,5,2.9,4.86,3.09,-1.04,5.84,12.48,5.33,7,6.35,5.44,6.17,3.66,48,31,11,7,11.85
SMU,Rice,6.5,0.35,1.7,3.67,3.95,0.18,-6.33,10,3.83,2,5.66,-2.5,5.91,3.11,4.06,4.98,2.63,-0.91,3.85,0.03,-3.42,0.84,1.62,1.55,7.12,-4.26,-3.45,0.79,2.57,-1.79,8,-0.78,-0.85,-2.52,2,6,2,6.63,1.58,7.38,6.4,-8.25,2.83,10.49,7,,5.5,2.8,5.87,9.62,7.82,3.76,-8.44,0.52,5,3.17,5.24,-0.88,3.90,43,42,11,4,2.57
San Jose St.,New Mexico St.,4,3.57,3.6,4.95,3.54,-0.01,4.3,4,4.72,2,4.56,-0.5,2.87,4.86,6.66,7.93,3.66,-1.3,15.05,2.67,11.94,9.48,3.56,3.66,2.65,4.42,2.51,2.27,3.54,3.86,5,2.71,1.55,2.93,6,4,5,6.29,2.6,4.47,4.8,22.21,2.95,-0.63,1,,4,3.4,3.32,1.47,3.83,22.32,2.67,-0.18,-3,5.56,2.2,21.86,3.14,17,51,11,1,5.28
South Carolina,Florida,-7,-5.55,-4.2,-13.08,-7.61,-7.26,-0.9,-2,-9.13,-5,-9.41,-4.5,-11.35,-0.62,-7.02,-12.92,-5.19,-2.14,-3.15,-4.94,0.83,-1.85,-2.14,-6.31,-8.67,-2.05,-5.09,-4.85,-5,0.79,-10,-2.46,-2.42,-0.43,-3,-6,-6,-9.61,-3.78,-4.7,-1.9,1.15,-8.9,5.42,-4,,-7,-5.3,-6.76,-7.78,-11.52,-11.57,-0.63,3.15,-9,-7.98,-7.03,-1.08,3.99,51,31,11,-3,1.11
Southern Miss.,Memphis,16.5,11.22,9.1,8.36,10.47,13.37,9.9,14,18.18,13,13.58,13.5,12.62,8.36,15.18,14.9,12.89,11.48,16.65,14.78,11.58,11.87,5.92,13.27,10.93,8.05,9.79,10.47,13,9.63,18,9.91,9.06,10.67,17,14,12,19.23,11.95,16.5,3.6,2.47,14.28,16.98,13,,15.5,14.5,14.9,17.19,14.82,-5.55,8.86,4.87,13,17.06,12.95,0.2,2.82,29,26,11,13,16.94
Syracuse,South Florida,-16.5,-20.61,-15.7,-28.97,-20.2,-17.11,-16.69,-19,-13.6,-20,-23.33,-20,-24.68,-12.54,-16.99,-11.68,-19.33,-13.82,-26.65,-31.56,-18.3,-14.58,-4.4,-23.14,-22.87,-14.85,-11.57,-22.31,-19,-11.45,-15,-15.53,-17.53,-16.65,-19,-16.5,-14,-11.29,-22.95,-20.74,-13.6,-25.81,-29.5,-28.3,-17,,-16.5,-14.6,-19.48,-27.94,-28.94,-24.67,-17.21,0.59,-29,-19.35,-21,-23.4,5.59,41,10,11,-15,-18.94
Temple,Penn St.,-24.5,-23.17,-17.4,-21.98,-25.09,-28.73,-21.62,-16,-35.93,-19,-27,-20,-24.76,-16.94,-28.43,-29.35,-23.17,-20.24,-34.05,-39.94,-34.86,-17.61,-5.44,-22.55,-23.86,-19.54,-12.88,-22.32,-23.17,-13.3,-26,-22.58,-16.99,-18.85,-27,-23.5,-22,-40.65,-25.13,-26.1,-8.9,-28.52,-29.53,-18.04,-25,,-24.5,-19.9,-24.92,-28.26,-26.37,-36.41,-21.42,-1.16,-24,-28.68,-23.34,-28.91,6.15,31,0,11,-18,-21.35
Tennessee,Arkansas,1,2.58,-0.8,-4.38,-3.38,-2.73,9.17,1,-1.48,6,-0.46,7,-5.47,7.27,-1.03,0.66,1.48,0.2,5.85,8.86,4.18,5,3.96,-1.63,-3.64,7.86,6.51,4.63,0.66,8.74,-1,8.02,7.59,9.04,-2,-1,0.01,-0.08,5.08,2.12,1,22.04,-6.6,11.92,1,,1,-2.6,-1.18,-3.55,-0.57,-2.89,7.11,4.59,-9,-0.15,-2.83,8.52,5.03,13,34,11,2,8.61
Texas,Texas Tech,6.5,6.1,3.1,5.65,2.47,4.71,10.33,5,8.43,10,5.14,11.5,0.01,10,2.93,6.07,6.47,3.13,2.65,11.25,1.15,9.2,8.67,3.85,5.26,10.19,11.27,9.32,6,9.77,9,10.96,10.76,11.15,5,6.5,9,10.21,9.57,9.14,-1.9,-5.6,2.87,13.53,5,,6.5,2.1,5.41,0.73,7.37,-10.62,10.21,4.45,1,4.94,4.27,-7.34,3.56,43,59,11,6,9.05
Tulane,UTEP,-4,-9.27,-5.1,-6.8,-4.58,-5.28,-9.94,-4,-2.95,-9,-4.59,-11,-8.84,-3.06,-5.55,-1.27,-5.52,-4.47,-6.85,-5.78,-9.77,-8.86,1.92,-4.53,-13.09,-7.17,-4.62,-7.25,-5.1,-5.88,-3,-5.04,-4.95,-6.33,-4,-4.5,-4,-2.27,-4.76,-7.18,-4.2,0.15,-5.55,0.86,0.01,,-4,-8.4,-3.16,-0.47,-2.91,1.34,-8.28,0.7,-9,-4.83,-6.11,2.35,2.77,19,34,11,-3,-7.44
Tulsa,Houston,1,-2.25,-1,-2.1,-2.61,-2.04,1.56,1,-0.38,0.25,-3.31,3.5,-6.19,-1.79,-4.39,3.21,-0.77,-0.62,2.35,0.72,-3.65,-0.17,2.92,-2.44,-6.93,1.37,-2.14,0.39,-0.93,3.58,10,1.73,3.2,2.78,0.01,1,-1,3.8,0.69,-4.26,-2.3,-0.95,-4.93,-2.85,0.01,,1,-1.2,-0.93,-3.78,-10.4,-25.57,2.31,3.37,-2,-3.03,-2.12,-22.24,3.22,7,56,11,4,2.94
UAB,Central Florida,-20.5,-23.05,-12.1,-18.74,-20.2,-25.56,-21.02,-19,-14.19,-18,-21.35,-18,-25.16,-12.02,-15.19,-16.23,-18.51,-19.57,-6.35,-27.83,-26.43,-16.89,-5.7,-17.31,-18.77,-16.74,-14.44,-21.54,-18.71,-13.24,-20,-14.27,-14.97,-15.03,-15,-20.5,-25,-1.76,-18.71,-19.56,-2.8,-11.49,-21.64,-17.52,-12,,-20.5,-31.6,-22.48,-21.44,-24.4,-12.1,-17.92,-0.87,-23,-15.17,-20.22,-13.29,4.85,45,31,11,-17,-17.69
UCLA,Arizona St.,-7,-11.12,-8,-16.69,-6.01,-6.3,-13.73,-8,-7.64,-12,-11.27,-13.5,-8.29,-7.26,-2.3,-13.27,-9.22,-8.81,-7.55,-19.47,-15.82,-9.57,-5.7,-9.24,-10.16,-12.93,-10.28,-13.07,-9.57,-8.44,-11,-10.08,-11.5,-12.83,-3,-6,-6,-3.29,-12.62,1.45,0.5,-13.24,-12.88,4.92,-1,,-7,-11.1,-6.91,-8.22,-11.58,-18.15,-14.43,0.64,-15,-7.27,-8.98,-14.52,4.79,24,20,11,-7,-11.27
UNLV,San Diego St.,3,-2.05,-0.2,-1.5,-1.36,-0.65,-6.58,2,-1.69,-2,1.03,-0.5,2.76,-7.35,3.12,1.29,-0.02,-0.65,-0.25,-5.89,-6.87,-0.33,1.15,1.33,2.89,-4.23,-3.26,-2.62,-0.33,-2.72,2,-4.21,-3.2,-3.58,-1,2.5,-3,-1.27,-1.73,0.6,6.1,-1.71,3.17,12.15,3,,2.5,-5,2.09,6.77,4.49,-2.35,-6.17,1.86,4,2.33,2.16,-2.6,3.74,38,30,11,1,-2.07
Utah,Wyoming,13,8.62,9.3,10.38,10.41,16.07,5.54,14,12.99,7,10.92,6.5,12.11,12.6,11.4,9.25,10.52,13.36,16.85,12.47,15.5,10.42,4.34,9.79,6.99,4.92,11.96,7.46,10.38,5.51,13,6.34,5.2,6.35,16,13.5,16,8.16,10.08,14.59,5.6,16.62,10.58,16.48,7,,12.5,20.2,12.63,7.89,4.82,14.82,5.87,4.03,8,11.02,10.36,14.92,3.76,0,50,11,11,15.62
Utah St.,Boise St.,-24,-28.53,-11.2,-26.98,-18.18,-24.76,-36.73,-21,-30.4,-32,-24.69,-33,-23.5,-24.08,-23.68,-24.21,-26.03,-19.6,-25.45,-38.83,-31.14,-33.19,-13.75,-19.71,-24.3,-29.66,-23.57,-30.69,-26.98,-28.79,-29,-29.78,-29.25,-34.16,-28,-24.5,-27,-34.63,-28.28,-24.4,-19.8,-28.37,-21.94,-29.3,-23,,-24,-21,-27.01,-30.03,-23.11,-24.02,-39.77,-3.84,-28,-27.31,-24.09,-27.44,4.58,52,0,11,-26,-23.12
Vanderbilt,Kentucky,-3.5,-3.8,-1.1,-3.28,-4.92,-4.35,-1.36,-1,-4.23,-2,-4.64,-2.5,-6.19,0.05,-3.37,-1.17,-2.68,1.22,-13.55,-4.17,4.57,-6.25,-1.46,-3.12,-4.55,-1.18,-0.8,-5.32,-3,0.16,-7,-0.92,-1.41,-0.83,-3,-4,-3,-5.65,-4.11,-5.97,6,-10.37,-5.15,17.36,-1,,-3.5,0.5,-4.71,-7.62,-2.54,-15.2,0.01,2.81,-7,-2.35,-4.46,-12.18,4.44,27,20,11,-1,-0.88
Virginia Tech,Florida St.,6.5,4.3,8.2,8.53,6.25,10.66,6.69,10,8.23,7,8.66,6.5,2.69,9.4,6.94,10.22,7.83,8.1,9.95,9.22,12.41,7.49,8.75,7.75,7.65,6.54,9.63,7.46,7.65,6.93,7,5.02,6.69,8.03,13,5,9,6.28,8.15,10.59,6.1,-4.47,7.38,4.93,7,,6.5,13,6.95,5.35,1.93,-7.03,8.77,4.19,9,9.28,7.62,-6.35,2.24,21,40,11,8,9.59
Washington St.,Stanford,11,3.19,2.5,8.82,3.69,8.21,3.37,9,11.81,7,5.46,5.5,3,1.07,7.37,4.29,6.87,11.42,-1.55,5.75,3.42,3.1,3.78,6.08,8.51,2.37,0.9,3.24,6.08,4.19,10,2.15,2.86,4,12,10,11,16.21,5.07,11.32,10.4,14.99,5.63,13.56,12,,10.5,13.1,11.98,14.43,14.79,13.28,3.45,3.73,5,9.24,8.66,13.83,4.07,17,33,11,9,6.57
West Va.,Louisville,17,15.17,13.7,22.6,15.36,18.9,15.3,23,13.67,23,22.32,15.5,15.34,17.52,15.74,12.46,17.73,17.73,16.25,22.11,26.72,18.06,11.57,19.77,17.09,14.17,20.07,17.4,17.4,13.35,19,14.94,13.83,16.79,17,16.5,18,8.73,17.32,14.65,1.3,22.54,22.8,18.82,12,,17,22,18.32,20.96,23.31,24.32,15.82,5.44,21,17.19,17.79,23.66,3.46,31,38,11,18,20.39
Western Mich.,Central Mich.,-3,-9.89,-0.2,-5.6,-1.98,-8.56,-17.25,1,-7.6,-2,-0.2,-5,-3.15,-11.61,-4.96,5.59,-4.39,-12.37,-2.05,-17.39,,-11.69,-2.33,-4.44,-0.24,-12.8,-5.63,-8.35,-4.56,-8.12,-4,-6.16,-8.75,-8.46,1,-3,-8,-7.64,-8.12,3.14,3,-25.66,-4.04,11.9,3,,-3,-8.1,-3.75,2.06,-9.68,2.6,-12.22,-0.81,-1,0.18,-3.75,2.06,5.95,34,31,11,-1,-7.34
Wisconsin,Michigan,-2.5,-3.26,-0.01,-5.97,-1.31,-1.26,-3.41,8,-2.67,-1,-3.09,-1.5,-3.14,-0.84,0.46,-3.35,-1.56,-3.41,-7.95,-6.19,-5.62,-3.09,-1.99,-1.58,-1.29,-3,-4.47,-3.46,-1.58,-0.22,-6,-1.41,-2.57,-0.91,3,-3,2,-2.58,-2.97,3.02,-0.9,4.39,-1.85,-1.59,2,,-2.5,-2.6,0.7,2.59,-0.71,1.54,-3.99,1.47,-1,0.46,-0.01,3.67,3.05,21,37,11,1,-4.8
Air Force,San Diego St.,11,9.58,8.7,17.33,9.9,15.24,10.58,15,14.65,13,16.42,15,8.56,12.4,14.26,6.91,13.42,10.49,11.55,16.5,15.31,18.94,11.04,11.54,18.26,10.73,10.8,13.87,12.82,14.82,12,11.47,14.72,12.66,15,11,12,13.27,15.49,10.59,7.4,9.21,12.54,23.21,12,18,11,12.1,12.75,15.74,15.54,8.01,13.12,10.18,16,12.89,11.62,6.45,3.09,23,55,12,13,17.63
Alabama,Louisiana-Monroe,24.5,24.04,19.9,21.1,23.14,24.75,24.7,22,28.04,22,29.57,22,23.4,25.62,25.52,20.66,23.24,22.52,26.25,36.39,34.43,25.36,14.54,25.11,17.51,22.21,18.12,21.58,22.95,21.16,22,23.2,20.33,22.37,25,25,23,26.81,25.96,17.31,6.3,25.05,28.93,15.81,19,25.5,24.5,23.3,23.02,21.57,30.81,25.22,23.61,26.17,21,22.89,21.52,21.69,4.13,21,14,12,20,26.62
Arizona,Oregon,-10.5,-19.52,-12,-19.85,-16.26,-11.63,-19.3,-15,-13.33,-21,-22.43,-19.5,-20.19,-9.31,-15.05,-11.11,-15.41,-12.72,-15.95,-28.61,-18.14,-15.02,-13.07,-16.41,-15.53,-16.04,-18.52,-22.9,-15.07,-18.19,-15,-16.76,-21.42,-19.36,-4,-13,-9,-9.6,-18.5,-8.05,-8.8,-28.51,-19.31,-13.73,-8,,-11.5,-13.8,-11.58,-13.25,-15.07,-25.48,-19.84,-14.77,-20,-11.98,-13.38,-24.54,4.89,24,34,12,-12,-11.33
Arkansas,Mississippi St.,11,4.87,8.9,14.09,12.34,6.43,-3.88,8,15.28,7,6.23,2.5,12.71,2.63,16.41,6.22,7.62,2.49,10.05,-1.81,0.42,3.96,5.3,9.51,15.78,-1.05,-0.74,2.57,7.5,-0.9,15,-0.76,-0.76,-1.1,13,9.5,7,21.45,2.94,13.8,7.4,11.75,14.15,18.53,14,-0.5,11,0.4,11.45,16.84,12.29,10.17,-1.78,-1.98,18,9.58,9.58,10.69,6.38,31,45,12,9,1.48
Arkansas St.,North Texas,15.5,16.43,13.2,18.92,14.22,9.07,14.43,17,12.18,21,20.24,22.5,18.45,10.35,16.17,20.86,14.68,9.01,12.05,11.69,15.35,6.6,11.33,15.2,11.41,13.12,12.61,16.61,14.43,16.51,14,13.14,15.26,16.15,10,14,10,14.31,10.8,14.87,10.9,27.49,19.19,15.54,14,,15.5,8.5,14.04,17.13,13.45,26.34,17.26,13.33,22,13.36,13.66,24.33,3.75,27,31,12,15,16.19
Army,Tulsa,-15.5,-6.71,-2.5,-12.38,-8.54,-13.55,-7.24,-10,-20.34,-12,-11.21,-13,-6.32,-5.84,-13.89,-14.88,-12.03,-9.26,-19.45,-16.19,-22.55,-17.72,-5.19,-8.14,-8.39,-4.78,-11.43,-13,-12,-7.99,-19,-9.15,-11.18,-9.37,-12,-14.5,-14,-19.65,-12.75,-15.03,-11,4.51,-11.09,-11.52,-12,-12,-14.5,-18,-16.51,-21.03,-9.22,-18.88,-6.82,-5.85,-16,-12.65,-13.74,-20.04,4.28,49,39,12,-13,-9.52
Ball St.,Toledo,7,11.2,10,8.21,9.54,3.39,8.86,12,5.49,16,11.91,13.5,13.67,9.41,13.15,6.34,8.64,9.65,3.95,12.14,-0.11,6.62,8.6,11.59,7.34,7.36,6.78,8.36,8.6,10.12,8,6.22,6.69,9.75,9,5.5,8,11.05,8.71,2.92,3,8.98,11.07,3.99,3,,7,2.5,7.34,9.67,14.15,-2.72,6.05,9.65,8,11.18,7.34,7.28,3.93,20,41,12,6,19.69
Baylor,Oklahoma St.,-14,-15.44,-13.5,-19.95,-16.27,-18.35,-10.94,-13,-14.16,-14,-17.83,-13.5,-20.12,-11.82,-15.74,-10.53,-15.39,-11.84,-20.85,-22,-24.93,-8.98,-1.69,-14.74,-15.48,-8.61,-11.65,-14.7,-15.22,-8.61,-18,-8.94,-9.19,-9.44,-17,-15,-22,-3.94,-14.69,-19.17,-9.2,-22.6,-19.97,-20.78,-14,-15,-14,-19.1,-18.01,-17.02,-25.26,-22.08,-10.89,-6.85,-21,-20.21,-16.2,-27.93,4.28,45,14,12,-11,-14.07
Boise St.,Idaho,34.5,32.98,22.4,31.9,29.2,36.36,35.42,38,39.47,39,37.76,39.5,32.1,32.98,37.39,37.55,35.7,31.32,42.35,45.94,42.4,34.94,18.49,32.65,36.11,31.57,41.31,37.76,36.58,39.53,36,33.75,38.24,38.18,39,33,37,36.85,35.93,36.57,12.7,31.12,37.15,39.96,29,39,34.5,35.6,36.58,38.23,35.73,23.33,36.31,45.63,39,37.3,34.91,26.16,3.61,14,58,12,33,35.47
Buffalo,Bowling Green,-1,-0.97,3.5,2.83,1.52,2.19,-2.33,1,1.88,-0.25,3.89,-3,0.34,3.92,5.2,-1.77,1.03,2.48,3.65,-2.94,5.52,0.14,1.16,1.88,7.01,-0.23,-0.62,-3.57,1,-2.16,2,-1.32,-3.8,-2.32,0.01,0,1,-2.7,-0.87,2.09,-0.9,-4.04,6.5,4.9,-2,-2,-1,4.3,0.11,0.33,0.99,15.22,-1.54,1.92,2,2.16,0.87,13.31,2.68,31,17,12,-1,-1.46
Central Mich.,Eastern Mich.,14,17.77,8.6,11.19,13.3,16.61,22.33,13,16.88,18,17.02,19.5,13.67,19.61,21.48,15.08,16.03,17.91,9.15,25.81,21,18.66,8.94,16.19,9.01,20.34,18.92,19.19,16.39,21.61,15,17.19,21.21,18.75,13,13,15,19.57,19.43,11.83,10.8,16.41,15.73,12.74,12,20.5,14,16.6,13.68,13.04,21.56,22.16,22.12,22.06,12,13.79,13.93,14.43,3.60,48,45,12,14,19.16
Cincinnati,West Va.,-6,-1.94,2,-4.6,-0.51,-4.86,-2.35,-1,-7.39,0.25,-2.07,4,-1.41,3.29,-2.85,-1.96,-2.84,-2.43,-3.75,-0.28,-12.33,-5.45,-6.1,-1.39,-3.12,-0.59,-3.45,-2.76,-2.75,-0.01,-4,-0.48,0.01,-0.01,-4,-6.5,-6,-8.65,0.91,-6.27,-2,-7.36,-2.74,-4.14,-4,1,-5,-2.2,-6.76,-7.78,-9.14,-3.41,-1.65,-0.76,-1,-4.33,-4.29,-5.87,3.02,28,23,12,-2,-3.39
Clemson,Boston College,8.5,6.51,8,8.85,7.34,12.14,2.7,11,11.22,8,9.25,5.5,9.84,3.62,5.52,12.57,8.04,7.54,15.95,4.94,1.27,3.69,4.5,9.07,9.1,4.65,10.74,4.53,8,3.87,7,3.71,4,4.14,12,6,8,2.75,5.91,7.68,4,10.99,11.89,8.96,5,3,8.5,17.6,9.11,11.83,9.97,12,3.4,3.66,12,11.59,8.85,12.77,3.66,20,17,12,8,7.29
Connecticut,Syracuse,18.5,24.24,21.8,35.42,23.13,21.37,23.2,30,17.55,24,28.91,25,25.3,23.7,24.93,12.44,24.35,19.67,22.85,38.42,28.85,24.78,12.29,24.81,24.28,21.96,24.74,29.21,24.34,25.01,20,24.39,28.05,27.86,24,18,25,13.14,30.27,19.08,7.4,26.11,27.7,26.72,19,29,19.5,22.7,23.74,27.73,19.91,25.88,26.47,19.52,33,19.86,22.96,24.26,4.57,7,30,12,23,28.28
Florida,Florida Atlantic,34.5,29.94,24.4,27.89,29.4,33.13,25.03,29,39.17,33,35.77,32,35.54,27.73,38.23,38.2,30.7,28.08,38.35,39.39,35.57,21.06,15.07,30.92,25.51,22.39,25.66,25.32,30.92,21.34,36,21.39,21.41,22.69,37,34,36,41.61,28.01,25.32,19.9,12.44,36.63,39.96,26,31.5,34.5,34.3,34.65,33.44,50.83,36.66,25.92,23.5,28,35.98,31.67,39.38,5.75,20,59,12,26,30.92
Florida Intl.,Louisiana-Lafaye,-3.5,-2.68,-2.9,-14.41,-0.94,-6.45,-5.87,7,-7.34,-8,-1.8,-14,0.44,-4,-3.89,-2.48,-3.57,-2.64,-1.05,-1.28,0.49,-0.01,-2.62,-1.27,-0.83,-4.35,-4.73,-3.38,-3.33,-3.88,-8,-0.34,-1.72,-0.82,-2,-4.5,-7,-15.49,1.32,-7.98,-1.2,4.46,-3.28,1.46,-2,-4.5,-3.5,-6.2,-5.66,-5.48,3.18,0.04,-12.61,-9.61,-9,-3.69,-5.44,3.96,3.87,38,28,12,-5,-2.99
Florida St.,Maryland,7.5,6.18,4,7.93,4.83,4.82,7.17,8,5.86,7,5.8,9,5.38,5.01,6.38,2.42,6.57,6.57,4.45,9.69,3.57,5.79,3.39,5.09,5.92,6.9,7.59,6.59,6.58,10.35,7,9.16,7.4,9.26,7,7.5,5,7.18,8.64,4.72,4.9,-5.92,4.79,7.76,9,9.5,7.5,6.1,6.98,8.45,8.63,-5.53,5.16,7.42,4,6.06,6.59,-8.04,1.91,16,24,12,8,11.07
Georgia,Kentucky,7.5,5.32,4.4,7.8,5.68,12.22,7.44,10,8.35,13,5.82,11.5,3.53,11.61,8.17,5.46,8.23,9.69,9.45,9.25,0.4,9.13,5.3,8.35,5.81,8.23,11.69,6.3,8.37,11.12,10,8.53,8.82,9.67,12,8,11,3.58,8.4,5.79,7.4,9.43,9.17,5.02,6,10.5,7.5,16.2,8.38,6.14,6.07,13.86,7.54,7.7,5,8.3,8.54,9.99,2.84,13,24,12,9,8.67
Georgia Tech,North Carolina,9.5,8.93,7.8,15.37,7.36,10.97,10.34,14,13.05,13,14.7,12,7.56,9.48,12.96,11.86,11.84,8.59,10.85,16.86,13.1,15.49,7.24,10.51,12.84,10.46,12.94,11.31,12,12.96,12,13.07,12.57,13.75,15,10,8,19.01,15.69,18.68,9.3,14.9,10.74,15.52,15,11.5,9.5,8,10.05,12.16,5.34,11.9,9.67,10.95,15,11.21,10.48,14.06,2.66,25,27,12,13,15.21
Houston,Marshall,12,10.94,6.7,16.18,12.83,6.07,11.84,21,9.86,20,12.84,19,10.06,13.75,13.54,1.3,12.08,4.69,4.75,18.61,6.8,18.35,12,10.05,10.81,11.19,12.39,16.52,11.99,18.81,8,16.36,16.94,17.62,10,11.5,5,15.64,15.04,11.79,10,12.24,10.18,16.01,14,7,12,1.2,11.98,19.44,12.01,10.24,10.75,8.68,13,11.05,10.51,9.38,5.08,28,35,12,15,15.79
Illinois,Northwestern,13.5,16.88,16.4,23.39,16.74,17.99,17.25,23,15.31,18,21.29,20,16.6,16.35,15.84,13.61,17.82,18.61,21.05,29.83,21.76,13.91,6.39,21.37,17.11,15.81,17.02,16.9,17.17,17.86,16,14.75,16.84,17.23,20,13.5,19,7.98,21.46,13.86,-0.1,-0.19,23.91,10.02,10,21,14.5,24.7,16.3,16.41,22.66,16.87,18.42,16.5,19,18.03,16.39,10.53,4.11,22,41,12,13,25.07
Indiana,Purdue,-2,-2.98,-1.6,-3.1,-3.7,-2.19,-2,1,-7.24,0.25,-3.52,0.01,-4.14,-2.66,-1.13,-1.83,-1.61,0.98,-3.55,-7.31,3.09,-0.13,2.5,-0.91,-2.26,-1.16,-2.2,-3.79,-2.03,-0.35,-6,-1.53,-2.05,-0.33,-1,-2,0.01,-8.14,-3.13,-5.83,-4.7,-0.91,-2.06,18.36,-3,-1,-2,-0.7,-2.45,-4.86,-9.5,0.23,-3.03,0.14,-2,-3.44,-2.86,-0.94,3.91,24,27,12,1,1.06
Iowa,Western Mich.,14,15.67,10.8,18.1,11.39,15.72,19.55,15,18.51,13,15.62,14.5,11.79,21.75,13.99,14.99,15.35,15.14,15.55,26.19,21.46,20.89,14.56,13.04,10.58,19.3,15.96,16.2,15.34,18.02,17,18.87,17.65,18.56,12,14,18,19.24,18.4,7.23,2.7,26.99,14.08,13.23,11,16,14,13,15.57,14.21,16.17,15.45,18.08,19.67,9,10.4,15.08,16.76,3.63,28,19,12,12,23.14
Kansas,Iowa St.,27,32.57,24.9,38.39,26.39,20.78,31.56,40,21.12,34,34.49,34,33.59,30.68,30.72,25.56,29.53,22.29,26.25,41.06,32.83,26.25,17.81,28.64,27.17,26.72,34.35,31.34,30.34,31.87,33,29.28,31.65,34.57,29,25.5,21,16.79,31.88,27.13,7.9,40.21,33.99,41.4,21,34.5,27,19.8,25.96,29.88,19.9,37.82,32.94,28.83,39,26.92,28.36,37.85,5.43,7,45,12,30,31.99
Kansas St.,Missouri,-7,-9.32,-2.9,-9.86,-2.93,-16.38,-14.3,-9,-15.09,-13,-12.77,-15.5,-3.9,-8.95,-5.28,-10.56,-11.11,-13.11,-17.75,-21.06,-27.91,-10.94,-9.45,-11.67,-4.27,-11,-12.05,-13.3,-11.47,-13.38,-10,-12.29,-13.9,-13.1,-12,-8,-12,-7.27,-13.05,-7.83,-5.9,-7.94,-12.71,-11.27,-6,-16,-7.5,-19.4,-8.41,-6.23,-4.85,-9.68,-14.9,-11.93,-12,-9.24,-6.7,-10.1,4.63,49,32,12,-7,-10.62
Louisiana Tech,San Jose St.,5.5,4.67,4.5,2.56,5.55,0.21,3.3,6,-1.73,5,5.07,5.5,6.08,4.75,6.17,-3.93,3.89,4.82,1.05,6.06,-2.14,-1.86,4.08,6.47,4.05,4.83,5.27,5.2,4.71,4.4,3,4.48,4.4,4.89,0.01,6,-1,-3.01,5.09,-0.26,2.5,24.27,7.37,9.61,5,3.5,5.5,-0.1,4.49,8.48,9.04,16.88,5.49,2.85,6,1.17,4.38,21.05,3.09,23,27,12,5,5.27
Memphis,UAB,11,10.92,6.2,14.37,8.79,12.72,10.86,14,6.86,12,14.05,12.5,10.97,11.45,4.95,9.33,11.92,10.64,13.55,11.5,19.56,15.81,10.21,9.45,10.18,10.48,12.34,10.5,12,12.8,12,8.39,12.58,10.97,14,11.5,16,-0.9,10.79,12.62,1.8,11.6,10.47,14.48,12,14,11,16,13.99,14.96,16.99,7.95,11.92,11.6,13,8.9,12.08,9.37,2.77,9,25,12,15,8.08
Miami (Ohio),Akron,7,6.67,4,6.91,6.14,10.78,7.98,9,5.02,6,7.73,7.5,5.46,8.71,2.9,9.22,7.52,9.03,11.45,10.47,19.8,3.77,6.33,6.67,3.67,8.02,8.02,6.18,7.15,8.37,11,7.55,7.37,8.54,8,9,6,-1.39,7.9,3.1,3,10.47,7.05,6.39,7,,7,13.3,3.67,9.6,9.67,8.66,7.77,8.86,4,5.31,3.67,10.44,3.14,0,7,12,7,14.87
Michigan,Ohio St.,-4,-5.84,-6.1,-8.47,-6.83,-6.34,-3.41,-11,-6.83,-8,-7.69,-9,-8.67,-4.11,-8.74,-3.4,-5.16,-4.03,-9.05,-4.61,1.24,-8.62,-1,-5.06,-7.24,-1.57,-5.55,-5.3,-5.4,-0.29,-1,-2.58,-2.66,-3.72,-4,-3,-3,-6.73,-2.25,-6.11,-9.9,-13.94,-7.67,1.96,-2,-5.5,-4,-5.9,-4.53,-6.6,-2.62,-10.92,-3.07,2.41,-11,-8.15,-4.38,-14.58,2.94,14,3,12,-4,-3.56
Michigan St.,Penn St.,-2.5,-3.62,-2.3,-4.75,-1.06,-0.98,-5.39,1,-1.97,-4,-2.42,-4,-1.51,-0.66,-0.84,-4.68,-2.18,0.43,-0.55,-8.75,3.06,-3.18,1.18,-2.39,-2.59,-3.21,-7.11,-3.5,-2.64,-3.4,-5,-3,-3.83,-3.6,1,-2.5,1,-6.86,-4.35,-4.85,2.6,-2.63,-3.91,3.46,-2,-4,-2.5,2.6,-0.66,0.01,0.72,-6.5,-5.47,-3.79,-4,-5.02,-2.73,-4.17,2.62,31,35,12,-1,-2.68
Minnesota,Wisconsin,-13.5,-17.54,-6,-23.85,-12.88,-18.29,-21.96,-25,-14.84,-21,-18.92,-22.5,-13.15,-19.5,-11.21,-11.46,-17.3,-13.66,-18.55,-34.92,-19.39,-20.03,-10.29,-13.71,-16.68,-17.99,-12.15,-21.6,-17.49,-19.17,-15,-22.98,-24.19,-24.43,-12,-13.5,-18,-9.56,-23.35,-15.79,-8.3,-8.86,-15.84,-16.71,-12,-22,-14,-17.5,-17.48,-20.43,-15.7,-6.06,-25.5,-18.66,-15,-15.06,-14.26,-1.02,4.65,41,34,12,-17,-17.9
Mississippi,LSU,-18.5,-25.63,-14.8,-39.18,-21.09,-22.79,-26.41,-21,-26.07,-23,-27.48,-27,-24.84,-21.6,-26.82,-28.09,-24.39,-17.28,-29.35,-34.58,-28.98,-31.83,-15.09,-21.03,-27.9,-20.84,-19.26,-26.62,-24.56,-23.06,-22,-19.42,-25.08,-24.28,-21,-18,-24,-27.86,-24.24,-27.07,-10.3,-16.42,-24.92,-7.58,-22,-31.5,-19.5,-25,-25.54,-34.11,-32.98,-14.15,-24.63,-20.05,-28,-23.78,-22.11,-21.84,5.25,41,24,12,-21,-23.05
Navy,Northern Ill.,16,18.19,12.9,15.21,13.44,18.65,22.63,20,21.06,31,20.02,28.5,13.93,16.33,12.94,12.73,18.94,17.06,18.75,25.92,23.79,23.96,10.24,19.32,13.87,21.01,19.89,21.28,19.08,23.06,16,21.46,24.46,24.38,19,15.5,16,16.18,19.67,8.98,3.5,22.11,20.5,19.61,13,27,16,17.3,16.33,17.48,24.52,24.36,24.2,25.71,17,19.15,16.3,21.32,4.50,24,35,12,18,22.22
Nevada,Hawaii,-6.5,-13.63,-6.5,-5.72,-6.94,-9.19,-15.35,-9,-7.99,-20,-14.33,-13.5,-11.87,-11.6,-5.6,-4.96,-10.31,-6.32,-12.75,-23.31,-11.68,-10.32,-0.56,-10.15,-7.21,-9.36,-11.03,-11.99,-10.08,-14.59,-8,-11.59,-11.04,-13.65,-8,-11.5,-15,-4.48,-14.24,-8.76,-9.3,-8.8,-12.48,-6.45,-8,-13.5,-7,-7.4,-11.17,-7.33,-7.28,-9.23,-19.21,-27.84,-21,-7.19,-9.57,-10.42,3.77,28,26,12,-10,-8.8
New Mexico St.,Utah St.,8.5,7.63,-1.3,10.35,1.62,2.64,16.6,6,6.31,17,0.52,17.5,0.46,12.34,5.95,0.17,7.58,4.67,-1.75,7.42,0.58,14.22,9.68,2.64,3.45,12.76,10.81,9.39,6.8,20.84,6,13.07,15.01,18.25,10,9.5,5,12.06,7.69,4.94,5,-5.07,0.26,6.92,12,14,8.5,-1,8.18,10.05,3.18,-1.27,25.34,19.76,4,5.09,6.68,-6.95,5.86,35,17,12,12,12.75
Notre Dame,Duke,6,2.09,1.4,3.26,1.98,8.38,0.7,3,17.02,3,6.76,1.5,3.45,6,4.41,9.31,5.59,3.05,8.95,2.22,12.75,22.67,4.05,2.58,6.65,3.4,4.21,1.78,4.02,2.6,2,3.99,3.54,3.05,10,5,8,22.33,4.04,14.76,2.5,-4.73,2.4,5.07,9,1.5,6,7.8,7.75,9.24,8.13,-5.06,3.45,2.37,2,8.86,5.14,-1.85,4.70,7,28,12,3,1.02
Rice,Tulane,3,3.56,3.6,-0.01,0.34,5.08,5.33,1,3.37,5,0.31,5,1.87,1.86,6.97,0.01,2.79,3.53,3.35,3.94,-0.9,3.58,-0.93,3.26,5.29,5.61,3.23,0.59,3.25,9.82,1,2.03,2.16,3.67,7,2,4,2.91,3.76,6.74,0.3,4.86,1.57,-5.66,4,8,3,6.7,1.86,-0.41,-1.51,4.12,6.51,9.54,-1,5.25,2.24,2.68,2.90,45,31,12,2,2.08
Rutgers,Pittsburgh,12.5,11.07,9.8,13.19,11.99,12.4,9.29,14,7.74,13,15.65,12,13.25,12.74,11.19,8.67,12.51,9.63,14.95,17.22,13.97,17.12,7.95,12.52,14.58,9.52,11.48,11.68,12.63,10.12,14,9.86,11.48,11.3,14,13.5,16,9.68,14.52,14.79,1.2,24.75,12.8,5.54,14,9,12.5,14.2,15.33,18.48,18.43,19.09,10.59,8.55,14,12.43,13.54,23.17,2.70,16,20,12,12,11.08
SMU,Central Florida,-12.5,-25.52,-10.9,-16.89,-16.56,-14.98,-31.2,-19,-6.35,-25,-20.25,-30,-20.98,-14.96,-9.94,-6.92,-17.25,-17.31,-12.45,-32.58,-20.45,-16.94,-10.28,-17.34,-13.23,-24.12,-15.46,-27.53,-16.73,-29.51,-15,-23.4,-28.16,-28.27,-8,-13,-14,0.05,-20.86,-4.78,-0.6,-19.43,-18.34,1.9,-6,-30.5,-13,-12.7,-13.82,-14.46,-22.52,-15,-31.89,-24.5,-15,-11.01,-13.8,-16.52,7.95,49,20,12,-14,-22
South Florida,Louisville,8.5,10.7,9.3,16.17,9.41,5.69,11.45,12,1.28,15,15.98,13.5,9.83,10.33,9.06,3.45,10.03,6.84,8.45,17.89,2.36,6.76,4.26,13.07,14.36,11.69,11.64,12.18,10.52,12.48,6,12.02,14.81,12.87,7,7,3,-2.72,13.72,4.26,4.1,4.47,14.75,14.55,1,13,8.5,6,6.62,9.87,18.69,9.7,13.22,10.04,12,6.9,7.8,5.62,4.42,17,55,12,10,14.68
TCU,UNLV,18,14.69,12.8,17.56,15.43,24.09,16.87,19,27.37,14,20.35,15.5,12.65,15.85,22.71,19.94,18.06,15.94,25.55,21.58,30.85,21.71,12.2,15.97,15.68,14.54,16.02,15.59,16.74,16.41,18,15.73,16.6,16.95,29,17,21,27.95,17.74,24.31,22.3,22.56,16.36,13.35,17,18,18,25.4,18.19,15.58,12.64,18.06,19.6,16.93,15,20.13,16.9,22.12,4.41,10,34,12,14,19.23
Temple,Kent,1,1,-0.2,2.06,-2.23,2.69,1.32,4,-3.45,1,0.9,2,0.64,8.56,-6.05,-4.7,1.33,2.93,4.45,0.47,10.18,4.24,7.07,0.87,-0.56,3.81,5.27,1.84,1.16,3.47,-3,3.08,3.33,4.36,-3,-2.5,6,-10.92,3.04,-4.8,-2.4,-11.7,-0.01,10.92,-6,0.5,1,5.8,-0.14,-6.42,-5.08,-14.1,1.56,5,1,-4.54,0.28,-11.25,4.08,14,24,12,2,5.02
Tennessee,Vanderbilt,12,9.99,7.5,10.52,8.84,16.42,11,16,17.6,13,11.46,13,9.16,9.41,13.41,10.14,12.1,11.27,17.45,16.97,8.33,14.89,10.24,11.59,7,10.8,12.37,12.73,11.98,10.45,13,11.95,13.45,14.36,16,12,15,16.49,15.36,15.79,8.6,28.3,12.28,8.55,10,13.5,12,16.2,12.12,9.35,5.09,30.45,9.7,11.77,12,13.28,11.54,27.58,2.65,24,25,12,11,15.18
Texas Tech,Oklahoma,-7.5,-11.1,-6.8,-9.6,-7.62,-10.32,-13.51,-6,-7.91,-13,-13.87,-13,-7.72,-9.45,-4.35,-7.34,-8.72,-9.78,-9.95,-17.61,-12.44,-9.38,-11.21,-7.39,-5.75,-9.95,-12.97,-13.22,-9.69,-9.17,-12,-10.4,-10.9,-11.31,-4,-9,-7,-6.42,-9.91,-8.93,2.9,-18.48,-10.79,9.38,1,-12.5,-7.5,-9.8,-5.02,0.44,-6.38,-5.49,-13.78,-10.27,-11,-6.49,-7.81,-5.39,4.73,27,34,12,-6,-13.72
UTEP,Southern Miss.,-3,-2.93,0.3,0.33,-3.17,-6.06,-2.64,1,-4.28,0.25,-1.87,-1,-3.36,1.77,-2.35,-2.47,-1.87,-2.87,-4.35,-5.75,3.7,3.23,-1.77,-2.65,-1.48,-0.98,-2.81,-2.66,-2.19,2.29,1,-0.69,-1.97,-0.49,-3,-3,-4,-4.76,-1.95,-3.76,-7.8,-4.43,-3.56,2.46,-3,-2,-3,-4.5,-3.56,-3.18,-5.71,-5.01,-3.53,-0.85,-1,-6.34,-2.03,-7.44,2.35,56,30,12,-1,-0.46
Utah,New Mexico,15,8.32,10.4,11.85,11.43,17.76,5.02,15,16.18,8,11.98,6,12.19,6.82,13.6,22.36,12.02,12.66,21.35,9.47,12.39,4.88,3.48,13.07,14.98,6.54,11.79,6.77,12.1,3.43,12,5.46,4.6,5.3,17,14.5,15,9.31,9.36,13.99,8.4,17.93,16.71,32.38,10,4.5,15,21,14.07,12.7,14.39,20.99,5.78,5.18,11,14.45,12.73,24.17,5.80,10,28,12,11,14.12
Virginia Tech,Miami (Fla.),16.5,18.12,16.5,22.96,15,24.02,18.75,20,20.84,16,20.33,18,17.82,18.3,16.35,22.38,19.36,19.7,23.55,28.75,24.87,18.75,13.88,18.32,27.41,17.13,20.95,19.21,18.86,18.62,19,16.22,18.87,20.5,23,16.5,20,12.56,22.37,18.85,8.6,6.3,19.5,17.3,13,21.5,17,27.9,18.04,17.11,13.44,6.12,19.73,16.49,20,19.94,18.43,6.01,3.23,14,44,12,16,22.1
Wake Forest,NC St.,6,5.34,5.9,14.49,5.68,6.98,5.93,11,8.96,9,8.69,8.5,4.88,7.11,6.59,1.25,7.64,6.63,7.25,10.33,1.99,14.93,4.73,8.84,8.16,6.15,5.95,7.02,7.31,7.36,9,7.97,6.65,7.41,10,6.5,4,10.51,9.11,14.18,2.9,11.46,8.8,13.26,7,8,6,6.3,5.56,6.68,4.83,12.07,5.25,7.06,8,8.55,6.26,13.08,2.89,18,38,12,8,9.38
Washington,California,-7,-4.42,0.5,-11.01,-2.09,-3.12,-6.41,-2,-5.18,-5,-5.27,-5.5,-2.09,-1.19,-5.79,2.31,-3.89,-0.88,-3.35,-14,0.43,-3,0.76,-1.94,-4.6,-4.83,-2.8,-7.44,-4.18,-4.23,-10,-6.84,-7.75,-6.67,-2,-7,-1,-8.27,-8.54,-7.61,-6.4,5.06,-1.98,1.94,-5,-6.5,-6.5,-1,-4.14,-4.42,-5.91,3.71,-6.98,-3.37,-4,-1.06,-4.12,1.69,3.29,23,37,12,-5,-4.46
Washington St.,Oregon St.,3,-3.76,-0.2,-3.84,-1.95,-2.39,-4.01,1,1.44,-3,-1.56,-4,-3.51,-3.52,0.49,-2.05,-1.92,1.89,-1.35,-10.47,-2.83,-5.48,1.58,-1.42,1.55,-2.05,-4.37,-4.44,-2.05,-5.05,5,-3.42,-4.64,-3.41,-2,0,-2,1.23,-5.76,-3.99,3.5,20.74,-1.91,-3.61,-1,-4.5,2,0.8,0.24,0.72,1.58,18.22,-3.76,-1.23,-3,-1.58,0.19,19.04,2.68,52,17,12,1,-5.23
Wyoming,BYU,-10,-7.98,-5.9,-8.88,-9.64,-19.24,-5.27,-7,-19.32,-7,-9.33,-4.5,-10.86,-5.1,-9.83,-14.92,-10,-7.92,-21.35,-15.75,-20.51,-8.58,-2.08,-8.05,-7.19,-3.62,-6.3,-7.93,-9.18,-3.16,-15,-6,-6.24,-5.58,-18,-11.5,-13,-15.26,-10.39,-13.4,-6.5,3.25,-9.03,-10.75,-6,-10,-10,-15.9,-11.96,-12.38,-8.08,6.34,-6.65,-2.31,-10,-16.06,-10.51,-0.06,4.69,35,10,12,-9,-10.98
Akron,Central Mich.,-2.5,-3.74,0.5,-3.68,-3.16,-9.85,-3.71,4,-8.62,0.25,-1.63,-4,-3.81,1.32,-5.46,-0.62,-2.52,-4.71,-2.15,-7.66,1.96,-5.08,-1.69,-3.46,-1.41,-1.66,-4.27,-3.81,-3.08,-1.58,-7,-1.74,-3.55,-1.48,-5,-2.5,-1,-5.92,-3.76,-3.28,1.7,-11.06,-4.33,12.4,-1,-5.5,-2.5,-3.1,-1.45,-0.86,-3.05,4.52,-5.35,-3.08,-3,-4.68,-2.52,0.46,3.63,35,32,13,-1,-0.95
Arizona St.,USC,-3,4.78,5.5,7.2,5.3,-1.84,7.87,5,-4.51,7,5.61,7.5,1.43,9.6,0.22,2.78,3.68,1.84,-1.75,6.88,4.07,5.27,3.3,5.34,3.04,8.86,7.22,7.88,4.72,9.32,-1,7.48,10.03,9.74,-2,-3,-2,-6.19,6.14,-6.79,-1.6,2.08,4.66,2.71,-1,6,-2,-2.7,-0.81,2.57,7.35,-0.64,9.59,8.04,5,-0.78,-0.81,0.71,4.23,44,24,13,3,7.42
Auburn,Alabama,5.5,7.2,5.4,5.55,6.15,7.66,7.51,10,9.61,7,7.68,8,6.88,6.77,5.57,10.71,7.73,7.74,4.75,12.31,,11.7,4.13,8.26,5.43,8.52,11.45,6.52,7.66,8.5,5,7.41,8,8.88,12,6,11,10.77,9.74,8.84,2.3,7.05,9.05,7.12,6,7.5,6,7,8.33,7.98,4.24,11.78,8.93,7.29,7,7.04,7.81,12.19,1.89,10,17,13,7,9.03
BYU,Utah,4.5,3.14,1.1,0.37,3.63,3.72,5.58,4,7.12,4,4.03,3.5,0.01,4.51,6.68,3.16,4.38,3.1,0.15,7.94,,5.21,4.72,4.39,2.8,6.7,-0.42,5.45,4.39,7.85,5,5.95,7.47,8.08,7,4,1,15.12,6.34,2.55,9.1,17.57,3.31,-7.42,7,9.5,4.5,2.9,5.3,10.41,9.35,18.98,7.52,6.05,4,4.69,3.6,18.67,3.19,10,17,13,8,4.65
Boston College,Miami (Fla.),14.5,17.95,13.6,23.39,14.49,16.88,19.21,21,17.67,18,18.92,21,17.23,11.44,15.8,18.05,18.36,15.11,19.95,28.66,,15.9,13.84,18.11,21.81,16.93,17.45,21.02,18.05,21.5,18,18.38,22.12,21.57,18,14.5,19,12.1,22.95,15.29,9.2,6.38,18.87,19.78,13,23,15.5,19.2,17.98,20.43,21.69,12,22.14,15.99,20,18.02,17.16,11,3.07,14,28,13,18,15.79
Bowling Green,Toledo,6.5,9.69,6.2,6.99,7.97,4.31,10.83,13,-0.27,17,6.32,17,8.63,5.28,7.17,6.24,7.58,9.74,3.35,13.91,3.53,6.21,6.82,8.07,2.58,9.3,8.85,11.89,6.93,13.55,5,9.79,12.41,13.67,4,6,9,0.38,11.14,1.28,5.9,7.83,4.85,0.54,3,14,6.5,8.7,6.86,5.57,4.71,13.42,8.61,9.24,6,3.17,6.85,15.98,4.15,10,37,13,8,10.79
Central Florida,UTEP,19,22.86,13.9,16.37,20.23,25.35,24.84,27,15.27,28,22.39,28,20.93,13.62,18.83,12.68,20.75,23.26,22.05,34.47,,15.01,8.63,21.38,16.05,21.26,23.48,23.99,21.38,24.65,18,21.18,23.72,22.86,19,18,24,4.98,24.52,14.9,6.8,29.71,22.73,20.46,12,23,19,30.1,21.5,22.5,26.9,39.74,27.79,21.46,17,21.01,20.15,40.87,4.71,20,36,13,17,20.23
Colorado,Nebraska,3.5,2.77,2.5,3.9,5.23,2.85,2.69,8,-3.65,4,2.64,3.5,2.84,1.02,2.8,-2.59,2.37,4.8,-1.65,1.13,-2.39,-0.56,4.38,3.42,-0.22,2.76,5.36,2.88,2.85,4.38,2,1.96,2.41,2.83,4,6,0.01,-6.52,2.92,-6.44,3.8,13.23,3,2.52,3,4,3.5,1.6,3.54,5.12,2.92,6.98,1.7,4.36,3,-0.82,3.25,10.68,2.69,51,65,13,5,4.4
Colorado St.,Wyoming,3.5,-2.67,4.8,-0.51,3.2,5.24,-7.51,1,6.01,-2,3.17,-6,2.27,0.25,3.72,6.76,0.77,3.88,7.55,-9.59,8.19,-7.24,-1.13,1.96,1.67,-4.85,-0.01,-5.96,1.98,-8.57,5,-7.89,-8.4,-7.87,10,3,6,0.72,-4.45,4.71,-0.2,-0.35,4.27,1.89,2,-9.5,3.5,5.8,3.99,2.96,2.95,-7.27,-6.49,-6.9,1,2.47,3.71,-3.3,5.45,28,36,13,1,0.53
East Carolina,Tulane,12,17.11,12.6,14.28,12.95,8.3,18.66,15,9.37,17,15.4,17.5,15.58,13.26,16.67,8.89,12.95,8.38,10.75,20.81,,13.68,7.24,13.99,17.73,16.29,14.94,16.48,13.26,18.65,12,14.96,17.09,17.06,10,12,4,13.89,16.6,12.17,1.8,25.84,14.28,4.72,11,18,12,4.6,8.69,10.07,12.4,19.21,19.56,15.98,10,14.67,11.1,20.81,4.09,12,35,13,9,12.66
Florida,Florida St.,14,12.2,12.5,15.96,16.17,14.23,7.71,17,14.83,16,20.81,14,17.25,6.46,18.73,19.34,14.17,9.88,16.15,12.91,,6.47,10.21,17.43,13.24,9.43,13.94,12.83,14.14,8.94,16,9.23,11.4,10.53,14,13.5,13,14.81,11.91,15.31,6.9,2.39,21.36,14.14,12,13,14,14.2,15.61,19.83,20.49,12.4,10.18,6.8,18,16.73,14.88,17.74,3.94,12,45,13,12,8.41
Florida Intl.,Florida Atlantic,-11.5,-14.14,-7.3,-23.57,-9.31,-13.03,-21.14,-11,-10.74,-21,-12.98,-19,-7.63,-5.67,-10.61,-11.22,-12.48,-7.75,-7.75,-16.47,,-13.61,-9.66,-13.58,-10.68,-14.9,-14.51,-16.3,-12.34,-20.56,-9,-14.88,-16.5,-17.65,-8,-11.5,-10,-14.99,-9.38,-14.54,0.6,-1.71,-12.38,-8.82,-8,-13,-11.5,-7.2,-12.34,-15.53,-7.64,-0.79,-29.03,-20.86,-15,-12.01,-11.31,-5.05,4.29,55,23,13,-13,-8.7
Fresno St.,Kansas St.,-1,-3.66,-2.8,-3.76,-7.55,-1.9,-1.01,1,-6.38,3,-6.74,0.01,-7.06,1.81,-0.01,-2.3,-0.52,-0.92,0.25,-3.19,,2.04,4.1,-3.65,0.01,1.03,1.08,0.98,0,4.33,1,1.33,5.96,4.91,0.01,1.5,3,-8.84,2.3,0.53,-3.4,2.37,-6.83,14.9,-3,5.5,-1,5.9,-1.2,-5.39,-18.75,3.58,1.72,-0.46,2,-1.63,-0.52,4.6,4.56,29,45,13,4,-1.83
Georgia Tech,Georgia,-3.5,-6.25,-2.3,-4.29,-8.07,-10.2,-7.38,-7,-3.69,-5,-5.78,-7.5,-5.51,-0.98,-8.34,-4.33,-5.61,-6.6,-7.95,-10.81,,-5.88,-7.42,-7.49,-0.52,-5.85,-6.5,-8.86,-6,-6.43,-1,-7.68,-8.27,-8.53,-6,-3.5,-8,4.69,-7.28,-1.66,-2.4,-9.5,-10.61,0.22,3,-11,-4,-11.1,-3.9,-0.19,-3.2,-6.91,-7.9,-3.34,-4,-5.14,-3.58,-2.93,3.45,31,17,13,-1,-2.83
Hawaii,Boise St.,2.5,0.79,-2.7,-3.33,-4.71,-3.84,6.91,1,-5.48,4,-5.73,0.01,-5.84,7.67,0.48,1.69,-0.92,-2.84,-7.25,3.56,-8.79,0.37,2.8,-2.26,-4.02,5.97,-3.92,-0.01,-1.79,6.1,-2,4.48,4.72,6.44,-1,5.5,-2,-1.47,2.2,-3.71,2.3,5.16,-6.25,-5.05,3,5,2,-5.2,-0.13,-2.38,-7.77,-1.38,12.99,16.61,-3,-5.32,-1.58,1.14,4.49,27,39,13,6,0.51
Idaho,Utah St.,2.5,-0.99,-1.3,1.12,-0.79,-4.68,-1.3,-1,0.77,1,-1.37,-1.5,-0.91,1.33,-1.95,-2.22,-0.03,-6.19,-2.95,1.19,,6.28,1,-1.98,0.17,0.43,-0.66,-0.79,-0.13,-0.13,1,1.33,0.67,1.48,3,2.5,-4,4.08,2.29,-1.1,-1.1,-10.13,-2.85,-0.48,7,0.01,2,-5.4,1.68,6.54,2.63,-17.15,1.98,-1.06,-1,1.91,0.6,-13.36,2.92,24,19,13,4,1.26
Kansas,Missouri,2,7.01,3.9,3.03,0.28,-1.19,5.34,3,-1.38,8,3.26,3,8.36,4.03,-1.25,,1.41,-0.57,3.2,1.44,,2.42,0.9,-4.73,3.91,2.51,0.95,1.12,1.9,0.36,3,0.01,0.01,1.83,0.01,2,2,-4.99,0.76,1.43,1,3.73,0.39,-9.92,-1,-2,2,2.1,2.28,2.83,-1.29,2.14,9.4,0.29,-7,0.93,2.36,0.01,3.26,36,28,13,5,1.98
Kent,Buffalo,-1,-2.92,0.1,-3.76,0.26,-3.47,-0.76,1,0.96,-1,-1.45,-1.5,-5.08,-0.17,-2.33,3.33,-0.44,-1.5,-4.55,-4.63,,2.92,-2.09,-0.94,-4.77,0.16,-1.97,-0.95,-0.76,0.69,1,-0.9,-0.55,-1.77,5,1.5,-3,6.73,-0.69,2.35,6.7,2.72,-3.5,0.37,7,-1,-1,-4.4,0.78,3.83,5.61,-11.12,-0.15,-0.59,-2,0.93,0.24,-1.1,2.74,30,23,13,1,2.69
Kentucky,Tennessee,2.5,3.58,3.5,2.67,3.96,-1.26,0.34,3,-3.61,3,5.09,1,6.36,1.24,0.87,-1.74,1.85,1.62,-1.55,-0.34,,0.01,2.5,3.45,4.54,1.85,-1.95,0.73,1.32,1.32,-1,-0.01,0.21,0.34,1,1.5,-1,-2.37,0.94,0.15,1.4,25.23,3.89,0.75,3,0.5,2.5,1.2,3.02,7.05,11.48,24.46,1.68,1.86,3,-0.49,1.6,21.35,2.29,52,50,13,4,3.16
LSU,Arkansas,13,16.69,10.3,19.69,12.84,11.34,18.54,16,12.21,25,17.19,28.5,14.63,8.92,17,14.87,15.96,11.01,12.25,19.09,16.39,20.5,16.25,14.01,14.36,16.86,19.27,18.78,15.45,20.15,9,15.94,20.66,20.18,14,13,11,14.32,15.71,15.19,10.2,28.79,14.13,11.74,16,22.5,13,11.2,14.95,21.35,24.1,20.07,20.24,15.78,13,16.42,13.82,21.07,4.18,50,48,13,15,13.64
Louisiana-Lafaye,Louisiana-Monroe,-3,-5.65,-1.6,-4.34,-2.6,-7.37,-5.78,-9,-3.7,-4,-4.74,-7,-5.62,-0.31,-5.4,-6.89,-3.97,-2.44,-8.35,-9.72,,-0.94,0.51,-1.8,-3.43,-2.12,-2.75,-5.91,-4.34,-5.22,1,-4.6,-5.34,-5.89,-6,-3,-7,2.2,-4.47,-2.76,-3.2,-16.7,-3.37,0.31,-1,-4.5,-3,-5.1,-4.72,-4.66,-2.48,-11.34,-8.51,-2.54,-4,-5.38,-3,-12.19,2.47,17,11,13,-2,-1.57
Marshall,UAB,14.5,10.74,7.7,7.89,10.48,17.08,7.04,5,13.19,8,13.36,6.5,14.45,2.85,16.26,13.07,11.54,14.09,17.25,6.41,,8.52,5.46,12.33,10.1,7.61,9.39,6.55,12.33,5.91,19,3.29,4.79,3.52,15,14.5,17,5.8,7.1,16.43,10.9,24.27,14.32,17.45,13,14,14.5,18.6,17.03,19.59,22.38,25.85,7.59,9.53,12,12.62,14.61,23.43,4.80,39,46,13,10,6.14
Memphis,SMU,7.5,15.12,6.1,13.88,7.79,9.25,21.38,16,2.83,18,9.59,23,9.71,8.55,6.18,5.84,12.11,10.37,9.65,15.94,,14.83,12.67,10.41,6.12,18.36,16.66,17.32,10.41,24.45,12,17.26,21.85,23.34,10,7.5,11,-2.66,13.5,1.53,1.1,6.44,9.23,3.52,6,22.5,8,10,9.32,9.45,12.69,4.36,26.67,19.2,10,8.72,10.54,3.48,5.66,52,55,13,12,12.29
Mississippi St.,Mississippi,6.5,9.29,6,12.64,4.63,10.8,16.01,14,7.82,11,7.84,12.5,3.58,12.02,7.09,6.8,10.42,11.97,12.45,22.56,16.5,17.62,5.79,9.18,5.52,13.49,11.6,11.64,10,16.4,4,13.42,14.73,15.6,10,6.5,13,4.18,16.32,8.37,4.5,-4.65,7.77,3.52,8,16,7,14.6,9.71,9.64,8.65,-6.38,16.47,15.77,8,5.71,8.46,-6.52,4.19,14,17,13,10,14.42
NC St.,Maryland,2.5,0.41,-0.9,-6.08,-1.62,-3.49,0.87,1,-2.81,1,-2.3,1,0.01,2.15,-5.57,-0.43,-0.82,-0.74,-3.45,-1.59,,-6.73,2.76,-2.15,-2.03,3.03,1.15,0.35,-0.13,3.15,-1,3.08,3.65,3.38,-3,0,0.01,-1.98,0.65,-6.82,-3.8,0.12,-3.87,-5.95,2,0.5,1.5,-2.9,0.2,-1.41,-0.13,-4.13,1.7,1.91,-4,-1.77,-0.01,-0.05,2.92,37,0,13,3,1.91
New Mexico,UNLV,10.5,15.74,9.5,16.37,12.28,11.96,18.54,17,12.38,16,11.15,17.5,12.91,12.55,7.32,8.7,13.96,11.31,15.45,24.97,,21.11,13.34,10.88,10.06,15.42,18.96,18.48,13.34,21.14,9,18.94,21.56,21.04,16,10.5,16,13.03,19.6,14.55,5.6,15.34,9.11,13.48,11,17.5,11,12.8,12.24,10.22,6.27,8.44,21.45,18.39,12,10.33,12.45,13.9,4.13,6,27,13,14,13.76
North Carolina,Duke,14,11.73,8.9,16.64,13.35,14.7,10.95,17,14.51,14,16.01,12,12.52,6.31,10.75,11.12,13.56,14.07,16.15,15.47,,17.25,7.93,12.99,15.43,11.16,10.34,12.57,12.99,11.97,11,9.79,12.24,11.6,17,14,19,11.41,12.62,11.71,5.1,19.08,14.97,17.5,10,12,14,20.8,17.86,20.57,17.64,20.31,18.34,8.45,14,14.7,13.97,24.04,3.12,14,20,13,12,12
Northern Ill.,Ball St.,-8.5,-14.41,-11.1,-15.66,-12.36,-15.19,-15.29,-21,-12.06,-18,-17.19,-21.5,-13.7,-2.53,-9.44,-12.32,-13.5,-10.5,-18.15,-20,,-10.16,-6.86,-15.69,-12.88,-11.11,-11.4,-17,-13.14,-15.36,-13,-14.04,-17.43,-17.25,-10,-9,-11,-6.93,-13.3,-7.16,-1.3,-10.79,-18.51,-12.18,-4,-19,-9.5,-15.5,-10.88,-13.14,-19.14,-9.51,-16.59,-11.7,-16,-11.18,-11.36,-6.58,4.29,27,21,13,-10,-9.91
Ohio,Miami (Ohio),2,-2.47,3.6,2.04,1.04,-2.33,-5.08,1,2.16,2,1.11,-1,-0.01,-0.5,5.16,-0.18,0.31,-0.63,-2.25,-7.66,,-0.4,2.22,0.62,4.72,-2.05,-1.8,-1.68,-0.02,-2.49,2,-3.98,-2.66,-2.82,5,2.5,-1,4.59,-1.66,4.9,4.3,6.05,0.87,2.21,1,-1,2,-2.6,0.18,-0.97,-0.34,8.6,-2.84,-2.28,6,2.08,0.72,4.67,2.61,29,38,13,2,2.31
Oklahoma,Oklahoma St.,11,12.29,10.9,17.07,11.4,9.18,10.33,15,14.56,17,10.35,17.5,15.5,6.76,18.82,15.28,12.83,10.23,10.25,17.28,,8.05,12.65,12.69,14.15,9.75,15.73,14.17,12.79,12.79,14,10.98,13.18,12.89,11,14,5,19.04,13.78,13.41,5.8,24.31,15.21,11.89,11,16.5,11,8.1,11.4,16.7,11.12,19.38,11.21,10.26,19,12.96,12.39,20.22,3.20,17,49,13,14,10.91
Pittsburgh,South Florida,-10,-12.54,-10.5,-18.37,-12.71,-15.08,-12.41,-15,-7.69,-12,-16.47,-16,-12.83,-3.78,-11.1,-7.43,-12.3,-9.85,-17.95,-23.5,,-9.79,-3.49,-16.04,-12.85,-8.09,-9.99,-13.93,-12.55,-11.39,-15,-11.38,-13.41,-12.55,-14,-11,-10,-1.33,-15.52,-13.83,-3.1,-5.36,-20.54,0.92,-6,-16,-10,-17,-11.59,-13.76,-15.35,-6.65,-11.13,-7.54,-17,-10.29,-11.63,-7.53,4.67,48,37,13,-8,-8.81
Rice,Tulsa,-12.5,-16.83,-7,-12.07,-11.84,-12.53,-20.01,-21,-13.33,-21,-16.71,-25.5,-13.83,-5.87,-12.66,-14.12,-14.5,-12.38,-16.75,-25.06,,-15.07,-7.17,-12.9,-9.42,-13.23,-11.55,-20.06,-14.02,-19.33,-14,-16.34,-19.28,-17.87,-11,-11,-11,-14.06,-16.99,-10.63,-4.5,-17.28,-15.23,-8.02,-10,-15.5,-12.5,-14.7,-14.02,-19.55,-22.25,-24.99,-19.3,-11.53,-17,-14.04,-12.52,-24.35,4.25,48,43,13,-12,-11.19
San Diego St.,TCU,-11,-3.23,-4.7,-10.01,-7.14,-16.53,-1.2,-6,-18.01,-4,-9.65,-6,-5.4,4,-12.98,-13.58,-7.93,-5.95,-14.65,-7.19,,-11.66,-3.64,-6.78,-12.05,0.16,-3.67,-4.86,-8,-0.28,-13,-1.25,-1.38,-0.31,-15,-10.5,-9,-17.67,-5.26,-16.24,-6.4,5.11,-10.55,-7.52,-8,-8,-11,-14.2,-10.36,-11.59,-8.62,-4.01,-1.15,0.29,-13,-13.23,-8.83,-2.19,5.25,45,33,13,-7,-0.47
San Jose St.,Nevada,-3.5,-0.81,-0.4,1.27,-2.42,-6.57,-0.45,-1,-6.58,-2,-3.57,-2,-1.19,-0.57,-1.33,-2.76,-2.09,-1.84,-4.65,-4.19,,-0.3,-1.64,-0.94,-2.93,0.71,-2.26,-3.58,-2,0.23,-7,0.22,-0.86,0.43,-3,-3,-3,-9.5,-1.86,-4.5,0.9,18.03,-2.33,11.9,-4,-1,-3.5,-0.8,-4.14,-6.41,-4.56,12.94,-0.94,-1.1,-5,-6.3,-3.76,14.96,3.07,24,27,13,-2,0.92
South Carolina,Clemson,-2.5,-2.41,-3.1,-13.76,-1.99,-7.17,-0.88,-3,-8.23,-2,-3.84,-3,-3.96,2.07,-2.11,-0.73,-3.78,-3.39,-9.65,-3.19,,-0.33,-2.44,-2.41,-9.45,0.57,-4.79,-3.13,-3.13,-0.59,-5,0.22,-2.31,0.35,-5,-3,-4,-0.86,-2.87,-3.21,-3.4,-4.38,-3.56,-13.56,-2,-1.5,-2.5,-9.2,-3.78,-4.33,-4.46,-4.62,-0.96,1.08,-10,-5.03,-4.04,-10.05,3.42,23,21,13,-2,1.23
Southern Miss.,Arkansas St.,14,7.62,7.7,7.89,9.45,16.35,4.13,13,20.86,9,11.35,10.5,11.3,3.45,17.7,13.52,11.05,10.12,17.45,8.72,,10.17,6.73,9.71,13.21,4.26,8.05,7.69,10.17,6.79,17,5.74,7.07,8.07,22,13,15,19.52,9.53,13.48,5.1,-3.73,10.63,11.19,10,13,13.5,18,13.15,10.95,9,-7.86,7.1,5.52,10,16.52,12.12,-5.18,4.35,10,16,13,11,8.17
Stanford,Notre Dame,3.5,8.79,6.8,4.65,8.52,0.18,7.84,10,-0.82,9,8.87,6,9.73,3.11,0.28,3.48,5.64,3.18,2.85,9.03,,1.73,4.83,7.46,0.91,8.18,10.08,7.62,6,9.43,5,9.3,8.59,10.37,3,3.5,2,-5.54,8.09,-2.14,-11.3,-16.43,8.48,0.52,4,8,3.5,4.6,4.29,7.38,2.59,-6.49,7.59,7.01,6,3.39,5.79,-7.02,3.41,21,14,13,7,8.72
Syracuse,Cincinnati,-20.5,-21.09,-18.5,-35,-20.8,-22.99,-16.99,-23,-19.12,-22,-26.18,-23.5,-25.51,-8.25,-19.71,-13.56,-21.07,-17.39,-24.85,-35.03,,-18.46,-6.91,-22.19,-22.85,-11.96,-15.61,-22.54,-21.09,-16.91,-22,-15.99,-19.11,-18.55,-23,-20,-21,-13.78,-24.05,-22.74,-17.7,-44.76,-28.04,-28.94,-18,-27.5,-20.5,-25,-22.07,-25.72,-20.89,-35.05,-18.89,-11.08,-32,-20.62,-20.56,-35.36,5.62,52,31,13,-19,-11.65
Texas A&M,Texas,-6,-5.54,-0.4,-7.43,-2.91,-6.68,-3.95,-4,-10.05,-5,-4.72,-8,-7.24,1.74,-4.77,-4.96,-5.04,-1.86,-6.85,-10.75,-0.01,-0.85,-8.56,-4.1,-6.22,-2.37,-7.44,-7.1,-5.47,-3.64,-8,-5.16,-6.16,-4.55,-3,-6,-7,-9.6,-7.25,-7.35,-5.9,-0.22,-4.08,3.94,-7,-6.5,-6,-5.4,-7,-8.5,-6.72,-6.96,-3.81,-0.44,-7,-6.44,-6.14,-3.47,3.04,30,38,13,-5,0.36
Troy St.,Middle Tenn.,12.5,14.34,8.9,9.73,12.02,11.26,18.29,17,7.73,16,15.39,16,10.61,14.92,16.05,11.62,14.96,14.52,14.45,25.25,19.65,20.95,8.01,15.15,9.69,15.72,15.87,15.47,15.41,17.83,16,15.73,16.11,18.47,21,11.5,16,5.33,18.42,10.1,6.8,24.66,16.33,13.53,13,19.5,13,13.9,15.15,17.96,22.09,25.36,20.57,13.99,13,11.63,15.15,23.07,3.31,7,45,13,14,18.18
UCLA,Oregon,-1,-8.19,-7.5,-15.82,-7.98,-6.86,-7.92,-9,-12.27,-11,-7.52,-12.5,-9.04,-2.28,-6.98,-7.28,-8.39,-7.07,-12.15,-16.91,,-7.41,-10.2,-10.47,-11.99,-5.76,-9.09,-11.86,-8.19,-7.33,-3,-7.05,-10.48,-8.42,-5,-2.5,-4,-10.81,-11.08,-3.82,-4.8,-12.56,-14.07,9.42,-5,-13.5,-2.5,-9.7,-5.83,-11.48,-10.17,-16.58,-9.61,-4.53,-16,-9.13,-6.26,-12.45,4.59,0,16,13,-5,-4.52
Vanderbilt,Wake Forest,-1,-0.37,1.5,-4.18,3.27,-1.99,-2.57,-1,-3.69,-0.25,3.3,-2.5,1.7,2.37,-1.11,1.49,-0.47,-0.16,-0.65,-5.75,,-6.5,1.18,1.7,-1.11,-0.39,0.01,-2.7,-0.58,-2.63,-5,-1.81,-3.62,-1.89,0.01,-2,-2,-6.22,-3.3,-2.77,-2.9,-0.54,3.26,-0.75,3,-3.5,-1,-2.8,-0.32,3.04,6.79,2.25,-0.83,-1.47,-1,0.26,-0.58,3.63,2.68,31,17,13,1,1.3
Virginia,Virginia Tech,-3,-5.18,-2.8,-6.27,-4.95,-7.18,-1.55,1,-6.29,-0.25,-4.08,-1,-7.74,3.34,-2.49,-7.53,-2.51,-6.54,-3.25,-2.03,,-3.32,-2.2,-2.67,-5.17,0.53,-3.43,-1.23,-3.03,0.89,-3,2.1,2.97,0.92,-6,-3.5,-5,-7.43,-0.35,-6.57,3.5,-8.3,-4.43,17.86,-3,-4,-3,-5.1,-3.03,-0.58,0.5,-10.83,-1.37,-0.28,-5,-6.5,-3.05,-13.53,4.41,33,21,13,1,-2.66
Washington,Washington St.,6,9,11.3,7.03,12.06,11.93,5.32,10,9.53,12,14.43,10.5,12.96,5.11,10.07,11.7,8.53,7.25,2.85,8.66,,5.68,4.86,11.32,7.24,6.45,9.31,8.54,8.51,6.9,8,6.29,6.63,6.2,12,5.5,9,6.2,8.51,6.46,0.2,25.72,13.95,2.52,2,9,6,13.1,6.61,5.32,3.37,22.79,6.6,5.61,12,11.23,8.07,21.67,3.21,42,35,13,5,8.12
West Va.,Connecticut,18,12.65,7,14.29,11.68,17.05,9.58,17,18.19,11,15.58,9,15.67,5.42,17.2,12.98,14.23,12.48,15.95,9.75,,15.49,13.42,14.29,12.84,9.02,15.58,10.27,14.29,10.61,20,9.23,9.64,10.27,19,17,15,20.78,9.33,21.06,8.2,26.16,17.07,14.02,19,14,17.5,17.7,18.29,22.87,22.95,19.15,9.68,9.32,13,17.99,16.41,18.64,4.02,21,66,13,15,7.67
Western Mich.,Temple,11,6.36,9.1,4.52,10.27,12.38,2.53,10,15.52,10,11.55,8,10.2,4.71,13.6,12.62,9.14,8.41,11.65,7.69,,0.47,-1.54,10.8,9.27,3.99,8.42,5.64,9.27,4.3,8,6.22,5.2,4.86,19,11.5,11,20.11,7.17,17.32,7.9,-9.94,12.52,5.04,17,7.5,11,11.6,10.93,10.78,10.12,-0.47,5.66,3.91,9,16.88,9.8,3.93,4.08,3,16,13,8,7.34
Arizona St.,Arizona,7,14.52,10.1,16.77,12,3.72,15.3,15,6.87,19,15.15,19.5,13.65,11.81,13.36,9.54,12.09,5.37,5.45,23.89,3.47,14.86,11.46,12.28,10.72,14.49,14.01,18.21,12.16,17.49,8,17.12,20.34,18.49,8,7.5,5,9.5,17.96,5.58,7.1,15.3,12.7,14.4,12,,8,1.5,7.78,11.35,12.16,15.06,13,12.8,14,11.06,10.73,12.95,5.18,17,20,14,12,10.57
Boston College,Virginia Tech,-4.5,-3.45,-4,-4,-3.22,-8.68,-1.01,-3,-5.95,-3,-3.71,-3,-4.96,0.24,-2.16,-1.22,-2.91,-5.94,-8.1,-1.58,-1.56,-4.58,-1.8,-2.39,-0.01,-1.25,-4.06,-1.23,-3,-0.87,-1,-0.63,0.34,-1.56,-6,-3,-6,-0.86,-1.7,-5.73,2.6,-11.77,-3.2,-0.73,0.01,,-4.5,-12.7,-3.58,0.26,4.23,-8.63,1.82,-0.16,-4,-4.28,-3.13,-9.96,2.76,30,16,14,-3,-1.47
Central Florida,Tulsa,7.5,5.21,3.7,4.94,6.78,5,1.97,9,-1.6,11,5.13,8,8.01,0.23,1.36,1.96,4.57,5.23,1.2,4.72,8.88,0.12,-0.12,3.84,14.11,2.16,8.93,3.39,4.89,1.14,3,1.19,1.42,1.59,1,6.5,6,-9.46,2.8,4.23,2.3,20.59,5.03,3.52,-1,,7,4.2,5.8,4.89,8.17,15.64,5.55,0.24,8,4.96,6.72,16.51,3.09,25,44,14,6,9.45
Florida Intl.,North Texas,-1.5,-2.59,0.8,-6.76,1.54,-5.9,-7.26,-1,-3.21,-10,1.33,-5,1.91,-0.01,0.53,2.69,-2.18,-3.57,-4.65,0.5,-8.43,-0.44,-0.3,1.32,-0.98,-2.71,,-1.71,-1.85,-7.29,-3,0.01,-1.62,-2.03,-4,-2.5,-8,-4.27,2.12,-2.24,4.4,8.42,1.81,-2.47,0.01,,-1.5,-6.5,-4.89,-4.66,0.49,6.11,-13.89,-1.37,-2,0.01,-5.53,3.29,3.49,19,38,14,3,0.28
Hawaii,Washington,13,11.04,1.6,16.04,0.6,5.46,17.7,16,0.45,23,3.28,23.5,4.87,13.88,3.61,9.14,11.93,3.78,11.25,23.19,11.44,19.09,5.77,4.85,13.59,15.1,15.72,14.87,13.59,18.86,18,14.89,20.19,19.99,13,12,14,-0.36,18.56,12.04,7.8,10.73,2.33,25.92,13,,13,8.8,14.17,14.01,-2.99,7.36,30.53,25.84,20,7.38,16.54,9.7,7.05,28,35,14,21,6.35
LSU,Tennessee,7,6.79,7,16.38,8.81,5.97,3.31,7,9.46,11,13.8,12,9.97,5.72,13.12,2.49,7.45,4.96,7.3,5.11,3.87,7.87,2.4,10.25,15.07,2.55,5.15,4.98,7,3.2,6,2.24,3.7,3.49,10,6,4,12.51,4.26,9.82,8.4,34.29,13.21,-1.44,10,,7,6.1,9.73,17.69,19.58,35.24,4.55,0.36,-14,6.15,8.56,30.53,4.36,14,21,14,11,3.53
Louisville,Rutgers,2.5,-0.69,0.6,-5.16,-0.17,-0.01,-1.63,2,2.87,0.25,-0.73,0.01,0.44,3.05,2.86,3.17,0.04,2.78,-0.85,-5.81,-4.22,-3.74,2.1,1.46,-7.78,-0.93,-4.37,-3.27,0,-0.48,3,-1.81,-3.15,-0.51,3,3,1,4.92,-3.08,2.96,2.3,-7.84,2.12,-2.62,6,,2.5,1.8,1.85,2.56,-2.73,-12.73,-3.03,0.77,-3,4.03,0.74,-8.37,2.83,38,41,14,-1,4.59
Miami (Ohio),Central Mich.,-3,-2.97,-2,-2.98,-3.24,-6.22,-3.56,2,-8.72,-3,-0.96,-3.5,-2.46,-1.64,-6.38,-0.76,-2.77,-3.65,0.2,-5.33,1.65,-8.94,-1.13,-4.28,2.64,-3.1,-2.34,-4.44,-2.98,-3.59,-5,-2.59,-4.46,-2.6,-5,-3.5,-3,-12.51,-3.84,-6.19,-2.3,-6.75,-3.92,1.96,-2,,-3,-1.9,-2.21,-0.12,-1.57,6.56,-2.5,-0.73,-3,-3.63,-2.83,5.57,2.48,35,10,14,-4,-0.54
Missouri,Oklahoma,-3,1.22,-2.5,0.34,-0.74,2.43,7.86,2,-1.83,2,7.14,7,-6.55,2.2,-1.49,-4.85,1.84,5.74,0.7,4.36,5.86,11.45,2,3.22,0.89,5.92,2.78,2.36,2,7.41,-2,4.68,4.95,5.54,1,-3,5,-7.8,2.19,-6.29,-2.2,7.04,0.33,5.94,-1,,-2,2,0.27,-1.19,0.84,11.06,12.56,1.25,-4,-1.46,0.6,4.81,3.81,38,17,14,1,2.27
Navy,Army,14,11.76,4.9,13.93,8.31,11.23,12.51,5,15.58,20,10.29,18,11.23,9.01,16.22,7.81,11.12,11.19,7.7,19.19,7.54,22.03,5.72,9.36,14.29,9.98,9.3,11.74,11.23,11.91,17,10.34,12.34,11.05,12,13,11,19.28,13.1,8.62,7.9,9.86,9.18,18.92,8,,13.5,5.5,13.45,15.36,13.74,8.38,17.29,2.21,-11,13.72,14.44,7.89,4.06,3,38,14,10,6.32
Nevada,Louisiana Tech,7,2.05,4.8,3.66,5.26,10.71,-0.56,7,14.31,6,6.94,5,4.73,2.98,13.67,14.59,6.55,5.48,9.55,0.06,6.12,3.35,5.48,4.12,6.53,0.89,0.88,2.83,6,1.62,11,0.71,1.23,1.55,15,8.5,9,19.83,3.38,12.41,9.2,18.47,4.73,7.62,10,,7,7,9.82,12.46,7.84,11.13,-0.9,0.93,7,15.08,7.89,16.89,4.34,10,49,14,7,4.75
New Mexico St.,Fresno St.,-12.5,-18.67,-13.5,-11.64,-15.26,-21.55,-20,-17,-17.68,-15,-19.83,-16.5,-17.37,-10.31,-14.51,-17.54,-15.71,-16.59,-25.95,-24.56,-24.85,-13.12,-6.95,-16.55,-14.2,-13.1,-12.47,-15.69,-15.54,-17.16,-16,-11.94,-12.89,-13.08,-18,-13,-22,-7.4,-15.31,-14.18,0.5,-19.9,-21.05,-10.34,-3,,-13,-22.7,-15.54,-11.13,-13.49,-16.63,-18.29,-19.67,-18,-19.44,-15.02,-21.97,4.77,30,23,14,-10,-10.01
Oregon,Oregon St.,-1,9.19,10.9,10.51,12.88,2.42,5.41,11,11.07,12,9.96,11,14.54,8.39,15.31,4.54,8.67,3.26,5.15,9.39,-2.31,4.36,5.49,12.12,15.12,6.4,8.66,11.57,9,7.19,11,8.11,9.42,7.32,6,0,-2,16.58,8.97,5.92,4,15.38,14.68,9.48,9,,0.5,-3.3,6.04,14.07,16.26,14.89,5.37,5.74,15,7.72,8.75,13.58,4.56,38,31,14,10,3.99
San Diego St.,BYU,-16.5,-13.83,-7.5,-17.78,-14.61,-20.25,-13.88,-16,-20.75,-15,-15.79,-18.5,-13.77,-8.68,-21.02,-14.01,-15.72,-12.48,-19.65,-27.03,-14.23,-18.09,-7.81,-13.91,-18.07,-10.77,-13.12,-18.24,-15.79,-13.99,-9,-14.32,-17.18,-15.03,-20,-14.5,-17,-21.49,-19.07,-17.75,-12.2,-10.21,-15.98,-9.04,-13,,-16.5,-19.2,-18.96,-23.88,-23.05,-14.88,-17.74,-8.61,-19,-19.39,-15.67,-13.97,3.96,48,27,14,-13,-10.84
Stanford,California,-13.5,-10.03,-5.8,-15.94,-10.07,-10.19,-9.49,-10,-14.5,-10,-10.16,-12,-10.6,-6.68,-16.81,-6.55,-10.25,-7.87,-11.25,-18.67,-5.89,-4.19,-0.72,-9.51,-13.02,-4.85,-4.65,-12.77,-10.07,-8.6,-17,-8.8,-9.91,-8.24,-11,-13,-10,-21.45,-12.13,-14.53,-10.8,-13.44,-11.74,-10.02,-10,,-13,-10.4,-12.55,-14.65,-14.65,-14.26,-6.96,-5.56,-11,-13.47,-11.55,-14.25,3.34,13,20,14,-10,-6.57
Troy St.,Florida Atlantic,15.5,15.74,13.2,10.35,14.39,16.03,14.33,19,14.96,20,19.08,20,17.11,17.48,20.94,15.49,16.31,15.87,20.45,22.64,20.23,12.34,6.51,11.27,13.11,12.33,19.6,14.32,16.03,14.96,19,11.05,13.57,14.77,22,15,20,11.85,17.49,11.74,11.7,28.91,20.61,15.66,11,,15.5,15.7,17.94,17.83,21.73,29.56,17.1,14.02,20,17.54,18.74,27.94,3.30,38,32,14,18,15.34
USC,UCLA,20,11.07,8.6,17.39,7.18,13.81,12.04,17,17.89,13,13.92,14,9.94,6.04,14.99,12.69,14.1,12.99,16.65,17.86,10.2,16.35,14.58,11.91,14.79,10.87,14.81,11.66,14,14.22,18,11.54,13.25,13.84,17,16,14,20.09,14.49,14.7,10.2,9.34,13.9,28.94,15,,18.5,17.1,17.78,19.33,11.12,10.47,13.42,10.94,15,12.56,16.52,12.69,3.88,7,24,14,18,9.12
West Va.,Pittsburgh,28.5,26.5,20.5,34.4,23.71,29.85,27.51,34,23.84,31,30.92,32,25.46,21.47,25.76,24.61,28.01,24.11,31.55,39.61,32.32,34.18,21.51,27.94,22.05,23.49,30.92,29.1,28.42,29.64,29,26.21,28.62,30.15,29,26.5,26,19.34,28.71,27.8,4.7,41.56,31.98,37.44,23,,28.5,27.9,28.26,30.27,28.42,43.61,28.93,22.58,30,26.28,29.28,39.13,4.02,13,9,14,26,23
Alabama,Colorado,3.5,2.16,2.9,6.46,3.28,0.39,0.46,-1,-0.01,4,3.66,3,3.91,4.03,5.88,2.18,1.84,0.99,-1.9,2.86,-0.01,-2.89,0.47,3.02,6.49,2.87,-0.25,1.5,2,-0.4,5,0.01,0.58,1.56,2,3.5,-2,2.69,1.47,6.6,0.8,9.66,4.55,0.53,3,,3.5,-3,2.66,0.58,1.41,10.61,3.88,0.02,-5,2.95,2.3,4.83,2.57,24,30,19,2,-0.01
Arizona St.,Texas,-2.5,5,3.6,7.82,5.55,3.69,5.67,1,-2.39,6,3.06,6.5,4.31,5,-4.48,0.97,2.48,3.85,1,7.42,2.8,9.42,4.5,2.71,1.17,2.16,3.26,5.36,3.06,4.08,-5,5.1,5.92,6.76,-4,-1.5,1,-4.4,3.92,-4.71,0.4,2.12,1.93,-3.98,-2,,-1.5,2.7,0.22,-2.36,5.5,-3.52,6.65,0.71,-1,0.01,1.58,-1.17,3.76,52,34,19,1,6.02
BYU,UCLA,6.5,3.6,1.2,9.4,-0.32,0.11,4.9,7,3.41,6,2.61,10.5,2.17,-2.56,6.02,5.71,4.58,2.12,4.7,9.19,3.01,5.47,3.68,3.07,9.25,5.33,6.78,7.03,5,7.97,6,5.38,9.49,7.49,5,4.5,3,5.92,8.84,0.32,7.9,12.24,2.17,3.52,2,,6.5,5.4,6.25,13.05,3.38,9.25,15.87,0.51,-10,5.31,5.1,14.38,3.18,16,17,19,8,3.49
Boise St.,East Carolina,10.5,10.65,9.3,9.87,11.77,11.88,7.87,11,12.72,13,16.92,14,14.17,1.13,14.94,12.49,11.58,8.12,16.9,17.64,14.76,14.98,0.86,10.46,18.61,1.87,11.8,9.21,12,9.01,14,7.13,6.87,7.54,18,10.5,17,12.38,11.77,16.93,9.5,22.91,14.28,4.54,15,,10.5,12.7,15.37,23.37,21.88,20.78,14.16,1.19,-20,19.13,11.49,24.27,4.45,41,38,19,12,9.83
Boston College,Michigan St.,3.5,5.32,2.2,8.34,1.76,-0.53,12.22,3,-0.45,7,2.43,10.5,-0.55,6.09,3.68,2.86,4.36,3.81,-1.8,13.28,-2.08,5.43,7.29,3.29,1.55,8.2,5.53,7.48,4,10.82,6,5.66,10.67,10.78,4,3,1,5.16,8.01,5.99,4.5,-5.03,1.91,2.13,5,,3.5,-1.7,2.02,0.75,5.61,-3.02,15.01,1.4,-1,4,3.33,-3.38,3.89,21,24,19,5,7.7
California,Air Force,3.5,0.95,0.6,-6.55,3.82,-3,-1.5,-4,5.98,-3,2.5,-5,3.45,-3.17,7.83,3.2,-0.49,-0.74,-2.8,-0.94,-0.66,-3.53,-1.98,1.83,-2.41,2.35,-4.43,-2.83,-1.11,-4.62,1,-1.61,-5.79,-2.94,1,4,-6,18.24,-4.01,8.04,-2.2,13.51,3.52,-5.03,5,,3,-9.4,-1.8,-0.15,8.58,9.12,-3.65,-0.2,-5,4.43,-1.11,6.62,4.22,36,42,19,-1,-0.97
Cincinnati,Southern Miss.,10.5,19.86,16.4,22.49,16.94,17.6,19.88,18,14.32,16,22.42,18,20,23.31,15.18,14.34,16.16,18.65,19.2,31.78,15.79,16.81,4.26,19.53,19.02,15.22,13.93,16.01,16.4,15.58,14,15.16,14.22,14.99,16,11,18,9.82,19.83,11.2,5.2,16.73,22.66,11.64,10,,11.5,19.3,16.01,18,22.77,16.75,20.81,2.51,-15,16.99,14.36,15.2,4.33,21,31,19,9,14.93
Clemson,Auburn,2.5,1.93,4.3,10.79,1.89,6.05,3.08,5,4.52,2,3.62,2.5,0.91,-3.02,-2.55,0.78,3.26,2.44,10.5,3.39,4.03,0.59,3.49,3.55,9.77,-2.92,2.76,3.71,3.29,3.2,7,0.77,3.29,1.95,5,2.5,3,-2.39,2.87,3.35,5.7,-6.56,2.82,-3.96,4,,2.5,8,4.92,5.53,9.57,1.63,6.64,0.33,-6,4.55,4.36,5.18,3.08,23,20,19,3,1.76
Florida,Michigan,10.5,9.81,9.1,13.7,11.64,11.89,6.61,17,5.93,13,13.96,14,14.77,1.6,5.98,14.02,9.9,8.73,12.3,10.28,12.37,4.33,7,10.03,11.74,2.23,12.9,9.03,10.25,6.22,12,5.17,7.77,8.97,11,10.5,9,1.75,7.04,11.1,2.2,3.67,14.7,10.53,6,,10.5,15.7,10.25,14.05,18.75,21.18,9.1,0.19,-12,11.56,9.55,26,3.88,41,35,19,8,8.54
Georgia,Hawaii,8.5,3.51,6.6,7.58,9.9,9.02,1.11,5,5.27,4,8.71,3.5,5.14,2.55,12.44,4.93,6.04,11.67,5.7,4.83,4.21,-0.79,8.86,9.83,8.86,6.67,5.52,5.53,5.52,3.15,10,3.21,4.29,2.95,7,11,3,0.55,3.68,1.84,-3.7,12.22,13.71,5.44,-1,,8,7.3,7.12,-1.26,15.62,19.72,-0.81,-0.51,-3,6.4,8.01,11.98,4.06,10,41,19,3,9.16
Georgia Tech,Fresno St.,6,5,3.8,6.43,4.19,6.05,7.13,1,9.03,5,7.03,1,3.23,8.73,7.34,6.37,4.37,4.07,4.4,8.11,2.47,3.29,0.61,5.31,6.65,0.34,3.44,2.94,4.19,2.72,2,2.52,1.91,2.57,5,4.5,4,16.39,3.88,5.93,5.9,5.91,6.06,-7.92,9,,6,2.3,4.88,4.64,14.06,3.38,7.46,0.94,-1,4.7,4.11,4.23,3.21,40,28,19,1,7.27
Houston,TCU,-4,-8.45,-9.6,-7.68,-6.83,-11.5,-6.54,-1,-11.91,-1,-10.1,0.5,-10.55,-1.53,-7.58,-7.92,-6.33,-9.14,-16.7,-10.42,-11.65,-3.06,0.98,-6.81,-9.72,-6.2,-3.75,-3.68,-6.54,-3.93,-6,-3.28,-1.55,-2.3,-7,-3.5,-9,-8.49,-5.67,-6.65,0.8,-2.42,-9.39,-1.7,-4,,-4,-15.8,-7.41,-2.51,-10.61,-3.76,-1,-0.86,-5,-11.05,-5.61,-5.84,4.14,20,13,19,-1,-0.01
Kentucky,Florida St.,9.5,2.84,3,1.74,5.88,3.39,-1.56,2,0.23,2,5.79,0.5,7.05,-2.06,1.89,4.92,2.07,-0.69,4.3,-0.78,2.9,-1.78,1.65,3.81,2.07,4.03,-0.5,2.87,2,-1.65,3,0.49,0.77,-0.41,1,0,2,-2.41,1.42,2.86,-1.9,2.96,6.79,0.23,0.01,,8,1.7,1.69,5.52,4.81,4.92,3.71,-0.2,-7,1.09,2.11,1.42,2.74,28,35,19,2,1.53
LSU,Ohio St.,3.5,-1.8,-0.9,3.62,0.58,-2.58,1.96,1,-5.08,-2,2.91,0.5,-5.64,1.19,-1.24,0.93,0.61,-3.02,-4,-0.14,3.03,-4.49,0.8,1.33,2.87,1.09,-0.71,0.31,1,1.28,7,-1.26,1.86,1.56,1,6,-2,-4.55,0.01,2.42,-2,5.66,2.76,-0.96,2,,2.5,-4.4,1.96,2.71,8.83,3.29,2.08,-0.28,-1,1.43,1.6,2.01,2.85,24,38,19,2,2.77
Memphis,Florida Atlantic,-3.5,-7.52,-5.4,-7.13,-6.54,-4.86,-10.16,-7,1.12,-7,-7.78,-6.5,-5.2,0.33,-4.17,0.21,-5.1,-4.41,-4.1,-11.89,1.44,-5.79,0.15,-6.68,-7.79,-8.75,-3.92,-6.1,-5.79,-8.08,2,-6.43,-5.75,-6.45,-3,-2,0.01,2.36,-5.95,-7.36,0.6,-9.27,-8.9,-4.68,-3,,-3.5,-10.9,-3.43,-7.9,-11.75,-11.3,-3.86,-1.2,-1,-5.9,-3.36,-12.84,3.40,44,27,19,-1,-8.6
Mississippi St.,Central Florida,-3,-1.6,-1.4,-8.01,-4.03,-1.17,2.03,-5,-3.04,-3,-1.78,-5.5,-4.53,3.77,1.35,-1.74,-1.84,0.85,-1.9,0.42,3.49,0.61,-0.2,-0.61,-8.97,4.87,-1.86,-5.19,-1.74,-2.57,-7,0.28,-3.58,-0.92,0.01,-3,-1,0.93,-2.82,-4.97,-6.3,-9.3,-0.01,5.94,-2,,-3,-5.1,-4.32,-1.65,1.51,-0.49,3.56,0.44,-11,-1.07,-2.76,-3.28,3.25,3,10,19,-5,0.26
Missouri,Arkansas,3.5,6.69,4.3,5.7,5.61,4.79,9.19,10,6.21,11,7.04,17,4.08,8.24,4.7,2.8,6.74,8.91,7,11.06,2.46,6.28,10.4,8.54,8.01,7.9,7.47,9.25,7,10.79,7,9.36,10.58,8.72,4,3.5,-1,2.18,7.31,2.2,3.3,5.88,7.1,4.07,4,,4,4.4,3.34,9.04,13.21,-2.89,13.03,1.61,-5,6.36,5.79,4.44,3.21,7,38,19,5,7.74
New Mexico,Nevada,2.5,8.5,3.8,5.64,3.85,-0.51,11.27,9,0.48,15,4.88,13.5,5.69,11.18,4.14,5.8,5.03,5.74,1.1,13.14,0.59,9.19,-0.55,4.23,-0.01,9.27,13.61,8.01,4.23,10,1,8.8,9.58,9,-4,3.5,2,-0.22,8.5,2.71,0,18.35,3.86,0.57,1,,2.5,-2.7,1.66,4.18,1.84,12.49,12.78,1.9,-3,6.22,1.73,16.75,4.68,0,23,19,3,9.8
Oklahoma,West Va.,9,3.19,1.3,-1.81,1.82,4.64,3.04,2,3.39,-1,2.52,1,3.57,5.45,-3.34,2.48,1.7,-6.44,6,1.64,2.36,2.08,-2.4,-0.7,1.03,-0.64,-0.93,0.86,1.82,3.63,9,0.77,-0.01,0.99,3,6.5,5,2.95,0.96,1.25,-0.6,9.65,2.1,9.48,-2,,7.5,7.8,4.18,-0.55,-4.77,9.12,7.03,0.42,-3,-0.01,1.89,7.4,3.16,48,28,19,4,1.62
Oklahoma St.,Indiana,4,4.66,4.9,2.06,6.83,4.33,4.03,3,7.64,3,9.04,3.5,5.35,5.52,9.97,5.42,5.61,2.95,7.8,7.14,11.78,3.03,-1.03,5.29,3.98,5.9,2.79,1.95,5.29,3.18,7,0.77,1.16,2.9,11,4,9,9.21,3.92,8.51,2.4,18.53,9.46,8.54,7,,4,5.5,5.66,12.28,18.13,16.58,7.45,0.42,-3,11.07,4.25,16.37,3.20,33,49,19,2,0.39
Oregon St.,Maryland,5,6.89,0.4,5.79,5.39,6.63,4.65,6,6.51,6,3.86,7,8.9,3.99,2.91,3.27,4.74,2.33,6.8,10.81,1.66,4.56,-0.51,2.9,0.01,7.84,5.95,5.94,5.58,6.37,2,8.52,6.59,7.9,3,4.5,4,4.27,7.63,6.32,0.7,2.29,3.31,-1.46,8,,5,5.7,2.67,6.17,7.03,2.24,6.12,0.68,-1,4.73,2.08,1.5,2.32,14,21,19,5,5.58
Purdue,Central Mich.,8,6.55,8.8,8.2,10.65,6.78,2.03,8,11.3,11,13.8,6,11.19,5.74,9.73,11.63,7.65,5.8,11.9,8.69,4.13,1.72,3.72,7.12,14.92,5.51,,5.34,7.88,0.36,12,6.43,2.52,2.89,8,9.5,7,10.21,5.72,9.51,5.1,4.31,10.15,3.71,9,,8,3,10.14,11.7,16.6,19.02,5.7,0.23,-8,11.93,8.25,18.34,3.51,48,51,19,6,7.76
Rutgers,Ball St.,12,6.74,4.8,5.65,8.96,7.58,6.78,3,12.25,7,11.98,5,6.78,12.28,10.26,9.02,8.67,7.35,8.8,12.22,8.09,9.46,1.98,6.84,15.33,7.43,4.78,6.54,8.01,3.79,8,6.01,5,4.64,10,9.5,11,15.32,8.01,11.91,4.4,15.81,8.6,27.88,13,,11.5,9.5,12.11,13.39,18.11,7.09,10.1,0.92,-6,12.1,9.03,14.88,4.18,30,52,19,7,5.02
South Florida,Oregon,6,0.01,0.2,4.62,-2.85,2.53,2.82,5,-3.63,2,0.75,4.5,-4.66,4.45,-0.52,3.34,2.23,2.8,1.7,3.86,1.33,-0.87,-0.38,3.56,4.33,-1.78,4.31,1.02,2.59,3.66,10,0.35,3.04,2.56,7,6.5,4,-12.43,2.59,1.37,-0.9,13.05,3.53,9.48,-3,,5,6.1,4.94,1.23,-1.85,15.15,10.19,0.26,-4,2.55,3.6,15.4,3.19,56,21,19,3,4.35
Tennessee,Wisconsin,2,2.61,10.2,2.21,3.09,-0.5,2.39,1,-1.68,4,2.89,4,2.82,-2.75,2.97,3.21,1.71,0.99,0.9,3.64,-0.82,-1.89,7.59,2.38,-0.78,5.01,3.47,2.77,2.21,1.01,5,1.61,2.92,3.49,-1,4,-1,-1.93,2.21,0.5,-3,28.89,4.38,-4.45,-1,,2,-1.7,0.41,-3.67,2.64,29.21,5.44,0.17,-1,0.74,2.24,27.57,2.55,17,21,19,1,2.72
Texas A&M,Penn St.,-5,-2.55,-4.8,-8.73,-4.39,-4.84,-0.29,-5,-4.14,-5,-5.79,-4.5,-4.88,-3.31,-6.71,-5.15,-4.55,-4.18,-3.1,-2.53,-1.57,1.56,-4.07,-6.26,-12.71,-2.21,-2.71,-3.68,-4.5,-0.61,-10,-2.66,-1.92,-0.54,-2,-5.5,-2,-6.11,-3.64,-3.59,-2.8,10.37,-5.54,-10.79,-4,,-5,-4.5,-6.57,-4.72,-8.93,10.53,3.35,-0.18,-9,-4.96,-6.01,9.96,2.39,24,17,19,-5,-4.66
Tulsa,Bowling Green,5,-1.08,0.4,0.39,-0.2,-1.92,2.86,-1,9.92,4,4.28,6,-4.54,13.39,6.58,5,3.14,0.85,0.9,5.81,1.2,8.41,4.14,2.1,-0.4,4.9,0.65,2.21,3.15,3.15,8,4.12,2.89,3.81,4,4.5,0.01,17.93,4.51,5.67,3.1,22.2,4.45,7.93,5,,5,-2.8,1.37,8.12,3.28,12.96,7.51,0.69,-4,6.57,2.07,12.04,3.68,7,63,19,2,1.06
USC,Illinois,13.5,6.19,3.4,8.11,7.76,11.55,4.56,7,16.71,9,5.96,6,7.9,2.48,13.63,10.84,8.51,6.14,11.6,3.64,10.13,7.11,8.62,3.74,12.93,5.6,9.9,4.46,8.08,3.93,13,3.07,3.11,5.25,10,13.5,8,23.45,2.78,18.51,3.8,4.88,6.17,25.42,13,,12.5,11.2,11.48,11.97,8.08,3.89,2.82,0.41,-4,13.31,9.36,4.38,4.67,17,49,19,9,6.99
Utah,Navy,8,9.28,9.8,14.58,11.55,10.36,4.18,15,9.15,15,12.48,11,14.36,6.54,6.1,9.79,9.97,9.39,14.5,11.83,9.4,2.82,4.29,7.81,13.11,5.6,13.12,7.42,9.8,5.29,5,6.36,4.35,6.07,10,10,14,2.78,8.77,15.48,8.3,13.11,11.87,23.4,11,,8,17.3,11.7,14.56,15.57,22.6,6.12,0.24,-9,13.77,9.44,17.23,4.28,32,35,19,6,6.92
Virginia,Texas Tech,-6,-0.84,-0.6,-0.96,-4.57,-1.41,7.06,-2,-7.74,3,-5,4.5,-8.49,8.08,-6.15,-9.07,-1.9,-0.41,-3,5.86,-2.4,3.02,1.55,-2.72,-5.67,-0.11,3.69,4.06,-2.6,5.88,-8,5.66,7.97,6.74,-6,-5.5,-3,-12.65,3.31,-4.56,-3.2,8.17,-6.83,-2.6,-10,,-5.5,1.3,-4.89,-18.08,-5.57,5.44,10.25,0.64,-9,-6.43,-3.17,8.06,5.67,31,28,19,-4,1.21
Virginia Tech,Kansas,3.5,-0.58,-2.8,-0.98,-3.23,1.65,4.42,-2,-1.94,-1,-4.72,1.5,-4.79,3.14,-0.51,-3.43,-0.74,2.76,-4.4,1.53,0.33,0.48,-0.5,-4.6,6.19,-3.26,1.28,0.75,-0.28,4.73,2,-0.28,2.8,2.53,0.01,3,1,-1.92,0.93,2.06,-5.4,-8.47,-8.37,-2.37,0.01,,2.5,4.1,3.56,-11.91,-4.71,-8.38,7.65,0.18,-10,-1.53,1.12,-4.91,3.54,24,21,19,-1,2.52
Wake Forest,Connecticut,2,-1.91,-1.9,-1.04,-2.41,6.39,-1.17,-1,3.69,-3,-3.28,-3,-2.5,-3.75,0.22,0.01,-0.18,0.79,5.5,-2.94,-2.01,-3.01,1.36,-2.81,0.44,1.75,-1.12,-2.68,-1,-2.46,1,-1.33,-1.48,-2.34,5,3.5,5,3.94,-2.03,6.1,0.4,4.93,-3.15,1.43,1,,1.5,6.1,2.81,-0.82,-0.51,2.82,3.56,-0.26,-4,0.01,1.4,7.9,3.02,10,24,19,-1,-2.45
